<?xml version="1.0" encoding="utf-8"?>
<COLLADA xmlns="http://www.collada.org/2005/11/COLLADASchema" version="1.4.1" xmlns:xsi="http://www.w3.org/2001/XMLSchema-instance">
  <asset>
    <contributor>
      <author>Blender User</author>
      <authoring_tool>Blender 4.2.18 LTS commit date:2026-02-16, commit time:13:37, hash:d71e3422e438</authoring_tool>
    </contributor>
    <created>2026-03-30T15:15:03</created>
    <modified>2026-03-30T15:15:03</modified>
    <unit name="meter" meter="1"/>
    <up_axis>Z_UP</up_axis>
  </asset>
  <library_effects/>
  <library_images/>
  <library_geometries>
    <geometry id="Cylinder_020-mesh" name="Cylinder.020">
      <mesh>
        <source id="Cylinder_020-mesh-positions">
          <float_array id="Cylinder_020-mesh-positions-array" count="1944">-3.96097e-7 5.750054 0.06922841 -3.96097e-7 5.750054 2.069228 0.1950899 5.730839 0.06922841 0.1950899 5.730839 2.069228 0.382683 5.673933 0.06922841 0.382683 5.673933 2.069228 0.5555698 5.581523 0.06922841 0.5555698 5.581523 2.069228 0.7071064 5.45716 0.06922841 0.7071064 5.45716 2.069228 0.8314692 5.305624 0.06922841 0.8314692 5.305624 2.069228 0.9238791 5.132737 0.06922841 0.9238791 5.132737 2.069228 0.9807848 4.945144 0.06922841 0.9807848 4.945144 2.069228 0.9999996 4.750054 0.06922841 0.9999996 4.750054 2.069228 0.9807848 4.554964 0.06922841 0.9807848 4.554964 2.069228 0.9238791 4.367371 0.06922841 0.9238791 4.367371 2.069228 0.8314692 4.194484 0.06922841 0.8314692 4.194484 2.069228 0.7071064 4.042947 0.06922841 0.7071064 4.042947 2.069228 0.5555698 3.918584 0.06922841 0.5555698 3.918584 2.069228 0.382683 3.826174 0.06922841 0.382683 3.826174 2.069228 0.1950899 3.769268 0.06922841 0.1950899 3.769268 2.069228 -3.96097e-7 3.750054 0.06922841 -3.96097e-7 3.750054 2.069228 -0.1950907 3.769268 0.06922841 -0.1950907 3.769268 2.069228 -0.3826838 3.826174 0.06922841 -0.3826838 3.826174 2.069228 -0.5555707 3.918584 0.06922841 -0.5555707 3.918584 2.069228 -0.7071072 4.042947 0.06922841 -0.7071072 4.042947 2.069228 -0.83147 4.194484 0.06922841 -0.83147 4.194484 2.069228 -0.9238799 4.367371 0.06922841 -0.9238799 4.367371 2.069228 -0.9807857 4.554964 0.06922841 -0.9807857 4.554964 2.069228 -1 4.750054 0.06922841 -1 4.750054 2.069228 -0.9807857 4.945144 0.06922841 -0.9807857 4.945144 2.069228 -0.9238799 5.132737 0.06922841 -0.9238799 5.132737 2.069228 -0.83147 5.305624 0.06922841 -0.83147 5.305624 2.069228 -0.7071072 5.45716 0.06922841 -0.7071072 5.45716 2.069228 -0.5555707 5.581523 0.06922841 -0.5555707 5.581523 2.069228 -0.3826838 5.673933 0.06922841 -0.3826838 5.673933 2.069228 -0.1950907 5.730839 0.06922841 -0.1950907 5.730839 2.069228 5 -11.20528 -0.2400658 5 -11.20528 -0.004771709 -5 -11.20528 -0.2400658 -5 -11.20528 -0.004771709 4.999999 8.79472 -0.2400658 4.999999 8.79472 -0.004771709 -5.000001 8.79472 -0.2400658 -5.000001 8.79472 -0.004771709 -3.96097e-7 8.173193 -0.0341835 -3.96097e-7 8.173193 0.142287 0.6503007 8.109145 -0.0341835 0.6503007 8.109145 0.142287 1.275611 7.919458 -0.0341835 1.275611 7.919458 0.142287 1.8519 7.611425 -0.0341835 1.8519 7.611425 0.142287 2.357022 7.196882 -0.0341835 2.357022 7.196882 0.142287 2.771564 6.69176 -0.0341835 2.771564 6.69176 0.142287 3.079598 6.115471 -0.0341835 3.079598 6.115471 0.142287 3.269284 5.490161 -0.0341835 3.269284 5.490161 0.142287 3.333333 4.83986 -0.0341835 3.333333 4.83986 0.142287 3.269284 4.189559 -0.0341835 3.269284 4.189559 0.142287 3.079598 3.564249 -0.0341835 3.079598 3.564249 0.142287 2.771564 2.98796 -0.0341835 2.771564 2.98796 0.142287 2.357022 2.482837 -0.0341835 2.357022 2.482837 0.142287 1.8519 2.068295 -0.0341835 1.8519 2.068295 0.142287 1.275611 1.760262 -0.0341835 1.275611 1.760262 0.142287 0.6503006 1.570576 -0.0341835 0.6503006 1.570576 0.142287 -3.96097e-7 1.506527 -0.0341835 -3.96097e-7 1.506527 0.142287 -0.6503015 1.570576 -0.0341835 -0.6503015 1.570576 0.142287 -1.275612 1.760262 -0.0341835 -1.275612 1.760262 0.142287 -1.851901 2.068295 -0.0341835 -1.851901 2.068295 0.142287 -2.357023 2.482838 -0.0341835 -2.357023 2.482838 0.142287 -2.771566 2.987959 -0.0341835 -2.771566 2.987959 0.142287 -3.079599 3.564249 -0.0341835 -3.079599 3.564249 0.142287 -3.269285 4.189559 -0.0341835 -3.269285 4.189559 0.142287 -3.333334 4.83986 -0.0341835 -3.333334 4.83986 0.142287 -3.269285 5.490161 -0.0341835 -3.269285 5.490161 0.142287 -3.079599 6.115471 -0.0341835 -3.079599 6.115471 0.142287 -2.771566 6.691761 -0.0341835 -2.771566 6.691761 0.142287 -2.357023 7.196883 -0.0341835 -2.357023 7.196883 0.142287 -1.851901 7.611425 -0.0341835 -1.851901 7.611425 0.142287 -1.275612 7.919458 -0.0341835 -1.275612 7.919458 0.142287 -0.6503014 8.109145 -0.0341835 -0.6503014 8.109145 0.142287 -3.333334 -9.993266 -0.9521468 -3.333334 -5.27922 -0.1202565 -3.268303 -9.997796 -0.9513476 -3.268304 -5.28375 -0.1194572 -3.205773 -10.01121 -0.9489806 -3.205773 -5.297163 -0.1170903 -3.148144 -10.03299 -0.9451368 -3.148144 -5.318943 -0.1132465 -3.097631 -10.0623 -0.9399641 -3.097631 -5.348257 -0.1080737 -3.056177 -10.09802 -0.933661 -3.056177 -5.383974 -0.1017706 -3.025374 -10.13877 -0.9264698 -3.025374 -5.424724 -0.09457957 -3.006405 -10.18299 -0.9186668 -3.006405 -5.46894 -0.08677673 -3 -10.22897 -0.9105523 -3.000001 -5.514923 -0.07866203 -3.006405 -10.27495 -0.9024377 -3.006405 -5.560906 -0.07054734 -3.025374 -10.31917 -0.8946347 -3.025374 -5.605123 -0.06274449 -3.056177 -10.35992 -0.8874436 -3.056177 -5.645872 -0.05555331 -3.097631 -10.39564 -0.8811405 -3.097631 -5.68159 -0.04925024 -3.148144 -10.42495 -0.8759678 -3.148144 -5.710902 -0.04407739 -3.205773 -10.44673 -0.872124 -3.205773 -5.732684 -0.04023373 -3.268304 -10.46014 -0.8697569 -3.268304 -5.746096 -0.03786671 -3.333334 -10.46467 -0.8689578 -3.333334 -5.750625 -0.03706753 -3.398364 -10.46014 -0.8697569 -3.398364 -5.746096 -0.03786671 -3.460895 -10.44673 -0.872124 -3.460895 -5.732684 -0.04023373 -3.518524 -10.42495 -0.8759678 -3.518524 -5.710902 -0.04407739 -3.569036 -10.39564 -0.8811405 -3.569036 -5.68159 -0.04925024 -3.61049 -10.35992 -0.8874436 -3.610491 -5.645872 -0.05555331 -3.641294 -10.31917 -0.8946347 -3.641294 -5.605123 -0.06274449 -3.660262 -10.27495 -0.9024377 -3.660262 -5.560906 -0.07054734 -3.666667 -10.22897 -0.9105523 -3.666667 -5.514923 -0.07866203 -3.660262 -10.18299 -0.9186668 -3.660262 -5.46894 -0.08677673 -3.641294 -10.13877 -0.9264698 -3.641294 -5.424724 -0.09457957 -3.61049 -10.09802 -0.933661 -3.610491 -5.383974 -0.1017706 -3.569036 -10.0623 -0.9399641 -3.569036 -5.348257 -0.1080737 -3.518524 -10.03299 -0.9451368 -3.518524 -5.318943 -0.1132465 -3.460895 -10.01121 -0.9489806 -3.460895 -5.297163 -0.1170903 -3.398364 -9.997796 -0.9513476 -3.398364 -5.28375 -0.1194572 -3.333334 8.054112 -0.8689578 -3.333334 3.340066 -0.03706753 -3.268304 8.049584 -0.8697569 -3.268304 3.335538 -0.03786671 -3.205773 8.036171 -0.872124 -3.205773 3.322125 -0.04023373 -3.148144 8.014389 -0.8759678 -3.148144 3.300343 -0.04407739 -3.097632 7.985076 -0.8811405 -3.097632 3.271031 -0.04925024 -3.056178 7.949358 -0.8874436 -3.056177 3.235313 -0.05555331 -3.025374 7.908609 -0.8946347 -3.025374 3.194564 -0.06274449 -3.006406 7.864393 -0.9024377 -3.006406 3.150347 -0.07054734 -3.000001 7.818409 -0.9105523 -3 3.104364 -0.07866203 -3.006406 7.772427 -0.9186668 -3.006406 3.058381 -0.08677673 -3.025374 7.72821 -0.9264698 -3.025374 3.014165 -0.09457957 -3.056178 7.68746 -0.933661 -3.056177 2.973415 -0.1017706 -3.097632 7.651742 -0.9399641 -3.097632 2.937697 -0.1080737 -3.148144 7.62243 -0.9451368 -3.148144 2.908385 -0.1132465 -3.205772 7.600648 -0.9489806 -3.205773 2.886604 -0.1170903 -3.268304 7.587236 -0.9513476 -3.268304 2.873191 -0.1194572 -3.333334 7.582708 -0.9521468 -3.333334 2.868662 -0.1202565 -3.398364 7.587236 -0.9513476 -3.398364 2.873191 -0.1194572 -3.460895 7.600648 -0.9489806 -3.460895 2.886604 -0.1170903 -3.518524 7.62243 -0.9451368 -3.518524 2.908385 -0.1132465 -3.569036 7.651742 -0.9399641 -3.569036 2.937697 -0.1080737 -3.610491 7.68746 -0.933661 -3.61049 2.973415 -0.1017706 -3.641294 7.72821 -0.9264698 -3.641294 3.014165 -0.09457957 -3.660262 7.772427 -0.9186668 -3.660262 3.058381 -0.08677673 -3.666667 7.818409 -0.9105523 -3.666667 3.104364 -0.07866203 -3.660262 7.864393 -0.9024377 -3.660262 3.150347 -0.07054734 -3.641294 7.908609 -0.8946347 -3.641294 3.194564 -0.06274449 -3.610491 7.949358 -0.8874436 -3.61049 3.235313 -0.05555331 -3.569036 7.985076 -0.8811405 -3.569036 3.271031 -0.04925024 -3.518524 8.014389 -0.8759678 -3.518524 3.300343 -0.04407739 -3.460895 8.036171 -0.872124 -3.460895 3.322125 -0.04023373 -3.398364 8.049584 -0.8697569 -3.398364 3.335538 -0.03786671 3.333332 8.054112 -0.8689578 3.333333 3.340067 -0.03706753 3.398362 8.049584 -0.8697569 3.398363 3.335538 -0.03786671 3.460894 8.036171 -0.872124 3.460894 3.322125 -0.04023373 3.518522 8.014389 -0.8759678 3.518522 3.300344 -0.04407739 3.569035 7.985076 -0.8811405 3.569035 3.271031 -0.04925024 3.610489 7.949358 -0.8874436 3.610489 3.235314 -0.05555331 3.641292 7.908609 -0.8946347 3.641292 3.194564 -0.06274449 3.660261 7.864393 -0.9024377 3.660261 3.150348 -0.07054734 3.666666 7.818409 -0.9105523 3.666666 3.104364 -0.07866203 3.660261 7.772427 -0.9186668 3.660261 3.058381 -0.08677673 3.641292 7.72821 -0.9264698 3.641292 3.014165 -0.09457957 3.610489 7.68746 -0.933661 3.610489 2.973415 -0.1017706 3.569035 7.651742 -0.9399641 3.569035 2.937698 -0.1080737 3.518522 7.62243 -0.9451368 3.518522 2.908385 -0.1132465 3.460894 7.600648 -0.9489806 3.460894 2.886604 -0.1170903 3.398363 7.587236 -0.9513476 3.398362 2.873191 -0.1194572 3.333333 7.582708 -0.9521468 3.333333 2.868662 -0.1202565 3.268302 7.587236 -0.9513476 3.268302 2.873191 -0.1194572 3.205771 7.600648 -0.9489806 3.205771 2.886604 -0.1170903 3.148143 7.62243 -0.9451368 3.148142 2.908385 -0.1132465 3.09763 7.651742 -0.9399641 3.09763 2.937698 -0.1080737 3.056176 7.68746 -0.933661 3.056176 2.973415 -0.1017706 3.025372 7.72821 -0.9264698 3.025372 3.014165 -0.09457957 3.006404 7.772427 -0.9186668 3.006404 3.058381 -0.08677673 2.999999 7.818409 -0.9105523 2.999999 3.104364 -0.07866203 3.006404 7.864393 -0.9024377 3.006404 3.150348 -0.07054734 3.025372 7.908609 -0.8946347 3.025372 3.194564 -0.06274449 3.056176 7.949358 -0.8874436 3.056176 3.235314 -0.05555331 3.09763 7.985076 -0.8811405 3.09763 3.271031 -0.04925024 3.148142 8.014389 -0.8759678 3.148142 3.300344 -0.04407739 3.205771 8.036171 -0.872124 3.205771 3.322125 -0.04023373 3.268302 8.049584 -0.8697569 3.268302 3.335538 -0.03786671 3.333333 -9.993266 -0.9521468 3.333332 -5.27922 -0.1202565 3.398363 -9.997796 -0.9513476 3.398362 -5.28375 -0.1194572 3.460894 -10.01121 -0.9489806 3.460894 -5.297163 -0.1170903 3.518522 -10.03299 -0.9451368 3.518522 -5.318943 -0.1132465 3.569035 -10.0623 -0.9399641 3.569035 -5.348257 -0.1080737 3.610489 -10.09802 -0.933661 3.610489 -5.383974 -0.1017706 3.641292 -10.13877 -0.9264698 3.641292 -5.424724 -0.09457957 3.660261 -10.18299 -0.9186668 3.660261 -5.46894 -0.08677673 3.666666 -10.22897 -0.9105523 3.666666 -5.514923 -0.07866203 3.660261 -10.27495 -0.9024377 3.660261 -5.560906 -0.07054734 3.641292 -10.31917 -0.8946347 3.641292 -5.605123 -0.06274449 3.610489 -10.35992 -0.8874436 3.610489 -5.645872 -0.05555331 3.569035 -10.39564 -0.8811405 3.569035 -5.68159 -0.04925024 3.518522 -10.42495 -0.8759678 3.518522 -5.710902 -0.04407739 3.460894 -10.44673 -0.872124 3.460894 -5.732684 -0.04023373 3.398362 -10.46014 -0.8697569 3.398362 -5.746096 -0.03786671 3.333333 -10.46467 -0.8689578 3.333332 -5.750625 -0.03706753 3.268302 -10.46014 -0.8697569 3.268302 -5.746096 -0.03786671 3.205771 -10.44673 -0.872124 3.205771 -5.732684 -0.04023373 3.148142 -10.42495 -0.8759678 3.148143 -5.710902 -0.04407739 3.09763 -10.39564 -0.8811405 3.09763 -5.68159 -0.04925024 3.056176 -10.35992 -0.8874436 3.056176 -5.645872 -0.05555331 3.025373 -10.31917 -0.8946347 3.025373 -5.605123 -0.06274449 3.006404 -10.27495 -0.9024377 3.006404 -5.560906 -0.07054734 2.999999 -10.22897 -0.9105523 2.999999 -5.514923 -0.07866203 3.006404 -10.18299 -0.9186668 3.006404 -5.46894 -0.08677673 3.025373 -10.13877 -0.9264698 3.025373 -5.424724 -0.09457957 3.056176 -10.09802 -0.933661 3.056176 -5.383974 -0.1017706 3.09763 -10.0623 -0.9399641 3.09763 -5.348257 -0.1080737 3.148142 -10.03299 -0.9451368 3.148143 -5.318943 -0.1132465 3.205771 -10.01121 -0.9489806 3.205771 -5.297163 -0.1170903 3.268302 -9.997796 -0.9513476 3.268302 -5.28375 -0.1194572 -5.025568 7.984467 -0.8939602 -3.025567 7.984467 -0.8939602 -5.025568 7.978061 -0.9054362 -3.025567 7.978061 -0.9054362 -5.025568 7.959093 -0.916471 -3.025567 7.959093 -0.916471 -5.025568 7.928291 -0.9266408 -3.025567 7.928289 -0.9266409 -5.025568 7.886836 -0.9355548 -3.025567 7.886836 -0.9355548 -5.025568 7.836323 -0.9428701 -3.025567 7.836323 -0.9428701 -5.025568 7.778695 -0.9483061 -3.025567 7.778695 -0.9483061 -5.025568 7.716163 -0.9516535 -3.025567 7.716163 -0.9516535 -5.025568 7.651134 -0.9527838 -3.025567 7.651134 -0.9527838 -5.025568 7.586104 -0.9516535 -3.025567 7.586104 -0.9516535 -5.025568 7.523572 -0.9483061 -3.025567 7.523572 -0.9483061 -5.025568 7.465944 -0.9428701 -3.025567 7.465944 -0.9428701 -5.025568 7.415431 -0.9355548 -3.025567 7.415431 -0.9355548 -5.025568 7.373977 -0.9266408 -3.025567 7.373977 -0.9266409 -5.025568 7.343173 -0.916471 -3.025567 7.343173 -0.916471 -5.025568 7.324205 -0.9054362 -3.025567 7.324205 -0.9054362 -5.025568 7.317801 -0.8939602 -3.025567 7.3178 -0.8939602 -5.025568 7.324205 -0.8824844 -3.025567 7.324205 -0.8824844 -5.025568 7.343173 -0.8714495 -3.025567 7.343173 -0.8714495 -5.025568 7.373977 -0.8612796 -3.025567 7.373977 -0.8612797 -5.025568 7.415431 -0.8523657 -3.025567 7.415431 -0.8523657 -5.025568 7.465944 -0.8450503 -3.025567 7.465944 -0.8450503 -5.025568 7.523572 -0.8396144 -3.025567 7.523572 -0.8396144 -5.025568 7.586104 -0.836267 -3.025567 7.586104 -0.836267 -5.025568 7.651134 -0.8351367 -3.025567 7.651134 -0.8351367 -5.025568 7.716163 -0.836267 -3.025567 7.716163 -0.836267 -5.025568 7.778695 -0.8396144 -3.025567 7.778695 -0.8396144 -5.025568 7.836323 -0.8450503 -3.025567 7.836323 -0.8450503 -5.025568 7.886836 -0.8523657 -3.025567 7.886836 -0.8523657 -5.025568 7.928291 -0.8612796 -3.025567 7.928289 -0.8612797 -5.025568 7.959093 -0.8714495 -3.025567 7.959093 -0.8714495 -5.025568 7.978061 -0.8824844 -3.025567 7.978061 -0.8824844 3.025565 7.984467 -0.8939602 5.025565 7.984467 -0.8939602 3.025565 7.978061 -0.9054362 5.025565 7.978061 -0.9054362 3.025565 7.959093 -0.916471 5.025565 7.959093 -0.916471 3.025565 7.928291 -0.9266408 5.025565 7.928289 -0.9266409 3.025565 7.886836 -0.9355548 5.025565 7.886836 -0.9355548 3.025565 7.836323 -0.9428701 5.025565 7.836323 -0.9428701 3.025565 7.778695 -0.9483061 5.025565 7.778695 -0.9483061 3.025565 7.716163 -0.9516535 5.025565 7.716163 -0.9516535 3.025565 7.651134 -0.9527838 5.025565 7.651134 -0.9527838 3.025565 7.586104 -0.9516535 5.025565 7.586104 -0.9516535 3.025565 7.523572 -0.9483061 5.025565 7.523572 -0.9483061 3.025565 7.465944 -0.9428701 5.025565 7.465944 -0.9428701 3.025565 7.415431 -0.9355548 5.025565 7.415431 -0.9355548 3.025565 7.373977 -0.9266408 5.025565 7.373977 -0.9266409 3.025565 7.343173 -0.916471 5.025565 7.343173 -0.916471 3.025565 7.324205 -0.9054362 5.025565 7.324205 -0.9054362 3.025565 7.317801 -0.8939602 5.025565 7.3178 -0.8939602 3.025565 7.324205 -0.8824844 5.025565 7.324205 -0.8824844 3.025565 7.343173 -0.8714495 5.025565 7.343173 -0.8714495 3.025565 7.373977 -0.8612796 5.025565 7.373977 -0.8612797 3.025565 7.415431 -0.8523657 5.025565 7.415431 -0.8523657 3.025565 7.465944 -0.8450503 5.025565 7.465944 -0.8450503 3.025565 7.523572 -0.8396144 5.025565 7.523572 -0.8396144 3.025565 7.586104 -0.836267 5.025565 7.586104 -0.836267 3.025565 7.651134 -0.8351367 5.025565 7.651134 -0.8351367 3.025565 7.716163 -0.836267 5.025565 7.716163 -0.836267 3.025565 7.778695 -0.8396144 5.025565 7.778695 -0.8396144 3.025565 7.836323 -0.8450503 5.025565 7.836323 -0.8450503 3.025565 7.886836 -0.8523657 5.025565 7.886836 -0.8523657 3.025565 7.928291 -0.8612796 5.025565 7.928289 -0.8612797 3.025565 7.959093 -0.8714495 5.025565 7.959093 -0.8714495 3.025565 7.978061 -0.8824844 5.025565 7.978061 -0.8824844 3.025565 -9.728344 -0.8939602 5.025565 -9.728346 -0.8939602 3.025565 -9.734749 -0.9054362 5.025565 -9.734749 -0.9054362 3.025565 -9.753718 -0.916471 5.025565 -9.753718 -0.916471 3.025565 -9.784522 -0.9266408 5.025565 -9.784522 -0.9266409 3.025565 -9.825976 -0.9355548 5.025565 -9.825976 -0.9355548 3.025565 -9.876488 -0.9428701 5.025565 -9.876488 -0.9428701 3.025565 -9.934119 -0.9483061 5.025565 -9.934119 -0.9483061 3.025565 -9.996649 -0.9516535 5.025565 -9.996649 -0.9516535 3.025565 -10.06168 -0.9527838 5.025565 -10.06168 -0.9527838 3.025565 -10.12671 -0.9516535 5.025565 -10.12671 -0.9516535 3.025565 -10.18924 -0.9483061 5.025565 -10.18924 -0.9483061 3.025565 -10.24687 -0.9428701 5.025565 -10.24687 -0.9428701 3.025565 -10.29738 -0.9355548 5.025565 -10.29738 -0.9355548 3.025565 -10.33883 -0.9266408 5.025565 -10.33883 -0.9266409 3.025565 -10.36964 -0.916471 5.025565 -10.36964 -0.916471 3.025565 -10.38861 -0.9054362 5.025565 -10.38861 -0.9054362 3.025565 -10.39501 -0.8939602 5.025565 -10.39501 -0.8939602 3.025565 -10.38861 -0.8824844 5.025565 -10.38861 -0.8824844 3.025565 -10.36964 -0.8714495 5.025565 -10.36964 -0.8714495 3.025565 -10.33883 -0.8612796 5.025565 -10.33883 -0.8612797 3.025565 -10.29738 -0.8523657 5.025565 -10.29738 -0.8523657 3.025565 -10.24687 -0.8450503 5.025565 -10.24687 -0.8450503 3.025565 -10.18924 -0.8396144 5.025565 -10.18924 -0.8396144 3.025565 -10.12671 -0.836267 5.025565 -10.12671 -0.836267 3.025565 -10.06168 -0.8351367 5.025565 -10.06168 -0.8351367 3.025565 -9.996649 -0.836267 5.025565 -9.996649 -0.836267 3.025565 -9.934119 -0.8396144 5.025565 -9.934119 -0.8396144 3.025565 -9.876488 -0.8450503 5.025565 -9.876488 -0.8450503 3.025565 -9.825976 -0.8523657 5.025565 -9.825976 -0.8523657 3.025565 -9.784522 -0.8612796 5.025565 -9.784522 -0.8612797 3.025565 -9.753718 -0.8714495 5.025565 -9.753718 -0.8714495 3.025565 -9.734749 -0.8824844 5.025565 -9.734749 -0.8824844 -5.025567 -9.728344 -0.8939602 -3.025567 -9.728346 -0.8939602 -5.025567 -9.734749 -0.9054362 -3.025567 -9.734749 -0.9054362 -5.025567 -9.753718 -0.916471 -3.025567 -9.753718 -0.916471 -5.025567 -9.784522 -0.9266408 -3.025567 -9.784522 -0.9266409 -5.025567 -9.825976 -0.9355548 -3.025567 -9.825976 -0.9355548 -5.025567 -9.876488 -0.9428701 -3.025567 -9.876488 -0.9428701 -5.025567 -9.934119 -0.9483061 -3.025567 -9.934119 -0.9483061 -5.025567 -9.996649 -0.9516535 -3.025567 -9.996649 -0.9516535 -5.025567 -10.06168 -0.9527838 -3.025567 -10.06168 -0.9527838 -5.025567 -10.12671 -0.9516535 -3.025567 -10.12671 -0.9516535 -5.025567 -10.18924 -0.9483061 -3.025567 -10.18924 -0.9483061 -5.025567 -10.24687 -0.9428701 -3.025567 -10.24687 -0.9428701 -5.025567 -10.29738 -0.9355548 -3.025567 -10.29738 -0.9355548 -5.025567 -10.33883 -0.9266408 -3.025567 -10.33883 -0.9266409 -5.025567 -10.36964 -0.916471 -3.025567 -10.36964 -0.916471 -5.025567 -10.38861 -0.9054362 -3.025567 -10.38861 -0.9054362 -5.025567 -10.39501 -0.8939602 -3.025567 -10.39501 -0.8939602 -5.025567 -10.38861 -0.8824844 -3.025567 -10.38861 -0.8824844 -5.025567 -10.36964 -0.8714495 -3.025567 -10.36964 -0.8714495 -5.025567 -10.33883 -0.8612796 -3.025567 -10.33883 -0.8612797 -5.025567 -10.29738 -0.8523657 -3.025567 -10.29738 -0.8523657 -5.025567 -10.24687 -0.8450503 -3.025567 -10.24687 -0.8450503 -5.025567 -10.18924 -0.8396144 -3.025567 -10.18924 -0.8396144 -5.025567 -10.12671 -0.836267 -3.025567 -10.12671 -0.836267 -5.025567 -10.06168 -0.8351367 -3.025567 -10.06168 -0.8351367 -5.025567 -9.996649 -0.836267 -3.025567 -9.996649 -0.836267 -5.025567 -9.934119 -0.8396144 -3.025567 -9.934119 -0.8396144 -5.025567 -9.876488 -0.8450503 -3.025567 -9.876488 -0.8450503 -5.025567 -9.825976 -0.8523657 -3.025567 -9.825976 -0.8523657 -5.025567 -9.784522 -0.8612796 -3.025567 -9.784522 -0.8612797 -5.025567 -9.753718 -0.8714495 -3.025567 -9.753718 -0.8714495 -5.025567 -9.734749 -0.8824844 -3.025567 -9.734749 -0.8824844</float_array>
          <technique_common>
            <accessor source="#Cylinder_020-mesh-positions-array" count="648" stride="3">
              <param name="X" type="float"/>
              <param name="Y" type="float"/>
              <param name="Z" type="float"/>
            </accessor>
          </technique_common>
        </source>
        <source id="Cylinder_020-mesh-normals">
          <float_array id="Cylinder_020-mesh-normals-array" count="3756">0.09801667 0.9951848 0 0.2902846 0.9569404 0 0.4713975 0.8819209 0 0.6343937 0.7730101 0 0.7730103 0.6343935 0 0.8819214 0.4713966 0 0.9569402 0.2902848 0 0.9951847 0.09801727 0 0.9951847 -0.09801727 0 0.9569402 -0.2902848 0 0.8819214 -0.4713966 0 0.7730103 -0.6343935 0 0.6343937 -0.7730101 0 0.4713975 -0.8819209 0 0.2902846 -0.9569404 0 0.09801667 -0.9951848 0 -0.09801667 -0.9951848 0 -0.2902846 -0.9569404 0 -0.4713973 -0.8819209 0 -0.6343937 -0.7730101 0 -0.7730103 -0.6343935 0 -0.8819214 -0.4713966 0 -0.9569402 -0.2902848 0 -0.9951847 -0.09801697 0 -0.9951847 0.09801697 0 -0.9569402 0.2902848 0 -0.8819214 0.4713966 0 -0.7730103 0.6343935 0 -0.6343937 0.7730101 0 -0.4713973 0.8819209 0 0 0 1 -0.2902846 0.9569404 0 -0.09801667 0.9951848 0 0 0 -1 0 -1 0 -1 0 0 0 1 0 1 0 0 0 0 -1 0 0 1 0.09801667 0.9951848 0 0.2902853 0.9569401 0 0.4713966 0.8819213 0 0.6343938 0.77301 0 0.7730108 0.6343929 0 0.8819208 0.4713976 0 0.9569403 0.2902848 0 0.9951847 0.09801703 0 0.9951847 -0.09801697 0 0.9569403 -0.2902846 0 0.8819209 -0.4713975 0 0.7730109 -0.6343927 0 0.6343932 -0.7730105 0 0.4713966 -0.8819213 0 0.2902846 -0.9569403 0 0.09801739 -0.9951847 0 -0.09801739 -0.9951847 0 -0.2902848 -0.9569403 0 -0.4713966 -0.8819213 0 -0.6343932 -0.7730105 0 -0.7730103 -0.6343935 0 -0.8819212 -0.4713968 0 -0.9569403 -0.2902848 0 -0.9951847 -0.09801697 0 -0.9951847 0.09801703 0 -0.9569403 0.2902848 0 -0.8819215 0.4713965 0 -0.7730103 0.6343935 0 -0.6343923 0.7730113 0 -0.4713966 0.8819213 0 0 0 1 -0.2902854 0.9569401 0 -0.09801667 0.9951848 0 0 0 -1 0.02420061 0.1737344 -0.9844951 0.0743466 0.1733043 -0.9820581 0.130245 0.172305 -0.9763951 0.1977193 0.1703546 -0.9653426 0.2868805 0.1664805 -0.9433895 0.4177617 0.1578938 -0.8947317 0.6295153 0.1350291 -0.7651651 0.9282358 0.06464678 -0.3663317 0.9282386 -0.06464558 0.366325 0.6295081 -0.1350302 0.7651709 0.4177617 -0.1578938 0.8947317 0.2868879 -0.16648 0.9433873 0.1977128 -0.1703547 0.965344 0.130245 -0.172305 0.9763951 0.07435232 -0.1733042 0.9820578 0.0241962 -0.1737344 0.9844953 -0.02419614 -0.1737344 0.9844952 -0.07435154 -0.1733043 0.9820578 -0.1302455 -0.1723049 0.976395 -0.1977128 -0.1703547 0.965344 -0.286888 -0.1664801 0.9433874 -0.4177618 -0.1578938 0.8947317 -0.6295066 -0.1350303 0.765172 -0.9282388 -0.06464558 0.3663249 -0.9282363 0.0646466 -0.3663309 -0.6295153 0.1350291 -0.7651651 -0.4177616 0.1578938 -0.8947317 -0.2868816 0.1664804 -0.9433892 -0.1977193 0.1703546 -0.9653426 -0.1302447 0.1723049 -0.976395 9.39625e-7 0.1737853 0.9847835 -0.07434678 0.1733043 -0.9820581 -0.02420073 0.1737344 -0.9844952 -4.6846e-6 -0.1737844 -0.9847838 0.02419537 0.1737344 0.9844952 0.07434678 0.1733043 0.9820581 0.13025 0.1723048 0.9763944 0.1977165 0.1703546 0.9653432 0.2868852 0.1664802 0.9433881 0.4177554 0.1578943 0.8947346 0.6295152 0.1350291 0.7651652 0.9282375 0.06464612 0.3663278 0.9282363 -0.0646466 -0.366331 0.6295202 -0.1350284 -0.7651612 0.4177565 -0.1578942 -0.894734 0.2868863 -0.1664802 -0.9433878 0.1977146 -0.1703547 -0.9653435 0.13025 -0.1723049 -0.9763944 0.07434678 -0.1733043 -0.9820581 0.02419614 -0.1737344 -0.9844952 -0.02419614 -0.1737344 -0.9844952 -0.07434707 -0.1733043 -0.9820581 -0.13025 -0.1723048 -0.9763944 -0.1977128 -0.1703548 -0.965344 -0.2868832 -0.1664804 -0.9433887 -0.4177607 -0.1578938 -0.8947321 -0.6295188 -0.1350285 -0.7651623 -0.9282267 -0.06465077 -0.3663543 -0.9282279 0.06465023 0.3663513 -0.6295153 0.1350291 0.7651651 -0.4177606 0.1578938 0.8947321 -0.2868822 0.1664804 0.9433891 -0.1977146 0.1703547 0.9653435 -0.13025 0.1723048 0.9763944 0 -0.1737852 0.9847835 -0.07434678 0.1733043 0.9820581 -0.0241962 0.1737344 0.9844953 -1.30438e-6 0.173785 -0.9847837 0.02419537 0.1737344 0.9844952 0.07434678 0.1733043 0.9820581 0.1302506 0.1723049 0.9763943 0.1977128 0.1703547 0.965344 0.2868848 0.1664803 0.9433883 0.4177581 0.1578941 0.8947333 0.6295165 0.135029 0.7651641 0.9282371 0.0646463 0.3663288 0.9282358 -0.06464678 -0.3663319 0.6295202 -0.1350284 -0.7651612 0.417758 -0.1578941 -0.8947333 0.2868837 -0.1664803 -0.9433886 0.1977137 -0.1703547 -0.9653437 0.1302514 -0.1723049 -0.9763942 0.07434678 -0.1733044 -0.9820581 0.02419537 -0.1737344 -0.9844952 -0.02419602 -0.1737344 -0.9844952 -0.07434737 -0.1733043 -0.9820581 -0.13025 -0.1723049 -0.9763944 -0.197712 -0.1703549 -0.9653441 -0.2868837 -0.1664803 -0.9433885 -0.4177592 -0.157894 -0.8947327 -0.6295202 -0.1350284 -0.7651612 -0.9282358 -0.06464678 -0.3663317 -0.9282371 0.06464624 0.3663289 -0.6295154 0.1350291 0.7651651 -0.4177592 0.157894 0.8947327 -0.2868837 0.1664803 0.9433887 -0.1977147 0.1703547 0.9653435 -0.13025 0.1723048 0.9763944 0 -0.1737852 0.9847835 -0.07434678 0.1733043 0.9820582 -0.0241962 0.1737344 0.9844953 -1.30438e-6 0.173785 -0.9847837 0.02420073 0.1737344 -0.9844952 0.0743463 0.1733044 -0.9820582 0.130245 0.172305 -0.9763951 0.1977202 0.1703545 -0.9653424 0.286879 0.1664806 -0.94339 0.4177643 0.1578935 -0.8947305 0.6295153 0.1350291 -0.7651652 0.9282263 0.06465095 -0.3663552 0.9282291 -0.06464976 0.3663484 0.6295081 -0.1350302 0.7651708 0.4177643 -0.1578935 0.8947305 0.2868863 -0.1664801 0.9433878 0.1977137 -0.1703547 0.9653438 0.130245 -0.172305 0.9763951 0.07435232 -0.1733042 0.9820577 0.0241962 -0.1737344 0.9844953 -0.02419614 -0.1737344 0.9844952 -0.07435154 -0.1733043 0.9820578 -0.130245 -0.1723049 0.976395 -0.1977137 -0.1703547 0.9653438 -0.2868894 -0.16648 0.9433869 -0.4177591 -0.157894 0.8947328 -0.6295066 -0.1350303 0.765172 -0.9282388 -0.06464558 0.3663249 -0.9282363 0.0646466 -0.3663309 -0.6295153 0.1350291 -0.7651651 -0.417759 0.157894 -0.8947329 -0.2868831 0.1664804 -0.9433888 -0.1977202 0.1703546 -0.9653424 -0.1302441 0.172305 -0.9763951 9.39625e-7 0.1737853 0.9847835 -0.07434678 0.1733043 -0.9820581 -0.02420073 0.1737344 -0.9844952 -4.68458e-6 -0.1737844 -0.9847838 0 0.8731761 -0.4874047 0 0.5028453 -0.8643765 2.42397e-7 0.3135209 -0.9495813 0 0.2102217 -0.9776537 0 0.1433287 -0.9896752 0 0.09391027 -0.9955807 0 0.05345481 -0.9985702 0 0.01737946 -0.9998489 0 -0.01737916 -0.999849 0 -0.05345481 -0.9985702 0 -0.09391027 -0.9955807 0 -0.1433261 -0.9896756 0 -0.210231 -0.9776518 0 -0.3135034 -0.9495871 0 -0.5028452 -0.8643764 -6.24588e-7 -0.8732379 -0.4872941 0 -0.8732358 0.487298 0 -0.5028494 0.8643741 0 -0.3135067 0.949586 0 -0.2102283 0.9776524 0 -0.1433261 0.9896756 0 -0.09391027 0.9955807 0 -0.05345481 0.9985702 0 -0.01737916 0.9998489 0 0.01737946 0.9998489 0 0.05345481 0.9985702 0 0.09391027 0.9955807 0 0.1433287 0.9896752 2.58753e-7 0.210219 0.9776543 0 0.3135242 0.9495802 1 0 0 0 0.5028493 0.8643741 0 0.873174 0.4874086 -1 0 0 0 0.8731761 -0.4874047 0 0.5028453 -0.8643765 2.42397e-7 0.3135209 -0.9495813 0 0.2102217 -0.9776537 0 0.1433287 -0.9896752 0 0.09391027 -0.9955807 0 0.05345481 -0.9985702 0 0.01737946 -0.9998489 0 -0.01737916 -0.9998489 0 -0.05345481 -0.9985702 0 -0.09391027 -0.9955807 0 -0.1433261 -0.9896756 0 -0.210231 -0.9776518 0 -0.3135034 -0.9495871 0 -0.5028453 -0.8643765 -6.24588e-7 -0.8732379 -0.4872941 0 -0.8732358 0.487298 0 -0.5028494 0.8643741 0 -0.3135067 0.949586 0 -0.2102283 0.9776524 0 -0.1433261 0.9896756 0 -0.09391027 0.9955807 0 -0.05345481 0.9985702 0 -0.01737916 0.9998489 0 0.01737946 0.9998489 0 0.05345481 0.9985702 0 0.09391027 0.9955807 0 0.1433287 0.9896752 2.58753e-7 0.210219 0.9776543 0 0.3135242 0.9495802 1 0 0 0 0.5028493 0.8643741 0 0.873174 0.4874086 -1 0 0 0 0.8732071 -0.4873495 0 0.5028453 -0.8643765 0 0.3135034 -0.9495871 0 0.2102264 -0.9776528 0 0.1433287 -0.9896752 0 0.09390717 -0.995581 0 0.05345565 -0.9985702 0 0.01737946 -0.9998489 0 -0.01737892 -0.999849 0 -0.05345565 -0.9985702 0 -0.09391027 -0.9955807 0 -0.1433287 -0.9896752 0 -0.2102264 -0.9776528 0 -0.3135034 -0.9495871 0 -0.5028453 -0.8643765 0 -0.8732071 -0.4873495 0 -0.8732049 0.4873533 0 -0.5028494 0.8643741 0 -0.3135067 0.949586 0 -0.2102236 0.9776533 0 -0.1433287 0.9896752 0 -0.09391027 0.9955807 0 -0.05345565 0.9985702 0 -0.01737892 0.999849 0 0.01737946 0.9998489 0 0.05345565 0.9985702 0 0.09390717 0.995581 0 0.1433287 0.9896752 0 0.2102236 0.9776533 0 0.3135067 0.949586 1 0 0 0 0.5028494 0.8643741 8.32753e-7 0.8732049 0.4873533 -1 0 0 0 0.873207 -0.4873495 0 0.5028453 -0.8643765 0 0.3135033 -0.9495871 0 0.2102264 -0.9776528 0 0.1433287 -0.9896752 0 0.09390717 -0.995581 0 0.05345565 -0.9985702 0 0.01737946 -0.9998489 0 -0.01737892 -0.999849 0 -0.05345565 -0.9985702 0 -0.09391027 -0.9955807 0 -0.1433287 -0.9896752 0 -0.2102264 -0.9776528 0 -0.3135033 -0.9495871 0 -0.5028453 -0.8643765 0 -0.873207 -0.4873495 0 -0.8732049 0.4873533 0 -0.5028493 0.8643741 0 -0.3135067 0.949586 0 -0.2102237 0.9776533 0 -0.1433287 0.9896752 0 -0.09391027 0.9955807 0 -0.05345565 0.9985702 0 -0.01737892 0.999849 0 0.01737946 0.9998489 0 0.05345565 0.9985702 0 0.09390717 0.995581 0 0.1433287 0.9896752 0 0.2102237 0.9776533 0 0.3135067 0.949586 1 0 0 0 0.5028493 0.8643741 8.32753e-7 0.8732049 0.4873533 -1 0 0 0.09801667 0.9951848 0 0.2902846 0.9569404 0 0.4713975 0.8819209 0 0.6343937 0.7730101 0 0.7730103 0.6343935 0 0.8819214 0.4713966 0 0.9569402 0.2902848 0 0.9951847 0.09801727 0 0.9951847 -0.09801727 0 0.9569402 -0.2902848 0 0.8819214 -0.4713966 0 0.7730103 -0.6343935 0 0.6343937 -0.7730101 0 0.4713975 -0.8819209 0 0.2902846 -0.9569404 0 0.09801667 -0.9951848 0 -0.09801667 -0.9951848 0 -0.2902846 -0.9569404 0 -0.4713973 -0.8819209 0 -0.6343937 -0.7730101 0 -0.7730103 -0.6343935 0 -0.8819214 -0.4713966 0 -0.9569402 -0.2902848 0 -0.9951847 -0.09801697 0 -0.9951847 0.09801697 0 -0.9569402 0.2902848 0 -0.8819214 0.4713966 0 -0.7730103 0.6343935 0 -0.6343937 0.7730101 0 -0.4713973 0.8819209 0 0 0 1 0 0 1 0 0 1 0 0 1 0 0 1 0 0 1 0 0 1 0 0 1 0 0 1 0 0 1 0 0 1 0 0 1 0 0 1 0 0 1 0 0 1 0 0 1 0 0 1 0 0 1 0 0 1 0 0 1 0 0 1 0 0 1 0 0 1 0 0 1 0 0 1 0 0 1 0 0 1 0 0 1 0 0 1 -0.2902846 0.9569404 0 -0.09801667 0.9951848 0 0 0 -1 0 0 -1 0 0 -1 0 0 -1 0 0 -1 0 0 -1 0 0 -1 0 0 -1 0 0 -1 0 0 -1 0 0 -1 0 0 -1 0 0 -1 0 0 -1 0 0 -1 0 0 -1 0 0 -1 0 0 -1 0 0 -1 0 0 -1 0 0 -1 0 0 -1 0 0 -1 0 0 -1 0 0 -1 0 0 -1 0 0 -1 0 0 -1 0 0 -1 0 -1 0 -1 0 0 0 1 0 1 0 0 0 0 -1 0 0 1 0.09801667 0.9951848 0 0.2902853 0.9569401 0 0.4713966 0.8819213 0 0.6343938 0.77301 0 0.7730108 0.6343929 0 0.8819208 0.4713976 0 0.9569403 0.2902848 0 0.9951847 0.09801703 0 0.9951847 -0.09801697 0 0.9569403 -0.2902846 0 0.8819209 -0.4713975 0 0.7730109 -0.6343927 0 0.6343932 -0.7730105 0 0.4713966 -0.8819213 0 0.2902846 -0.9569403 0 0.09801739 -0.9951847 0 -0.09801739 -0.9951847 0 -0.2902848 -0.9569403 0 -0.4713966 -0.8819213 0 -0.6343932 -0.7730105 0 -0.7730103 -0.6343935 0 -0.8819212 -0.4713968 0 -0.9569403 -0.2902848 0 -0.9951847 -0.09801697 0 -0.9951847 0.09801703 0 -0.9569403 0.2902848 0 -0.8819215 0.4713965 0 -0.7730103 0.6343935 0 -0.6343923 0.7730113 0 -0.4713966 0.8819213 0 0 0 1 0 0 1 0 0 1 0 0 1 0 0 1 0 0 1 0 0 1 0 0 1 0 0 1 0 0 1 0 0 1 0 0 1 0 0 1 0 0 1 0 0 1 0 0 1 0 0 1 0 0 1 0 0 1 0 0 1 0 0 1 0 0 1 0 0 1 0 0 1 0 0 1 0 0 1 0 0 1 0 0 1 0 0 1 -0.2902854 0.9569401 0 -0.09801667 0.9951848 0 0 0 -1 0 0 -1 0 0 -1 0 0 -1 0 0 -1 0 0 -1 0 0 -1 0 0 -1 0 0 -1 0 0 -1 0 0 -1 0 0 -1 0 0 -1 0 0 -1 0 0 -1 0 0 -1 0 0 -1 0 0 -1 0 0 -1 0 0 -1 0 0 -1 0 0 -1 0 0 -1 0 0 -1 0 0 -1 0 0 -1 0 0 -1 0 0 -1 0 0 -1 0.02420276 0.1737344 -0.9844951 0.07434511 0.1733044 -0.9820583 0.1302475 0.1723049 -0.9763947 0.197718 0.1703546 -0.9653429 0.2868821 0.1664804 -0.9433891 0.417757 0.1578942 -0.8947337 0.6295127 0.1350294 -0.7651672 0.9282417 0.06464427 -0.3663176 0.9282429 -0.06464368 0.3663144 0.6295168 -0.1350288 0.7651639 0.4177518 -0.1578946 0.8947361 0.2868856 -0.1664802 0.9433881 0.1977149 -0.1703547 0.9653435 0.1302483 -0.1723049 0.9763946 0.07434695 -0.1733043 0.9820581 0.02419841 -0.1737344 0.9844952 -0.02419847 -0.1737344 0.9844952 -0.07434695 -0.1733043 0.9820581 -0.1302489 -0.1723049 0.9763945 -0.1977149 -0.1703547 0.9653435 -0.2868825 -0.1664803 0.9433889 -0.4177571 -0.1578941 0.8947337 -0.6295169 -0.1350289 0.7651638 -0.9282334 -0.06464779 0.3663378 -0.928232 0.06464838 -0.3663412 -0.6295127 0.1350294 -0.7651672 -0.4177623 0.1578937 -0.8947314 -0.286879 0.1664806 -0.94339 -0.197718 0.1703546 -0.9653429 -0.1302481 0.1723049 -0.9763946 1.30859e-7 0.1737854 0.9847835 1.5763e-6 0.1737851 0.9847836 -1.59957e-6 0.1737854 0.9847835 0 0.1737852 0.9847836 1.48452e-6 0.1737852 0.9847836 -1.04808e-6 0.1737855 0.9847835 3.4919e-6 0.1737855 0.9847835 1.68421e-6 0.1737853 0.9847836 -6.60814e-6 0.1737854 0.9847836 2.44982e-6 0.1737854 0.9847836 -4.20601e-6 0.1737869 0.9847832 1.29425e-5 0.1737869 0.9847833 8.74425e-6 0.1737852 0.9847836 -8.27311e-6 0.1737852 0.9847836 -2.33544e-6 0.1737853 0.9847835 -1.74478e-6 0.1737854 0.9847835 8.33029e-7 0.1737851 0.9847836 -8.56974e-7 0.1737854 0.9847835 1.79331e-6 0.1737852 0.9847835 -3.42581e-6 0.1737852 0.9847836 2.23512e-6 0.1737855 0.9847835 -1.38051e-6 0.1737855 0.9847836 -2.31478e-6 0.1737853 0.9847836 7.97228e-6 0.1737854 0.9847836 -1.60507e-6 0.1737854 0.9847836 -8.74425e-6 0.1737852 0.9847836 -1.29435e-5 0.1737869 0.9847833 4.20601e-6 0.1737869 0.9847832 6.31305e-6 0.1737852 0.9847837 -0.07434481 0.1733044 -0.9820583 -0.02420294 0.1737344 -0.9844951 3.38167e-6 -0.1737851 -0.9847836 -3.39834e-6 -0.1737853 -0.9847836 1.76858e-6 -0.1737853 -0.9847836 4.21604e-6 -0.1737856 -0.9847835 3.63713e-6 -0.1737856 -0.9847835 -6.46841e-6 -0.1737852 -0.9847836 1.2038e-6 -0.1737858 -0.9847835 -3.39641e-6 -0.1737858 -0.9847834 1.90968e-6 -0.1737869 -0.9847833 4.86897e-6 -0.1737869 -0.9847833 2.58858e-5 -0.1737827 -0.984784 -2.95732e-5 -0.1737827 -0.984784 6.17269e-6 -0.1737852 -0.9847836 -5.67463e-7 -0.1737844 -0.9847837 -4.68458e-6 -0.1737844 -0.9847838 -1.71562e-6 -0.1737851 -0.9847836 1.6987e-6 -0.1737853 -0.9847836 -3.53316e-6 -0.1737853 -0.9847836 4.21605e-6 -0.1737855 -0.9847835 -1.75121e-6 -0.1737856 -0.9847835 0 -0.1737852 -0.9847836 -6.78985e-6 -0.1737858 -0.9847835 -3.39641e-6 -0.1737858 -0.9847834 1.93649e-5 -0.1737869 -0.9847832 4.86897e-6 -0.1737869 -0.9847833 -2.58858e-5 -0.1737827 -0.984784 -1.21579e-5 -0.1737827 -0.9847841 -1.80866e-6 -0.1737852 -0.9847836 5.9989e-6 -0.1737844 -0.9847837 0.02419781 0.1737344 0.9844952 0.07434827 0.1733043 0.982058 0.1302468 0.1723049 0.9763948 0.1977172 0.1703546 0.9653431 0.2868823 0.1664804 0.943389 0.4177585 0.157894 0.8947331 0.6295138 0.1350293 0.7651664 0.9282334 0.06464779 0.3663378 0.928233 -0.06464791 -0.3663388 0.6295117 -0.1350296 -0.7651681 0.4177576 -0.1578941 -0.8947335 0.2868824 -0.1664804 -0.9433891 0.1977164 -0.1703547 -0.9653432 0.130248 -0.1723049 -0.9763946 0.07434612 -0.1733044 -0.9820582 0.02420037 -0.1737344 -0.9844952 -0.02420026 -0.1737344 -0.9844952 -0.07434588 -0.1733044 -0.9820582 -0.1302481 -0.1723049 -0.9763946 -0.1977164 -0.1703546 -0.9653432 -0.2868838 -0.1664803 -0.9433886 -0.417755 -0.1578943 -0.8947346 -0.6295117 -0.1350296 -0.765168 -0.9282379 -0.06464588 -0.3663271 -0.9282382 0.0646457 0.3663262 -0.6295138 0.1350293 0.7651663 -0.4177558 0.1578943 0.8947343 -0.2868838 0.1664803 0.9433886 -0.1977171 0.1703546 0.9653431 -0.1302468 0.1723049 0.9763948 4.75849e-7 -0.1737852 0.9847836 -2.08491e-7 -0.1737853 0.9847836 2.00183e-7 -0.1737852 0.9847836 -4.5043e-7 -0.1737853 0.9847836 1.30181e-6 -0.1737853 0.9847836 0 -0.1737853 0.9847836 1.46172e-6 -0.1737853 0.9847835 2.07417e-7 -0.1737852 0.9847836 -2.79953e-6 -0.1737852 0.9847837 -2.53432e-7 -0.1737852 0.9847836 2.74724e-6 -0.1737854 0.9847835 3.2114e-6 -0.1737856 0.9847835 1.18293e-6 -0.1737856 0.9847835 -3.91987e-6 -0.1737853 0.9847835 7.69402e-7 -0.1737852 0.9847835 -1.39978e-6 -0.1737852 0.9847835 9.60181e-7 -0.1737853 0.9847836 -9.66603e-7 -0.1737852 0.9847836 1.42707e-6 -0.1737853 0.9847836 -1.44798e-6 -0.1737853 0.9847836 -7.18017e-7 -0.1737853 0.9847836 -1.29931e-6 -0.1737853 0.9847835 2.07416e-7 -0.1737852 0.9847835 3.70905e-6 -0.1737852 0.9847837 -2.53431e-7 -0.1737852 0.9847836 -1.11721e-6 -0.1737856 0.9847835 -3.21128e-6 -0.1737856 0.9847835 -2.71374e-6 -0.1737854 0.9847835 2.57888e-6 -0.1737853 0.9847835 -0.07434773 0.1733043 0.9820581 -0.02419781 0.1737344 0.9844952 1.67916e-6 0.1737856 -0.9847835 -1.71109e-6 0.1737852 -0.9847836 -1.80425e-6 0.1737852 -0.9847836 1.17391e-6 0.1737846 -0.9847837 1.88591e-6 0.1737846 -0.9847837 1.54562e-6 0.1737852 -0.9847836 2.78776e-6 0.1737858 -0.9847835 -1.98952e-6 0.1737858 -0.9847835 -6.19803e-6 0.1737852 -0.9847836 2.88832e-6 0.1737852 -0.9847837 1.2943e-5 0.1737844 -0.9847838 -7.88627e-7 0.1737844 -0.9847837 -2.17373e-6 0.1737852 -0.9847836 2.08459e-7 0.173785 -0.9847837 -1.30438e-6 0.173785 -0.9847837 1.67915e-6 0.1737856 -0.9847835 -1.71109e-6 0.1737852 -0.9847836 -1.80426e-6 0.1737852 -0.9847836 1.17391e-6 0.1737846 -0.9847837 1.88591e-6 0.1737846 -0.9847837 0 0.1737852 -0.9847836 2.78773e-6 0.1737858 -0.9847835 -1.98955e-6 0.1737858 -0.9847835 2.54622e-6 0.1737852 -0.9847836 2.88837e-6 0.1737852 -0.9847836 -1.29421e-5 0.1737844 -0.9847837 7.95199e-6 0.1737844 -0.9847837 -2.1737e-6 0.1737852 -0.9847836 -1.43604e-6 0.173785 -0.9847836 0.02419781 0.1737344 0.9844952 0.07434827 0.1733043 0.982058 0.1302468 0.1723049 0.9763948 0.1977172 0.1703546 0.9653431 0.2868808 0.1664804 0.9433895 0.4177612 0.1578938 0.8947318 0.6295138 0.1350293 0.7651663 0.9282334 0.06464785 0.3663378 0.928233 -0.06464791 -0.3663387 0.6295117 -0.1350296 -0.765168 0.4177603 -0.1578939 -0.8947322 0.2868808 -0.1664804 -0.9433894 0.1977164 -0.1703547 -0.9653432 0.130248 -0.1723049 -0.9763946 0.07434618 -0.1733044 -0.9820582 0.02420037 -0.1737344 -0.9844952 -0.0242002 -0.1737344 -0.9844951 -0.07434642 -0.1733043 -0.9820581 -0.1302475 -0.1723049 -0.9763947 -0.1977164 -0.1703546 -0.9653432 -0.2868838 -0.1664803 -0.9433885 -0.417755 -0.1578944 -0.8947346 -0.6295118 -0.1350296 -0.7651679 -0.9282426 -0.0646438 -0.3663151 -0.9282429 0.06464368 0.3663144 -0.6295138 0.1350293 0.7651663 -0.4177558 0.1578943 0.8947343 -0.2868838 0.1664803 0.9433886 -0.1977171 0.1703546 0.9653431 -0.1302462 0.1723049 0.9763948 4.75849e-7 -0.1737852 0.9847836 -2.08491e-7 -0.1737853 0.9847836 2.00183e-7 -0.1737852 0.9847835 -4.50433e-7 -0.1737853 0.9847835 1.30181e-6 -0.1737853 0.9847836 0 -0.1737853 0.9847836 1.46172e-6 -0.1737853 0.9847836 2.07417e-7 -0.1737852 0.9847836 -2.79953e-6 -0.1737852 0.9847837 -2.53432e-7 -0.1737852 0.9847836 2.74724e-6 -0.1737854 0.9847835 3.21152e-6 -0.1737856 0.9847835 1.18293e-6 -0.1737856 0.9847835 -3.91987e-6 -0.1737853 0.9847835 7.69402e-7 -0.1737852 0.9847835 -1.39979e-6 -0.1737852 0.9847837 9.60178e-7 -0.1737853 0.9847836 -9.66603e-7 -0.1737852 0.9847836 1.42707e-6 -0.1737853 0.9847836 -1.44798e-6 -0.1737853 0.9847836 -7.18017e-7 -0.1737853 0.9847836 -1.29931e-6 -0.1737853 0.9847835 2.07415e-7 -0.1737852 0.9847836 3.70908e-6 -0.1737852 0.9847836 -2.5343e-7 -0.1737852 0.9847836 -1.11721e-6 -0.1737856 0.9847835 -3.21128e-6 -0.1737856 0.9847835 -2.71374e-6 -0.1737854 0.9847835 2.5789e-6 -0.1737853 0.9847836 -0.07434827 0.1733043 0.982058 -0.02419775 0.1737344 0.9844952 1.67916e-6 0.1737856 -0.9847835 -1.71109e-6 0.1737852 -0.9847836 -1.80425e-6 0.1737852 -0.9847836 1.17391e-6 0.1737846 -0.9847837 1.88591e-6 0.1737846 -0.9847837 1.54561e-6 0.1737852 -0.9847836 2.78774e-6 0.1737858 -0.9847835 -1.98953e-6 0.1737858 -0.9847834 -6.19803e-6 0.1737852 -0.9847836 2.88835e-6 0.1737852 -0.9847836 1.2943e-5 0.1737844 -0.9847838 -7.88627e-7 0.1737844 -0.9847837 -2.17372e-6 0.1737852 -0.9847836 2.08458e-7 0.173785 -0.9847836 -1.30438e-6 0.173785 -0.9847837 1.67915e-6 0.1737856 -0.9847835 -1.71108e-6 0.1737851 -0.9847836 -1.80426e-6 0.1737852 -0.9847836 1.17391e-6 0.1737846 -0.9847837 1.88591e-6 0.1737846 -0.9847837 0 0.1737852 -0.9847837 2.78774e-6 0.1737858 -0.9847835 -1.98953e-6 0.1737858 -0.9847834 2.54622e-6 0.1737852 -0.9847836 2.88835e-6 0.1737852 -0.9847836 -1.2943e-5 0.1737844 -0.9847838 7.95199e-6 0.1737844 -0.9847837 -2.17372e-6 0.1737852 -0.9847836 -1.43603e-6 0.173785 -0.9847836 0.02420282 0.1737344 -0.9844952 0.07434457 0.1733044 -0.9820582 0.130248 0.1723049 -0.9763946 0.197718 0.1703546 -0.9653429 0.2868821 0.1664804 -0.9433891 0.417757 0.1578942 -0.8947337 0.6295127 0.1350294 -0.7651672 0.9282368 0.0646463 -0.3663295 0.9282382 -0.0646457 0.3663262 0.6295168 -0.1350289 0.7651638 0.4177519 -0.1578946 0.8947361 0.2868856 -0.1664802 0.9433881 0.1977149 -0.1703547 0.9653435 0.1302489 -0.1723049 0.9763946 0.07434642 -0.1733044 0.9820581 0.02419847 -0.1737344 0.9844952 -0.02419847 -0.1737344 0.9844952 -0.07434695 -0.1733043 0.9820581 -0.1302489 -0.1723049 0.9763945 -0.1977149 -0.1703547 0.9653435 -0.286884 -0.1664803 0.9433885 -0.4177545 -0.1578944 0.8947349 -0.6295169 -0.1350289 0.7651638 -0.9282334 -0.06464779 0.3663378 -0.928232 0.06464838 -0.3663412 -0.6295127 0.1350294 -0.7651672 -0.4177597 0.157894 -0.8947326 -0.2868806 0.1664805 -0.9433896 -0.197718 0.1703546 -0.9653429 -0.1302481 0.1723049 -0.9763946 1.30858e-7 0.1737854 0.9847835 1.5763e-6 0.1737851 0.9847836 -1.59957e-6 0.1737854 0.9847835 0 0.1737852 0.9847836 1.48452e-6 0.1737852 0.9847836 -1.04808e-6 0.1737855 0.9847835 3.4919e-6 0.1737855 0.9847835 1.68422e-6 0.1737853 0.9847835 -6.60809e-6 0.1737854 0.9847835 2.44984e-6 0.1737854 0.9847836 -4.20601e-6 0.1737869 0.9847832 1.29425e-5 0.1737869 0.9847833 8.74425e-6 0.1737852 0.9847836 -8.27305e-6 0.1737852 0.9847835 -2.33544e-6 0.1737853 0.9847835 -1.74478e-6 0.1737854 0.9847835 8.33029e-7 0.1737851 0.9847836 -8.56977e-7 0.1737854 0.9847835 1.7933e-6 0.1737852 0.9847836 -3.42582e-6 0.1737852 0.9847836 2.23512e-6 0.1737855 0.9847835 -1.38052e-6 0.1737855 0.9847835 -2.31478e-6 0.1737853 0.9847836 7.97228e-6 0.1737854 0.9847836 -1.60507e-6 0.1737854 0.9847836 -8.74425e-6 0.1737852 0.9847836 -1.2943e-5 0.1737869 0.9847833 4.20601e-6 0.1737869 0.9847832 6.31305e-6 0.1737852 0.9847837 -0.07434481 0.1733044 -0.9820583 -0.02420294 0.1737344 -0.9844951 3.38167e-6 -0.1737851 -0.9847836 -3.39835e-6 -0.1737853 -0.9847836 1.76857e-6 -0.1737853 -0.9847836 4.21604e-6 -0.1737856 -0.9847835 3.63713e-6 -0.1737856 -0.9847835 -6.46844e-6 -0.1737852 -0.9847836 1.20379e-6 -0.1737858 -0.9847835 -3.39644e-6 -0.1737858 -0.9847835 1.90968e-6 -0.1737869 -0.9847833 4.86901e-6 -0.1737869 -0.9847833 2.58839e-5 -0.1737827 -0.984784 -2.95732e-5 -0.1737827 -0.984784 6.17266e-6 -0.1737852 -0.9847836 -5.67466e-7 -0.1737844 -0.9847838 -4.68458e-6 -0.1737844 -0.9847838 -1.71562e-6 -0.1737851 -0.9847836 1.6987e-6 -0.1737853 -0.9847836 -3.53316e-6 -0.1737853 -0.9847836 4.21604e-6 -0.1737856 -0.9847835 -1.75121e-6 -0.1737856 -0.9847835 0 -0.1737852 -0.9847836 -6.78988e-6 -0.1737858 -0.9847835 -3.39639e-6 -0.1737858 -0.9847835 1.93649e-5 -0.1737869 -0.9847832 4.86894e-6 -0.1737869 -0.9847834 -2.58858e-5 -0.1737827 -0.984784 -1.21579e-5 -0.1737827 -0.9847841 -1.80868e-6 -0.1737852 -0.9847836 5.99893e-6 -0.1737844 -0.9847838 0 0.8731761 -0.4874047 0 0.5028453 -0.8643765 0 0.3135067 -0.949586 1.42217e-7 0.2102283 -0.9776523 0 0.1433287 -0.9896752 0 0.09391027 -0.9955807 0 0.05345481 -0.9985702 0 0.01737946 -0.9998489 0 -0.01737916 -0.9998489 0 -0.05345481 -0.9985702 0 -0.09391027 -0.9955807 0 -0.1433261 -0.9896756 0 -0.2102283 -0.9776524 0 -0.3135067 -0.949586 0 -0.5028452 -0.8643764 0 -0.8731916 -0.4873771 -6.24554e-7 -0.8731895 0.4873809 0 -0.5028494 0.8643741 0 -0.3135034 0.9495871 0 -0.210231 0.9776518 0 -0.1433261 0.9896756 0 -0.09391027 0.9955807 0 -0.05345481 0.9985702 0 -0.01737916 0.999849 0 0.01737946 0.9998489 0 0.05345481 0.9985702 0 0.09391027 0.9955807 0 0.1433287 0.9896752 0 0.210231 0.9776518 3.5558e-7 0.3135033 0.9495871 1 0 0 1 0 0 1 0 0 1 0 0 1 0 0 1 0 0 1 0 0 1 0 0 1 0 0 1 0 0 1 0 0 1 3.66628e-6 0 1 0 0 1 0 0 1 0 0 1 0 0 1 0 0 1 0 0 1 0 0 1 0 0 1 0 0 1 0 0 1 0 0 1 0 0 1 0 0 1 3.66628e-6 0 1 0 0 1 0 0 1 0 0 0 0.5028493 0.8643741 0 0.873174 0.4874086 -1 0 0 -1 0 0 -1 0 0 -1 0 0 -1 0 0 -1 0 0 -1 0 0 -1 0 0 -1 0 0 -1 0 0 -1 0 0 -1 0 0 -1 0 0 -1 0 0 -1 0 0 -1 0 0 -1 0 0 -1 0 0 -1 0 0 -1 0 0 -1 0 0 -1 0 0 -1 0 0 -1 0 0 -1 0 0 -1 0 0 -1 0 0 -1 0 0 -1 0 0 0 0.8731761 -0.4874047 0 0.5028453 -0.8643765 0 0.3135067 -0.949586 1.42217e-7 0.2102283 -0.9776523 0 0.1433287 -0.9896752 0 0.09391027 -0.9955807 0 0.05345481 -0.9985702 0 0.01737946 -0.9998489 0 -0.01737916 -0.9998489 0 -0.05345481 -0.9985702 0 -0.09391027 -0.9955807 0 -0.1433261 -0.9896756 0 -0.2102283 -0.9776524 0 -0.3135067 -0.949586 0 -0.5028453 -0.8643765 0 -0.8731916 -0.4873771 -6.24554e-7 -0.8731895 0.4873809 0 -0.5028494 0.8643741 0 -0.3135034 0.9495871 0 -0.210231 0.9776518 0 -0.1433261 0.9896756 0 -0.09391027 0.9955807 0 -0.05345481 0.9985702 0 -0.01737916 0.9998489 0 0.01737946 0.9998489 0 0.05345481 0.9985702 0 0.09391027 0.9955807 0 0.1433287 0.9896752 0 0.210231 0.9776518 3.5558e-7 0.3135033 0.9495871 1 0 0 1 0 0 1 0 0 1 0 0 1 0 0 1 0 0 1 0 0 1 0 0 1 0 0 1 0 0 1 0 0 1 0 0 1 0 0 1 0 0 1 0 0 1 0 0 1 0 0 1 0 0 1 0 0 1 0 0 1 0 0 1 0 0 1 0 0 1 0 0 1 0 0 1 0 0 1 0 0 1 0 0 1 0 0 0 0.5028493 0.8643741 0 0.873174 0.4874086 -1 0 0 -1 0 0 -1 0 0 -1 0 0 -1 0 0 -1 0 0 -1 0 0 -1 0 0 -1 0 0 -1 0 0 -1 -3.66628e-6 0 -1 0 0 -1 0 0 -1 0 0 -1 0 0 -1 0 0 -1 0 0 -1 0 0 -1 0 0 -1 0 0 -1 0 0 -1 0 0 -1 0 0 -1 0 0 -1 -3.66628e-6 0 -1 0 0 -1 0 0 -1 0 0 -1 0 0 8.32814e-7 0.8732689 -0.4872388 0 0.5028453 -0.8643765 0 0.3135067 -0.949586 0 0.2102236 -0.9776533 0 0.1433287 -0.9896752 0 0.09390717 -0.995581 0 0.05345565 -0.9985702 0 0.01737946 -0.9998489 0 -0.01737892 -0.999849 0 -0.05345565 -0.9985702 0 -0.09391027 -0.9955807 0 -0.1433287 -0.9896752 0 -0.2102236 -0.9776533 0 -0.3135067 -0.949586 0 -0.5028453 -0.8643765 0 -0.8732071 -0.4873495 0 -0.8732049 0.4873533 0 -0.5028494 0.8643741 0 -0.3135034 0.9495871 0 -0.2102264 0.9776528 0 -0.1433287 0.9896752 0 -0.09391027 0.9955807 0 -0.05345565 0.9985702 0 -0.01737892 0.999849 0 0.01737946 0.9998489 0 0.05345565 0.9985702 0 0.09390717 0.995581 0 0.1433287 0.9896752 0 0.2102264 0.9776528 0 0.3135034 0.9495871 1 0 0 1 0 0 1 0 0 1 0 0 1 0 0 1 0 0 1 0 0 1 0 0 1 0 0 1 0 0 1 0 0 1 0 0 1 0 0 1 0 0 1 0 0 1 0 0 1 0 0 1 0 0 1 0 0 1 0 0 1 0 0 1 0 0 1 0 0 1 0 0 1 0 0 1 0 0 1 0 0 1 0 0 1 0 0 0 0.5028494 0.8643741 0 0.8732666 0.4872426 -1 0 0 -1 0 0 -1 0 0 -1 0 0 -1 0 0 -1 0 0 -1 0 0 -1 0 0 -1 0 0 -1 0 0 -1 0 0 -1 0 0 -1 0 0 -1 0 0 -1 0 0 -1 0 0 -1 0 0 -1 0 0 -1 0 0 -1 0 0 -1 0 0 -1 0 0 -1 0 0 -1 0 0 -1 0 0 -1 0 0 -1 0 0 -1 0 0 -1 0 0 8.32814e-7 0.8732688 -0.4872388 0 0.5028453 -0.8643765 0 0.3135067 -0.949586 0 0.2102237 -0.9776533 0 0.1433287 -0.9896752 0 0.09390717 -0.995581 0 0.05345565 -0.9985702 0 0.01737946 -0.9998489 0 -0.01737892 -0.999849 0 -0.05345565 -0.9985702 0 -0.09391027 -0.9955807 0 -0.1433287 -0.9896752 0 -0.2102237 -0.9776533 0 -0.3135067 -0.949586 0 -0.5028453 -0.8643765 0 -0.873207 -0.4873495 0 -0.8732049 0.4873533 0 -0.5028493 0.8643741 0 -0.3135033 0.9495871 0 -0.2102264 0.9776528 0 -0.1433287 0.9896752 0 -0.09391027 0.9955807 0 -0.05345565 0.9985702 0 -0.01737892 0.999849 0 0.01737946 0.9998489 0 0.05345565 0.9985702 0 0.09390717 0.995581 0 0.1433287 0.9896752 0 0.2102264 0.9776528 0 0.3135033 0.9495871 1 0 0 1 0 0 1 0 0 1 0 0 1 0 0 1 0 0 1 0 0 1 0 0 1 0 0 1 0 0 1 0 0 1 0 0 1 0 0 1 0 0 1 0 0 1 0 0 1 0 0 1 0 0 1 0 0 1 0 0 1 0 0 1 0 0 1 0 0 1 0 0 1 0 0 1 0 0 1 0 0 1 0 0 1 0 0 0 0.5028493 0.8643741 0 0.8732666 0.4872426 -1 0 0 -1 0 0 -1 0 0 -1 0 0 -1 0 0 -1 0 0 -1 0 0 -1 0 0 -1 0 0 -1 0 0 -1 0 0 -1 0 0 -1 0 0 -1 0 0 -1 0 0 -1 0 0 -1 0 0 -1 0 0 -1 0 0 -1 0 0 -1 0 0 -1 0 0 -1 0 0 -1 0 0 -1 0 0 -1 0 0 -1 0 0 -1 0 0 -1 0 0</float_array>
          <technique_common>
            <accessor source="#Cylinder_020-mesh-normals-array" count="1252" stride="3">
              <param name="X" type="float"/>
              <param name="Y" type="float"/>
              <param name="Z" type="float"/>
            </accessor>
          </technique_common>
        </source>
        <source id="Cylinder_020-mesh-map-0">
          <float_array id="Cylinder_020-mesh-map-0-array" count="7512">1 0.5 0.96875 1 0.96875 0.5 0.96875 0.5 0.9375 1 0.9375 0.5 0.9375 0.5 0.90625 1 0.90625 0.5 0.90625 0.5 0.875 1 0.875 0.5 0.875 0.5 0.84375 1 0.84375 0.5 0.84375 0.5 0.8125 1 0.8125 0.5 0.8125 0.5 0.78125 1 0.78125 0.5 0.78125 0.5 0.75 1 0.75 0.5 0.75 0.5 0.71875 1 0.71875 0.5 0.71875 0.5 0.6875 1 0.6875 0.5 0.6875 0.5 0.65625 1 0.65625 0.5 0.65625 0.5 0.625 1 0.625 0.5 0.625 0.5 0.59375 1 0.59375 0.5 0.59375 0.5 0.5625 1 0.5625 0.5 0.5625 0.5 0.53125 1 0.53125 0.5 0.53125 0.5 0.5 1 0.5 0.5 0.5 0.5 0.46875 1 0.46875 0.5 0.46875 0.5 0.4375 1 0.4375 0.5 0.4375 0.5 0.40625 1 0.40625 0.5 0.40625 0.5 0.375 1 0.375 0.5 0.375 0.5 0.34375 1 0.34375 0.5 0.34375 0.5 0.3125 1 0.3125 0.5 0.3125 0.5 0.28125 1 0.28125 0.5 0.28125 0.5 0.25 1 0.25 0.5 0.25 0.5 0.21875 1 0.21875 0.5 0.21875 0.5 0.1875 1 0.1875 0.5 0.1875 0.5 0.15625 1 0.15625 0.5 0.15625 0.5 0.125 1 0.125 0.5 0.125 0.5 0.09375 1 0.09375 0.5 0.09375 0.5 0.0625 1 0.0625 0.5 0.4717311 0.341844 0.341844 0.4717311 0.1581559 0.02826887 0.0625 0.5 0.03125 1 0.03125 0.5 0.03125 0.5 0 1 0 0.5 0.9853885 0.2968217 0.7968217 0.01461154 0.5146116 0.2031783 0.375 0 0.625 0.25 0.375 0.25 0.375 0.25 0.625 0.5 0.375 0.5 0.375 0.5 0.625 0.75 0.375 0.75 0.375 0.75 0.625 1 0.375 1 0.125 0.5 0.375 0.75 0.125 0.75 0.625 0.5 0.875 0.75 0.625 0.75 1 0.5 0.96875 1 0.96875 0.5 0.96875 0.5 0.9375 1 0.9375 0.5 0.9375 0.5 0.90625 1 0.90625 0.5 0.90625 0.5 0.875 1 0.875 0.5 0.875 0.5 0.84375 1 0.84375 0.5 0.84375 0.5 0.8125 1 0.8125 0.5 0.8125 0.5 0.78125 1 0.78125 0.5 0.78125 0.5 0.75 1 0.75 0.5 0.75 0.5 0.71875 1 0.71875 0.5 0.71875 0.5 0.6875 1 0.6875 0.5 0.6875 0.5 0.65625 1 0.65625 0.5 0.65625 0.5 0.625 1 0.625 0.5 0.625 0.5 0.59375 1 0.59375 0.5 0.59375 0.5 0.5625 1 0.5625 0.5 0.5625 0.5 0.53125 1 0.53125 0.5 0.53125 0.5 0.5 1 0.5 0.5 0.5 0.5 0.46875 1 0.46875 0.5 0.46875 0.5 0.4375 1 0.4375 0.5 0.4375 0.5 0.40625 1 0.40625 0.5 0.40625 0.5 0.375 1 0.375 0.5 0.375 0.5 0.34375 1 0.34375 0.5 0.34375 0.5 0.3125 1 0.3125 0.5 0.3125 0.5 0.28125 1 0.28125 0.5 0.28125 0.5 0.25 1 0.25 0.5 0.25 0.5 0.21875 1 0.21875 0.5 0.21875 0.5 0.1875 1 0.1875 0.5 0.1875 0.5 0.15625 1 0.15625 0.5 0.15625 0.5 0.125 1 0.125 0.5 0.125 0.5 0.09375 1 0.09375 0.5 0.09375 0.5 0.0625 1 0.0625 0.5 0.1581559 0.02826887 0.4717311 0.1581559 0.341844 0.4717311 0.0625 0.5 0.03125 1 0.03125 0.5 0.03125 0.5 0 1 0 0.5 0.7968217 0.01461154 0.5146116 0.2031783 0.7031784 0.4853885 1 0.5 0.96875 1 0.96875 0.5 0.96875 0.5 0.9375 1 0.9375 0.5 0.9375 0.5 0.90625 1 0.90625 0.5 0.90625 0.5 0.875 1 0.875 0.5 0.875 0.5 0.84375 1 0.84375 0.5 0.84375 0.5 0.8125 1 0.8125 0.5 0.8125 0.5 0.78125 1 0.78125 0.5 0.78125 0.5 0.75 1 0.75 0.5 0.75 0.5 0.71875 1 0.71875 0.5 0.71875 0.5 0.6875 1 0.6875 0.5 0.6875 0.5 0.65625 1 0.65625 0.5 0.65625 0.5 0.625 1 0.625 0.5 0.625 0.5 0.59375 1 0.59375 0.5 0.59375 0.5 0.5625 1 0.5625 0.5 0.5625 0.5 0.53125 1 0.53125 0.5 0.53125 0.5 0.5 1 0.5 0.5 0.5 0.5 0.46875 1 0.46875 0.5 0.46875 0.5 0.4375 1 0.4375 0.5 0.4375 0.5 0.40625 1 0.40625 0.5 0.40625 0.5 0.375 1 0.375 0.5 0.375 0.5 0.34375 1 0.34375 0.5 0.34375 0.5 0.3125 1 0.3125 0.5 0.3125 0.5 0.28125 1 0.28125 0.5 0.28125 0.5 0.25 1 0.25 0.5 0.25 0.5 0.21875 1 0.21875 0.5 0.21875 0.5 0.1875 1 0.1875 0.5 0.1875 0.5 0.15625 1 0.15625 0.5 0.15625 0.5 0.125 1 0.125 0.5 0.125 0.5 0.09375 1 0.09375 0.5 0.09375 0.5 0.0625 1 0.0625 0.5 0.4197056 0.4197056 0.3833369 0.4495527 0.4197056 0.08029437 0.0625 0.5 0.03125 1 0.03125 0.5 0.03125 0.5 0 1 0 0.5 0.6166632 0.4495527 0.658156 0.4717311 0.6166632 0.05044728 1 0.5 0.96875 1 0.96875 0.5 0.96875 0.5 0.9375 1 0.9375 0.5 0.9375 0.5 0.90625 1 0.90625 0.5 0.90625 0.5 0.875 1 0.875 0.5 0.875 0.5 0.84375 1 0.84375 0.5 0.84375 0.5 0.8125 1 0.8125 0.5 0.8125 0.5 0.78125 1 0.78125 0.5 0.78125 0.5 0.75 1 0.75 0.5 0.75 0.5 0.71875 1 0.71875 0.5 0.71875 0.5 0.6875 1 0.6875 0.5 0.6875 0.5 0.65625 1 0.65625 0.5 0.65625 0.5 0.625 1 0.625 0.5 0.625 0.5 0.59375 1 0.59375 0.5 0.59375 0.5 0.5625 1 0.5625 0.5 0.5625 0.5 0.53125 1 0.53125 0.5 0.53125 0.5 0.5 1 0.5 0.5 0.5 0.5 0.46875 1 0.46875 0.5 0.46875 0.5 0.4375 1 0.4375 0.5 0.4375 0.5 0.40625 1 0.40625 0.5 0.40625 0.5 0.375 1 0.375 0.5 0.375 0.5 0.34375 1 0.34375 0.5 0.34375 0.5 0.3125 1 0.3125 0.5 0.3125 0.5 0.28125 1 0.28125 0.5 0.28125 0.5 0.25 1 0.25 0.5 0.25 0.5 0.21875 1 0.21875 0.5 0.21875 0.5 0.1875 1 0.1875 0.5 0.1875 0.5 0.15625 1 0.15625 0.5 0.15625 0.5 0.125 1 0.125 0.5 0.125 0.5 0.09375 1 0.09375 0.5 0.09375 0.5 0.0625 1 0.0625 0.5 0.4197056 0.4197056 0.3833369 0.4495527 0.4197056 0.08029437 0.0625 0.5 0.03125 1 0.03125 0.5 0.03125 0.5 0 1 0 0.5 0.6166632 0.4495527 0.658156 0.4717311 0.6166632 0.05044728 1 0.5 0.96875 1 0.96875 0.5 0.96875 0.5 0.9375 1 0.9375 0.5 0.9375 0.5 0.90625 1 0.90625 0.5 0.90625 0.5 0.875 1 0.875 0.5 0.875 0.5 0.84375 1 0.84375 0.5 0.84375 0.5 0.8125 1 0.8125 0.5 0.8125 0.5 0.78125 1 0.78125 0.5 0.78125 0.5 0.75 1 0.75 0.5 0.75 0.5 0.71875 1 0.71875 0.5 0.71875 0.5 0.6875 1 0.6875 0.5 0.6875 0.5 0.65625 1 0.65625 0.5 0.65625 0.5 0.625 1 0.625 0.5 0.625 0.5 0.59375 1 0.59375 0.5 0.59375 0.5 0.5625 1 0.5625 0.5 0.5625 0.5 0.53125 1 0.53125 0.5 0.53125 0.5 0.5 1 0.5 0.5 0.5 0.5 0.46875 1 0.46875 0.5 0.46875 0.5 0.4375 1 0.4375 0.5 0.4375 0.5 0.40625 1 0.40625 0.5 0.40625 0.5 0.375 1 0.375 0.5 0.375 0.5 0.34375 1 0.34375 0.5 0.34375 0.5 0.3125 1 0.3125 0.5 0.3125 0.5 0.28125 1 0.28125 0.5 0.28125 0.5 0.25 1 0.25 0.5 0.25 0.5 0.21875 1 0.21875 0.5 0.21875 0.5 0.1875 1 0.1875 0.5 0.1875 0.5 0.15625 1 0.15625 0.5 0.15625 0.5 0.125 1 0.125 0.5 0.125 0.5 0.09375 1 0.09375 0.5 0.09375 0.5 0.0625 1 0.0625 0.5 0.4197056 0.4197056 0.3833369 0.4495527 0.4197056 0.08029437 0.0625 0.5 0.03125 1 0.03125 0.5 0.03125 0.5 0 1 0 0.5 0.6166632 0.4495527 0.658156 0.4717311 0.6166632 0.05044728 1 0.5 0.96875 1 0.96875 0.5 0.96875 0.5 0.9375 1 0.9375 0.5 0.9375 0.5 0.90625 1 0.90625 0.5 0.90625 0.5 0.875 1 0.875 0.5 0.875 0.5 0.84375 1 0.84375 0.5 0.84375 0.5 0.8125 1 0.8125 0.5 0.8125 0.5 0.78125 1 0.78125 0.5 0.78125 0.5 0.75 1 0.75 0.5 0.75 0.5 0.71875 1 0.71875 0.5 0.71875 0.5 0.6875 1 0.6875 0.5 0.6875 0.5 0.65625 1 0.65625 0.5 0.65625 0.5 0.625 1 0.625 0.5 0.625 0.5 0.59375 1 0.59375 0.5 0.59375 0.5 0.5625 1 0.5625 0.5 0.5625 0.5 0.53125 1 0.53125 0.5 0.53125 0.5 0.5 1 0.5 0.5 0.5 0.5 0.46875 1 0.46875 0.5 0.46875 0.5 0.4375 1 0.4375 0.5 0.4375 0.5 0.40625 1 0.40625 0.5 0.40625 0.5 0.375 1 0.375 0.5 0.375 0.5 0.34375 1 0.34375 0.5 0.34375 0.5 0.3125 1 0.3125 0.5 0.3125 0.5 0.28125 1 0.28125 0.5 0.28125 0.5 0.25 1 0.25 0.5 0.25 0.5 0.21875 1 0.21875 0.5 0.21875 0.5 0.1875 1 0.1875 0.5 0.1875 0.5 0.15625 1 0.15625 0.5 0.15625 0.5 0.125 1 0.125 0.5 0.125 0.5 0.09375 1 0.09375 0.5 0.09375 0.5 0.0625 1 0.0625 0.5 0.4197056 0.4197056 0.3833369 0.4495527 0.4197056 0.08029437 0.0625 0.5 0.03125 1 0.03125 0.5 0.03125 0.5 0 1 0 0.5 0.6166632 0.4495527 0.658156 0.4717311 0.6166632 0.05044728 1 0.5 0.96875 1 0.96875 0.5 0.96875 0.5 0.9375 1 0.9375 0.5 0.9375 0.5 0.90625 1 0.90625 0.5 0.90625 0.5 0.875 1 0.875 0.5 0.875 0.5 0.84375 1 0.84375 0.5 0.84375 0.5 0.8125 1 0.8125 0.5 0.8125 0.5 0.78125 1 0.78125 0.5 0.78125 0.5 0.75 1 0.75 0.5 0.75 0.5 0.71875 1 0.71875 0.5 0.71875 0.5 0.6875 1 0.6875 0.5 0.6875 0.5 0.65625 1 0.65625 0.5 0.65625 0.5 0.625 1 0.625 0.5 0.625 0.5 0.59375 1 0.59375 0.5 0.59375 0.5 0.5625 1 0.5625 0.5 0.5625 0.5 0.53125 1 0.53125 0.5 0.53125 0.5 0.5 1 0.5 0.5 0.5 0.5 0.46875 1 0.46875 0.5 0.46875 0.5 0.4375 1 0.4375 0.5 0.4375 0.5 0.40625 1 0.40625 0.5 0.40625 0.5 0.375 1 0.375 0.5 0.375 0.5 0.34375 1 0.34375 0.5 0.34375 0.5 0.3125 1 0.3125 0.5 0.3125 0.5 0.28125 1 0.28125 0.5 0.28125 0.5 0.25 1 0.25 0.5 0.25 0.5 0.21875 1 0.21875 0.5 0.21875 0.5 0.1875 1 0.1875 0.5 0.1875 0.5 0.15625 1 0.15625 0.5 0.15625 0.5 0.125 1 0.125 0.5 0.125 0.5 0.09375 1 0.09375 0.5 0.09375 0.5 0.0625 1 0.0625 0.5 0.4197056 0.4197056 0.3833369 0.4495527 0.08029437 0.4197056 0.0625 0.5 0.03125 1 0.03125 0.5 0.03125 0.5 0 1 0 0.5 0.6166632 0.4495527 0.658156 0.4717311 0.8833369 0.4495527 1 0.5 0.96875 1 0.96875 0.5 0.96875 0.5 0.9375 1 0.9375 0.5 0.9375 0.5 0.90625 1 0.90625 0.5 0.90625 0.5 0.875 1 0.875 0.5 0.875 0.5 0.84375 1 0.84375 0.5 0.84375 0.5 0.8125 1 0.8125 0.5 0.8125 0.5 0.78125 1 0.78125 0.5 0.78125 0.5 0.75 1 0.75 0.5 0.75 0.5 0.71875 1 0.71875 0.5 0.71875 0.5 0.6875 1 0.6875 0.5 0.6875 0.5 0.65625 1 0.65625 0.5 0.65625 0.5 0.625 1 0.625 0.5 0.625 0.5 0.59375 1 0.59375 0.5 0.59375 0.5 0.5625 1 0.5625 0.5 0.5625 0.5 0.53125 1 0.53125 0.5 0.53125 0.5 0.5 1 0.5 0.5 0.5 0.5 0.46875 1 0.46875 0.5 0.46875 0.5 0.4375 1 0.4375 0.5 0.4375 0.5 0.40625 1 0.40625 0.5 0.40625 0.5 0.375 1 0.375 0.5 0.375 0.5 0.34375 1 0.34375 0.5 0.34375 0.5 0.3125 1 0.3125 0.5 0.3125 0.5 0.28125 1 0.28125 0.5 0.28125 0.5 0.25 1 0.25 0.5 0.25 0.5 0.21875 1 0.21875 0.5 0.21875 0.5 0.1875 1 0.1875 0.5 0.1875 0.5 0.15625 1 0.15625 0.5 0.15625 0.5 0.125 1 0.125 0.5 0.125 0.5 0.09375 1 0.09375 0.5 0.09375 0.5 0.0625 1 0.0625 0.5 0.4197056 0.4197056 0.3833369 0.4495527 0.08029437 0.4197056 0.0625 0.5 0.03125 1 0.03125 0.5 0.03125 0.5 0 1 0 0.5 0.6166632 0.4495527 0.658156 0.4717311 0.8833369 0.4495527 1 0.5 0.96875 1 0.96875 0.5 0.96875 0.5 0.9375 1 0.9375 0.5 0.9375 0.5 0.90625 1 0.90625 0.5 0.90625 0.5 0.875 1 0.875 0.5 0.875 0.5 0.84375 1 0.84375 0.5 0.84375 0.5 0.8125 1 0.8125 0.5 0.8125 0.5 0.78125 1 0.78125 0.5 0.78125 0.5 0.75 1 0.75 0.5 0.75 0.5 0.71875 1 0.71875 0.5 0.71875 0.5 0.6875 1 0.6875 0.5 0.6875 0.5 0.65625 1 0.65625 0.5 0.65625 0.5 0.625 1 0.625 0.5 0.625 0.5 0.59375 1 0.59375 0.5 0.59375 0.5 0.5625 1 0.5625 0.5 0.5625 0.5 0.53125 1 0.53125 0.5 0.53125 0.5 0.5 1 0.5 0.5 0.5 0.5 0.46875 1 0.46875 0.5 0.46875 0.5 0.4375 1 0.4375 0.5 0.4375 0.5 0.40625 1 0.40625 0.5 0.40625 0.5 0.375 1 0.375 0.5 0.375 0.5 0.34375 1 0.34375 0.5 0.34375 0.5 0.3125 1 0.3125 0.5 0.3125 0.5 0.28125 1 0.28125 0.5 0.28125 0.5 0.25 1 0.25 0.5 0.25 0.5 0.21875 1 0.21875 0.5 0.21875 0.5 0.1875 1 0.1875 0.5 0.1875 0.5 0.15625 1 0.15625 0.5 0.15625 0.5 0.125 1 0.125 0.5 0.125 0.5 0.09375 1 0.09375 0.5 0.09375 0.5 0.0625 1 0.0625 0.5 0.4197056 0.4197056 0.3833369 0.4495527 0.08029437 0.4197056 0.0625 0.5 0.03125 1 0.03125 0.5 0.03125 0.5 0 1 0 0.5 0.6166632 0.4495527 0.658156 0.4717311 0.8833369 0.4495527 1 0.5 0.96875 1 0.96875 0.5 0.96875 0.5 0.9375 1 0.9375 0.5 0.9375 0.5 0.90625 1 0.90625 0.5 0.90625 0.5 0.875 1 0.875 0.5 0.875 0.5 0.84375 1 0.84375 0.5 0.84375 0.5 0.8125 1 0.8125 0.5 0.8125 0.5 0.78125 1 0.78125 0.5 0.78125 0.5 0.75 1 0.75 0.5 0.75 0.5 0.71875 1 0.71875 0.5 0.71875 0.5 0.6875 1 0.6875 0.5 0.6875 0.5 0.65625 1 0.65625 0.5 0.65625 0.5 0.625 1 0.625 0.5 0.625 0.5 0.59375 1 0.59375 0.5 0.59375 0.5 0.5625 1 0.5625 0.5 0.5625 0.5 0.53125 1 0.53125 0.5 0.53125 0.5 0.5 1 0.5 0.5 0.5 0.5 0.46875 1 0.46875 0.5 0.46875 0.5 0.4375 1 0.4375 0.5 0.4375 0.5 0.40625 1 0.40625 0.5 0.40625 0.5 0.375 1 0.375 0.5 0.375 0.5 0.34375 1 0.34375 0.5 0.34375 0.5 0.3125 1 0.3125 0.5 0.3125 0.5 0.28125 1 0.28125 0.5 0.28125 0.5 0.25 1 0.25 0.5 0.25 0.5 0.21875 1 0.21875 0.5 0.21875 0.5 0.1875 1 0.1875 0.5 0.1875 0.5 0.15625 1 0.15625 0.5 0.15625 0.5 0.125 1 0.125 0.5 0.125 0.5 0.09375 1 0.09375 0.5 0.09375 0.5 0.0625 1 0.0625 0.5 0.4197056 0.4197056 0.3833369 0.4495527 0.08029437 0.4197056 0.0625 0.5 0.03125 1 0.03125 0.5 0.03125 0.5 0 1 0 0.5 0.6166632 0.4495527 0.658156 0.4717311 0.8833369 0.4495527 1 0.5 1 1 0.96875 1 0.96875 0.5 0.96875 1 0.9375 1 0.9375 0.5 0.9375 1 0.90625 1 0.90625 0.5 0.90625 1 0.875 1 0.875 0.5 0.875 1 0.84375 1 0.84375 0.5 0.84375 1 0.8125 1 0.8125 0.5 0.8125 1 0.78125 1 0.78125 0.5 0.78125 1 0.75 1 0.75 0.5 0.75 1 0.71875 1 0.71875 0.5 0.71875 1 0.6875 1 0.6875 0.5 0.6875 1 0.65625 1 0.65625 0.5 0.65625 1 0.625 1 0.625 0.5 0.625 1 0.59375 1 0.59375 0.5 0.59375 1 0.5625 1 0.5625 0.5 0.5625 1 0.53125 1 0.53125 0.5 0.53125 1 0.5 1 0.5 0.5 0.5 1 0.46875 1 0.46875 0.5 0.46875 1 0.4375 1 0.4375 0.5 0.4375 1 0.40625 1 0.40625 0.5 0.40625 1 0.375 1 0.375 0.5 0.375 1 0.34375 1 0.34375 0.5 0.34375 1 0.3125 1 0.3125 0.5 0.3125 1 0.28125 1 0.28125 0.5 0.28125 1 0.25 1 0.25 0.5 0.25 1 0.21875 1 0.21875 0.5 0.21875 1 0.1875 1 0.1875 0.5 0.1875 1 0.15625 1 0.15625 0.5 0.15625 1 0.125 1 0.125 0.5 0.125 1 0.09375 1 0.09375 0.5 0.09375 1 0.0625 1 0.341844 0.4717311 0.2968217 0.4853885 0.25 0.49 0.25 0.49 0.2031783 0.4853885 0.1581559 0.4717311 0.1581559 0.4717311 0.1166631 0.4495527 0.08029437 0.4197056 0.08029437 0.4197056 0.05044728 0.3833369 0.02826887 0.341844 0.02826887 0.341844 0.01461154 0.2968217 0.00999999 0.25 0.00999999 0.25 0.01461154 0.2031783 0.02826887 0.1581559 0.02826887 0.1581559 0.05044728 0.1166631 0.08029437 0.08029437 0.08029437 0.08029437 0.1166631 0.05044728 0.1581559 0.02826887 0.1581559 0.02826887 0.2031783 0.01461154 0.25 0.00999999 0.25 0.00999999 0.2968217 0.01461154 0.341844 0.02826887 0.341844 0.02826887 0.3833369 0.05044728 0.4197056 0.08029437 0.4197056 0.08029437 0.4495527 0.1166631 0.4717311 0.1581559 0.4717311 0.1581559 0.4853885 0.2031783 0.49 0.25 0.49 0.25 0.4853885 0.2968217 0.4717311 0.341844 0.4717311 0.341844 0.4495527 0.3833369 0.4197056 0.4197056 0.4197056 0.4197056 0.3833369 0.4495527 0.341844 0.4717311 0.341844 0.4717311 0.25 0.49 0.1581559 0.4717311 0.1581559 0.4717311 0.08029437 0.4197056 0.341844 0.4717311 0.08029437 0.4197056 0.02826887 0.341844 0.341844 0.4717311 0.02826887 0.341844 0.00999999 0.25 0.02826887 0.1581559 0.02826887 0.1581559 0.08029437 0.08029437 0.1581559 0.02826887 0.1581559 0.02826887 0.25 0.00999999 0.341844 0.02826887 0.341844 0.02826887 0.4197056 0.08029437 0.1581559 0.02826887 0.4197056 0.08029437 0.4717311 0.1581559 0.1581559 0.02826887 0.4717311 0.1581559 0.49 0.25 0.4717311 0.341844 0.4717311 0.341844 0.4197056 0.4197056 0.341844 0.4717311 0.02826887 0.341844 0.02826887 0.1581559 0.341844 0.4717311 0.02826887 0.1581559 0.1581559 0.02826887 0.341844 0.4717311 0.4717311 0.1581559 0.4717311 0.341844 0.1581559 0.02826887 0.0625 0.5 0.0625 1 0.03125 1 0.03125 0.5 0.03125 1 0 1 0.7031784 0.4853885 0.75 0.49 0.8833369 0.4495527 0.75 0.49 0.7968217 0.4853885 0.8833369 0.4495527 0.7968217 0.4853885 0.841844 0.4717311 0.8833369 0.4495527 0.8833369 0.4495527 0.9197056 0.4197056 0.9853885 0.2968217 0.9197056 0.4197056 0.9495527 0.3833369 0.9853885 0.2968217 0.9495527 0.3833369 0.9717311 0.341844 0.9853885 0.2968217 0.9853885 0.2968217 0.99 0.25 0.9853885 0.2031783 0.9853885 0.2031783 0.9717311 0.1581559 0.9853885 0.2968217 0.9717311 0.1581559 0.9495527 0.1166631 0.9853885 0.2968217 0.9495527 0.1166631 0.9197056 0.08029437 0.8833369 0.05044728 0.8833369 0.05044728 0.841844 0.02826887 0.7968217 0.01461154 0.7968217 0.01461154 0.75 0.00999999 0.6166632 0.05044728 0.75 0.00999999 0.7031784 0.01461154 0.6166632 0.05044728 0.7031784 0.01461154 0.658156 0.02826887 0.6166632 0.05044728 0.6166632 0.05044728 0.5802944 0.08029437 0.5146116 0.2031783 0.5802944 0.08029437 0.5504473 0.1166631 0.5146116 0.2031783 0.5504473 0.1166631 0.5282689 0.1581559 0.5146116 0.2031783 0.5146116 0.2031783 0.51 0.25 0.5146116 0.2968217 0.5146116 0.2968217 0.5282689 0.341844 0.5146116 0.2031783 0.5282689 0.341844 0.5504473 0.3833369 0.5146116 0.2031783 0.5504473 0.3833369 0.5802944 0.4197056 0.7031784 0.4853885 0.5802944 0.4197056 0.6166632 0.4495527 0.7031784 0.4853885 0.6166632 0.4495527 0.658156 0.4717311 0.7031784 0.4853885 0.9495527 0.1166631 0.8833369 0.05044728 0.9853885 0.2968217 0.8833369 0.05044728 0.7968217 0.01461154 0.9853885 0.2968217 0.7031784 0.4853885 0.8833369 0.4495527 0.9853885 0.2968217 0.7968217 0.01461154 0.6166632 0.05044728 0.5146116 0.2031783 0.5146116 0.2031783 0.5504473 0.3833369 0.7031784 0.4853885 0.7031784 0.4853885 0.9853885 0.2968217 0.5146116 0.2031783 0.375 0 0.625 0 0.625 0.25 0.375 0.25 0.625 0.25 0.625 0.5 0.375 0.5 0.625 0.5 0.625 0.75 0.375 0.75 0.625 0.75 0.625 1 0.125 0.5 0.375 0.5 0.375 0.75 0.625 0.5 0.875 0.5 0.875 0.75 1 0.5 1 1 0.96875 1 0.96875 0.5 0.96875 1 0.9375 1 0.9375 0.5 0.9375 1 0.90625 1 0.90625 0.5 0.90625 1 0.875 1 0.875 0.5 0.875 1 0.84375 1 0.84375 0.5 0.84375 1 0.8125 1 0.8125 0.5 0.8125 1 0.78125 1 0.78125 0.5 0.78125 1 0.75 1 0.75 0.5 0.75 1 0.71875 1 0.71875 0.5 0.71875 1 0.6875 1 0.6875 0.5 0.6875 1 0.65625 1 0.65625 0.5 0.65625 1 0.625 1 0.625 0.5 0.625 1 0.59375 1 0.59375 0.5 0.59375 1 0.5625 1 0.5625 0.5 0.5625 1 0.53125 1 0.53125 0.5 0.53125 1 0.5 1 0.5 0.5 0.5 1 0.46875 1 0.46875 0.5 0.46875 1 0.4375 1 0.4375 0.5 0.4375 1 0.40625 1 0.40625 0.5 0.40625 1 0.375 1 0.375 0.5 0.375 1 0.34375 1 0.34375 0.5 0.34375 1 0.3125 1 0.3125 0.5 0.3125 1 0.28125 1 0.28125 0.5 0.28125 1 0.25 1 0.25 0.5 0.25 1 0.21875 1 0.21875 0.5 0.21875 1 0.1875 1 0.1875 0.5 0.1875 1 0.15625 1 0.15625 0.5 0.15625 1 0.125 1 0.125 0.5 0.125 1 0.09375 1 0.09375 0.5 0.09375 1 0.0625 1 0.341844 0.4717311 0.2968217 0.4853885 0.25 0.49 0.25 0.49 0.2031783 0.4853885 0.1581559 0.4717311 0.1581559 0.4717311 0.1166631 0.4495527 0.02826887 0.341844 0.1166631 0.4495527 0.08029437 0.4197056 0.02826887 0.341844 0.08029437 0.4197056 0.05044728 0.3833369 0.02826887 0.341844 0.02826887 0.341844 0.01461154 0.2968217 0.00999999 0.25 0.00999999 0.25 0.01461154 0.2031783 0.02826887 0.1581559 0.02826887 0.1581559 0.05044728 0.1166631 0.08029437 0.08029437 0.08029437 0.08029437 0.1166631 0.05044728 0.1581559 0.02826887 0.1581559 0.02826887 0.2031783 0.01461154 0.25 0.00999999 0.25 0.00999999 0.2968217 0.01461154 0.1581559 0.02826887 0.2968217 0.01461154 0.341844 0.02826887 0.1581559 0.02826887 0.341844 0.02826887 0.3833369 0.05044728 0.4197056 0.08029437 0.4197056 0.08029437 0.4495527 0.1166631 0.341844 0.02826887 0.4495527 0.1166631 0.4717311 0.1581559 0.341844 0.02826887 0.4717311 0.1581559 0.4853885 0.2031783 0.49 0.25 0.49 0.25 0.4853885 0.2968217 0.4717311 0.341844 0.4717311 0.341844 0.4495527 0.3833369 0.341844 0.4717311 0.4495527 0.3833369 0.4197056 0.4197056 0.341844 0.4717311 0.4197056 0.4197056 0.3833369 0.4495527 0.341844 0.4717311 0.341844 0.4717311 0.25 0.49 0.1581559 0.4717311 0.02826887 0.341844 0.00999999 0.25 0.02826887 0.1581559 0.02826887 0.1581559 0.08029437 0.08029437 0.02826887 0.341844 0.08029437 0.08029437 0.1581559 0.02826887 0.02826887 0.341844 0.4717311 0.1581559 0.49 0.25 0.4717311 0.341844 0.341844 0.4717311 0.1581559 0.4717311 0.1581559 0.02826887 0.1581559 0.4717311 0.02826887 0.341844 0.1581559 0.02826887 0.1581559 0.02826887 0.341844 0.02826887 0.4717311 0.1581559 0.4717311 0.1581559 0.4717311 0.341844 0.341844 0.4717311 0.0625 0.5 0.0625 1 0.03125 1 0.03125 0.5 0.03125 1 0 1 0.7031784 0.4853885 0.75 0.49 0.8833369 0.4495527 0.75 0.49 0.7968217 0.4853885 0.8833369 0.4495527 0.7968217 0.4853885 0.841844 0.4717311 0.8833369 0.4495527 0.8833369 0.4495527 0.9197056 0.4197056 0.9495527 0.3833369 0.9495527 0.3833369 0.9717311 0.341844 0.9853885 0.2968217 0.9853885 0.2968217 0.99 0.25 0.9495527 0.1166631 0.99 0.25 0.9853885 0.2031783 0.9495527 0.1166631 0.9853885 0.2031783 0.9717311 0.1581559 0.9495527 0.1166631 0.9495527 0.1166631 0.9197056 0.08029437 0.8833369 0.05044728 0.8833369 0.05044728 0.841844 0.02826887 0.9495527 0.1166631 0.841844 0.02826887 0.7968217 0.01461154 0.9495527 0.1166631 0.7968217 0.01461154 0.75 0.00999999 0.7031784 0.01461154 0.7031784 0.01461154 0.658156 0.02826887 0.7968217 0.01461154 0.658156 0.02826887 0.6166632 0.05044728 0.7968217 0.01461154 0.6166632 0.05044728 0.5802944 0.08029437 0.5504473 0.1166631 0.5504473 0.1166631 0.5282689 0.1581559 0.6166632 0.05044728 0.5282689 0.1581559 0.5146116 0.2031783 0.6166632 0.05044728 0.5146116 0.2031783 0.51 0.25 0.5146116 0.2968217 0.5146116 0.2968217 0.5282689 0.341844 0.5146116 0.2031783 0.5282689 0.341844 0.5504473 0.3833369 0.5146116 0.2031783 0.5504473 0.3833369 0.5802944 0.4197056 0.6166632 0.4495527 0.6166632 0.4495527 0.658156 0.4717311 0.7031784 0.4853885 0.8833369 0.4495527 0.9495527 0.3833369 0.7031784 0.4853885 0.9495527 0.3833369 0.9853885 0.2968217 0.7031784 0.4853885 0.5504473 0.3833369 0.6166632 0.4495527 0.5146116 0.2031783 0.6166632 0.4495527 0.7031784 0.4853885 0.5146116 0.2031783 0.9853885 0.2968217 0.9495527 0.1166631 0.7031784 0.4853885 0.9495527 0.1166631 0.7968217 0.01461154 0.7031784 0.4853885 0.7968217 0.01461154 0.6166632 0.05044728 0.5146116 0.2031783 1 0.5 1 1 0.96875 1 0.96875 0.5 0.96875 1 0.9375 1 0.9375 0.5 0.9375 1 0.90625 1 0.90625 0.5 0.90625 1 0.875 1 0.875 0.5 0.875 1 0.84375 1 0.84375 0.5 0.84375 1 0.8125 1 0.8125 0.5 0.8125 1 0.78125 1 0.78125 0.5 0.78125 1 0.75 1 0.75 0.5 0.75 1 0.71875 1 0.71875 0.5 0.71875 1 0.6875 1 0.6875 0.5 0.6875 1 0.65625 1 0.65625 0.5 0.65625 1 0.625 1 0.625 0.5 0.625 1 0.59375 1 0.59375 0.5 0.59375 1 0.5625 1 0.5625 0.5 0.5625 1 0.53125 1 0.53125 0.5 0.53125 1 0.5 1 0.5 0.5 0.5 1 0.46875 1 0.46875 0.5 0.46875 1 0.4375 1 0.4375 0.5 0.4375 1 0.40625 1 0.40625 0.5 0.40625 1 0.375 1 0.375 0.5 0.375 1 0.34375 1 0.34375 0.5 0.34375 1 0.3125 1 0.3125 0.5 0.3125 1 0.28125 1 0.28125 0.5 0.28125 1 0.25 1 0.25 0.5 0.25 1 0.21875 1 0.21875 0.5 0.21875 1 0.1875 1 0.1875 0.5 0.1875 1 0.15625 1 0.15625 0.5 0.15625 1 0.125 1 0.125 0.5 0.125 1 0.09375 1 0.09375 0.5 0.09375 1 0.0625 1 0.341844 0.4717311 0.2968217 0.4853885 0.2968217 0.01461154 0.2968217 0.4853885 0.25 0.49 0.25 0.00999999 0.25 0.49 0.2031783 0.4853885 0.2031783 0.01461154 0.2031783 0.4853885 0.1581559 0.4717311 0.1581559 0.02826887 0.1581559 0.4717311 0.1166631 0.4495527 0.1581559 0.02826887 0.1166631 0.4495527 0.08029437 0.4197056 0.1166631 0.05044728 0.1581559 0.02826887 0.1166631 0.4495527 0.1166631 0.05044728 0.08029437 0.4197056 0.05044728 0.3833369 0.08029437 0.08029437 0.05044728 0.3833369 0.02826887 0.341844 0.05044728 0.1166631 0.08029437 0.08029437 0.05044728 0.3833369 0.05044728 0.1166631 0.02826887 0.341844 0.01461154 0.2968217 0.01461154 0.2031783 0.01461154 0.2968217 0.00999999 0.25 0.01461154 0.2031783 0.01461154 0.2031783 0.02826887 0.1581559 0.02826887 0.341844 0.02826887 0.1581559 0.05044728 0.1166631 0.02826887 0.341844 0.08029437 0.08029437 0.1166631 0.05044728 0.08029437 0.4197056 0.1581559 0.02826887 0.2031783 0.01461154 0.2031783 0.4853885 0.2031783 0.01461154 0.25 0.00999999 0.25 0.49 0.25 0.00999999 0.2968217 0.01461154 0.2968217 0.4853885 0.2968217 0.01461154 0.341844 0.02826887 0.341844 0.4717311 0.341844 0.02826887 0.3833369 0.05044728 0.341844 0.4717311 0.3833369 0.05044728 0.4197056 0.08029437 0.3833369 0.4495527 0.341844 0.4717311 0.3833369 0.05044728 0.3833369 0.4495527 0.4197056 0.08029437 0.4495527 0.1166631 0.4197056 0.4197056 0.4495527 0.1166631 0.4717311 0.1581559 0.4495527 0.3833369 0.4197056 0.4197056 0.4495527 0.1166631 0.4495527 0.3833369 0.4717311 0.1581559 0.4853885 0.2031783 0.4717311 0.341844 0.4853885 0.2031783 0.49 0.25 0.4853885 0.2968217 0.4717311 0.341844 0.4853885 0.2031783 0.4853885 0.2968217 0.4717311 0.341844 0.4495527 0.3833369 0.4717311 0.1581559 0.0625 0.5 0.0625 1 0.03125 1 0.03125 0.5 0.03125 1 0 1 0.7031784 0.4853885 0.75 0.49 0.75 0.00999999 0.75 0.49 0.7968217 0.4853885 0.7968217 0.01461154 0.7968217 0.4853885 0.841844 0.4717311 0.7968217 0.01461154 0.841844 0.4717311 0.8833369 0.4495527 0.841844 0.02826887 0.7968217 0.01461154 0.841844 0.4717311 0.841844 0.02826887 0.8833369 0.4495527 0.9197056 0.4197056 0.9197056 0.08029437 0.9197056 0.4197056 0.9495527 0.3833369 0.9495527 0.1166631 0.9495527 0.3833369 0.9717311 0.341844 0.9495527 0.1166631 0.9717311 0.341844 0.9853885 0.2968217 0.9717311 0.1581559 0.9495527 0.1166631 0.9717311 0.341844 0.9717311 0.1581559 0.9853885 0.2968217 0.99 0.25 0.9853885 0.2031783 0.9853885 0.2031783 0.9717311 0.1581559 0.9853885 0.2968217 0.9495527 0.1166631 0.9197056 0.08029437 0.9197056 0.4197056 0.9197056 0.08029437 0.8833369 0.05044728 0.8833369 0.4495527 0.8833369 0.05044728 0.841844 0.02826887 0.8833369 0.4495527 0.7968217 0.01461154 0.75 0.00999999 0.75 0.49 0.75 0.00999999 0.7031784 0.01461154 0.7031784 0.4853885 0.7031784 0.01461154 0.658156 0.02826887 0.7031784 0.4853885 0.658156 0.02826887 0.6166632 0.05044728 0.658156 0.4717311 0.7031784 0.4853885 0.658156 0.02826887 0.658156 0.4717311 0.6166632 0.05044728 0.5802944 0.08029437 0.5802944 0.4197056 0.5802944 0.08029437 0.5504473 0.1166631 0.5504473 0.3833369 0.5504473 0.1166631 0.5282689 0.1581559 0.5504473 0.3833369 0.5282689 0.1581559 0.5146116 0.2031783 0.5282689 0.341844 0.5504473 0.3833369 0.5282689 0.1581559 0.5282689 0.341844 0.5146116 0.2031783 0.51 0.25 0.5146116 0.2968217 0.5146116 0.2968217 0.5282689 0.341844 0.5146116 0.2031783 0.5504473 0.3833369 0.5802944 0.4197056 0.5802944 0.08029437 0.5802944 0.4197056 0.6166632 0.4495527 0.6166632 0.05044728 1 0.5 1 1 0.96875 1 0.96875 0.5 0.96875 1 0.9375 1 0.9375 0.5 0.9375 1 0.90625 1 0.90625 0.5 0.90625 1 0.875 1 0.875 0.5 0.875 1 0.84375 1 0.84375 0.5 0.84375 1 0.8125 1 0.8125 0.5 0.8125 1 0.78125 1 0.78125 0.5 0.78125 1 0.75 1 0.75 0.5 0.75 1 0.71875 1 0.71875 0.5 0.71875 1 0.6875 1 0.6875 0.5 0.6875 1 0.65625 1 0.65625 0.5 0.65625 1 0.625 1 0.625 0.5 0.625 1 0.59375 1 0.59375 0.5 0.59375 1 0.5625 1 0.5625 0.5 0.5625 1 0.53125 1 0.53125 0.5 0.53125 1 0.5 1 0.5 0.5 0.5 1 0.46875 1 0.46875 0.5 0.46875 1 0.4375 1 0.4375 0.5 0.4375 1 0.40625 1 0.40625 0.5 0.40625 1 0.375 1 0.375 0.5 0.375 1 0.34375 1 0.34375 0.5 0.34375 1 0.3125 1 0.3125 0.5 0.3125 1 0.28125 1 0.28125 0.5 0.28125 1 0.25 1 0.25 0.5 0.25 1 0.21875 1 0.21875 0.5 0.21875 1 0.1875 1 0.1875 0.5 0.1875 1 0.15625 1 0.15625 0.5 0.15625 1 0.125 1 0.125 0.5 0.125 1 0.09375 1 0.09375 0.5 0.09375 1 0.0625 1 0.341844 0.4717311 0.2968217 0.4853885 0.2968217 0.01461154 0.2968217 0.4853885 0.25 0.49 0.25 0.00999999 0.25 0.49 0.2031783 0.4853885 0.2031783 0.01461154 0.2031783 0.4853885 0.1581559 0.4717311 0.1581559 0.02826887 0.1581559 0.4717311 0.1166631 0.4495527 0.1581559 0.02826887 0.1166631 0.4495527 0.08029437 0.4197056 0.1166631 0.05044728 0.1581559 0.02826887 0.1166631 0.4495527 0.1166631 0.05044728 0.08029437 0.4197056 0.05044728 0.3833369 0.08029437 0.08029437 0.05044728 0.3833369 0.02826887 0.341844 0.05044728 0.1166631 0.08029437 0.08029437 0.05044728 0.3833369 0.05044728 0.1166631 0.02826887 0.341844 0.01461154 0.2968217 0.02826887 0.1581559 0.01461154 0.2968217 0.00999999 0.25 0.01461154 0.2031783 0.02826887 0.1581559 0.01461154 0.2968217 0.01461154 0.2031783 0.02826887 0.1581559 0.05044728 0.1166631 0.02826887 0.341844 0.08029437 0.08029437 0.1166631 0.05044728 0.08029437 0.4197056 0.1581559 0.02826887 0.2031783 0.01461154 0.2031783 0.4853885 0.2031783 0.01461154 0.25 0.00999999 0.25 0.49 0.25 0.00999999 0.2968217 0.01461154 0.2968217 0.4853885 0.2968217 0.01461154 0.341844 0.02826887 0.341844 0.4717311 0.341844 0.02826887 0.3833369 0.05044728 0.341844 0.4717311 0.3833369 0.05044728 0.4197056 0.08029437 0.3833369 0.4495527 0.341844 0.4717311 0.3833369 0.05044728 0.3833369 0.4495527 0.4197056 0.08029437 0.4495527 0.1166631 0.4197056 0.4197056 0.4495527 0.1166631 0.4717311 0.1581559 0.4495527 0.3833369 0.4197056 0.4197056 0.4495527 0.1166631 0.4495527 0.3833369 0.4717311 0.1581559 0.4853885 0.2031783 0.4853885 0.2968217 0.4853885 0.2031783 0.49 0.25 0.4853885 0.2968217 0.4853885 0.2968217 0.4717311 0.341844 0.4717311 0.1581559 0.4717311 0.341844 0.4495527 0.3833369 0.4717311 0.1581559 0.0625 0.5 0.0625 1 0.03125 1 0.03125 0.5 0.03125 1 0 1 0.7031784 0.4853885 0.75 0.49 0.75 0.00999999 0.75 0.49 0.7968217 0.4853885 0.7968217 0.01461154 0.7968217 0.4853885 0.841844 0.4717311 0.7968217 0.01461154 0.841844 0.4717311 0.8833369 0.4495527 0.841844 0.02826887 0.7968217 0.01461154 0.841844 0.4717311 0.841844 0.02826887 0.8833369 0.4495527 0.9197056 0.4197056 0.9197056 0.08029437 0.9197056 0.4197056 0.9495527 0.3833369 0.9495527 0.1166631 0.9495527 0.3833369 0.9717311 0.341844 0.9495527 0.1166631 0.9717311 0.341844 0.9853885 0.2968217 0.9717311 0.1581559 0.9495527 0.1166631 0.9717311 0.341844 0.9717311 0.1581559 0.9853885 0.2968217 0.99 0.25 0.9853885 0.2031783 0.9853885 0.2031783 0.9717311 0.1581559 0.9853885 0.2968217 0.9495527 0.1166631 0.9197056 0.08029437 0.9197056 0.4197056 0.9197056 0.08029437 0.8833369 0.05044728 0.8833369 0.4495527 0.8833369 0.05044728 0.841844 0.02826887 0.8833369 0.4495527 0.7968217 0.01461154 0.75 0.00999999 0.75 0.49 0.75 0.00999999 0.7031784 0.01461154 0.7031784 0.4853885 0.7031784 0.01461154 0.658156 0.02826887 0.7031784 0.4853885 0.658156 0.02826887 0.6166632 0.05044728 0.658156 0.4717311 0.7031784 0.4853885 0.658156 0.02826887 0.658156 0.4717311 0.6166632 0.05044728 0.5802944 0.08029437 0.5802944 0.4197056 0.5802944 0.08029437 0.5504473 0.1166631 0.5504473 0.3833369 0.5504473 0.1166631 0.5282689 0.1581559 0.5504473 0.3833369 0.5282689 0.1581559 0.5146116 0.2031783 0.5282689 0.341844 0.5504473 0.3833369 0.5282689 0.1581559 0.5282689 0.341844 0.5146116 0.2031783 0.51 0.25 0.5146116 0.2968217 0.5146116 0.2968217 0.5282689 0.341844 0.5146116 0.2031783 0.5504473 0.3833369 0.5802944 0.4197056 0.5802944 0.08029437 0.5802944 0.4197056 0.6166632 0.4495527 0.6166632 0.05044728 1 0.5 1 1 0.96875 1 0.96875 0.5 0.96875 1 0.9375 1 0.9375 0.5 0.9375 1 0.90625 1 0.90625 0.5 0.90625 1 0.875 1 0.875 0.5 0.875 1 0.84375 1 0.84375 0.5 0.84375 1 0.8125 1 0.8125 0.5 0.8125 1 0.78125 1 0.78125 0.5 0.78125 1 0.75 1 0.75 0.5 0.75 1 0.71875 1 0.71875 0.5 0.71875 1 0.6875 1 0.6875 0.5 0.6875 1 0.65625 1 0.65625 0.5 0.65625 1 0.625 1 0.625 0.5 0.625 1 0.59375 1 0.59375 0.5 0.59375 1 0.5625 1 0.5625 0.5 0.5625 1 0.53125 1 0.53125 0.5 0.53125 1 0.5 1 0.5 0.5 0.5 1 0.46875 1 0.46875 0.5 0.46875 1 0.4375 1 0.4375 0.5 0.4375 1 0.40625 1 0.40625 0.5 0.40625 1 0.375 1 0.375 0.5 0.375 1 0.34375 1 0.34375 0.5 0.34375 1 0.3125 1 0.3125 0.5 0.3125 1 0.28125 1 0.28125 0.5 0.28125 1 0.25 1 0.25 0.5 0.25 1 0.21875 1 0.21875 0.5 0.21875 1 0.1875 1 0.1875 0.5 0.1875 1 0.15625 1 0.15625 0.5 0.15625 1 0.125 1 0.125 0.5 0.125 1 0.09375 1 0.09375 0.5 0.09375 1 0.0625 1 0.341844 0.4717311 0.2968217 0.4853885 0.2968217 0.01461154 0.2968217 0.4853885 0.25 0.49 0.25 0.00999999 0.25 0.49 0.2031783 0.4853885 0.2031783 0.01461154 0.2031783 0.4853885 0.1581559 0.4717311 0.1581559 0.02826887 0.1581559 0.4717311 0.1166631 0.4495527 0.1581559 0.02826887 0.1166631 0.4495527 0.08029437 0.4197056 0.1166631 0.05044728 0.1581559 0.02826887 0.1166631 0.4495527 0.1166631 0.05044728 0.08029437 0.4197056 0.05044728 0.3833369 0.08029437 0.08029437 0.05044728 0.3833369 0.02826887 0.341844 0.05044728 0.1166631 0.08029437 0.08029437 0.05044728 0.3833369 0.05044728 0.1166631 0.02826887 0.341844 0.01461154 0.2968217 0.02826887 0.1581559 0.01461154 0.2968217 0.00999999 0.25 0.01461154 0.2031783 0.02826887 0.1581559 0.01461154 0.2968217 0.01461154 0.2031783 0.02826887 0.1581559 0.05044728 0.1166631 0.02826887 0.341844 0.08029437 0.08029437 0.1166631 0.05044728 0.08029437 0.4197056 0.1581559 0.02826887 0.2031783 0.01461154 0.2031783 0.4853885 0.2031783 0.01461154 0.25 0.00999999 0.25 0.49 0.25 0.00999999 0.2968217 0.01461154 0.2968217 0.4853885 0.2968217 0.01461154 0.341844 0.02826887 0.341844 0.4717311 0.341844 0.02826887 0.3833369 0.05044728 0.341844 0.4717311 0.3833369 0.05044728 0.4197056 0.08029437 0.3833369 0.4495527 0.341844 0.4717311 0.3833369 0.05044728 0.3833369 0.4495527 0.4197056 0.08029437 0.4495527 0.1166631 0.4197056 0.4197056 0.4495527 0.1166631 0.4717311 0.1581559 0.4495527 0.3833369 0.4197056 0.4197056 0.4495527 0.1166631 0.4495527 0.3833369 0.4717311 0.1581559 0.4853885 0.2031783 0.4853885 0.2968217 0.4853885 0.2031783 0.49 0.25 0.4853885 0.2968217 0.4853885 0.2968217 0.4717311 0.341844 0.4717311 0.1581559 0.4717311 0.341844 0.4495527 0.3833369 0.4717311 0.1581559 0.0625 0.5 0.0625 1 0.03125 1 0.03125 0.5 0.03125 1 0 1 0.7031784 0.4853885 0.75 0.49 0.75 0.00999999 0.75 0.49 0.7968217 0.4853885 0.7968217 0.01461154 0.7968217 0.4853885 0.841844 0.4717311 0.7968217 0.01461154 0.841844 0.4717311 0.8833369 0.4495527 0.841844 0.02826887 0.7968217 0.01461154 0.841844 0.4717311 0.841844 0.02826887 0.8833369 0.4495527 0.9197056 0.4197056 0.9197056 0.08029437 0.9197056 0.4197056 0.9495527 0.3833369 0.9495527 0.1166631 0.9495527 0.3833369 0.9717311 0.341844 0.9495527 0.1166631 0.9717311 0.341844 0.9853885 0.2968217 0.9717311 0.1581559 0.9495527 0.1166631 0.9717311 0.341844 0.9717311 0.1581559 0.9853885 0.2968217 0.99 0.25 0.9853885 0.2031783 0.9853885 0.2031783 0.9717311 0.1581559 0.9853885 0.2968217 0.9495527 0.1166631 0.9197056 0.08029437 0.9197056 0.4197056 0.9197056 0.08029437 0.8833369 0.05044728 0.8833369 0.4495527 0.8833369 0.05044728 0.841844 0.02826887 0.8833369 0.4495527 0.7968217 0.01461154 0.75 0.00999999 0.75 0.49 0.75 0.00999999 0.7031784 0.01461154 0.7031784 0.4853885 0.7031784 0.01461154 0.658156 0.02826887 0.7031784 0.4853885 0.658156 0.02826887 0.6166632 0.05044728 0.658156 0.4717311 0.7031784 0.4853885 0.658156 0.02826887 0.658156 0.4717311 0.6166632 0.05044728 0.5802944 0.08029437 0.5802944 0.4197056 0.5802944 0.08029437 0.5504473 0.1166631 0.5504473 0.3833369 0.5504473 0.1166631 0.5282689 0.1581559 0.5504473 0.3833369 0.5282689 0.1581559 0.5146116 0.2031783 0.5282689 0.341844 0.5504473 0.3833369 0.5282689 0.1581559 0.5282689 0.341844 0.5146116 0.2031783 0.51 0.25 0.5146116 0.2968217 0.5146116 0.2968217 0.5282689 0.341844 0.5146116 0.2031783 0.5504473 0.3833369 0.5802944 0.4197056 0.5802944 0.08029437 0.5802944 0.4197056 0.6166632 0.4495527 0.6166632 0.05044728 1 0.5 1 1 0.96875 1 0.96875 0.5 0.96875 1 0.9375 1 0.9375 0.5 0.9375 1 0.90625 1 0.90625 0.5 0.90625 1 0.875 1 0.875 0.5 0.875 1 0.84375 1 0.84375 0.5 0.84375 1 0.8125 1 0.8125 0.5 0.8125 1 0.78125 1 0.78125 0.5 0.78125 1 0.75 1 0.75 0.5 0.75 1 0.71875 1 0.71875 0.5 0.71875 1 0.6875 1 0.6875 0.5 0.6875 1 0.65625 1 0.65625 0.5 0.65625 1 0.625 1 0.625 0.5 0.625 1 0.59375 1 0.59375 0.5 0.59375 1 0.5625 1 0.5625 0.5 0.5625 1 0.53125 1 0.53125 0.5 0.53125 1 0.5 1 0.5 0.5 0.5 1 0.46875 1 0.46875 0.5 0.46875 1 0.4375 1 0.4375 0.5 0.4375 1 0.40625 1 0.40625 0.5 0.40625 1 0.375 1 0.375 0.5 0.375 1 0.34375 1 0.34375 0.5 0.34375 1 0.3125 1 0.3125 0.5 0.3125 1 0.28125 1 0.28125 0.5 0.28125 1 0.25 1 0.25 0.5 0.25 1 0.21875 1 0.21875 0.5 0.21875 1 0.1875 1 0.1875 0.5 0.1875 1 0.15625 1 0.15625 0.5 0.15625 1 0.125 1 0.125 0.5 0.125 1 0.09375 1 0.09375 0.5 0.09375 1 0.0625 1 0.341844 0.4717311 0.2968217 0.4853885 0.2968217 0.01461154 0.2968217 0.4853885 0.25 0.49 0.25 0.00999999 0.25 0.49 0.2031783 0.4853885 0.2031783 0.01461154 0.2031783 0.4853885 0.1581559 0.4717311 0.1581559 0.02826887 0.1581559 0.4717311 0.1166631 0.4495527 0.1581559 0.02826887 0.1166631 0.4495527 0.08029437 0.4197056 0.1166631 0.05044728 0.1581559 0.02826887 0.1166631 0.4495527 0.1166631 0.05044728 0.08029437 0.4197056 0.05044728 0.3833369 0.08029437 0.08029437 0.05044728 0.3833369 0.02826887 0.341844 0.05044728 0.1166631 0.08029437 0.08029437 0.05044728 0.3833369 0.05044728 0.1166631 0.02826887 0.341844 0.01461154 0.2968217 0.01461154 0.2031783 0.01461154 0.2968217 0.00999999 0.25 0.01461154 0.2031783 0.01461154 0.2031783 0.02826887 0.1581559 0.02826887 0.341844 0.02826887 0.1581559 0.05044728 0.1166631 0.02826887 0.341844 0.08029437 0.08029437 0.1166631 0.05044728 0.08029437 0.4197056 0.1581559 0.02826887 0.2031783 0.01461154 0.2031783 0.4853885 0.2031783 0.01461154 0.25 0.00999999 0.25 0.49 0.25 0.00999999 0.2968217 0.01461154 0.2968217 0.4853885 0.2968217 0.01461154 0.341844 0.02826887 0.341844 0.4717311 0.341844 0.02826887 0.3833369 0.05044728 0.341844 0.4717311 0.3833369 0.05044728 0.4197056 0.08029437 0.3833369 0.4495527 0.341844 0.4717311 0.3833369 0.05044728 0.3833369 0.4495527 0.4197056 0.08029437 0.4495527 0.1166631 0.4197056 0.4197056 0.4495527 0.1166631 0.4717311 0.1581559 0.4495527 0.3833369 0.4197056 0.4197056 0.4495527 0.1166631 0.4495527 0.3833369 0.4717311 0.1581559 0.4853885 0.2031783 0.4717311 0.341844 0.4853885 0.2031783 0.49 0.25 0.4853885 0.2968217 0.4717311 0.341844 0.4853885 0.2031783 0.4853885 0.2968217 0.4717311 0.341844 0.4495527 0.3833369 0.4717311 0.1581559 0.0625 0.5 0.0625 1 0.03125 1 0.03125 0.5 0.03125 1 0 1 0.7031784 0.4853885 0.75 0.49 0.75 0.00999999 0.75 0.49 0.7968217 0.4853885 0.7968217 0.01461154 0.7968217 0.4853885 0.841844 0.4717311 0.7968217 0.01461154 0.841844 0.4717311 0.8833369 0.4495527 0.841844 0.02826887 0.7968217 0.01461154 0.841844 0.4717311 0.841844 0.02826887 0.8833369 0.4495527 0.9197056 0.4197056 0.9197056 0.08029437 0.9197056 0.4197056 0.9495527 0.3833369 0.9495527 0.1166631 0.9495527 0.3833369 0.9717311 0.341844 0.9495527 0.1166631 0.9717311 0.341844 0.9853885 0.2968217 0.9717311 0.1581559 0.9495527 0.1166631 0.9717311 0.341844 0.9717311 0.1581559 0.9853885 0.2968217 0.99 0.25 0.9853885 0.2031783 0.9853885 0.2031783 0.9717311 0.1581559 0.9853885 0.2968217 0.9495527 0.1166631 0.9197056 0.08029437 0.9197056 0.4197056 0.9197056 0.08029437 0.8833369 0.05044728 0.8833369 0.4495527 0.8833369 0.05044728 0.841844 0.02826887 0.8833369 0.4495527 0.7968217 0.01461154 0.75 0.00999999 0.75 0.49 0.75 0.00999999 0.7031784 0.01461154 0.7031784 0.4853885 0.7031784 0.01461154 0.658156 0.02826887 0.7031784 0.4853885 0.658156 0.02826887 0.6166632 0.05044728 0.658156 0.4717311 0.7031784 0.4853885 0.658156 0.02826887 0.658156 0.4717311 0.6166632 0.05044728 0.5802944 0.08029437 0.5802944 0.4197056 0.5802944 0.08029437 0.5504473 0.1166631 0.5504473 0.3833369 0.5504473 0.1166631 0.5282689 0.1581559 0.5504473 0.3833369 0.5282689 0.1581559 0.5146116 0.2031783 0.5282689 0.341844 0.5504473 0.3833369 0.5282689 0.1581559 0.5282689 0.341844 0.5146116 0.2031783 0.51 0.25 0.5146116 0.2968217 0.5146116 0.2968217 0.5282689 0.341844 0.5146116 0.2031783 0.5504473 0.3833369 0.5802944 0.4197056 0.5802944 0.08029437 0.5802944 0.4197056 0.6166632 0.4495527 0.6166632 0.05044728 1 0.5 1 1 0.96875 1 0.96875 0.5 0.96875 1 0.9375 1 0.9375 0.5 0.9375 1 0.90625 1 0.90625 0.5 0.90625 1 0.875 1 0.875 0.5 0.875 1 0.84375 1 0.84375 0.5 0.84375 1 0.8125 1 0.8125 0.5 0.8125 1 0.78125 1 0.78125 0.5 0.78125 1 0.75 1 0.75 0.5 0.75 1 0.71875 1 0.71875 0.5 0.71875 1 0.6875 1 0.6875 0.5 0.6875 1 0.65625 1 0.65625 0.5 0.65625 1 0.625 1 0.625 0.5 0.625 1 0.59375 1 0.59375 0.5 0.59375 1 0.5625 1 0.5625 0.5 0.5625 1 0.53125 1 0.53125 0.5 0.53125 1 0.5 1 0.5 0.5 0.5 1 0.46875 1 0.46875 0.5 0.46875 1 0.4375 1 0.4375 0.5 0.4375 1 0.40625 1 0.40625 0.5 0.40625 1 0.375 1 0.375 0.5 0.375 1 0.34375 1 0.34375 0.5 0.34375 1 0.3125 1 0.3125 0.5 0.3125 1 0.28125 1 0.28125 0.5 0.28125 1 0.25 1 0.25 0.5 0.25 1 0.21875 1 0.21875 0.5 0.21875 1 0.1875 1 0.1875 0.5 0.1875 1 0.15625 1 0.15625 0.5 0.15625 1 0.125 1 0.125 0.5 0.125 1 0.09375 1 0.09375 0.5 0.09375 1 0.0625 1 0.341844 0.4717311 0.2968217 0.4853885 0.2031783 0.4853885 0.2968217 0.4853885 0.25 0.49 0.2031783 0.4853885 0.2031783 0.4853885 0.1581559 0.4717311 0.341844 0.4717311 0.1581559 0.4717311 0.1166631 0.4495527 0.341844 0.4717311 0.1166631 0.4495527 0.08029437 0.4197056 0.3833369 0.4495527 0.341844 0.4717311 0.1166631 0.4495527 0.3833369 0.4495527 0.08029437 0.4197056 0.05044728 0.3833369 0.4197056 0.4197056 0.05044728 0.3833369 0.02826887 0.341844 0.4495527 0.3833369 0.4197056 0.4197056 0.05044728 0.3833369 0.4495527 0.3833369 0.02826887 0.341844 0.01461154 0.2968217 0.4853885 0.2968217 0.01461154 0.2968217 0.00999999 0.25 0.49 0.25 0.00999999 0.25 0.01461154 0.2031783 0.4853885 0.2031783 0.01461154 0.2031783 0.02826887 0.1581559 0.4717311 0.1581559 0.02826887 0.1581559 0.05044728 0.1166631 0.4717311 0.1581559 0.05044728 0.1166631 0.08029437 0.08029437 0.4495527 0.1166631 0.4717311 0.1581559 0.05044728 0.1166631 0.4495527 0.1166631 0.08029437 0.08029437 0.1166631 0.05044728 0.4197056 0.08029437 0.1166631 0.05044728 0.1581559 0.02826887 0.3833369 0.05044728 0.4197056 0.08029437 0.1166631 0.05044728 0.3833369 0.05044728 0.1581559 0.02826887 0.2031783 0.01461154 0.341844 0.02826887 0.2031783 0.01461154 0.25 0.00999999 0.2968217 0.01461154 0.341844 0.02826887 0.2031783 0.01461154 0.2968217 0.01461154 0.341844 0.02826887 0.3833369 0.05044728 0.1581559 0.02826887 0.4197056 0.08029437 0.4495527 0.1166631 0.08029437 0.08029437 0.4717311 0.1581559 0.4853885 0.2031783 0.01461154 0.2031783 0.4853885 0.2031783 0.49 0.25 0.00999999 0.25 0.49 0.25 0.4853885 0.2968217 0.01461154 0.2968217 0.4853885 0.2968217 0.4717311 0.341844 0.02826887 0.341844 0.4717311 0.341844 0.4495527 0.3833369 0.02826887 0.341844 0.0625 0.5 0.0625 1 0.03125 1 0.03125 0.5 0.03125 1 0 1 0.7031784 0.4853885 0.75 0.49 0.7968217 0.4853885 0.7968217 0.4853885 0.841844 0.4717311 0.7031784 0.4853885 0.841844 0.4717311 0.8833369 0.4495527 0.658156 0.4717311 0.7031784 0.4853885 0.841844 0.4717311 0.658156 0.4717311 0.8833369 0.4495527 0.9197056 0.4197056 0.5802944 0.4197056 0.9197056 0.4197056 0.9495527 0.3833369 0.5504473 0.3833369 0.9495527 0.3833369 0.9717311 0.341844 0.5504473 0.3833369 0.9717311 0.341844 0.9853885 0.2968217 0.5282689 0.341844 0.5504473 0.3833369 0.9717311 0.341844 0.5282689 0.341844 0.9853885 0.2968217 0.99 0.25 0.51 0.25 0.99 0.25 0.9853885 0.2031783 0.5146116 0.2031783 0.9853885 0.2031783 0.9717311 0.1581559 0.5146116 0.2031783 0.9717311 0.1581559 0.9495527 0.1166631 0.5282689 0.1581559 0.5146116 0.2031783 0.9717311 0.1581559 0.5282689 0.1581559 0.9495527 0.1166631 0.9197056 0.08029437 0.5802944 0.08029437 0.9197056 0.08029437 0.8833369 0.05044728 0.6166632 0.05044728 0.8833369 0.05044728 0.841844 0.02826887 0.6166632 0.05044728 0.841844 0.02826887 0.7968217 0.01461154 0.658156 0.02826887 0.6166632 0.05044728 0.841844 0.02826887 0.658156 0.02826887 0.7968217 0.01461154 0.75 0.00999999 0.7031784 0.01461154 0.7031784 0.01461154 0.658156 0.02826887 0.7968217 0.01461154 0.6166632 0.05044728 0.5802944 0.08029437 0.9197056 0.08029437 0.5802944 0.08029437 0.5504473 0.1166631 0.9495527 0.1166631 0.5504473 0.1166631 0.5282689 0.1581559 0.9495527 0.1166631 0.5146116 0.2031783 0.51 0.25 0.99 0.25 0.51 0.25 0.5146116 0.2968217 0.9853885 0.2968217 0.5146116 0.2968217 0.5282689 0.341844 0.9853885 0.2968217 0.5504473 0.3833369 0.5802944 0.4197056 0.9197056 0.4197056 0.5802944 0.4197056 0.6166632 0.4495527 0.8833369 0.4495527 1 0.5 1 1 0.96875 1 0.96875 0.5 0.96875 1 0.9375 1 0.9375 0.5 0.9375 1 0.90625 1 0.90625 0.5 0.90625 1 0.875 1 0.875 0.5 0.875 1 0.84375 1 0.84375 0.5 0.84375 1 0.8125 1 0.8125 0.5 0.8125 1 0.78125 1 0.78125 0.5 0.78125 1 0.75 1 0.75 0.5 0.75 1 0.71875 1 0.71875 0.5 0.71875 1 0.6875 1 0.6875 0.5 0.6875 1 0.65625 1 0.65625 0.5 0.65625 1 0.625 1 0.625 0.5 0.625 1 0.59375 1 0.59375 0.5 0.59375 1 0.5625 1 0.5625 0.5 0.5625 1 0.53125 1 0.53125 0.5 0.53125 1 0.5 1 0.5 0.5 0.5 1 0.46875 1 0.46875 0.5 0.46875 1 0.4375 1 0.4375 0.5 0.4375 1 0.40625 1 0.40625 0.5 0.40625 1 0.375 1 0.375 0.5 0.375 1 0.34375 1 0.34375 0.5 0.34375 1 0.3125 1 0.3125 0.5 0.3125 1 0.28125 1 0.28125 0.5 0.28125 1 0.25 1 0.25 0.5 0.25 1 0.21875 1 0.21875 0.5 0.21875 1 0.1875 1 0.1875 0.5 0.1875 1 0.15625 1 0.15625 0.5 0.15625 1 0.125 1 0.125 0.5 0.125 1 0.09375 1 0.09375 0.5 0.09375 1 0.0625 1 0.341844 0.4717311 0.2968217 0.4853885 0.2031783 0.4853885 0.2968217 0.4853885 0.25 0.49 0.2031783 0.4853885 0.2031783 0.4853885 0.1581559 0.4717311 0.341844 0.4717311 0.1581559 0.4717311 0.1166631 0.4495527 0.341844 0.4717311 0.1166631 0.4495527 0.08029437 0.4197056 0.3833369 0.4495527 0.341844 0.4717311 0.1166631 0.4495527 0.3833369 0.4495527 0.08029437 0.4197056 0.05044728 0.3833369 0.4197056 0.4197056 0.05044728 0.3833369 0.02826887 0.341844 0.4495527 0.3833369 0.4197056 0.4197056 0.05044728 0.3833369 0.4495527 0.3833369 0.02826887 0.341844 0.01461154 0.2968217 0.4853885 0.2968217 0.01461154 0.2968217 0.00999999 0.25 0.49 0.25 0.00999999 0.25 0.01461154 0.2031783 0.4853885 0.2031783 0.01461154 0.2031783 0.02826887 0.1581559 0.4717311 0.1581559 0.02826887 0.1581559 0.05044728 0.1166631 0.4717311 0.1581559 0.05044728 0.1166631 0.08029437 0.08029437 0.4495527 0.1166631 0.4717311 0.1581559 0.05044728 0.1166631 0.4495527 0.1166631 0.08029437 0.08029437 0.1166631 0.05044728 0.4197056 0.08029437 0.1166631 0.05044728 0.1581559 0.02826887 0.3833369 0.05044728 0.4197056 0.08029437 0.1166631 0.05044728 0.3833369 0.05044728 0.1581559 0.02826887 0.2031783 0.01461154 0.341844 0.02826887 0.2031783 0.01461154 0.25 0.00999999 0.2968217 0.01461154 0.341844 0.02826887 0.2031783 0.01461154 0.2968217 0.01461154 0.341844 0.02826887 0.3833369 0.05044728 0.1581559 0.02826887 0.4197056 0.08029437 0.4495527 0.1166631 0.08029437 0.08029437 0.4717311 0.1581559 0.4853885 0.2031783 0.01461154 0.2031783 0.4853885 0.2031783 0.49 0.25 0.00999999 0.25 0.49 0.25 0.4853885 0.2968217 0.01461154 0.2968217 0.4853885 0.2968217 0.4717311 0.341844 0.02826887 0.341844 0.4717311 0.341844 0.4495527 0.3833369 0.02826887 0.341844 0.0625 0.5 0.0625 1 0.03125 1 0.03125 0.5 0.03125 1 0 1 0.7031784 0.4853885 0.75 0.49 0.7968217 0.4853885 0.7968217 0.4853885 0.841844 0.4717311 0.7031784 0.4853885 0.841844 0.4717311 0.8833369 0.4495527 0.658156 0.4717311 0.7031784 0.4853885 0.841844 0.4717311 0.658156 0.4717311 0.8833369 0.4495527 0.9197056 0.4197056 0.5802944 0.4197056 0.9197056 0.4197056 0.9495527 0.3833369 0.5504473 0.3833369 0.9495527 0.3833369 0.9717311 0.341844 0.5504473 0.3833369 0.9717311 0.341844 0.9853885 0.2968217 0.5282689 0.341844 0.5504473 0.3833369 0.9717311 0.341844 0.5282689 0.341844 0.9853885 0.2968217 0.99 0.25 0.51 0.25 0.99 0.25 0.9853885 0.2031783 0.5146116 0.2031783 0.9853885 0.2031783 0.9717311 0.1581559 0.5146116 0.2031783 0.9717311 0.1581559 0.9495527 0.1166631 0.5282689 0.1581559 0.5146116 0.2031783 0.9717311 0.1581559 0.5282689 0.1581559 0.9495527 0.1166631 0.9197056 0.08029437 0.5802944 0.08029437 0.9197056 0.08029437 0.8833369 0.05044728 0.6166632 0.05044728 0.8833369 0.05044728 0.841844 0.02826887 0.6166632 0.05044728 0.841844 0.02826887 0.7968217 0.01461154 0.658156 0.02826887 0.6166632 0.05044728 0.841844 0.02826887 0.658156 0.02826887 0.7968217 0.01461154 0.75 0.00999999 0.7031784 0.01461154 0.7031784 0.01461154 0.658156 0.02826887 0.7968217 0.01461154 0.6166632 0.05044728 0.5802944 0.08029437 0.9197056 0.08029437 0.5802944 0.08029437 0.5504473 0.1166631 0.9495527 0.1166631 0.5504473 0.1166631 0.5282689 0.1581559 0.9495527 0.1166631 0.5146116 0.2031783 0.51 0.25 0.99 0.25 0.51 0.25 0.5146116 0.2968217 0.9853885 0.2968217 0.5146116 0.2968217 0.5282689 0.341844 0.9853885 0.2968217 0.5504473 0.3833369 0.5802944 0.4197056 0.9197056 0.4197056 0.5802944 0.4197056 0.6166632 0.4495527 0.8833369 0.4495527 1 0.5 1 1 0.96875 1 0.96875 0.5 0.96875 1 0.9375 1 0.9375 0.5 0.9375 1 0.90625 1 0.90625 0.5 0.90625 1 0.875 1 0.875 0.5 0.875 1 0.84375 1 0.84375 0.5 0.84375 1 0.8125 1 0.8125 0.5 0.8125 1 0.78125 1 0.78125 0.5 0.78125 1 0.75 1 0.75 0.5 0.75 1 0.71875 1 0.71875 0.5 0.71875 1 0.6875 1 0.6875 0.5 0.6875 1 0.65625 1 0.65625 0.5 0.65625 1 0.625 1 0.625 0.5 0.625 1 0.59375 1 0.59375 0.5 0.59375 1 0.5625 1 0.5625 0.5 0.5625 1 0.53125 1 0.53125 0.5 0.53125 1 0.5 1 0.5 0.5 0.5 1 0.46875 1 0.46875 0.5 0.46875 1 0.4375 1 0.4375 0.5 0.4375 1 0.40625 1 0.40625 0.5 0.40625 1 0.375 1 0.375 0.5 0.375 1 0.34375 1 0.34375 0.5 0.34375 1 0.3125 1 0.3125 0.5 0.3125 1 0.28125 1 0.28125 0.5 0.28125 1 0.25 1 0.25 0.5 0.25 1 0.21875 1 0.21875 0.5 0.21875 1 0.1875 1 0.1875 0.5 0.1875 1 0.15625 1 0.15625 0.5 0.15625 1 0.125 1 0.125 0.5 0.125 1 0.09375 1 0.09375 0.5 0.09375 1 0.0625 1 0.341844 0.4717311 0.2968217 0.4853885 0.2031783 0.4853885 0.2968217 0.4853885 0.25 0.49 0.2031783 0.4853885 0.2031783 0.4853885 0.1581559 0.4717311 0.341844 0.4717311 0.1581559 0.4717311 0.1166631 0.4495527 0.341844 0.4717311 0.1166631 0.4495527 0.08029437 0.4197056 0.3833369 0.4495527 0.341844 0.4717311 0.1166631 0.4495527 0.3833369 0.4495527 0.08029437 0.4197056 0.05044728 0.3833369 0.4197056 0.4197056 0.05044728 0.3833369 0.02826887 0.341844 0.4495527 0.3833369 0.4197056 0.4197056 0.05044728 0.3833369 0.4495527 0.3833369 0.02826887 0.341844 0.01461154 0.2968217 0.4853885 0.2968217 0.01461154 0.2968217 0.00999999 0.25 0.49 0.25 0.00999999 0.25 0.01461154 0.2031783 0.4853885 0.2031783 0.01461154 0.2031783 0.02826887 0.1581559 0.4717311 0.1581559 0.02826887 0.1581559 0.05044728 0.1166631 0.4717311 0.1581559 0.05044728 0.1166631 0.08029437 0.08029437 0.4495527 0.1166631 0.4717311 0.1581559 0.05044728 0.1166631 0.4495527 0.1166631 0.08029437 0.08029437 0.1166631 0.05044728 0.4197056 0.08029437 0.1166631 0.05044728 0.1581559 0.02826887 0.3833369 0.05044728 0.4197056 0.08029437 0.1166631 0.05044728 0.3833369 0.05044728 0.1581559 0.02826887 0.2031783 0.01461154 0.341844 0.02826887 0.2031783 0.01461154 0.25 0.00999999 0.2968217 0.01461154 0.341844 0.02826887 0.2031783 0.01461154 0.2968217 0.01461154 0.341844 0.02826887 0.3833369 0.05044728 0.1581559 0.02826887 0.4197056 0.08029437 0.4495527 0.1166631 0.08029437 0.08029437 0.4717311 0.1581559 0.4853885 0.2031783 0.01461154 0.2031783 0.4853885 0.2031783 0.49 0.25 0.00999999 0.25 0.49 0.25 0.4853885 0.2968217 0.01461154 0.2968217 0.4853885 0.2968217 0.4717311 0.341844 0.02826887 0.341844 0.4717311 0.341844 0.4495527 0.3833369 0.02826887 0.341844 0.0625 0.5 0.0625 1 0.03125 1 0.03125 0.5 0.03125 1 0 1 0.7031784 0.4853885 0.75 0.49 0.7968217 0.4853885 0.7968217 0.4853885 0.841844 0.4717311 0.7031784 0.4853885 0.841844 0.4717311 0.8833369 0.4495527 0.658156 0.4717311 0.7031784 0.4853885 0.841844 0.4717311 0.658156 0.4717311 0.8833369 0.4495527 0.9197056 0.4197056 0.5802944 0.4197056 0.9197056 0.4197056 0.9495527 0.3833369 0.5504473 0.3833369 0.9495527 0.3833369 0.9717311 0.341844 0.5504473 0.3833369 0.9717311 0.341844 0.9853885 0.2968217 0.5282689 0.341844 0.5504473 0.3833369 0.9717311 0.341844 0.5282689 0.341844 0.9853885 0.2968217 0.99 0.25 0.51 0.25 0.99 0.25 0.9853885 0.2031783 0.5146116 0.2031783 0.9853885 0.2031783 0.9717311 0.1581559 0.5146116 0.2031783 0.9717311 0.1581559 0.9495527 0.1166631 0.5282689 0.1581559 0.5146116 0.2031783 0.9717311 0.1581559 0.5282689 0.1581559 0.9495527 0.1166631 0.9197056 0.08029437 0.5802944 0.08029437 0.9197056 0.08029437 0.8833369 0.05044728 0.6166632 0.05044728 0.8833369 0.05044728 0.841844 0.02826887 0.6166632 0.05044728 0.841844 0.02826887 0.7968217 0.01461154 0.658156 0.02826887 0.6166632 0.05044728 0.841844 0.02826887 0.658156 0.02826887 0.7968217 0.01461154 0.75 0.00999999 0.7031784 0.01461154 0.7031784 0.01461154 0.658156 0.02826887 0.7968217 0.01461154 0.6166632 0.05044728 0.5802944 0.08029437 0.9197056 0.08029437 0.5802944 0.08029437 0.5504473 0.1166631 0.9495527 0.1166631 0.5504473 0.1166631 0.5282689 0.1581559 0.9495527 0.1166631 0.5146116 0.2031783 0.51 0.25 0.99 0.25 0.51 0.25 0.5146116 0.2968217 0.9853885 0.2968217 0.5146116 0.2968217 0.5282689 0.341844 0.9853885 0.2968217 0.5504473 0.3833369 0.5802944 0.4197056 0.9197056 0.4197056 0.5802944 0.4197056 0.6166632 0.4495527 0.8833369 0.4495527 1 0.5 1 1 0.96875 1 0.96875 0.5 0.96875 1 0.9375 1 0.9375 0.5 0.9375 1 0.90625 1 0.90625 0.5 0.90625 1 0.875 1 0.875 0.5 0.875 1 0.84375 1 0.84375 0.5 0.84375 1 0.8125 1 0.8125 0.5 0.8125 1 0.78125 1 0.78125 0.5 0.78125 1 0.75 1 0.75 0.5 0.75 1 0.71875 1 0.71875 0.5 0.71875 1 0.6875 1 0.6875 0.5 0.6875 1 0.65625 1 0.65625 0.5 0.65625 1 0.625 1 0.625 0.5 0.625 1 0.59375 1 0.59375 0.5 0.59375 1 0.5625 1 0.5625 0.5 0.5625 1 0.53125 1 0.53125 0.5 0.53125 1 0.5 1 0.5 0.5 0.5 1 0.46875 1 0.46875 0.5 0.46875 1 0.4375 1 0.4375 0.5 0.4375 1 0.40625 1 0.40625 0.5 0.40625 1 0.375 1 0.375 0.5 0.375 1 0.34375 1 0.34375 0.5 0.34375 1 0.3125 1 0.3125 0.5 0.3125 1 0.28125 1 0.28125 0.5 0.28125 1 0.25 1 0.25 0.5 0.25 1 0.21875 1 0.21875 0.5 0.21875 1 0.1875 1 0.1875 0.5 0.1875 1 0.15625 1 0.15625 0.5 0.15625 1 0.125 1 0.125 0.5 0.125 1 0.09375 1 0.09375 0.5 0.09375 1 0.0625 1 0.341844 0.4717311 0.2968217 0.4853885 0.2031783 0.4853885 0.2968217 0.4853885 0.25 0.49 0.2031783 0.4853885 0.2031783 0.4853885 0.1581559 0.4717311 0.341844 0.4717311 0.1581559 0.4717311 0.1166631 0.4495527 0.341844 0.4717311 0.1166631 0.4495527 0.08029437 0.4197056 0.3833369 0.4495527 0.341844 0.4717311 0.1166631 0.4495527 0.3833369 0.4495527 0.08029437 0.4197056 0.05044728 0.3833369 0.4197056 0.4197056 0.05044728 0.3833369 0.02826887 0.341844 0.4495527 0.3833369 0.4197056 0.4197056 0.05044728 0.3833369 0.4495527 0.3833369 0.02826887 0.341844 0.01461154 0.2968217 0.4853885 0.2968217 0.01461154 0.2968217 0.00999999 0.25 0.49 0.25 0.00999999 0.25 0.01461154 0.2031783 0.4853885 0.2031783 0.01461154 0.2031783 0.02826887 0.1581559 0.4717311 0.1581559 0.02826887 0.1581559 0.05044728 0.1166631 0.4717311 0.1581559 0.05044728 0.1166631 0.08029437 0.08029437 0.4495527 0.1166631 0.4717311 0.1581559 0.05044728 0.1166631 0.4495527 0.1166631 0.08029437 0.08029437 0.1166631 0.05044728 0.4197056 0.08029437 0.1166631 0.05044728 0.1581559 0.02826887 0.3833369 0.05044728 0.4197056 0.08029437 0.1166631 0.05044728 0.3833369 0.05044728 0.1581559 0.02826887 0.2031783 0.01461154 0.341844 0.02826887 0.2031783 0.01461154 0.25 0.00999999 0.2968217 0.01461154 0.341844 0.02826887 0.2031783 0.01461154 0.2968217 0.01461154 0.341844 0.02826887 0.3833369 0.05044728 0.1581559 0.02826887 0.4197056 0.08029437 0.4495527 0.1166631 0.08029437 0.08029437 0.4717311 0.1581559 0.4853885 0.2031783 0.01461154 0.2031783 0.4853885 0.2031783 0.49 0.25 0.00999999 0.25 0.49 0.25 0.4853885 0.2968217 0.01461154 0.2968217 0.4853885 0.2968217 0.4717311 0.341844 0.02826887 0.341844 0.4717311 0.341844 0.4495527 0.3833369 0.02826887 0.341844 0.0625 0.5 0.0625 1 0.03125 1 0.03125 0.5 0.03125 1 0 1 0.7031784 0.4853885 0.75 0.49 0.7968217 0.4853885 0.7968217 0.4853885 0.841844 0.4717311 0.7031784 0.4853885 0.841844 0.4717311 0.8833369 0.4495527 0.658156 0.4717311 0.7031784 0.4853885 0.841844 0.4717311 0.658156 0.4717311 0.8833369 0.4495527 0.9197056 0.4197056 0.5802944 0.4197056 0.9197056 0.4197056 0.9495527 0.3833369 0.5504473 0.3833369 0.9495527 0.3833369 0.9717311 0.341844 0.5504473 0.3833369 0.9717311 0.341844 0.9853885 0.2968217 0.5282689 0.341844 0.5504473 0.3833369 0.9717311 0.341844 0.5282689 0.341844 0.9853885 0.2968217 0.99 0.25 0.51 0.25 0.99 0.25 0.9853885 0.2031783 0.5146116 0.2031783 0.9853885 0.2031783 0.9717311 0.1581559 0.5146116 0.2031783 0.9717311 0.1581559 0.9495527 0.1166631 0.5282689 0.1581559 0.5146116 0.2031783 0.9717311 0.1581559 0.5282689 0.1581559 0.9495527 0.1166631 0.9197056 0.08029437 0.5802944 0.08029437 0.9197056 0.08029437 0.8833369 0.05044728 0.6166632 0.05044728 0.8833369 0.05044728 0.841844 0.02826887 0.6166632 0.05044728 0.841844 0.02826887 0.7968217 0.01461154 0.658156 0.02826887 0.6166632 0.05044728 0.841844 0.02826887 0.658156 0.02826887 0.7968217 0.01461154 0.75 0.00999999 0.7031784 0.01461154 0.7031784 0.01461154 0.658156 0.02826887 0.7968217 0.01461154 0.6166632 0.05044728 0.5802944 0.08029437 0.9197056 0.08029437 0.5802944 0.08029437 0.5504473 0.1166631 0.9495527 0.1166631 0.5504473 0.1166631 0.5282689 0.1581559 0.9495527 0.1166631 0.5146116 0.2031783 0.51 0.25 0.99 0.25 0.51 0.25 0.5146116 0.2968217 0.9853885 0.2968217 0.5146116 0.2968217 0.5282689 0.341844 0.9853885 0.2968217 0.5504473 0.3833369 0.5802944 0.4197056 0.9197056 0.4197056 0.5802944 0.4197056 0.6166632 0.4495527 0.8833369 0.4495527</float_array>
          <technique_common>
            <accessor source="#Cylinder_020-mesh-map-0-array" count="3756" stride="2">
              <param name="S" type="float"/>
              <param name="T" type="float"/>
            </accessor>
          </technique_common>
        </source>
        <vertices id="Cylinder_020-mesh-vertices">
          <input semantic="POSITION" source="#Cylinder_020-mesh-positions"/>
        </vertices>
        <triangles count="1252">
          <input semantic="VERTEX" source="#Cylinder_020-mesh-vertices" offset="0"/>
          <input semantic="NORMAL" source="#Cylinder_020-mesh-normals" offset="1"/>
          <input semantic="TEXCOORD" source="#Cylinder_020-mesh-map-0" offset="2" set="0"/>
          <p>0 0 0 3 0 1 2 0 2 2 1 3 5 1 4 4 1 5 4 2 6 7 2 7 6 2 8 6 3 9 9 3 10 8 3 11 8 4 12 11 4 13 10 4 14 10 5 15 13 5 16 12 5 17 12 6 18 15 6 19 14 6 20 14 7 21 17 7 22 16 7 23 16 8 24 19 8 25 18 8 26 18 9 27 21 9 28 20 9 29 20 10 30 23 10 31 22 10 32 22 11 33 25 11 34 24 11 35 24 12 36 27 12 37 26 12 38 26 13 39 29 13 40 28 13 41 28 14 42 31 14 43 30 14 44 30 15 45 33 15 46 32 15 47 32 16 48 35 16 49 34 16 50 34 17 51 37 17 52 36 17 53 36 18 54 39 18 55 38 18 56 38 19 57 41 19 58 40 19 59 40 20 60 43 20 61 42 20 62 42 21 63 45 21 64 44 21 65 44 22 66 47 22 67 46 22 68 46 23 69 49 23 70 48 23 71 48 24 72 51 24 73 50 24 74 50 25 75 53 25 76 52 25 77 52 26 78 55 26 79 54 26 80 54 27 81 57 27 82 56 27 83 56 28 84 59 28 85 58 28 86 58 29 87 61 29 88 60 29 89 13 30 90 5 30 91 37 30 92 60 31 93 63 31 94 62 31 95 62 32 96 1 32 97 0 32 98 14 33 99 30 33 100 46 33 101 64 34 102 67 34 103 66 34 104 66 35 105 71 35 106 70 35 107 70 36 108 69 36 109 68 36 110 68 37 111 65 37 112 64 37 113 66 38 114 68 38 115 64 38 116 71 39 117 65 39 118 69 39 119 72 40 120 75 40 121 74 40 122 74 41 123 77 41 124 76 41 125 76 42 126 79 42 127 78 42 128 78 43 129 81 43 130 80 43 131 80 44 132 83 44 133 82 44 134 82 45 135 85 45 136 84 45 137 84 46 138 87 46 139 86 46 140 86 47 141 89 47 142 88 47 143 88 48 144 91 48 145 90 48 146 90 49 147 93 49 148 92 49 149 92 50 150 95 50 151 94 50 152 94 51 153 97 51 154 96 51 155 96 52 156 99 52 157 98 52 158 98 53 159 101 53 160 100 53 161 100 54 162 103 54 163 102 54 164 102 55 165 105 55 166 104 55 167 104 56 168 107 56 169 106 56 170 106 57 171 109 57 172 108 57 173 108 58 174 111 58 175 110 58 176 110 59 177 113 59 178 112 59 179 112 60 180 115 60 181 114 60 182 114 61 183 117 61 184 116 61 185 116 62 186 119 62 187 118 62 188 118 63 189 121 63 190 120 63 191 120 64 192 123 64 193 122 64 194 122 65 195 125 65 196 124 65 197 124 66 198 127 66 199 126 66 200 126 67 201 129 67 202 128 67 203 128 68 204 131 68 205 130 68 206 130 69 207 133 69 208 132 69 209 109 70 210 93 70 211 77 70 212 132 71 213 135 71 214 134 71 215 134 72 216 73 72 217 72 72 218 102 73 219 118 73 220 134 73 221 136 74 222 139 74 223 138 74 224 138 75 225 141 75 226 140 75 227 140 76 228 143 76 229 142 76 230 142 77 231 145 77 232 144 77 233 144 78 234 147 78 235 146 78 236 146 79 237 149 79 238 148 79 239 148 80 240 151 80 241 150 80 242 150 81 243 153 81 244 152 81 245 152 82 246 155 82 247 154 82 248 154 83 249 157 83 250 156 83 251 156 84 252 159 84 253 158 84 254 158 85 255 161 85 256 160 85 257 160 86 258 163 86 259 162 86 260 162 87 261 165 87 262 164 87 263 164 88 264 167 88 265 166 88 266 166 89 267 169 89 268 168 89 269 168 90 270 171 90 271 170 90 272 170 91 273 173 91 274 172 91 275 172 92 276 175 92 277 174 92 278 174 93 279 177 93 280 176 93 281 176 94 282 179 94 283 178 94 284 178 95 285 181 95 286 180 95 287 180 96 288 183 96 289 182 96 290 182 97 291 185 97 292 184 97 293 184 98 294 187 98 295 186 98 296 186 99 297 189 99 298 188 99 299 188 100 300 191 100 301 190 100 302 190 101 303 193 101 304 192 101 305 192 102 306 195 102 307 194 102 308 194 103 309 197 103 310 196 103 311 145 104 312 143 104 313 161 104 314 196 105 315 199 105 316 198 105 317 198 106 318 137 106 319 136 106 320 194 107 321 196 107 322 174 107 323 200 108 324 203 108 325 202 108 326 202 109 327 205 109 328 204 109 329 204 110 330 207 110 331 206 110 332 206 111 333 209 111 334 208 111 335 208 112 336 211 112 337 210 112 338 210 113 339 213 113 340 212 113 341 212 114 342 215 114 343 214 114 344 214 115 345 217 115 346 216 115 347 216 116 348 219 116 349 218 116 350 218 117 351 221 117 352 220 117 353 220 118 354 223 118 355 222 118 356 222 119 357 225 119 358 224 119 359 224 120 360 227 120 361 226 120 362 226 121 363 229 121 364 228 121 365 228 122 366 231 122 367 230 122 368 230 123 369 233 123 370 232 123 371 232 124 372 235 124 373 234 124 374 234 125 375 237 125 376 236 125 377 236 126 378 239 126 379 238 126 380 238 127 381 241 127 382 240 127 383 240 128 384 243 128 385 242 128 386 242 129 387 245 129 388 244 129 389 244 130 390 247 130 391 246 130 392 246 131 393 249 131 394 248 131 395 248 132 396 251 132 397 250 132 398 250 133 399 253 133 400 252 133 401 252 134 402 255 134 403 254 134 404 254 135 405 257 135 406 256 135 407 256 136 408 259 136 409 258 136 410 258 137 411 261 137 412 260 137 413 209 138 414 207 138 415 225 138 416 260 139 417 263 139 418 262 139 419 262 140 420 201 140 421 200 140 422 258 141 423 260 141 424 238 141 425 264 142 426 267 142 427 266 142 428 266 143 429 269 143 430 268 143 431 268 144 432 271 144 433 270 144 434 270 145 435 273 145 436 272 145 437 272 146 438 275 146 439 274 146 440 274 147 441 277 147 442 276 147 443 276 148 444 279 148 445 278 148 446 278 149 447 281 149 448 280 149 449 280 150 450 283 150 451 282 150 452 282 151 453 285 151 454 284 151 455 284 152 456 287 152 457 286 152 458 286 153 459 289 153 460 288 153 461 288 154 462 291 154 463 290 154 464 290 155 465 293 155 466 292 155 467 292 156 468 295 156 469 294 156 470 294 157 471 297 157 472 296 157 473 296 158 474 299 158 475 298 158 476 298 159 477 301 159 478 300 159 479 300 160 480 303 160 481 302 160 482 302 161 483 305 161 484 304 161 485 304 162 486 307 162 487 306 162 488 306 163 489 309 163 490 308 163 491 308 164 492 311 164 493 310 164 494 310 165 495 313 165 496 312 165 497 312 166 498 315 166 499 314 166 500 314 167 501 317 167 502 316 167 503 316 168 504 319 168 505 318 168 506 318 169 507 321 169 508 320 169 509 320 170 510 323 170 511 322 170 512 322 171 513 325 171 514 324 171 515 273 172 516 271 172 517 289 172 518 324 173 519 327 173 520 326 173 521 326 174 522 265 174 523 264 174 524 322 175 525 324 175 526 302 175 527 328 176 528 331 176 529 330 176 530 330 177 531 333 177 532 332 177 533 332 178 534 335 178 535 334 178 536 334 179 537 337 179 538 336 179 539 336 180 540 339 180 541 338 180 542 338 181 543 341 181 544 340 181 545 340 182 546 343 182 547 342 182 548 342 183 549 345 183 550 344 183 551 344 184 552 347 184 553 346 184 554 346 185 555 349 185 556 348 185 557 348 186 558 351 186 559 350 186 560 350 187 561 353 187 562 352 187 563 352 188 564 355 188 565 354 188 566 354 189 567 357 189 568 356 189 569 356 190 570 359 190 571 358 190 572 358 191 573 361 191 574 360 191 575 360 192 576 363 192 577 362 192 578 362 193 579 365 193 580 364 193 581 364 194 582 367 194 583 366 194 584 366 195 585 369 195 586 368 195 587 368 196 588 371 196 589 370 196 590 370 197 591 373 197 592 372 197 593 372 198 594 375 198 595 374 198 596 374 199 597 377 199 598 376 199 599 376 200 600 379 200 601 378 200 602 378 201 603 381 201 604 380 201 605 380 202 606 383 202 607 382 202 608 382 203 609 385 203 610 384 203 611 384 204 612 387 204 613 386 204 614 386 205 615 389 205 616 388 205 617 337 206 618 335 206 619 353 206 620 388 207 621 391 207 622 390 207 623 390 208 624 329 208 625 328 208 626 386 209 627 388 209 628 366 209 629 392 210 630 395 210 631 394 210 632 394 211 633 397 211 634 396 211 635 396 212 636 399 212 637 398 212 638 398 213 639 401 213 640 400 213 641 400 214 642 403 214 643 402 214 644 402 215 645 405 215 646 404 215 647 404 216 648 407 216 649 406 216 650 406 217 651 409 217 652 408 217 653 408 218 654 411 218 655 410 218 656 410 219 657 413 219 658 412 219 659 412 220 660 415 220 661 414 220 662 414 221 663 417 221 664 416 221 665 416 222 666 419 222 667 418 222 668 418 223 669 421 223 670 420 223 671 420 224 672 423 224 673 422 224 674 422 225 675 425 225 676 424 225 677 424 226 678 427 226 679 426 226 680 426 227 681 429 227 682 428 227 683 428 228 684 431 228 685 430 228 686 430 229 687 433 229 688 432 229 689 432 230 690 435 230 691 434 230 692 434 231 693 437 231 694 436 231 695 436 232 696 439 232 697 438 232 698 438 233 699 441 233 700 440 233 701 440 234 702 443 234 703 442 234 704 442 235 705 445 235 706 444 235 707 444 236 708 447 236 709 446 236 710 446 237 711 449 237 712 448 237 713 448 238 714 451 238 715 450 238 716 450 239 717 453 239 718 452 239 719 401 240 720 399 240 721 449 240 722 452 241 723 455 241 724 454 241 725 454 242 726 393 242 727 392 242 728 450 243 729 452 243 730 398 243 731 456 244 732 459 244 733 458 244 734 458 245 735 461 245 736 460 245 737 460 246 738 463 246 739 462 246 740 462 247 741 465 247 742 464 247 743 464 248 744 467 248 745 466 248 746 466 249 747 469 249 748 468 249 749 468 250 750 471 250 751 470 250 752 470 251 753 473 251 754 472 251 755 472 252 756 475 252 757 474 252 758 474 253 759 477 253 760 476 253 761 476 254 762 479 254 763 478 254 764 478 255 765 481 255 766 480 255 767 480 256 768 483 256 769 482 256 770 482 257 771 485 257 772 484 257 773 484 258 774 487 258 775 486 258 776 486 259 777 489 259 778 488 259 779 488 260 780 491 260 781 490 260 782 490 261 783 493 261 784 492 261 785 492 262 786 495 262 787 494 262 788 494 263 789 497 263 790 496 263 791 496 264 792 499 264 793 498 264 794 498 265 795 501 265 796 500 265 797 500 266 798 503 266 799 502 266 800 502 267 801 505 267 802 504 267 803 504 268 804 507 268 805 506 268 806 506 269 807 509 269 808 508 269 809 508 270 810 511 270 811 510 270 812 510 271 813 513 271 814 512 271 815 512 272 816 515 272 817 514 272 818 514 273 819 517 273 820 516 273 821 465 274 822 463 274 823 513 274 824 516 275 825 519 275 826 518 275 827 518 276 828 457 276 829 456 276 830 514 277 831 516 277 832 462 277 833 520 278 834 523 278 835 522 278 836 522 279 837 525 279 838 524 279 839 524 280 840 527 280 841 526 280 842 526 281 843 529 281 844 528 281 845 528 282 846 531 282 847 530 282 848 530 283 849 533 283 850 532 283 851 532 284 852 535 284 853 534 284 854 534 285 855 537 285 856 536 285 857 536 286 858 539 286 859 538 286 860 538 287 861 541 287 862 540 287 863 540 288 864 543 288 865 542 288 866 542 289 867 545 289 868 544 289 869 544 290 870 547 290 871 546 290 872 546 291 873 549 291 874 548 291 875 548 292 876 551 292 877 550 292 878 550 293 879 553 293 880 552 293 881 552 294 882 555 294 883 554 294 884 554 295 885 557 295 886 556 295 887 556 296 888 559 296 889 558 296 890 558 297 891 561 297 892 560 297 893 560 298 894 563 298 895 562 298 896 562 299 897 565 299 898 564 299 899 564 300 900 567 300 901 566 300 902 566 301 903 569 301 904 568 301 905 568 302 906 571 302 907 570 302 908 570 303 909 573 303 910 572 303 911 572 304 912 575 304 913 574 304 914 574 305 915 577 305 916 576 305 917 576 306 918 579 306 919 578 306 920 578 307 921 581 307 922 580 307 923 529 308 924 527 308 925 577 308 926 580 309 927 583 309 928 582 309 929 582 310 930 521 310 931 520 310 932 578 311 933 580 311 934 526 311 935 584 312 936 587 312 937 586 312 938 586 313 939 589 313 940 588 313 941 588 314 942 591 314 943 590 314 944 590 315 945 593 315 946 592 315 947 592 316 948 595 316 949 594 316 950 594 317 951 597 317 952 596 317 953 596 318 954 599 318 955 598 318 956 598 319 957 601 319 958 600 319 959 600 320 960 603 320 961 602 320 962 602 321 963 605 321 964 604 321 965 604 322 966 607 322 967 606 322 968 606 323 969 609 323 970 608 323 971 608 324 972 611 324 973 610 324 974 610 325 975 613 325 976 612 325 977 612 326 978 615 326 979 614 326 980 614 327 981 617 327 982 616 327 983 616 328 984 619 328 985 618 328 986 618 329 987 621 329 988 620 329 989 620 330 990 623 330 991 622 330 992 622 331 993 625 331 994 624 331 995 624 332 996 627 332 997 626 332 998 626 333 999 629 333 1000 628 333 1001 628 334 1002 631 334 1003 630 334 1004 630 335 1005 633 335 1006 632 335 1007 632 336 1008 635 336 1009 634 336 1010 634 337 1011 637 337 1012 636 337 1013 636 338 1014 639 338 1015 638 338 1016 638 339 1017 641 339 1018 640 339 1019 640 340 1020 643 340 1021 642 340 1022 642 341 1023 645 341 1024 644 341 1025 593 342 1026 591 342 1027 641 342 1028 644 343 1029 647 343 1030 646 343 1031 646 344 1032 585 344 1033 584 344 1034 642 345 1035 644 345 1036 590 345 1037 0 346 1038 1 346 1039 3 346 1040 2 347 1041 3 347 1042 5 347 1043 4 348 1044 5 348 1045 7 348 1046 6 349 1047 7 349 1048 9 349 1049 8 350 1050 9 350 1051 11 350 1052 10 351 1053 11 351 1054 13 351 1055 12 352 1056 13 352 1057 15 352 1058 14 353 1059 15 353 1060 17 353 1061 16 354 1062 17 354 1063 19 354 1064 18 355 1065 19 355 1066 21 355 1067 20 356 1068 21 356 1069 23 356 1070 22 357 1071 23 357 1072 25 357 1073 24 358 1074 25 358 1075 27 358 1076 26 359 1077 27 359 1078 29 359 1079 28 360 1080 29 360 1081 31 360 1082 30 361 1083 31 361 1084 33 361 1085 32 362 1086 33 362 1087 35 362 1088 34 363 1089 35 363 1090 37 363 1091 36 364 1092 37 364 1093 39 364 1094 38 365 1095 39 365 1096 41 365 1097 40 366 1098 41 366 1099 43 366 1100 42 367 1101 43 367 1102 45 367 1103 44 368 1104 45 368 1105 47 368 1106 46 369 1107 47 369 1108 49 369 1109 48 370 1110 49 370 1111 51 370 1112 50 371 1113 51 371 1114 53 371 1115 52 372 1116 53 372 1117 55 372 1118 54 373 1119 55 373 1120 57 373 1121 56 374 1122 57 374 1123 59 374 1124 58 375 1125 59 375 1126 61 375 1127 5 376 1128 3 376 1129 1 376 1130 1 377 1131 63 377 1132 61 377 1133 61 378 1134 59 378 1135 57 378 1136 57 379 1137 55 379 1138 53 379 1139 53 380 1140 51 380 1141 49 380 1142 49 381 1143 47 381 1144 45 381 1145 45 382 1146 43 382 1147 41 382 1148 41 383 1149 39 383 1150 37 383 1151 37 384 1152 35 384 1153 33 384 1154 33 385 1155 31 385 1156 29 385 1157 29 386 1158 27 386 1159 25 386 1160 25 387 1161 23 387 1162 21 387 1163 21 388 1164 19 388 1165 17 388 1166 17 389 1167 15 389 1168 13 389 1169 13 390 1170 11 390 1171 9 390 1172 9 391 1173 7 391 1174 5 391 1175 5 392 1176 1 392 1177 61 392 1178 61 393 1179 57 393 1180 5 393 1181 57 394 1182 53 394 1183 5 394 1184 53 395 1185 49 395 1186 45 395 1187 45 396 1188 41 396 1189 37 396 1190 37 397 1191 33 397 1192 29 397 1193 29 398 1194 25 398 1195 37 398 1196 25 399 1197 21 399 1198 37 399 1199 21 400 1200 17 400 1201 13 400 1202 13 401 1203 9 401 1204 5 401 1205 53 402 1206 45 402 1207 5 402 1208 45 403 1209 37 403 1210 5 403 1211 21 404 1212 13 404 1213 37 404 1214 60 405 1215 61 405 1216 63 405 1217 62 406 1218 63 406 1219 1 406 1220 62 407 1221 0 407 1222 6 407 1223 0 408 1224 2 408 1225 6 408 1226 2 409 1227 4 409 1228 6 409 1229 6 410 1230 8 410 1231 14 410 1232 8 411 1233 10 411 1234 14 411 1235 10 412 1236 12 412 1237 14 412 1238 14 413 1239 16 413 1240 18 413 1241 18 414 1242 20 414 1243 14 414 1244 20 415 1245 22 415 1246 14 415 1247 22 416 1248 24 416 1249 26 416 1250 26 417 1251 28 417 1252 30 417 1253 30 418 1254 32 418 1255 38 418 1256 32 419 1257 34 419 1258 38 419 1259 34 420 1260 36 420 1261 38 420 1262 38 421 1263 40 421 1264 46 421 1265 40 422 1266 42 422 1267 46 422 1268 42 423 1269 44 423 1270 46 423 1271 46 424 1272 48 424 1273 50 424 1274 50 425 1275 52 425 1276 46 425 1277 52 426 1278 54 426 1279 46 426 1280 54 427 1281 56 427 1282 62 427 1283 56 428 1284 58 428 1285 62 428 1286 58 429 1287 60 429 1288 62 429 1289 22 430 1290 26 430 1291 14 430 1292 26 431 1293 30 431 1294 14 431 1295 62 432 1296 6 432 1297 14 432 1298 30 433 1299 38 433 1300 46 433 1301 46 434 1302 54 434 1303 62 434 1304 62 435 1305 14 435 1306 46 435 1307 64 436 1308 65 436 1309 67 436 1310 66 437 1311 67 437 1312 71 437 1313 70 438 1314 71 438 1315 69 438 1316 68 439 1317 69 439 1318 65 439 1319 66 440 1320 70 440 1321 68 440 1322 71 441 1323 67 441 1324 65 441 1325 72 442 1326 73 442 1327 75 442 1328 74 443 1329 75 443 1330 77 443 1331 76 444 1332 77 444 1333 79 444 1334 78 445 1335 79 445 1336 81 445 1337 80 446 1338 81 446 1339 83 446 1340 82 447 1341 83 447 1342 85 447 1343 84 448 1344 85 448 1345 87 448 1346 86 449 1347 87 449 1348 89 449 1349 88 450 1350 89 450 1351 91 450 1352 90 451 1353 91 451 1354 93 451 1355 92 452 1356 93 452 1357 95 452 1358 94 453 1359 95 453 1360 97 453 1361 96 454 1362 97 454 1363 99 454 1364 98 455 1365 99 455 1366 101 455 1367 100 456 1368 101 456 1369 103 456 1370 102 457 1371 103 457 1372 105 457 1373 104 458 1374 105 458 1375 107 458 1376 106 459 1377 107 459 1378 109 459 1379 108 460 1380 109 460 1381 111 460 1382 110 461 1383 111 461 1384 113 461 1385 112 462 1386 113 462 1387 115 462 1388 114 463 1389 115 463 1390 117 463 1391 116 464 1392 117 464 1393 119 464 1394 118 465 1395 119 465 1396 121 465 1397 120 466 1398 121 466 1399 123 466 1400 122 467 1401 123 467 1402 125 467 1403 124 468 1404 125 468 1405 127 468 1406 126 469 1407 127 469 1408 129 469 1409 128 470 1410 129 470 1411 131 470 1412 130 471 1413 131 471 1414 133 471 1415 77 472 1416 75 472 1417 73 472 1418 73 473 1419 135 473 1420 133 473 1421 133 474 1422 131 474 1423 125 474 1424 131 475 1425 129 475 1426 125 475 1427 129 476 1428 127 476 1429 125 476 1430 125 477 1431 123 477 1432 121 477 1433 121 478 1434 119 478 1435 117 478 1436 117 479 1437 115 479 1438 113 479 1439 113 480 1440 111 480 1441 109 480 1442 109 481 1443 107 481 1444 105 481 1445 105 482 1446 103 482 1447 109 482 1448 103 483 1449 101 483 1450 109 483 1451 101 484 1452 99 484 1453 97 484 1454 97 485 1455 95 485 1456 101 485 1457 95 486 1458 93 486 1459 101 486 1460 93 487 1461 91 487 1462 89 487 1463 89 488 1464 87 488 1465 85 488 1466 85 489 1467 83 489 1468 77 489 1469 83 490 1470 81 490 1471 77 490 1472 81 491 1473 79 491 1474 77 491 1475 77 492 1476 73 492 1477 133 492 1478 125 493 1479 121 493 1480 117 493 1481 117 494 1482 113 494 1483 125 494 1484 113 495 1485 109 495 1486 125 495 1487 93 496 1488 89 496 1489 85 496 1490 77 497 1491 133 497 1492 109 497 1493 133 498 1494 125 498 1495 109 498 1496 109 499 1497 101 499 1498 93 499 1499 93 500 1500 85 500 1501 77 500 1502 132 501 1503 133 501 1504 135 501 1505 134 502 1506 135 502 1507 73 502 1508 134 503 1509 72 503 1510 78 503 1511 72 504 1512 74 504 1513 78 504 1514 74 505 1515 76 505 1516 78 505 1517 78 506 1518 80 506 1519 82 506 1520 82 507 1521 84 507 1522 86 507 1523 86 508 1524 88 508 1525 94 508 1526 88 509 1527 90 509 1528 94 509 1529 90 510 1530 92 510 1531 94 510 1532 94 511 1533 96 511 1534 98 511 1535 98 512 1536 100 512 1537 94 512 1538 100 513 1539 102 513 1540 94 513 1541 102 514 1542 104 514 1543 106 514 1544 106 515 1545 108 515 1546 102 515 1547 108 516 1548 110 516 1549 102 516 1550 110 517 1551 112 517 1552 114 517 1553 114 518 1554 116 518 1555 110 518 1556 116 519 1557 118 519 1558 110 519 1559 118 520 1560 120 520 1561 122 520 1562 122 521 1563 124 521 1564 118 521 1565 124 522 1566 126 522 1567 118 522 1568 126 523 1569 128 523 1570 130 523 1571 130 524 1572 132 524 1573 134 524 1574 78 525 1575 82 525 1576 134 525 1577 82 526 1578 86 526 1579 134 526 1580 126 527 1581 130 527 1582 118 527 1583 130 528 1584 134 528 1585 118 528 1586 86 529 1587 94 529 1588 134 529 1589 94 530 1590 102 530 1591 134 530 1592 102 531 1593 110 531 1594 118 531 1595 136 532 1596 137 532 1597 139 532 1598 138 533 1599 139 533 1600 141 533 1601 140 534 1602 141 534 1603 143 534 1604 142 535 1605 143 535 1606 145 535 1607 144 536 1608 145 536 1609 147 536 1610 146 537 1611 147 537 1612 149 537 1613 148 538 1614 149 538 1615 151 538 1616 150 539 1617 151 539 1618 153 539 1619 152 540 1620 153 540 1621 155 540 1622 154 541 1623 155 541 1624 157 541 1625 156 542 1626 157 542 1627 159 542 1628 158 543 1629 159 543 1630 161 543 1631 160 544 1632 161 544 1633 163 544 1634 162 545 1635 163 545 1636 165 545 1637 164 546 1638 165 546 1639 167 546 1640 166 547 1641 167 547 1642 169 547 1643 168 548 1644 169 548 1645 171 548 1646 170 549 1647 171 549 1648 173 549 1649 172 550 1650 173 550 1651 175 550 1652 174 551 1653 175 551 1654 177 551 1655 176 552 1656 177 552 1657 179 552 1658 178 553 1659 179 553 1660 181 553 1661 180 554 1662 181 554 1663 183 554 1664 182 555 1665 183 555 1666 185 555 1667 184 556 1668 185 556 1669 187 556 1670 186 557 1671 187 557 1672 189 557 1673 188 558 1674 189 558 1675 191 558 1676 190 559 1677 191 559 1678 193 559 1679 192 560 1680 193 560 1681 195 560 1682 194 561 1683 195 561 1684 197 561 1685 141 562 1686 139 562 1687 167 562 1688 139 563 1689 137 563 1690 169 563 1691 137 564 1692 199 564 1693 171 564 1694 199 565 1695 197 565 1696 173 565 1697 197 566 1698 195 566 1699 173 566 1700 195 567 1701 193 567 1702 175 567 1703 173 568 1704 195 568 1705 175 568 1706 193 569 1707 191 569 1708 177 569 1709 191 570 1710 189 570 1711 179 570 1712 177 571 1713 191 571 1714 179 571 1715 189 572 1716 187 572 1717 183 572 1718 187 573 1719 185 573 1720 183 573 1721 183 574 1722 181 574 1723 189 574 1724 181 575 1725 179 575 1726 189 575 1727 177 576 1728 175 576 1729 193 576 1730 173 577 1731 171 577 1732 199 577 1733 171 578 1734 169 578 1735 137 578 1736 169 579 1737 167 579 1738 139 579 1739 167 580 1740 165 580 1741 141 580 1742 165 581 1743 163 581 1744 141 581 1745 163 582 1746 161 582 1747 143 582 1748 141 583 1749 163 583 1750 143 583 1751 161 584 1752 159 584 1753 145 584 1754 159 585 1755 157 585 1756 147 585 1757 145 586 1758 159 586 1759 147 586 1760 157 587 1761 155 587 1762 149 587 1763 155 588 1764 153 588 1765 151 588 1766 149 589 1767 155 589 1768 151 589 1769 149 590 1770 147 590 1771 157 590 1772 196 591 1773 197 591 1774 199 591 1775 198 592 1776 199 592 1777 137 592 1778 198 593 1779 136 593 1780 168 593 1781 136 594 1782 138 594 1783 166 594 1784 138 595 1785 140 595 1786 166 595 1787 140 596 1788 142 596 1789 164 596 1790 166 597 1791 140 597 1792 164 597 1793 142 598 1794 144 598 1795 160 598 1796 144 599 1797 146 599 1798 158 599 1799 146 600 1800 148 600 1801 158 600 1802 148 601 1803 150 601 1804 156 601 1805 158 602 1806 148 602 1807 156 602 1808 150 603 1809 152 603 1810 154 603 1811 154 604 1812 156 604 1813 150 604 1814 158 605 1815 160 605 1816 144 605 1817 160 606 1818 162 606 1819 142 606 1820 162 607 1821 164 607 1822 142 607 1823 166 608 1824 168 608 1825 136 608 1826 168 609 1827 170 609 1828 198 609 1829 170 610 1830 172 610 1831 198 610 1832 172 611 1833 174 611 1834 196 611 1835 198 612 1836 172 612 1837 196 612 1838 174 613 1839 176 613 1840 192 613 1841 176 614 1842 178 614 1843 190 614 1844 178 615 1845 180 615 1846 190 615 1847 180 616 1848 182 616 1849 188 616 1850 190 617 1851 180 617 1852 188 617 1853 182 618 1854 184 618 1855 186 618 1856 186 619 1857 188 619 1858 182 619 1859 190 620 1860 192 620 1861 176 620 1862 192 621 1863 194 621 1864 174 621 1865 200 622 1866 201 622 1867 203 622 1868 202 623 1869 203 623 1870 205 623 1871 204 624 1872 205 624 1873 207 624 1874 206 625 1875 207 625 1876 209 625 1877 208 626 1878 209 626 1879 211 626 1880 210 627 1881 211 627 1882 213 627 1883 212 628 1884 213 628 1885 215 628 1886 214 629 1887 215 629 1888 217 629 1889 216 630 1890 217 630 1891 219 630 1892 218 631 1893 219 631 1894 221 631 1895 220 632 1896 221 632 1897 223 632 1898 222 633 1899 223 633 1900 225 633 1901 224 634 1902 225 634 1903 227 634 1904 226 635 1905 227 635 1906 229 635 1907 228 636 1908 229 636 1909 231 636 1910 230 637 1911 231 637 1912 233 637 1913 232 638 1914 233 638 1915 235 638 1916 234 639 1917 235 639 1918 237 639 1919 236 640 1920 237 640 1921 239 640 1922 238 641 1923 239 641 1924 241 641 1925 240 642 1926 241 642 1927 243 642 1928 242 643 1929 243 643 1930 245 643 1931 244 644 1932 245 644 1933 247 644 1934 246 645 1935 247 645 1936 249 645 1937 248 646 1938 249 646 1939 251 646 1940 250 647 1941 251 647 1942 253 647 1943 252 648 1944 253 648 1945 255 648 1946 254 649 1947 255 649 1948 257 649 1949 256 650 1950 257 650 1951 259 650 1952 258 651 1953 259 651 1954 261 651 1955 205 652 1956 203 652 1957 231 652 1958 203 653 1959 201 653 1960 233 653 1961 201 654 1962 263 654 1963 235 654 1964 263 655 1965 261 655 1966 237 655 1967 261 656 1968 259 656 1969 237 656 1970 259 657 1971 257 657 1972 239 657 1973 237 658 1974 259 658 1975 239 658 1976 257 659 1977 255 659 1978 241 659 1979 255 660 1980 253 660 1981 243 660 1982 241 661 1983 255 661 1984 243 661 1985 253 662 1986 251 662 1987 245 662 1988 251 663 1989 249 663 1990 247 663 1991 245 664 1992 251 664 1993 247 664 1994 245 665 1995 243 665 1996 253 665 1997 241 666 1998 239 666 1999 257 666 2000 237 667 2001 235 667 2002 263 667 2003 235 668 2004 233 668 2005 201 668 2006 233 669 2007 231 669 2008 203 669 2009 231 670 2010 229 670 2011 205 670 2012 229 671 2013 227 671 2014 205 671 2015 227 672 2016 225 672 2017 207 672 2018 205 673 2019 227 673 2020 207 673 2021 225 674 2022 223 674 2023 209 674 2024 223 675 2025 221 675 2026 211 675 2027 209 676 2028 223 676 2029 211 676 2030 221 677 2031 219 677 2032 215 677 2033 219 678 2034 217 678 2035 215 678 2036 215 679 2037 213 679 2038 221 679 2039 213 680 2040 211 680 2041 221 680 2042 260 681 2043 261 681 2044 263 681 2045 262 682 2046 263 682 2047 201 682 2048 262 683 2049 200 683 2050 232 683 2051 200 684 2052 202 684 2053 230 684 2054 202 685 2055 204 685 2056 230 685 2057 204 686 2058 206 686 2059 228 686 2060 230 687 2061 204 687 2062 228 687 2063 206 688 2064 208 688 2065 224 688 2066 208 689 2067 210 689 2068 222 689 2069 210 690 2070 212 690 2071 222 690 2072 212 691 2073 214 691 2074 220 691 2075 222 692 2076 212 692 2077 220 692 2078 214 693 2079 216 693 2080 218 693 2081 218 694 2082 220 694 2083 214 694 2084 222 695 2085 224 695 2086 208 695 2087 224 696 2088 226 696 2089 206 696 2090 226 697 2091 228 697 2092 206 697 2093 230 698 2094 232 698 2095 200 698 2096 232 699 2097 234 699 2098 262 699 2099 234 700 2100 236 700 2101 262 700 2102 236 701 2103 238 701 2104 260 701 2105 262 702 2106 236 702 2107 260 702 2108 238 703 2109 240 703 2110 256 703 2111 240 704 2112 242 704 2113 254 704 2114 242 705 2115 244 705 2116 254 705 2117 244 706 2118 246 706 2119 252 706 2120 254 707 2121 244 707 2122 252 707 2123 246 708 2124 248 708 2125 250 708 2126 250 709 2127 252 709 2128 246 709 2129 254 710 2130 256 710 2131 240 710 2132 256 711 2133 258 711 2134 238 711 2135 264 712 2136 265 712 2137 267 712 2138 266 713 2139 267 713 2140 269 713 2141 268 714 2142 269 714 2143 271 714 2144 270 715 2145 271 715 2146 273 715 2147 272 716 2148 273 716 2149 275 716 2150 274 717 2151 275 717 2152 277 717 2153 276 718 2154 277 718 2155 279 718 2156 278 719 2157 279 719 2158 281 719 2159 280 720 2160 281 720 2161 283 720 2162 282 721 2163 283 721 2164 285 721 2165 284 722 2166 285 722 2167 287 722 2168 286 723 2169 287 723 2170 289 723 2171 288 724 2172 289 724 2173 291 724 2174 290 725 2175 291 725 2176 293 725 2177 292 726 2178 293 726 2179 295 726 2180 294 727 2181 295 727 2182 297 727 2183 296 728 2184 297 728 2185 299 728 2186 298 729 2187 299 729 2188 301 729 2189 300 730 2190 301 730 2191 303 730 2192 302 731 2193 303 731 2194 305 731 2195 304 732 2196 305 732 2197 307 732 2198 306 733 2199 307 733 2200 309 733 2201 308 734 2202 309 734 2203 311 734 2204 310 735 2205 311 735 2206 313 735 2207 312 736 2208 313 736 2209 315 736 2210 314 737 2211 315 737 2212 317 737 2213 316 738 2214 317 738 2215 319 738 2216 318 739 2217 319 739 2218 321 739 2219 320 740 2220 321 740 2221 323 740 2222 322 741 2223 323 741 2224 325 741 2225 269 742 2226 267 742 2227 295 742 2228 267 743 2229 265 743 2230 297 743 2231 265 744 2232 327 744 2233 299 744 2234 327 745 2235 325 745 2236 301 745 2237 325 746 2238 323 746 2239 301 746 2240 323 747 2241 321 747 2242 303 747 2243 301 748 2244 323 748 2245 303 748 2246 321 749 2247 319 749 2248 305 749 2249 319 750 2250 317 750 2251 307 750 2252 305 751 2253 319 751 2254 307 751 2255 317 752 2256 315 752 2257 309 752 2258 315 753 2259 313 753 2260 311 753 2261 309 754 2262 315 754 2263 311 754 2264 309 755 2265 307 755 2266 317 755 2267 305 756 2268 303 756 2269 321 756 2270 301 757 2271 299 757 2272 327 757 2273 299 758 2274 297 758 2275 265 758 2276 297 759 2277 295 759 2278 267 759 2279 295 760 2280 293 760 2281 269 760 2282 293 761 2283 291 761 2284 269 761 2285 291 762 2286 289 762 2287 271 762 2288 269 763 2289 291 763 2290 271 763 2291 289 764 2292 287 764 2293 273 764 2294 287 765 2295 285 765 2296 275 765 2297 273 766 2298 287 766 2299 275 766 2300 285 767 2301 283 767 2302 279 767 2303 283 768 2304 281 768 2305 279 768 2306 279 769 2307 277 769 2308 285 769 2309 277 770 2310 275 770 2311 285 770 2312 324 771 2313 325 771 2314 327 771 2315 326 772 2316 327 772 2317 265 772 2318 326 773 2319 264 773 2320 296 773 2321 264 774 2322 266 774 2323 294 774 2324 266 775 2325 268 775 2326 294 775 2327 268 776 2328 270 776 2329 292 776 2330 294 777 2331 268 777 2332 292 777 2333 270 778 2334 272 778 2335 288 778 2336 272 779 2337 274 779 2338 286 779 2339 274 780 2340 276 780 2341 286 780 2342 276 781 2343 278 781 2344 284 781 2345 286 782 2346 276 782 2347 284 782 2348 278 783 2349 280 783 2350 282 783 2351 282 784 2352 284 784 2353 278 784 2354 286 785 2355 288 785 2356 272 785 2357 288 786 2358 290 786 2359 270 786 2360 290 787 2361 292 787 2362 270 787 2363 294 788 2364 296 788 2365 264 788 2366 296 789 2367 298 789 2368 326 789 2369 298 790 2370 300 790 2371 326 790 2372 300 791 2373 302 791 2374 324 791 2375 326 792 2376 300 792 2377 324 792 2378 302 793 2379 304 793 2380 320 793 2381 304 794 2382 306 794 2383 318 794 2384 306 795 2385 308 795 2386 318 795 2387 308 796 2388 310 796 2389 316 796 2390 318 797 2391 308 797 2392 316 797 2393 310 798 2394 312 798 2395 314 798 2396 314 799 2397 316 799 2398 310 799 2399 318 800 2400 320 800 2401 304 800 2402 320 801 2403 322 801 2404 302 801 2405 328 802 2406 329 802 2407 331 802 2408 330 803 2409 331 803 2410 333 803 2411 332 804 2412 333 804 2413 335 804 2414 334 805 2415 335 805 2416 337 805 2417 336 806 2418 337 806 2419 339 806 2420 338 807 2421 339 807 2422 341 807 2423 340 808 2424 341 808 2425 343 808 2426 342 809 2427 343 809 2428 345 809 2429 344 810 2430 345 810 2431 347 810 2432 346 811 2433 347 811 2434 349 811 2435 348 812 2436 349 812 2437 351 812 2438 350 813 2439 351 813 2440 353 813 2441 352 814 2442 353 814 2443 355 814 2444 354 815 2445 355 815 2446 357 815 2447 356 816 2448 357 816 2449 359 816 2450 358 817 2451 359 817 2452 361 817 2453 360 818 2454 361 818 2455 363 818 2456 362 819 2457 363 819 2458 365 819 2459 364 820 2460 365 820 2461 367 820 2462 366 821 2463 367 821 2464 369 821 2465 368 822 2466 369 822 2467 371 822 2468 370 823 2469 371 823 2470 373 823 2471 372 824 2472 373 824 2473 375 824 2474 374 825 2475 375 825 2476 377 825 2477 376 826 2478 377 826 2479 379 826 2480 378 827 2481 379 827 2482 381 827 2483 380 828 2484 381 828 2485 383 828 2486 382 829 2487 383 829 2488 385 829 2489 384 830 2490 385 830 2491 387 830 2492 386 831 2493 387 831 2494 389 831 2495 333 832 2496 331 832 2497 359 832 2498 331 833 2499 329 833 2500 361 833 2501 329 834 2502 391 834 2503 363 834 2504 391 835 2505 389 835 2506 365 835 2507 389 836 2508 387 836 2509 365 836 2510 387 837 2511 385 837 2512 367 837 2513 365 838 2514 387 838 2515 367 838 2516 385 839 2517 383 839 2518 369 839 2519 383 840 2520 381 840 2521 371 840 2522 369 841 2523 383 841 2524 371 841 2525 381 842 2526 379 842 2527 375 842 2528 379 843 2529 377 843 2530 375 843 2531 375 844 2532 373 844 2533 381 844 2534 373 845 2535 371 845 2536 381 845 2537 369 846 2538 367 846 2539 385 846 2540 365 847 2541 363 847 2542 391 847 2543 363 848 2544 361 848 2545 329 848 2546 361 849 2547 359 849 2548 331 849 2549 359 850 2550 357 850 2551 333 850 2552 357 851 2553 355 851 2554 333 851 2555 355 852 2556 353 852 2557 335 852 2558 333 853 2559 355 853 2560 335 853 2561 353 854 2562 351 854 2563 337 854 2564 351 855 2565 349 855 2566 339 855 2567 337 856 2568 351 856 2569 339 856 2570 349 857 2571 347 857 2572 341 857 2573 347 858 2574 345 858 2575 343 858 2576 341 859 2577 347 859 2578 343 859 2579 341 860 2580 339 860 2581 349 860 2582 388 861 2583 389 861 2584 391 861 2585 390 862 2586 391 862 2587 329 862 2588 390 863 2589 328 863 2590 360 863 2591 328 864 2592 330 864 2593 358 864 2594 330 865 2595 332 865 2596 358 865 2597 332 866 2598 334 866 2599 356 866 2600 358 867 2601 332 867 2602 356 867 2603 334 868 2604 336 868 2605 352 868 2606 336 869 2607 338 869 2608 350 869 2609 338 870 2610 340 870 2611 350 870 2612 340 871 2613 342 871 2614 348 871 2615 350 872 2616 340 872 2617 348 872 2618 342 873 2619 344 873 2620 346 873 2621 346 874 2622 348 874 2623 342 874 2624 350 875 2625 352 875 2626 336 875 2627 352 876 2628 354 876 2629 334 876 2630 354 877 2631 356 877 2632 334 877 2633 358 878 2634 360 878 2635 328 878 2636 360 879 2637 362 879 2638 390 879 2639 362 880 2640 364 880 2641 390 880 2642 364 881 2643 366 881 2644 388 881 2645 390 882 2646 364 882 2647 388 882 2648 366 883 2649 368 883 2650 384 883 2651 368 884 2652 370 884 2653 382 884 2654 370 885 2655 372 885 2656 382 885 2657 372 886 2658 374 886 2659 380 886 2660 382 887 2661 372 887 2662 380 887 2663 374 888 2664 376 888 2665 378 888 2666 378 889 2667 380 889 2668 374 889 2669 382 890 2670 384 890 2671 368 890 2672 384 891 2673 386 891 2674 366 891 2675 392 892 2676 393 892 2677 395 892 2678 394 893 2679 395 893 2680 397 893 2681 396 894 2682 397 894 2683 399 894 2684 398 895 2685 399 895 2686 401 895 2687 400 896 2688 401 896 2689 403 896 2690 402 897 2691 403 897 2692 405 897 2693 404 898 2694 405 898 2695 407 898 2696 406 899 2697 407 899 2698 409 899 2699 408 900 2700 409 900 2701 411 900 2702 410 901 2703 411 901 2704 413 901 2705 412 902 2706 413 902 2707 415 902 2708 414 903 2709 415 903 2710 417 903 2711 416 904 2712 417 904 2713 419 904 2714 418 905 2715 419 905 2716 421 905 2717 420 906 2718 421 906 2719 423 906 2720 422 907 2721 423 907 2722 425 907 2723 424 908 2724 425 908 2725 427 908 2726 426 909 2727 427 909 2728 429 909 2729 428 910 2730 429 910 2731 431 910 2732 430 911 2733 431 911 2734 433 911 2735 432 912 2736 433 912 2737 435 912 2738 434 913 2739 435 913 2740 437 913 2741 436 914 2742 437 914 2743 439 914 2744 438 915 2745 439 915 2746 441 915 2747 440 916 2748 441 916 2749 443 916 2750 442 917 2751 443 917 2752 445 917 2753 444 918 2754 445 918 2755 447 918 2756 446 919 2757 447 919 2758 449 919 2759 448 920 2760 449 920 2761 451 920 2762 450 921 2763 451 921 2764 453 921 2765 397 922 2766 395 922 2767 455 922 2768 395 923 2769 393 923 2770 455 923 2771 455 924 2772 453 924 2773 397 924 2774 453 925 2775 451 925 2776 397 925 2777 451 926 2778 449 926 2779 399 926 2780 397 927 2781 451 927 2782 399 927 2783 449 928 2784 447 928 2785 401 928 2786 447 929 2787 445 929 2788 403 929 2789 401 930 2790 447 930 2791 403 930 2792 445 931 2793 443 931 2794 407 931 2795 443 932 2796 441 932 2797 409 932 2798 441 933 2799 439 933 2800 411 933 2801 439 934 2802 437 934 2803 413 934 2804 437 935 2805 435 935 2806 413 935 2807 435 936 2808 433 936 2809 415 936 2810 413 937 2811 435 937 2812 415 937 2813 433 938 2814 431 938 2815 417 938 2816 431 939 2817 429 939 2818 419 939 2819 417 940 2820 431 940 2821 419 940 2822 429 941 2823 427 941 2824 421 941 2825 427 942 2826 425 942 2827 423 942 2828 421 943 2829 427 943 2830 423 943 2831 421 944 2832 419 944 2833 429 944 2834 417 945 2835 415 945 2836 433 945 2837 413 946 2838 411 946 2839 439 946 2840 411 947 2841 409 947 2842 441 947 2843 409 948 2844 407 948 2845 443 948 2846 407 949 2847 405 949 2848 445 949 2849 405 950 2850 403 950 2851 445 950 2852 452 951 2853 453 951 2854 455 951 2855 454 952 2856 455 952 2857 393 952 2858 454 953 2859 392 953 2860 394 953 2861 394 954 2862 396 954 2863 454 954 2864 396 955 2865 398 955 2866 452 955 2867 454 956 2868 396 956 2869 452 956 2870 398 957 2871 400 957 2872 448 957 2873 400 958 2874 402 958 2875 446 958 2876 402 959 2877 404 959 2878 446 959 2879 404 960 2880 406 960 2881 444 960 2882 446 961 2883 404 961 2884 444 961 2885 406 962 2886 408 962 2887 440 962 2888 408 963 2889 410 963 2890 438 963 2891 410 964 2892 412 964 2893 438 964 2894 412 965 2895 414 965 2896 436 965 2897 438 966 2898 412 966 2899 436 966 2900 414 967 2901 416 967 2902 432 967 2903 416 968 2904 418 968 2905 430 968 2906 418 969 2907 420 969 2908 430 969 2909 420 970 2910 422 970 2911 428 970 2912 430 971 2913 420 971 2914 428 971 2915 422 972 2916 424 972 2917 426 972 2918 426 973 2919 428 973 2920 422 973 2921 430 974 2922 432 974 2923 416 974 2924 432 975 2925 434 975 2926 414 975 2927 434 976 2928 436 976 2929 414 976 2930 438 977 2931 440 977 2932 408 977 2933 440 978 2934 442 978 2935 406 978 2936 442 979 2937 444 979 2938 406 979 2939 446 980 2940 448 980 2941 400 980 2942 448 981 2943 450 981 2944 398 981 2945 456 982 2946 457 982 2947 459 982 2948 458 983 2949 459 983 2950 461 983 2951 460 984 2952 461 984 2953 463 984 2954 462 985 2955 463 985 2956 465 985 2957 464 986 2958 465 986 2959 467 986 2960 466 987 2961 467 987 2962 469 987 2963 468 988 2964 469 988 2965 471 988 2966 470 989 2967 471 989 2968 473 989 2969 472 990 2970 473 990 2971 475 990 2972 474 991 2973 475 991 2974 477 991 2975 476 992 2976 477 992 2977 479 992 2978 478 993 2979 479 993 2980 481 993 2981 480 994 2982 481 994 2983 483 994 2984 482 995 2985 483 995 2986 485 995 2987 484 996 2988 485 996 2989 487 996 2990 486 997 2991 487 997 2992 489 997 2993 488 998 2994 489 998 2995 491 998 2996 490 999 2997 491 999 2998 493 999 2999 492 1000 3000 493 1000 3001 495 1000 3002 494 1001 3003 495 1001 3004 497 1001 3005 496 1002 3006 497 1002 3007 499 1002 3008 498 1003 3009 499 1003 3010 501 1003 3011 500 1004 3012 501 1004 3013 503 1004 3014 502 1005 3015 503 1005 3016 505 1005 3017 504 1006 3018 505 1006 3019 507 1006 3020 506 1007 3021 507 1007 3022 509 1007 3023 508 1008 3024 509 1008 3025 511 1008 3026 510 1009 3027 511 1009 3028 513 1009 3029 512 1010 3030 513 1010 3031 515 1010 3032 514 1011 3033 515 1011 3034 517 1011 3035 461 1012 3036 459 1012 3037 519 1012 3038 459 1013 3039 457 1013 3040 519 1013 3041 519 1014 3042 517 1014 3043 461 1014 3044 517 1015 3045 515 1015 3046 461 1015 3047 515 1016 3048 513 1016 3049 463 1016 3050 461 1017 3051 515 1017 3052 463 1017 3053 513 1018 3054 511 1018 3055 465 1018 3056 511 1019 3057 509 1019 3058 467 1019 3059 465 1020 3060 511 1020 3061 467 1020 3062 509 1021 3063 507 1021 3064 471 1021 3065 507 1022 3066 505 1022 3067 473 1022 3068 505 1023 3069 503 1023 3070 475 1023 3071 503 1024 3072 501 1024 3073 477 1024 3074 501 1025 3075 499 1025 3076 477 1025 3077 499 1026 3078 497 1026 3079 479 1026 3080 477 1027 3081 499 1027 3082 479 1027 3083 497 1028 3084 495 1028 3085 481 1028 3086 495 1029 3087 493 1029 3088 483 1029 3089 481 1030 3090 495 1030 3091 483 1030 3092 493 1031 3093 491 1031 3094 485 1031 3095 491 1032 3096 489 1032 3097 487 1032 3098 485 1033 3099 491 1033 3100 487 1033 3101 485 1034 3102 483 1034 3103 493 1034 3104 481 1035 3105 479 1035 3106 497 1035 3107 477 1036 3108 475 1036 3109 503 1036 3110 475 1037 3111 473 1037 3112 505 1037 3113 473 1038 3114 471 1038 3115 507 1038 3116 471 1039 3117 469 1039 3118 509 1039 3119 469 1040 3120 467 1040 3121 509 1040 3122 516 1041 3123 517 1041 3124 519 1041 3125 518 1042 3126 519 1042 3127 457 1042 3128 518 1043 3129 456 1043 3130 458 1043 3131 458 1044 3132 460 1044 3133 518 1044 3134 460 1045 3135 462 1045 3136 516 1045 3137 518 1046 3138 460 1046 3139 516 1046 3140 462 1047 3141 464 1047 3142 512 1047 3143 464 1048 3144 466 1048 3145 510 1048 3146 466 1049 3147 468 1049 3148 510 1049 3149 468 1050 3150 470 1050 3151 508 1050 3152 510 1051 3153 468 1051 3154 508 1051 3155 470 1052 3156 472 1052 3157 504 1052 3158 472 1053 3159 474 1053 3160 502 1053 3161 474 1054 3162 476 1054 3163 502 1054 3164 476 1055 3165 478 1055 3166 500 1055 3167 502 1056 3168 476 1056 3169 500 1056 3170 478 1057 3171 480 1057 3172 496 1057 3173 480 1058 3174 482 1058 3175 494 1058 3176 482 1059 3177 484 1059 3178 494 1059 3179 484 1060 3180 486 1060 3181 492 1060 3182 494 1061 3183 484 1061 3184 492 1061 3185 486 1062 3186 488 1062 3187 490 1062 3188 490 1063 3189 492 1063 3190 486 1063 3191 494 1064 3192 496 1064 3193 480 1064 3194 496 1065 3195 498 1065 3196 478 1065 3197 498 1066 3198 500 1066 3199 478 1066 3200 502 1067 3201 504 1067 3202 472 1067 3203 504 1068 3204 506 1068 3205 470 1068 3206 506 1069 3207 508 1069 3208 470 1069 3209 510 1070 3210 512 1070 3211 464 1070 3212 512 1071 3213 514 1071 3214 462 1071 3215 520 1072 3216 521 1072 3217 523 1072 3218 522 1073 3219 523 1073 3220 525 1073 3221 524 1074 3222 525 1074 3223 527 1074 3224 526 1075 3225 527 1075 3226 529 1075 3227 528 1076 3228 529 1076 3229 531 1076 3230 530 1077 3231 531 1077 3232 533 1077 3233 532 1078 3234 533 1078 3235 535 1078 3236 534 1079 3237 535 1079 3238 537 1079 3239 536 1080 3240 537 1080 3241 539 1080 3242 538 1081 3243 539 1081 3244 541 1081 3245 540 1082 3246 541 1082 3247 543 1082 3248 542 1083 3249 543 1083 3250 545 1083 3251 544 1084 3252 545 1084 3253 547 1084 3254 546 1085 3255 547 1085 3256 549 1085 3257 548 1086 3258 549 1086 3259 551 1086 3260 550 1087 3261 551 1087 3262 553 1087 3263 552 1088 3264 553 1088 3265 555 1088 3266 554 1089 3267 555 1089 3268 557 1089 3269 556 1090 3270 557 1090 3271 559 1090 3272 558 1091 3273 559 1091 3274 561 1091 3275 560 1092 3276 561 1092 3277 563 1092 3278 562 1093 3279 563 1093 3280 565 1093 3281 564 1094 3282 565 1094 3283 567 1094 3284 566 1095 3285 567 1095 3286 569 1095 3287 568 1096 3288 569 1096 3289 571 1096 3290 570 1097 3291 571 1097 3292 573 1097 3293 572 1098 3294 573 1098 3295 575 1098 3296 574 1099 3297 575 1099 3298 577 1099 3299 576 1100 3300 577 1100 3301 579 1100 3302 578 1101 3303 579 1101 3304 581 1101 3305 525 1102 3306 523 1102 3307 583 1102 3308 523 1103 3309 521 1103 3310 583 1103 3311 583 1104 3312 581 1104 3313 525 1104 3314 581 1105 3315 579 1105 3316 525 1105 3317 579 1106 3318 577 1106 3319 527 1106 3320 525 1107 3321 579 1107 3322 527 1107 3323 577 1108 3324 575 1108 3325 529 1108 3326 575 1109 3327 573 1109 3328 531 1109 3329 529 1110 3330 575 1110 3331 531 1110 3332 573 1111 3333 571 1111 3334 535 1111 3335 571 1112 3336 569 1112 3337 537 1112 3338 569 1113 3339 567 1113 3340 539 1113 3341 567 1114 3342 565 1114 3343 541 1114 3344 565 1115 3345 563 1115 3346 541 1115 3347 563 1116 3348 561 1116 3349 543 1116 3350 541 1117 3351 563 1117 3352 543 1117 3353 561 1118 3354 559 1118 3355 545 1118 3356 559 1119 3357 557 1119 3358 547 1119 3359 545 1120 3360 559 1120 3361 547 1120 3362 557 1121 3363 555 1121 3364 549 1121 3365 555 1122 3366 553 1122 3367 551 1122 3368 549 1123 3369 555 1123 3370 551 1123 3371 549 1124 3372 547 1124 3373 557 1124 3374 545 1125 3375 543 1125 3376 561 1125 3377 541 1126 3378 539 1126 3379 567 1126 3380 539 1127 3381 537 1127 3382 569 1127 3383 537 1128 3384 535 1128 3385 571 1128 3386 535 1129 3387 533 1129 3388 573 1129 3389 533 1130 3390 531 1130 3391 573 1130 3392 580 1131 3393 581 1131 3394 583 1131 3395 582 1132 3396 583 1132 3397 521 1132 3398 582 1133 3399 520 1133 3400 522 1133 3401 522 1134 3402 524 1134 3403 582 1134 3404 524 1135 3405 526 1135 3406 580 1135 3407 582 1136 3408 524 1136 3409 580 1136 3410 526 1137 3411 528 1137 3412 576 1137 3413 528 1138 3414 530 1138 3415 574 1138 3416 530 1139 3417 532 1139 3418 574 1139 3419 532 1140 3420 534 1140 3421 572 1140 3422 574 1141 3423 532 1141 3424 572 1141 3425 534 1142 3426 536 1142 3427 568 1142 3428 536 1143 3429 538 1143 3430 566 1143 3431 538 1144 3432 540 1144 3433 566 1144 3434 540 1145 3435 542 1145 3436 564 1145 3437 566 1146 3438 540 1146 3439 564 1146 3440 542 1147 3441 544 1147 3442 560 1147 3443 544 1148 3444 546 1148 3445 558 1148 3446 546 1149 3447 548 1149 3448 558 1149 3449 548 1150 3450 550 1150 3451 556 1150 3452 558 1151 3453 548 1151 3454 556 1151 3455 550 1152 3456 552 1152 3457 554 1152 3458 554 1153 3459 556 1153 3460 550 1153 3461 558 1154 3462 560 1154 3463 544 1154 3464 560 1155 3465 562 1155 3466 542 1155 3467 562 1156 3468 564 1156 3469 542 1156 3470 566 1157 3471 568 1157 3472 536 1157 3473 568 1158 3474 570 1158 3475 534 1158 3476 570 1159 3477 572 1159 3478 534 1159 3479 574 1160 3480 576 1160 3481 528 1160 3482 576 1161 3483 578 1161 3484 526 1161 3485 584 1162 3486 585 1162 3487 587 1162 3488 586 1163 3489 587 1163 3490 589 1163 3491 588 1164 3492 589 1164 3493 591 1164 3494 590 1165 3495 591 1165 3496 593 1165 3497 592 1166 3498 593 1166 3499 595 1166 3500 594 1167 3501 595 1167 3502 597 1167 3503 596 1168 3504 597 1168 3505 599 1168 3506 598 1169 3507 599 1169 3508 601 1169 3509 600 1170 3510 601 1170 3511 603 1170 3512 602 1171 3513 603 1171 3514 605 1171 3515 604 1172 3516 605 1172 3517 607 1172 3518 606 1173 3519 607 1173 3520 609 1173 3521 608 1174 3522 609 1174 3523 611 1174 3524 610 1175 3525 611 1175 3526 613 1175 3527 612 1176 3528 613 1176 3529 615 1176 3530 614 1177 3531 615 1177 3532 617 1177 3533 616 1178 3534 617 1178 3535 619 1178 3536 618 1179 3537 619 1179 3538 621 1179 3539 620 1180 3540 621 1180 3541 623 1180 3542 622 1181 3543 623 1181 3544 625 1181 3545 624 1182 3546 625 1182 3547 627 1182 3548 626 1183 3549 627 1183 3550 629 1183 3551 628 1184 3552 629 1184 3553 631 1184 3554 630 1185 3555 631 1185 3556 633 1185 3557 632 1186 3558 633 1186 3559 635 1186 3560 634 1187 3561 635 1187 3562 637 1187 3563 636 1188 3564 637 1188 3565 639 1188 3566 638 1189 3567 639 1189 3568 641 1189 3569 640 1190 3570 641 1190 3571 643 1190 3572 642 1191 3573 643 1191 3574 645 1191 3575 589 1192 3576 587 1192 3577 647 1192 3578 587 1193 3579 585 1193 3580 647 1193 3581 647 1194 3582 645 1194 3583 589 1194 3584 645 1195 3585 643 1195 3586 589 1195 3587 643 1196 3588 641 1196 3589 591 1196 3590 589 1197 3591 643 1197 3592 591 1197 3593 641 1198 3594 639 1198 3595 593 1198 3596 639 1199 3597 637 1199 3598 595 1199 3599 593 1200 3600 639 1200 3601 595 1200 3602 637 1201 3603 635 1201 3604 599 1201 3605 635 1202 3606 633 1202 3607 601 1202 3608 633 1203 3609 631 1203 3610 603 1203 3611 631 1204 3612 629 1204 3613 605 1204 3614 629 1205 3615 627 1205 3616 605 1205 3617 627 1206 3618 625 1206 3619 607 1206 3620 605 1207 3621 627 1207 3622 607 1207 3623 625 1208 3624 623 1208 3625 609 1208 3626 623 1209 3627 621 1209 3628 611 1209 3629 609 1210 3630 623 1210 3631 611 1210 3632 621 1211 3633 619 1211 3634 613 1211 3635 619 1212 3636 617 1212 3637 615 1212 3638 613 1213 3639 619 1213 3640 615 1213 3641 613 1214 3642 611 1214 3643 621 1214 3644 609 1215 3645 607 1215 3646 625 1215 3647 605 1216 3648 603 1216 3649 631 1216 3650 603 1217 3651 601 1217 3652 633 1217 3653 601 1218 3654 599 1218 3655 635 1218 3656 599 1219 3657 597 1219 3658 637 1219 3659 597 1220 3660 595 1220 3661 637 1220 3662 644 1221 3663 645 1221 3664 647 1221 3665 646 1222 3666 647 1222 3667 585 1222 3668 646 1223 3669 584 1223 3670 586 1223 3671 586 1224 3672 588 1224 3673 646 1224 3674 588 1225 3675 590 1225 3676 644 1225 3677 646 1226 3678 588 1226 3679 644 1226 3680 590 1227 3681 592 1227 3682 640 1227 3683 592 1228 3684 594 1228 3685 638 1228 3686 594 1229 3687 596 1229 3688 638 1229 3689 596 1230 3690 598 1230 3691 636 1230 3692 638 1231 3693 596 1231 3694 636 1231 3695 598 1232 3696 600 1232 3697 632 1232 3698 600 1233 3699 602 1233 3700 630 1233 3701 602 1234 3702 604 1234 3703 630 1234 3704 604 1235 3705 606 1235 3706 628 1235 3707 630 1236 3708 604 1236 3709 628 1236 3710 606 1237 3711 608 1237 3712 624 1237 3713 608 1238 3714 610 1238 3715 622 1238 3716 610 1239 3717 612 1239 3718 622 1239 3719 612 1240 3720 614 1240 3721 620 1240 3722 622 1241 3723 612 1241 3724 620 1241 3725 614 1242 3726 616 1242 3727 618 1242 3728 618 1243 3729 620 1243 3730 614 1243 3731 622 1244 3732 624 1244 3733 608 1244 3734 624 1245 3735 626 1245 3736 606 1245 3737 626 1246 3738 628 1246 3739 606 1246 3740 630 1247 3741 632 1247 3742 600 1247 3743 632 1248 3744 634 1248 3745 598 1248 3746 634 1249 3747 636 1249 3748 598 1249 3749 638 1250 3750 640 1250 3751 592 1250 3752 640 1251 3753 642 1251 3754 590 1251 3755</p>
        </triangles>
      </mesh>
    </geometry>
  </library_geometries>
  <library_visual_scenes>
    <visual_scene id="Scene" name="Scene">
      <node id="tmp_export_Cylinder_020" name="tmp_export_Cylinder.020" type="NODE">
        <matrix sid="transform">1 0 0 0 0 1 0 0 0 0 1 0 0 0 0 1</matrix>
        <instance_geometry url="#Cylinder_020-mesh" name="tmp_export_Cylinder.020"/>
      </node>
    </visual_scene>
  </library_visual_scenes>
  <scene>
    <instance_visual_scene url="#Scene"/>
  </scene>
</COLLADA>