<?xml version="1.0" encoding="utf-8"?>
<COLLADA xmlns="http://www.collada.org/2005/11/COLLADASchema" version="1.4.1" xmlns:xsi="http://www.w3.org/2001/XMLSchema-instance">
  <asset>
    <contributor>
      <author>Blender User</author>
      <authoring_tool>Blender 4.2.18 LTS commit date:2026-02-16, commit time:13:37, hash:d71e3422e438</authoring_tool>
    </contributor>
    <created>2026-03-23T18:00:37</created>
    <modified>2026-03-23T18:00:37</modified>
    <unit name="meter" meter="1"/>
    <up_axis>Z_UP</up_axis>
  </asset>
  <library_effects/>
  <library_images/>
  <library_geometries>
    <geometry id="Torus_001-mesh" name="Torus.001">
      <mesh>
        <source id="Torus_001-mesh-positions">
          <float_array id="Torus_001-mesh-positions-array" count="1728">1.25 0 0 1.216506 0 0.125 1.125 0 0.2165063 1 0 0.25 0.875 0 0.2165063 0.7834936 0 0.125 0.75 0 0 0.7834936 0 -0.125 0.875 0 -0.2165063 1 0 -0.25 1.125 0 -0.2165063 1.216506 0 -0.125 1.239306 0.1631577 0 1.206099 0.1587859 0.125 1.115375 0.1468419 0.2165063 0.9914449 0.1305261 0.25 0.8675143 0.1142104 0.2165063 0.7767907 0.1022664 0.125 0.7435837 0.0978946 0 0.7767907 0.1022664 -0.125 0.8675143 0.1142104 -0.2165063 0.9914449 0.1305261 -0.25 1.115375 0.1468419 -0.2165063 1.206099 0.1587859 -0.125 1.207407 0.3235237 0 1.175055 0.3148549 0.125 1.086667 0.2911714 0.2165063 0.9659258 0.258819 0.25 0.8451851 0.2264666 0.2165063 0.7567967 0.202783 0.125 0.7244444 0.1941142 0 0.7567967 0.202783 -0.125 0.8451851 0.2264666 -0.2165063 0.9659258 0.258819 -0.25 1.086667 0.2911714 -0.2165063 1.175055 0.3148549 -0.125 1.154849 0.4783542 0 1.123905 0.4655367 0.125 1.039364 0.4305188 0.2165063 0.9238796 0.3826833 0.25 0.8083946 0.3348479 0.2165063 0.7238538 0.29983 0.125 0.6929097 0.2870125 0 0.7238538 0.29983 -0.125 0.8083946 0.3348479 -0.2165063 0.9238796 0.3826833 -0.25 1.039364 0.4305188 -0.2165063 1.123905 0.4655367 -0.125 1.082532 0.6250001 0 1.053525 0.6082533 0.125 0.9742785 0.5625001 0.2165063 0.8660253 0.5000001 0.25 0.7577722 0.4375001 0.2165063 0.6785253 0.3917469 0.125 0.649519 0.3750001 0 0.6785253 0.3917469 -0.125 0.7577722 0.4375001 -0.2165063 0.8660253 0.5000001 -0.25 0.9742785 0.5625001 -0.2165063 1.053525 0.6082533 -0.125 0.9916918 0.7609516 0 0.9651195 0.740562 0.125 0.8925226 0.6848565 0.2165063 0.7933534 0.6087613 0.25 0.6941843 0.5326662 0.2165063 0.6215874 0.4769606 0.125 0.5950151 0.456571 0 0.6215874 0.4769606 -0.125 0.6941843 0.5326662 -0.2165063 0.7933534 0.6087613 -0.25 0.8925226 0.6848565 -0.2165063 0.9651195 0.740562 -0.125 0.8838834 0.8838835 0 0.8601998 0.8601999 0.125 0.795495 0.7954952 0.2165063 0.7071067 0.7071068 0.25 0.6187184 0.6187185 0.2165063 0.5540136 0.5540137 0.125 0.5303301 0.5303301 0 0.5540136 0.5540137 -0.125 0.6187184 0.6187185 -0.2165063 0.7071067 0.7071068 -0.25 0.795495 0.7954952 -0.2165063 0.8601998 0.8601999 -0.125 0.7609519 0.9916915 0 0.7405623 0.9651193 0.125 0.6848568 0.8925223 0.2165063 0.6087616 0.7933532 0.25 0.5326663 0.6941841 0.2165063 0.4769608 0.6215872 0.125 0.4565712 0.5950149 0 0.4769608 0.6215872 -0.125 0.5326663 0.6941841 -0.2165063 0.6087616 0.7933532 -0.25 0.6848568 0.8925223 -0.2165063 0.7405623 0.9651193 -0.125 0.625 1.082532 0 0.6082531 1.053525 0.125 0.5625 0.9742786 0.2165063 0.5 0.8660255 0.25 0.4375 0.7577723 0.2165063 0.3917468 0.6785255 0.125 0.375 0.6495191 0 0.3917468 0.6785255 -0.125 0.4375 0.7577723 -0.2165063 0.5 0.8660255 -0.25 0.5625 0.9742786 -0.2165063 0.6082531 1.053525 -0.125 0.4783546 1.154849 0 0.4655371 1.123905 0.125 0.4305191 1.039364 0.2165063 0.3826836 0.9238795 0.25 0.3348482 0.8083945 0.2165063 0.2998302 0.7238537 0.125 0.2870128 0.6929096 0 0.2998302 0.7238537 -0.125 0.3348482 0.8083945 -0.2165063 0.3826836 0.9238795 -0.25 0.4305191 1.039364 -0.2165063 0.4655371 1.123905 -0.125 0.3235238 1.207407 0 0.314855 1.175055 0.125 0.2911714 1.086667 0.2165063 0.2588191 0.9659258 0.25 0.2264667 0.8451851 0.2165063 0.2027831 0.7567967 0.125 0.1941143 0.7244444 0 0.2027831 0.7567967 -0.125 0.2264667 0.8451851 -0.2165063 0.2588191 0.9659258 -0.25 0.2911714 1.086667 -0.2165063 0.314855 1.175055 -0.125 0.1631575 1.239306 0 0.1587857 1.206099 0.125 0.1468417 1.115375 0.2165063 0.130526 0.9914449 0.25 0.1142103 0.8675143 0.2165063 0.1022663 0.7767907 0.125 0.09789448 0.7435837 0 0.1022663 0.7767907 -0.125 0.1142103 0.8675143 -0.2165063 0.130526 0.9914449 -0.25 0.1468417 1.115375 -0.2165063 0.1587857 1.206099 -0.125 0 1.25 0 0 1.216506 0.125 0 1.125 0.2165063 0 1 0.25 0 0.875 0.2165063 0 0.7834936 0.125 0 0.75 0 0 0.7834936 -0.125 0 0.875 -0.2165063 0 1 -0.25 0 1.125 -0.2165063 0 1.216506 -0.125 -0.1631579 1.239306 0 -0.1587861 1.206099 0.125 -0.1468421 1.115375 0.2165063 -0.1305263 0.9914448 0.25 -0.1142105 0.8675143 0.2165063 -0.1022665 0.7767907 0.125 -0.09789472 0.7435836 0 -0.1022665 0.7767907 -0.125 -0.1142105 0.8675143 -0.2165063 -0.1305263 0.9914448 -0.25 -0.1468421 1.115375 -0.2165063 -0.1587861 1.206099 -0.125 -0.3235237 1.207407 0 -0.3148549 1.175055 0.125 -0.2911713 1.086667 0.2165063 -0.2588189 0.9659259 0.25 -0.2264665 0.8451852 0.2165063 -0.2027829 0.7567968 0.125 -0.1941142 0.7244444 0 -0.2027829 0.7567968 -0.125 -0.2264665 0.8451852 -0.2165063 -0.2588189 0.9659259 -0.25 -0.2911713 1.086667 -0.2165063 -0.3148549 1.175055 -0.125 -0.4783544 1.154849 0 -0.4655369 1.123905 0.125 -0.4305189 1.039364 0.2165063 -0.3826835 0.9238795 0.25 -0.3348481 0.8083946 0.2165063 -0.2998301 0.7238537 0.125 -0.2870126 0.6929096 0 -0.2998301 0.7238537 -0.125 -0.3348481 0.8083946 -0.2165063 -0.3826835 0.9238795 -0.25 -0.4305189 1.039364 -0.2165063 -0.4655369 1.123905 -0.125 -0.6249998 1.082532 0 -0.608253 1.053526 0.125 -0.5624998 0.9742787 0.2165063 -0.4999998 0.8660255 0.25 -0.4374999 0.7577723 0.2165063 -0.3917467 0.6785255 0.125 -0.3749999 0.6495192 0 -0.3917467 0.6785255 -0.125 -0.4374999 0.7577723 -0.2165063 -0.4999998 0.8660255 -0.25 -0.5624998 0.9742787 -0.2165063 -0.608253 1.053526 -0.125 -0.7609518 0.9916917 0 -0.7405622 0.9651194 0.125 -0.6848566 0.8925225 0.2165063 -0.6087614 0.7933533 0.25 -0.5326663 0.6941842 0.2165063 -0.4769607 0.6215873 0.125 -0.4565711 0.595015 0 -0.4769607 0.6215873 -0.125 -0.5326663 0.6941842 -0.2165063 -0.6087614 0.7933533 -0.25 -0.6848566 0.8925225 -0.2165063 -0.7405622 0.9651194 -0.125 -0.8838837 0.8838832 0 -0.8602001 0.8601997 0.125 -0.7954953 0.7954949 0.2165063 -0.707107 0.7071066 0.25 -0.6187186 0.6187183 0.2165063 -0.5540138 0.5540135 0.125 -0.5303302 0.53033 0 -0.5540138 0.5540135 -0.125 -0.6187186 0.6187183 -0.2165063 -0.707107 0.7071066 -0.25 -0.7954953 0.7954949 -0.2165063 -0.8602001 0.8601997 -0.125 -0.9916917 0.7609518 0 -0.9651194 0.7405622 0.125 -0.8925225 0.6848566 0.2165063 -0.7933533 0.6087614 0.25 -0.6941842 0.5326663 0.2165063 -0.6215873 0.4769607 0.125 -0.595015 0.4565711 0 -0.6215873 0.4769607 -0.125 -0.6941842 0.5326663 -0.2165063 -0.7933533 0.6087614 -0.25 -0.8925225 0.6848566 -0.2165063 -0.9651194 0.7405622 -0.125 -1.082532 0.6250003 0 -1.053525 0.6082535 0.125 -0.9742785 0.5625002 0.2165063 -0.8660253 0.5000002 0.25 -0.7577721 0.4375002 0.2165063 -0.6785253 0.391747 0.125 -0.649519 0.3750002 0 -0.6785253 0.391747 -0.125 -0.7577721 0.4375002 -0.2165063 -0.8660253 0.5000002 -0.25 -0.9742785 0.5625002 -0.2165063 -1.053525 0.6082535 -0.125 -1.154849 0.4783543 0 -1.123905 0.4655369 0.125 -1.039364 0.4305189 0.2165063 -0.9238795 0.3826835 0.25 -0.8083946 0.3348481 0.2165063 -0.7238537 0.2998301 0.125 -0.6929096 0.2870126 0 -0.7238537 0.2998301 -0.125 -0.8083946 0.3348481 -0.2165063 -0.9238795 0.3826835 -0.25 -1.039364 0.4305189 -0.2165063 -1.123905 0.4655369 -0.125 -1.207407 0.3235237 0 -1.175055 0.3148549 0.125 -1.086667 0.2911713 0.2165063 -0.9659259 0.2588189 0.25 -0.8451852 0.2264665 0.2165063 -0.7567968 0.2027829 0.125 -0.7244444 0.1941142 0 -0.7567968 0.2027829 -0.125 -0.8451852 0.2264665 -0.2165063 -0.9659259 0.2588189 -0.25 -1.086667 0.2911713 -0.2165063 -1.175055 0.3148549 -0.125 -1.239306 0.1631579 0 -1.206099 0.1587861 0.125 -1.115375 0.1468421 0.2165063 -0.9914448 0.1305263 0.25 -0.8675143 0.1142105 0.2165063 -0.7767907 0.1022665 0.125 -0.7435836 0.09789472 0 -0.7767907 0.1022665 -0.125 -0.8675143 0.1142105 -0.2165063 -0.9914448 0.1305263 -0.25 -1.115375 0.1468421 -0.2165063 -1.206099 0.1587861 -0.125 -1.25 0 0 -1.216506 0 0.125 -1.125 0 0.2165063 -1 0 0.25 -0.875 0 0.2165063 -0.7834936 0 0.125 -0.75 0 0 -0.7834936 0 -0.125 -0.875 0 -0.2165063 -1 0 -0.25 -1.125 0 -0.2165063 -1.216506 0 -0.125 -1.239306 -0.1631579 0 -1.206099 -0.1587861 0.125 -1.115375 -0.1468421 0.2165063 -0.9914448 -0.1305263 0.25 -0.8675143 -0.1142105 0.2165063 -0.7767907 -0.1022665 0.125 -0.7435836 -0.09789472 0 -0.7767907 -0.1022665 -0.125 -0.8675143 -0.1142105 -0.2165063 -0.9914448 -0.1305263 -0.25 -1.115375 -0.1468421 -0.2165063 -1.206099 -0.1587861 -0.125 -1.207407 -0.3235237 0 -1.175055 -0.3148549 0.125 -1.086667 -0.2911713 0.2165063 -0.9659259 -0.2588189 0.25 -0.8451852 -0.2264665 0.2165063 -0.7567968 -0.2027829 0.125 -0.7244444 -0.1941142 0 -0.7567968 -0.2027829 -0.125 -0.8451852 -0.2264665 -0.2165063 -0.9659259 -0.2588189 -0.25 -1.086667 -0.2911713 -0.2165063 -1.175055 -0.3148549 -0.125 -1.15485 -0.4783538 0 -1.123906 -0.4655364 0.125 -1.039365 -0.4305185 0.2165063 -0.9238797 -0.382683 0.25 -0.8083947 -0.3348477 0.2165063 -0.7238538 -0.2998297 0.125 -0.6929098 -0.2870123 0 -0.7238538 -0.2998297 -0.125 -0.8083947 -0.3348477 -0.2165063 -0.9238797 -0.382683 -0.25 -1.039365 -0.4305185 -0.2165063 -1.123906 -0.4655364 -0.125 -1.082532 -0.6249998 0 -1.053526 -0.608253 0.125 -0.9742787 -0.5624998 0.2165063 -0.8660255 -0.4999998 0.25 -0.7577723 -0.4374998 0.2165063 -0.6785255 -0.3917466 0.125 -0.6495192 -0.3749999 0 -0.6785255 -0.3917466 -0.125 -0.7577723 -0.4374998 -0.2165063 -0.8660255 -0.4999998 -0.25 -0.9742787 -0.5624998 -0.2165063 -1.053526 -0.608253 -0.125 -0.9916917 -0.7609518 0 -0.9651194 -0.7405622 0.125 -0.8925225 -0.6848566 0.2165063 -0.7933533 -0.6087614 0.25 -0.6941842 -0.5326663 0.2165063 -0.6215873 -0.4769607 0.125 -0.595015 -0.4565711 0 -0.6215873 -0.4769607 -0.125 -0.6941842 -0.5326663 -0.2165063 -0.7933533 -0.6087614 -0.25 -0.8925225 -0.6848566 -0.2165063 -0.9651194 -0.7405622 -0.125 -0.8838837 -0.8838832 0 -0.8602001 -0.8601997 0.125 -0.7954953 -0.7954949 0.2165063 -0.707107 -0.7071066 0.25 -0.6187186 -0.6187183 0.2165063 -0.5540138 -0.5540135 0.125 -0.5303302 -0.53033 0 -0.5540138 -0.5540135 -0.125 -0.6187186 -0.6187183 -0.2165063 -0.707107 -0.7071066 -0.25 -0.7954953 -0.7954949 -0.2165063 -0.8602001 -0.8601997 -0.125 -0.7609523 -0.9916913 0 -0.7405627 -0.965119 0.125 -0.6848571 -0.8925222 0.2165063 -0.6087619 -0.793353 0.25 -0.5326666 -0.6941839 0.2165063 -0.476961 -0.621587 0.125 -0.4565714 -0.5950148 0 -0.476961 -0.621587 -0.125 -0.5326666 -0.6941839 -0.2165063 -0.6087619 -0.793353 -0.25 -0.6848571 -0.8925222 -0.2165063 -0.7405627 -0.965119 -0.125 -0.6249998 -1.082532 0 -0.608253 -1.053526 0.125 -0.5624998 -0.9742787 0.2165063 -0.4999998 -0.8660255 0.25 -0.4374999 -0.7577723 0.2165063 -0.3917467 -0.6785255 0.125 -0.3749999 -0.6495192 0 -0.3917467 -0.6785255 -0.125 -0.4374999 -0.7577723 -0.2165063 -0.4999998 -0.8660255 -0.25 -0.5624998 -0.9742787 -0.2165063 -0.608253 -1.053526 -0.125 -0.4783544 -1.154849 0 -0.4655369 -1.123905 0.125 -0.4305189 -1.039364 0.2165063 -0.3826835 -0.9238795 0.25 -0.3348481 -0.8083946 0.2165063 -0.2998301 -0.7238537 0.125 -0.2870126 -0.6929096 0 -0.2998301 -0.7238537 -0.125 -0.3348481 -0.8083946 -0.2165063 -0.3826835 -0.9238795 -0.25 -0.4305189 -1.039364 -0.2165063 -0.4655369 -1.123905 -0.125 -0.3235242 -1.207407 0 -0.3148554 -1.175055 0.125 -0.2911718 -1.086666 0.2165063 -0.2588194 -0.9659258 0.25 -0.2264669 -0.8451851 0.2165063 -0.2027833 -0.7567967 0.125 -0.1941145 -0.7244443 0 -0.2027833 -0.7567967 -0.125 -0.2264669 -0.8451851 -0.2165063 -0.2588194 -0.9659258 -0.25 -0.2911718 -1.086666 -0.2165063 -0.3148554 -1.175055 -0.125 -0.1631585 -1.239306 0 -0.1587867 -1.206099 0.125 -0.1468426 -1.115375 0.2165063 -0.1305268 -0.9914448 0.25 -0.1142109 -0.8675142 0.2165063 -0.1022669 -0.7767907 0.125 -0.09789508 -0.7435836 0 -0.1022669 -0.7767907 -0.125 -0.1142109 -0.8675142 -0.2165063 -0.1305268 -0.9914448 -0.25 -0.1468426 -1.115375 -0.2165063 -0.1587867 -1.206099 -0.125 0 -1.25 0 0 -1.216506 0.125 0 -1.125 0.2165063 0 -1 0.25 0 -0.875 0.2165063 0 -0.7834936 0.125 0 -0.75 0 0 -0.7834936 -0.125 0 -0.875 -0.2165063 0 -1 -0.25 0 -1.125 -0.2165063 0 -1.216506 -0.125 0.1631575 -1.239306 0 0.1587857 -1.206099 0.125 0.1468417 -1.115375 0.2165063 0.130526 -0.9914449 0.25 0.1142103 -0.8675143 0.2165063 0.1022663 -0.7767907 0.125 0.09789448 -0.7435837 0 0.1022663 -0.7767907 -0.125 0.1142103 -0.8675143 -0.2165063 0.130526 -0.9914449 -0.25 0.1468417 -1.115375 -0.2165063 0.1587857 -1.206099 -0.125 0.3235232 -1.207407 0 0.3148545 -1.175055 0.125 0.2911709 -1.086667 0.2165063 0.2588186 -0.9659259 0.25 0.2264662 -0.8451852 0.2165063 0.2027827 -0.7567968 0.125 0.1941139 -0.7244445 0 0.2027827 -0.7567968 -0.125 0.2264662 -0.8451852 -0.2165063 0.2588186 -0.9659259 -0.25 0.2911709 -1.086667 -0.2165063 0.3148545 -1.175055 -0.125 0.4783546 -1.154849 0 0.4655371 -1.123905 0.125 0.4305191 -1.039364 0.2165063 0.3826836 -0.9238795 0.25 0.3348482 -0.8083945 0.2165063 0.2998302 -0.7238537 0.125 0.2870128 -0.6929096 0 0.2998302 -0.7238537 -0.125 0.3348482 -0.8083945 -0.2165063 0.3826836 -0.9238795 -0.25 0.4305191 -1.039364 -0.2165063 0.4655371 -1.123905 -0.125 0.625 -1.082532 0 0.6082531 -1.053525 0.125 0.5625 -0.9742786 0.2165063 0.5 -0.8660255 0.25 0.4375 -0.7577723 0.2165063 0.3917468 -0.6785255 0.125 0.375 -0.6495191 0 0.3917468 -0.6785255 -0.125 0.4375 -0.7577723 -0.2165063 0.5 -0.8660255 -0.25 0.5625 -0.9742786 -0.2165063 0.6082531 -1.053525 -0.125 0.7609515 -0.9916919 0 0.7405619 -0.9651196 0.125 0.6848564 -0.8925227 0.2165063 0.6087612 -0.7933535 0.25 0.532666 -0.6941843 0.2165063 0.4769605 -0.6215874 0.125 0.4565709 -0.5950151 0 0.4769605 -0.6215874 -0.125 0.532666 -0.6941843 -0.2165063 0.6087612 -0.7933535 -0.25 0.6848564 -0.8925227 -0.2165063 0.7405619 -0.9651196 -0.125 0.883883 -0.883884 0 0.8601995 -0.8602004 0.125 0.7954947 -0.7954956 0.2165063 0.7071064 -0.7071072 0.25 0.6187181 -0.6187188 0.2165063 0.5540134 -0.554014 0.125 0.5303298 -0.5303304 0 0.5540134 -0.554014 -0.125 0.6187181 -0.6187188 -0.2165063 0.7071064 -0.7071072 -0.25 0.7954947 -0.7954956 -0.2165063 0.8601995 -0.8602004 -0.125 0.9916918 -0.7609516 0 0.9651195 -0.740562 0.125 0.8925226 -0.6848565 0.2165063 0.7933534 -0.6087613 0.25 0.6941843 -0.5326662 0.2165063 0.6215874 -0.4769606 0.125 0.5950151 -0.456571 0 0.6215874 -0.4769606 -0.125 0.6941843 -0.5326662 -0.2165063 0.7933534 -0.6087613 -0.25 0.8925226 -0.6848565 -0.2165063 0.9651195 -0.740562 -0.125 1.082532 -0.6250001 0 1.053525 -0.6082533 0.125 0.9742785 -0.5625001 0.2165063 0.8660253 -0.5000001 0.25 0.7577722 -0.4375001 0.2165063 0.6785253 -0.3917469 0.125 0.649519 -0.3750001 0 0.6785253 -0.3917469 -0.125 0.7577722 -0.4375001 -0.2165063 0.8660253 -0.5000001 -0.25 0.9742785 -0.5625001 -0.2165063 1.053525 -0.6082533 -0.125 1.154849 -0.4783548 0 1.123905 -0.4655373 0.125 1.039364 -0.4305193 0.2165063 0.9238794 -0.3826838 0.25 0.8083944 -0.3348484 0.2165063 0.7238537 -0.2998303 0.125 0.6929095 -0.2870129 0 0.7238537 -0.2998303 -0.125 0.8083944 -0.3348484 -0.2165063 0.9238794 -0.3826838 -0.25 1.039364 -0.4305193 -0.2165063 1.123905 -0.4655373 -0.125 1.207407 -0.3235235 0 1.175055 -0.3148547 0.125 1.086667 -0.2911711 0.2165063 0.9659259 -0.2588188 0.25 0.8451852 -0.2264664 0.2165063 0.7567968 -0.2027828 0.125 0.7244444 -0.194114 0 0.7567968 -0.2027828 -0.125 0.8451852 -0.2264664 -0.2165063 0.9659259 -0.2588188 -0.25 1.086667 -0.2911711 -0.2165063 1.175055 -0.3148547 -0.125 1.239306 -0.1631577 0 1.206099 -0.1587859 0.125 1.115375 -0.1468419 0.2165063 0.9914449 -0.1305261 0.25 0.8675143 -0.1142104 0.2165063 0.7767907 -0.1022664 0.125 0.7435837 -0.0978946 0 0.7767907 -0.1022664 -0.125 0.8675143 -0.1142104 -0.2165063 0.9914449 -0.1305261 -0.25 1.115375 -0.1468419 -0.2165063 1.206099 -0.1587859 -0.125</float_array>
          <technique_common>
            <accessor source="#Torus_001-mesh-positions-array" count="576" stride="3">
              <param name="X" type="float"/>
              <param name="Y" type="float"/>
              <param name="Z" type="float"/>
            </accessor>
          </technique_common>
        </source>
        <source id="Torus_001-mesh-normals">
          <float_array id="Torus_001-mesh-normals-array" count="1728">1 0 0 0.8612381 0.1133837 0.4953918 0.8686696 -5.99434e-7 0.495392 0.503651 0.06630623 0.861359 0.5079968 -7.06714e-7 0.861359 0.01068651 0.00140655 0.999942 0.0107786 -3.03549e-7 0.999942 -0.4876223 -0.06419646 0.8706914 -0.4918298 0 0.8706914 -0.8558961 -0.1126804 0.504723 -0.8632814 4.84799e-7 0.504723 -0.9914449 -0.1305261 0 -1 0 0 -0.8558958 -0.1126813 -0.504723 -0.8632813 -4.86017e-7 -0.5047231 -0.4876222 -0.06419646 -0.8706914 -0.4918299 0 -0.8706914 0.01068639 0.001407265 -0.999942 0.01077866 3.03242e-7 -0.999942 0.5036509 0.06630754 -0.8613589 0.5079969 7.0517e-7 -0.861359 0.861238 0.1133848 -0.4953918 0.8686696 5.99434e-7 -0.495392 0.9914448 0.1305264 0 0.8390706 0.2248275 0.4953918 0.4906876 0.1314789 0.8613589 0.01041138 0.002789199 0.999942 -0.4750713 -0.1272947 0.8706914 -0.833866 -0.2234333 0.5047231 -0.9659258 -0.2588194 0 -0.8338657 -0.223434 -0.504723 -0.4750711 -0.1272951 -0.8706914 0.0104112 0.002790033 -0.999942 0.4906872 0.1314799 -0.8613589 0.8390704 0.2248289 -0.4953918 0.9659258 0.2588191 0 0.8025465 0.3324247 0.4953919 0.4693281 0.1944016 0.861359 0.009958505 0.004124462 0.999942 -0.4543915 -0.188215 0.8706914 -0.7975681 -0.3303629 0.5047231 -0.9238795 -0.3826836 0 -0.7975677 -0.330364 -0.5047231 -0.4543915 -0.1882154 -0.8706914 0.009958028 0.004125177 -0.999942 0.4693275 0.1944023 -0.8613591 0.8025459 0.3324261 -0.4953919 0.9238796 0.3826833 0 0.7522903 0.4343339 0.4953922 0.4399385 0.2539978 0.861359 0.009334862 0.005388855 0.999942 -0.4259373 -0.2459149 0.8706912 -0.7476238 -0.4316402 0.5047231 -0.8660255 -0.4999999 0 -0.7476232 -0.4316411 -0.5047231 -0.4259369 -0.2459151 -0.8706914 0.009334385 0.00538969 -0.999942 0.439938 0.2539989 -0.861359 0.7522895 0.4343355 -0.495392 0.8660255 0.5 1.81544e-7 0.6891623 0.5288121 0.4953919 0.4030216 0.3092486 0.8613589 0.008551537 0.006561338 0.999942 -0.3901951 -0.299407 0.8706912 -0.6848875 -0.5255318 0.5047231 -0.7933536 -0.6087613 0 -0.6848869 -0.5255326 -0.5047231 -0.3901948 -0.299407 -0.8706914 0.008551001 0.006561934 -0.999942 0.4030206 0.3092495 -0.861359 0.6891616 0.5288129 -0.4953922 0.7933533 0.6087616 -2.71072e-7 0.6142425 0.6142417 0.495392 0.3592084 0.3592076 0.861359 0.007622003 0.007621407 0.999942 -0.3477763 -0.3477761 0.8706914 -0.6104323 -0.6104319 0.5047231 -0.7071069 -0.7071067 1.87411e-7 -0.6104316 -0.6104325 -0.5047232 -0.3477761 -0.3477762 -0.8706914 0.007621288 0.007621943 -0.999942 0.3592075 0.3592086 -0.8613589 0.6142417 0.6142426 -0.495392 0.7071066 0.707107 0 0.5288131 0.6891616 0.4953919 0.3092495 0.4030207 0.8613589 0.006561934 0.008550822 0.999942 -0.2994072 -0.3901947 0.8706914 -0.525533 -0.6848869 0.5047229 -0.6087616 -0.7933533 0 -0.5255322 -0.6848874 -0.504723 -0.2994071 -0.3901951 -0.8706913 0.0065611 0.008551418 -0.999942 0.3092485 0.4030213 -0.861359 0.5288123 0.6891621 -0.495392 0.6087617 0.7933533 -3.50653e-7 0.4343354 0.7522896 0.4953922 0.2539989 0.4399378 0.861359 0.00538969 0.009334325 0.999942 -0.2459151 -0.4259371 0.8706913 -0.4316415 -0.7476232 0.504723 -0.5000002 -0.8660254 1.97146e-7 -0.4316403 -0.7476238 -0.504723 -0.2459148 -0.4259371 -0.8706914 0.005388855 0.009334802 -0.999942 0.253998 0.4399386 -0.8613589 0.4343345 0.7522904 -0.4953916 0.5000002 0.8660253 0 0.3324262 0.8025462 0.4953913 0.1944026 0.4693276 0.8613591 0.004125237 0.009958088 0.999942 -0.1882153 -0.4543915 0.8706914 -0.3303639 -0.797568 0.5047228 -0.3826835 -0.9238795 -4.57574e-7 -0.330363 -0.7975681 -0.5047232 -0.188215 -0.4543914 -0.8706914 0.004124402 0.009958386 -0.999942 0.1944015 0.4693282 -0.861359 0.3324251 0.8025464 -0.4953919 0.3826835 0.9238795 -6.29186e-7 0.2248288 0.8390703 0.4953918 0.1314799 0.490687 0.8613591 0.002790212 0.01041144 0.999942 -0.127295 -0.475071 0.8706914 -0.223434 -0.8338654 0.5047234 -0.258819 -0.9659259 2.36089e-7 -0.223433 -0.833866 -0.504723 -0.1272947 -0.475071 -0.8706915 0.002789258 0.01041156 -0.999942 0.1314787 0.4906873 -0.8613591 0.2248279 0.8390704 -0.4953919 0.2588191 0.9659258 0 0.1133846 0.861238 0.4953919 0.06630742 0.5036508 0.861359 0.001407325 0.01068639 0.999942 -0.06419682 -0.4876222 0.8706914 -0.1126813 -0.8558959 0.504723 -0.130526 -0.9914449 0 -0.1126803 -0.855896 -0.5047229 -0.06419652 -0.4876221 -0.8706914 0.001406431 0.01068663 -0.999942 0.06630617 0.503651 -0.861359 0.1133836 0.8612383 -0.4953917 0.1305261 0.9914449 3.75522e-7 2.95994e-7 0.8686696 0.4953919 4.83184e-7 0.5079972 0.8613588 3.77979e-7 0.01077872 0.999942 -1.82641e-7 -0.4918298 0.8706914 -6.10262e-7 -0.8632814 0.5047229 1.24129e-7 -1 -2.65296e-7 4.48257e-7 -0.8632815 -0.5047229 0 -0.4918299 -0.8706914 -4.56091e-7 0.0107789 -0.999942 -8.08908e-7 0.5079969 -0.8613589 -7.70081e-7 0.8686699 -0.4953916 -2.36877e-7 1 2.68585e-7 -0.1133835 0.8612381 0.4953919 -0.06630617 0.5036509 0.8613591 -0.001406431 0.01068657 0.999942 0.06419646 -0.4876222 0.8706914 0.1126803 -0.855896 0.5047229 0.1305262 -0.991445 0 0.1126813 -0.8558959 -0.5047231 0.06419676 -0.4876224 -0.8706912 -0.001407325 0.01068645 -0.999942 -0.06630742 0.5036507 -0.861359 -0.1133844 0.8612379 -0.4953923 -0.1305261 0.9914449 -5.99343e-7 -0.2248275 0.8390705 0.4953922 -0.1314784 0.4906873 0.8613591 -0.002789199 0.01041144 0.999942 0.1272947 -0.475071 0.8706915 0.2234331 -0.8338661 0.504723 0.2588191 -0.9659259 0 0.2234342 -0.8338657 -0.504723 0.1272951 -0.4750711 -0.8706914 -0.002790093 0.0104112 -0.999942 -0.1314798 0.4906871 -0.861359 -0.2248286 0.8390705 -0.4953917 -0.2588188 0.9659259 9.5497e-7 -0.3324249 0.8025462 0.4953922 -0.1944014 0.4693282 0.861359 -0.004124343 0.009958386 0.999942 0.188215 -0.4543917 0.8706913 0.330363 -0.7975682 0.5047231 0.3826833 -0.9238796 -1.41167e-7 0.3303639 -0.7975677 -0.5047233 0.1882152 -0.4543915 -0.8706914 -0.004125118 0.009957909 -0.999942 -0.1944025 0.4693278 -0.8613588 -0.3324257 0.8025455 -0.4953926 -0.3826833 0.9238796 -6.4162e-7 -0.4343343 0.7522901 0.4953922 -0.2539978 0.4399384 0.861359 -0.005388915 0.009334802 0.999942 0.2459147 -0.4259372 0.8706914 0.4316402 -0.7476238 0.5047232 0.5 -0.8660255 3.13974e-7 0.4316412 -0.7476235 -0.504723 0.2459149 -0.4259371 -0.8706914 -0.00538975 0.009334325 -0.999942 -0.2539993 0.4399381 -0.8613588 -0.4343354 0.7522899 -0.4953916 -0.5000001 0.8660255 1.91491e-7 -0.5288122 0.6891621 0.4953919 -0.3092484 0.4030212 0.8613591 -0.006561279 0.008551418 0.999942 0.299407 -0.3901948 0.8706914 0.5255321 -0.6848873 0.5047231 0.6087618 -0.7933531 -1.48468e-7 0.525533 -0.6848868 -0.504723 0.2994072 -0.3901947 -0.8706914 -0.006561934 0.008550822 -0.999942 -0.3092494 0.4030205 -0.861359 -0.5288128 0.6891615 -0.4953923 -0.6087616 0.7933534 -2.73559e-7 -0.6142418 0.6142423 0.4953922 -0.3592076 0.3592084 0.861359 -0.007621347 0.007621884 0.999942 0.3477761 -0.3477762 0.8706914 0.6104317 -0.6104325 0.5047231 0.7071068 -0.7071068 0 0.6104324 -0.6104317 -0.5047232 0.3477763 -0.347776 -0.8706915 -0.007621943 0.007621347 -0.999942 -0.3592085 0.3592074 -0.861359 -0.6142426 0.6142417 -0.495392 -0.707107 0.7071066 0 -0.6891617 0.5288128 0.4953919 -0.4030206 0.3092495 0.861359 -0.00855112 0.006561994 0.999942 0.3901947 -0.2994071 0.8706914 0.6848868 -0.5255329 0.5047231 0.7933532 -0.6087617 1.41167e-7 0.6848874 -0.525532 -0.5047231 0.390195 -0.2994069 -0.8706915 -0.008551537 0.006561219 -0.999942 -0.4030215 0.3092484 -0.861359 -0.6891623 0.5288123 -0.4953917 -0.7933535 0.6087613 0 -0.7522896 0.4343354 0.495392 -0.4399378 0.2539994 0.8613588 -0.009334385 0.00538975 0.999942 0.4259371 -0.2459149 0.8706914 0.7476233 -0.4316411 0.504723 0.8660253 -0.5000001 0 0.7476238 -0.4316404 -0.504723 0.4259373 -0.2459148 -0.8706914 -0.009334921 0.005389034 -0.999942 -0.4399386 0.253998 -0.861359 -0.75229 0.4343348 -0.4953922 -0.8660253 0.5000002 0 -0.8025457 0.3324261 0.495392 -0.4693278 0.1944024 0.8613589 -0.009958028 0.004125237 0.999942 0.4543914 -0.1882151 0.8706914 0.7975677 -0.330364 0.5047231 0.9238795 -0.3826837 0 0.7975682 -0.3303629 -0.5047232 0.4543916 -0.1882151 -0.8706913 -0.009958267 0.004124402 -0.999942 -0.4693282 0.1944016 -0.8613588 -0.8025462 0.3324253 -0.4953919 -0.9238795 0.3826836 0 -0.8390703 0.2248286 0.4953919 -0.4906871 0.13148 0.861359 -0.01041138 0.002790093 0.999942 0.475071 -0.127295 0.8706914 0.8338655 -0.2234343 0.5047231 0.9659259 -0.2588192 0 0.8338658 -0.2234331 -0.5047231 0.4750711 -0.1272947 -0.8706914 -0.0104115 0.002789199 -0.999942 -0.4906874 0.1314786 -0.861359 -0.8390705 0.2248279 -0.4953919 -0.965926 0.2588187 0 -0.861238 0.1133845 0.4953919 -0.5036508 0.06630772 0.861359 -0.01068639 0.001407325 0.999942 0.4876222 -0.06419664 0.8706913 0.8558957 -0.1126813 0.5047231 0.991445 -0.1305262 0 0.855896 -0.1126803 -0.5047231 0.4876223 -0.06419646 -0.8706914 -0.01068645 0.001406431 -0.999942 -0.5036509 0.06630605 -0.861359 -0.8612381 0.1133837 -0.4953919 -0.991445 0.1305263 0 -0.8686696 4.26926e-7 0.4953919 -0.507997 4.43047e-7 0.8613589 -0.0107786 4.17112e-7 0.999942 0.49183 0 0.8706914 0.8632813 -3.95879e-7 0.5047231 1 0 0 0.8632814 3.24621e-7 -0.5047231 0.4918299 0 -0.8706913 -0.01077872 -4.21255e-7 -0.999942 -0.507997 -3.95192e-7 -0.8613589 -0.8686697 -3.4998e-7 -0.4953919 -1 0 0 -0.8612381 -0.1133836 0.495392 -0.503651 -0.06630605 0.861359 -0.01068639 -0.001406431 0.999942 0.4876223 0.0641964 0.8706913 0.8558959 0.1126802 0.5047231 0.991445 0.1305261 0 0.8558957 0.1126813 -0.5047231 0.4876223 0.06419658 -0.8706914 -0.01068633 -0.001407325 -0.999942 -0.5036509 -0.06630772 -0.861359 -0.8612381 -0.1133844 -0.4953919 -0.9914449 -0.1305263 0 -0.8390706 -0.2248277 0.4953919 -0.4906875 -0.1314781 0.8613591 -0.0104115 -0.002789318 0.999942 0.4750713 0.1272946 0.8706913 0.8338658 0.2234331 0.5047231 0.9659259 0.2588188 0 0.8338655 0.2234342 -0.5047231 0.4750711 0.127295 -0.8706914 -0.01041126 -0.002790033 -0.999942 -0.490687 -0.1314798 -0.861359 -0.8390704 -0.2248283 -0.495392 -0.9659259 -0.2588188 0 -0.8025463 -0.3324249 0.4953919 -0.4693283 -0.1944013 0.861359 -0.009958386 -0.004124462 0.999942 0.4543917 0.1882148 0.8706914 0.7975683 0.3303631 0.5047229 0.9238798 0.382683 0 0.7975677 0.3303639 -0.5047231 0.4543914 0.188215 -0.8706914 -0.009957909 -0.004125118 -0.999942 -0.4693278 -0.1944024 -0.8613589 -0.802546 -0.3324256 -0.495392 -0.9238797 -0.3826832 0 -0.7522902 -0.434334 0.4953922 -0.4399386 -0.2539981 0.8613589 -0.009334802 -0.005388975 0.999942 0.4259371 0.2459144 0.8706915 0.7476239 0.4316402 0.504723 0.8660257 0.4999995 0 0.7476235 0.4316409 -0.504723 0.4259369 0.2459147 -0.8706915 -0.009334444 -0.00538975 -0.999942 -0.4399379 -0.2539991 -0.861359 -0.7522895 -0.4343355 -0.4953918 -0.8660255 -0.5 0 -0.6891624 -0.5288121 0.4953919 -0.4030215 -0.3092485 0.8613588 -0.008551478 -0.00656116 0.999942 0.3901949 0.2994067 0.8706915 0.6848875 0.5255319 0.5047231 0.7933531 0.6087617 0 0.6848868 0.5255329 -0.5047231 0.3901947 0.299407 -0.8706914 -0.00855112 -0.006561934 -0.999942 -0.4030206 -0.3092494 -0.861359 -0.6891615 -0.528813 -0.495392 -0.7933534 -0.6087614 0 -0.6142428 -0.6142415 0.4953921 -0.3592087 -0.3592073 0.861359 -0.007622003 -0.007621407 0.999942 0.3477764 0.3477761 0.8706913 0.6104326 0.6104315 0.5047231 0.707107 0.7071066 0 0.6104319 0.6104324 -0.5047229 0.3477761 0.3477762 -0.8706915 -0.007621288 -0.007621884 -0.999942 -0.3592076 -0.3592083 -0.8613591 -0.614242 -0.6142423 -0.4953921 -0.7071071 -0.7071065 0 -0.5288131 -0.6891614 0.4953922 -0.3092494 -0.4030206 0.861359 -0.006561994 -0.008551061 0.999942 0.2994073 0.3901947 0.8706914 0.5255331 0.6848866 0.504723 0.608762 0.7933531 1.33865e-7 0.5255324 0.6848872 -0.504723 0.2994071 0.3901948 -0.8706914 -0.006561398 -0.008551597 -0.999942 -0.3092486 -0.4030211 -0.861359 -0.5288124 -0.6891621 -0.495392 -0.6087617 -0.7933531 0 -0.4343354 -0.7522897 0.4953918 -0.2539992 -0.439938 0.8613588 -0.005389869 -0.009334564 0.999942 0.2459149 0.4259369 0.8706914 0.4316412 0.7476233 0.504723 0.4999999 0.8660255 -1.70373e-7 0.4316402 0.7476238 -0.5047232 0.2459146 0.4259369 -0.8706915 -0.005388915 -0.009334862 -0.999942 -0.2539979 -0.4399386 -0.861359 -0.4343344 -0.7522903 -0.4953918 -0.5000002 -0.8660253 1.84031e-7 -0.3324259 -0.802546 0.4953919 -0.1944026 -0.4693277 0.8613589 -0.004125118 -0.009957909 0.999942 0.1882153 0.4543916 0.8706914 0.330364 0.7975676 0.5047233 0.3826835 0.9238795 -2.06882e-7 0.330363 0.7975682 -0.5047231 0.188215 0.4543914 -0.8706914 -0.004124402 -0.009958386 -0.999942 -0.1944014 -0.4693282 -0.8613589 -0.332425 -0.8025464 -0.4953919 -0.3826835 -0.9238795 5.96856e-7 -0.2248291 -0.8390701 0.4953922 -0.13148 -0.4906871 0.8613589 -0.002790033 -0.01041126 0.999942 0.1272953 0.4750711 0.8706914 0.2234343 0.8338654 0.5047233 0.2588194 0.9659258 0 0.2234335 0.8338659 -0.5047231 0.127295 0.4750712 -0.8706914 -0.002789258 -0.0104115 -0.999942 -0.1314787 -0.4906876 -0.861359 -0.224828 -0.8390704 -0.4953922 -0.2588194 -0.9659258 3.43192e-7 -0.1133849 -0.8612379 0.4953919 -0.06630772 -0.5036507 0.8613591 -0.001407325 -0.01068621 0.999942 0.06419694 0.4876222 0.8706914 0.1126816 0.8558957 0.5047231 0.1305264 0.9914449 -3.33445e-7 0.1126806 0.8558958 -0.5047232 0.0641967 0.4876222 -0.8706914 -0.001406371 -0.01068627 -0.999942 -0.06630641 -0.5036512 -0.861359 -0.113384 -0.861238 -0.4953922 -0.1305264 -0.9914448 1.31806e-7 -6.82586e-7 -0.8686699 0.4953915 -7.55341e-7 -0.5079969 0.861359 -4.3921e-7 -0.01077872 0.999942 0 0.49183 0.8706914 5.76765e-7 0.8632812 0.5047233 3.01196e-7 1 0 -3.95879e-7 0.8632815 -0.5047229 0 0.4918299 -0.8706914 4.27547e-7 -0.01077854 -0.999942 5.56356e-7 -0.5079969 -0.861359 3.99623e-7 -0.8686696 -0.4953922 -1.24345e-7 -1 0 0.1133836 -0.8612383 0.4953917 0.06630611 -0.5036509 0.8613591 0.00140649 -0.01068639 0.999942 -0.06419646 0.4876223 0.8706914 -0.1126802 0.8558961 0.504723 -0.130526 0.9914449 0 -0.1126812 0.8558959 -0.5047229 -0.06419682 0.4876223 -0.8706914 0.001407325 -0.01068627 -0.999942 0.06630748 -0.5036509 -0.861359 0.1133844 -0.8612381 -0.4953918 0.1305259 -0.9914449 0 0.2248276 -0.8390704 0.4953922 0.1314786 -0.4906874 0.861359 0.002789139 -0.01041138 0.999942 -0.1272947 0.4750714 0.8706914 -0.2234329 0.833866 0.5047231 -0.2588188 0.9659259 1.36299e-7 -0.2234339 0.8338657 -0.5047231 -0.1272948 0.475071 -0.8706914 0.002790153 -0.01041114 -0.999942 0.1314797 -0.4906869 -0.8613592 0.2248287 -0.8390702 -0.4953923 0.2588189 -0.9659259 3.90443e-7 0.3324249 -0.8025463 0.4953921 0.1944013 -0.4693282 0.8613589 0.004124462 -0.009958446 0.999942 -0.1882148 0.4543916 0.8706914 -0.3303629 0.7975682 0.5047231 -0.3826833 0.9238796 1.53336e-7 -0.3303638 0.797568 -0.5047228 -0.1882151 0.4543914 -0.8706914 0.004125177 -0.009957909 -0.999942 0.1944026 -0.4693278 -0.8613589 0.332426 -0.8025459 -0.495392 0.3826835 -0.9238796 2.95941e-7 0.4343344 -0.7522903 0.4953917 0.2539978 -0.4399384 0.8613591 0.005388855 -0.009334743 0.999942 -0.2459147 0.4259372 0.8706914 -0.4316403 0.7476239 0.504723 -0.5000002 0.8660254 -3.52916e-7 -0.4316412 0.7476232 -0.5047232 -0.2459149 0.4259371 -0.8706914 0.00538969 -0.009334385 -0.999942 0.2539989 -0.439938 -0.8613589 0.4343352 -0.7522897 -0.495392 0.5 -0.8660256 -5.81935e-7 0.5288118 -0.6891625 0.4953921 0.3092482 -0.4030216 0.861359 0.0065611 -0.008551537 0.999942 -0.2994068 0.390195 0.8706914 -0.5255318 0.6848877 0.504723 -0.6087611 0.7933536 0 -0.5255327 0.6848868 -0.5047231 -0.299407 0.3901949 -0.8706914 0.006561934 -0.008551001 -0.999942 0.3092492 -0.4030206 -0.861359 0.5288128 -0.6891619 -0.4953918 0.6087611 -0.7933536 1.54188e-7 0.6142417 -0.6142428 0.4953918 0.3592075 -0.3592087 0.8613589 0.007621347 -0.007621943 0.999942 -0.3477761 0.3477763 0.8706914 -0.6104314 0.6104326 0.5047231 -0.7071065 0.7071071 0 -0.6104323 0.6104321 -0.5047229 -0.3477762 0.3477762 -0.8706914 0.007621943 -0.007621407 -0.999942 0.3592085 -0.3592077 -0.8613589 0.6142423 -0.6142421 -0.4953917 0.7071065 -0.7071071 0 0.6891617 -0.528813 0.495392 0.4030207 -0.3092495 0.8613589 0.00855112 -0.006561994 0.999942 -0.3901948 0.2994071 0.8706914 -0.6848868 0.5255327 0.5047231 -0.7933535 0.6087613 -2.92069e-7 -0.6848875 0.5255318 -0.5047233 -0.3901949 0.299407 -0.8706914 0.008551597 -0.006561279 -0.999942 0.4030215 -0.3092485 -0.8613589 0.6891623 -0.5288121 -0.495392 0.7933533 -0.6087615 1.96465e-7 0.7522896 -0.4343355 0.495392 0.4399378 -0.2539991 0.8613589 0.009334325 -0.005389571 0.999942 -0.425937 0.2459151 0.8706914 -0.7476232 0.4316415 0.5047231 -0.8660252 0.5000005 0 -0.7476238 0.4316402 -0.5047231 -0.4259373 0.2459149 -0.8706912 0.009334802 -0.005388855 -0.999942 0.4399385 -0.253998 -0.8613589 0.7522902 -0.4343342 -0.4953921 0.8660253 -0.5000002 0 0.8025458 -0.332426 0.4953921 0.4693278 -0.1944025 0.8613589 0.009958028 -0.004125237 0.999942 -0.4543915 0.1882152 0.8706914 -0.7975677 0.3303643 0.504723 -0.9238795 0.3826837 0 -0.797568 0.3303631 -0.5047232 -0.4543916 0.1882153 -0.8706912 0.009958386 -0.004124283 -0.999942 0.4693281 -0.1944014 -0.861359 0.8025462 -0.3324253 -0.4953921 0.9238795 -0.3826838 0 0.8390702 -0.2248288 0.4953919 0.490687 -0.1314798 0.861359 0.01041126 -0.002789974 0.999942 -0.4750711 0.1272948 0.8706914 -0.8338656 0.2234343 0.504723 -0.9659259 0.2588192 0 -0.8338659 0.2234328 -0.5047232 -0.4750711 0.1272946 -0.8706914 0.01041156 -0.002789258 -0.999942 0.4906874 -0.1314786 -0.8613591 0.8390707 -0.2248275 -0.495392 0.9659259 -0.2588186 0 0.861238 -0.1133846 0.4953918 0.5036509 -0.0663076 0.861359 0.01068645 -0.001407206 0.999942 -0.4876222 0.06419652 0.8706914 -0.8558959 0.1126812 0.5047231 -0.9914449 0.1305262 0 -0.8558959 0.1126804 -0.504723 -0.4876222 0.06419646 -0.8706914 0.01068651 -0.001406431 -0.999942 0.5036511 -0.06630623 -0.861359 0.8612381 -0.1133838 -0.4953919 0.9914449 -0.130526 0</float_array>
          <technique_common>
            <accessor source="#Torus_001-mesh-normals-array" count="576" stride="3">
              <param name="X" type="float"/>
              <param name="Y" type="float"/>
              <param name="Z" type="float"/>
            </accessor>
          </technique_common>
        </source>
        <source id="Torus_001-mesh-map-0">
          <float_array id="Torus_001-mesh-map-0-array" count="6912">0.5 0.5 0.5208333 0.5833333 0.5 0.5833333 0.5 0.5833333 0.5208333 0.6666667 0.5 0.6666667 0.5 0.6666667 0.5208333 0.75 0.5 0.75 0.5 0.75 0.5208333 0.8333333 0.5 0.8333333 0.5 0.8333333 0.5208333 0.9166667 0.5 0.9166667 0.5 0.9166667 0.5208333 1 0.5 1 0.5 0 0.5208333 0.08333331 0.5 0.08333331 0.5 0.08333331 0.5208333 0.1666666 0.5 0.1666666 0.5 0.1666666 0.5208333 0.25 0.5 0.25 0.5 0.25 0.5208333 0.3333333 0.5 0.3333333 0.5 0.3333333 0.5208333 0.4166666 0.5 0.4166666 0.5 0.4166666 0.5208333 0.5 0.5 0.5 0.5208333 0.5 0.5416667 0.5833333 0.5208333 0.5833333 0.5208333 0.5833333 0.5416667 0.6666667 0.5208333 0.6666667 0.5208333 0.6666667 0.5416667 0.75 0.5208333 0.75 0.5208333 0.75 0.5416667 0.8333333 0.5208333 0.8333333 0.5208333 0.8333333 0.5416667 0.9166667 0.5208333 0.9166667 0.5208333 0.9166667 0.5416667 1 0.5208333 1 0.5208333 0 0.5416667 0.08333331 0.5208333 0.08333331 0.5208333 0.08333331 0.5416667 0.1666666 0.5208333 0.1666666 0.5208333 0.1666666 0.5416667 0.25 0.5208333 0.25 0.5208333 0.25 0.5416667 0.3333333 0.5208333 0.3333333 0.5208333 0.3333333 0.5416667 0.4166666 0.5208333 0.4166666 0.5208333 0.4166666 0.5416667 0.5 0.5208333 0.5 0.5416667 0.5 0.5625 0.5833333 0.5416667 0.5833333 0.5416667 0.5833333 0.5625 0.6666667 0.5416667 0.6666667 0.5416667 0.6666667 0.5625 0.75 0.5416667 0.75 0.5416667 0.75 0.5625 0.8333333 0.5416667 0.8333333 0.5416667 0.8333333 0.5625 0.9166667 0.5416667 0.9166667 0.5416667 0.9166667 0.5625 1 0.5416667 1 0.5416667 0 0.5625 0.08333331 0.5416667 0.08333331 0.5416667 0.08333331 0.5625 0.1666666 0.5416667 0.1666666 0.5416667 0.1666666 0.5625 0.25 0.5416667 0.25 0.5416667 0.25 0.5625 0.3333333 0.5416667 0.3333333 0.5416667 0.3333333 0.5625 0.4166666 0.5416667 0.4166666 0.5416667 0.4166666 0.5625 0.5 0.5416667 0.5 0.5625 0.5 0.5833333 0.5833333 0.5625 0.5833333 0.5625 0.5833333 0.5833333 0.6666667 0.5625 0.6666667 0.5625 0.6666667 0.5833333 0.75 0.5625 0.75 0.5625 0.75 0.5833333 0.8333333 0.5625 0.8333333 0.5625 0.8333333 0.5833333 0.9166667 0.5625 0.9166667 0.5625 0.9166667 0.5833333 1 0.5625 1 0.5625 0 0.5833333 0.08333331 0.5625 0.08333331 0.5625 0.08333331 0.5833333 0.1666666 0.5625 0.1666666 0.5625 0.1666666 0.5833333 0.25 0.5625 0.25 0.5625 0.25 0.5833333 0.3333333 0.5625 0.3333333 0.5625 0.3333333 0.5833333 0.4166666 0.5625 0.4166666 0.5625 0.4166666 0.5833333 0.5 0.5625 0.5 0.5833333 0.5 0.6041667 0.5833333 0.5833333 0.5833333 0.5833333 0.5833333 0.6041667 0.6666667 0.5833333 0.6666667 0.5833333 0.6666667 0.6041667 0.75 0.5833333 0.75 0.5833333 0.75 0.6041667 0.8333333 0.5833333 0.8333333 0.5833333 0.8333333 0.6041667 0.9166667 0.5833333 0.9166667 0.5833333 0.9166667 0.6041667 1 0.5833333 1 0.5833333 0 0.6041667 0.08333331 0.5833333 0.08333331 0.5833333 0.08333331 0.6041667 0.1666666 0.5833333 0.1666666 0.5833333 0.1666666 0.6041667 0.25 0.5833333 0.25 0.5833333 0.25 0.6041667 0.3333333 0.5833333 0.3333333 0.5833333 0.3333333 0.6041667 0.4166666 0.5833333 0.4166666 0.5833333 0.4166666 0.6041667 0.5 0.5833333 0.5 0.6041667 0.5 0.625 0.5833333 0.6041667 0.5833333 0.6041667 0.5833333 0.625 0.6666667 0.6041667 0.6666667 0.6041667 0.6666667 0.625 0.75 0.6041667 0.75 0.6041667 0.75 0.625 0.8333333 0.6041667 0.8333333 0.6041667 0.8333333 0.625 0.9166667 0.6041667 0.9166667 0.6041667 0.9166667 0.625 1 0.6041667 1 0.6041667 0 0.625 0.08333331 0.6041667 0.08333331 0.6041667 0.08333331 0.625 0.1666666 0.6041667 0.1666666 0.6041667 0.1666666 0.625 0.25 0.6041667 0.25 0.6041667 0.25 0.625 0.3333333 0.6041667 0.3333333 0.6041667 0.3333333 0.625 0.4166666 0.6041667 0.4166666 0.6041667 0.4166666 0.625 0.5 0.6041667 0.5 0.625 0.5 0.6458333 0.5833333 0.625 0.5833333 0.625 0.5833333 0.6458333 0.6666667 0.625 0.6666667 0.625 0.6666667 0.6458333 0.75 0.625 0.75 0.625 0.75 0.6458333 0.8333333 0.625 0.8333333 0.625 0.8333333 0.6458333 0.9166667 0.625 0.9166667 0.625 0.9166667 0.6458333 1 0.625 1 0.625 0 0.6458333 0.08333331 0.625 0.08333331 0.625 0.08333331 0.6458333 0.1666666 0.625 0.1666666 0.625 0.1666666 0.6458333 0.25 0.625 0.25 0.625 0.25 0.6458333 0.3333333 0.625 0.3333333 0.625 0.3333333 0.6458333 0.4166666 0.625 0.4166666 0.625 0.4166666 0.6458333 0.5 0.625 0.5 0.6458333 0.5 0.6666667 0.5833333 0.6458333 0.5833333 0.6458333 0.5833333 0.6666667 0.6666667 0.6458333 0.6666667 0.6458333 0.6666667 0.6666667 0.75 0.6458333 0.75 0.6458333 0.75 0.6666667 0.8333333 0.6458333 0.8333333 0.6458333 0.8333333 0.6666667 0.9166667 0.6458333 0.9166667 0.6458333 0.9166667 0.6666667 1 0.6458333 1 0.6458333 0 0.6666667 0.08333331 0.6458333 0.08333331 0.6458333 0.08333331 0.6666667 0.1666666 0.6458333 0.1666666 0.6458333 0.1666666 0.6666667 0.25 0.6458333 0.25 0.6458333 0.25 0.6666667 0.3333333 0.6458333 0.3333333 0.6458333 0.3333333 0.6666667 0.4166666 0.6458333 0.4166666 0.6458333 0.4166666 0.6666667 0.5 0.6458333 0.5 0.6666667 0.5 0.6875 0.5833333 0.6666667 0.5833333 0.6666667 0.5833333 0.6875 0.6666667 0.6666667 0.6666667 0.6666667 0.6666667 0.6875 0.75 0.6666667 0.75 0.6666667 0.75 0.6875 0.8333333 0.6666667 0.8333333 0.6666667 0.8333333 0.6875 0.9166667 0.6666667 0.9166667 0.6666667 0.9166667 0.6875 1 0.6666667 1 0.6666667 0 0.6875 0.08333331 0.6666667 0.08333331 0.6666667 0.08333331 0.6875 0.1666666 0.6666667 0.1666666 0.6666667 0.1666666 0.6875 0.25 0.6666667 0.25 0.6666667 0.25 0.6875 0.3333333 0.6666667 0.3333333 0.6666667 0.3333333 0.6875 0.4166666 0.6666667 0.4166666 0.6666667 0.4166666 0.6875 0.5 0.6666667 0.5 0.6875 0.5 0.7083333 0.5833333 0.6875 0.5833333 0.6875 0.5833333 0.7083333 0.6666667 0.6875 0.6666667 0.6875 0.6666667 0.7083333 0.75 0.6875 0.75 0.6875 0.75 0.7083333 0.8333333 0.6875 0.8333333 0.6875 0.8333333 0.7083333 0.9166667 0.6875 0.9166667 0.6875 0.9166667 0.7083333 1 0.6875 1 0.6875 0 0.7083333 0.08333331 0.6875 0.08333331 0.6875 0.08333331 0.7083333 0.1666666 0.6875 0.1666666 0.6875 0.1666666 0.7083333 0.25 0.6875 0.25 0.6875 0.25 0.7083333 0.3333333 0.6875 0.3333333 0.6875 0.3333333 0.7083333 0.4166666 0.6875 0.4166666 0.6875 0.4166666 0.7083333 0.5 0.6875 0.5 0.7083333 0.5 0.7291667 0.5833333 0.7083333 0.5833333 0.7083333 0.5833333 0.7291667 0.6666667 0.7083333 0.6666667 0.7083333 0.6666667 0.7291667 0.75 0.7083333 0.75 0.7083333 0.75 0.7291667 0.8333333 0.7083333 0.8333333 0.7083333 0.8333333 0.7291667 0.9166667 0.7083333 0.9166667 0.7083333 0.9166667 0.7291667 1 0.7083333 1 0.7083333 0 0.7291667 0.08333331 0.7083333 0.08333331 0.7083333 0.08333331 0.7291667 0.1666666 0.7083333 0.1666666 0.7083333 0.1666666 0.7291667 0.25 0.7083333 0.25 0.7083333 0.25 0.7291667 0.3333333 0.7083333 0.3333333 0.7083333 0.3333333 0.7291667 0.4166666 0.7083333 0.4166666 0.7083333 0.4166666 0.7291667 0.5 0.7083333 0.5 0.7291667 0.5 0.75 0.5833333 0.7291667 0.5833333 0.7291667 0.5833333 0.75 0.6666667 0.7291667 0.6666667 0.7291667 0.6666667 0.75 0.75 0.7291667 0.75 0.7291667 0.75 0.75 0.8333333 0.7291667 0.8333333 0.7291667 0.8333333 0.75 0.9166667 0.7291667 0.9166667 0.7291667 0.9166667 0.75 1 0.7291667 1 0.7291667 0 0.75 0.08333331 0.7291667 0.08333331 0.7291667 0.08333331 0.75 0.1666666 0.7291667 0.1666666 0.7291667 0.1666666 0.75 0.25 0.7291667 0.25 0.7291667 0.25 0.75 0.3333333 0.7291667 0.3333333 0.7291667 0.3333333 0.75 0.4166666 0.7291667 0.4166666 0.7291667 0.4166666 0.75 0.5 0.7291667 0.5 0.75 0.5 0.7708333 0.5833333 0.75 0.5833333 0.75 0.5833333 0.7708333 0.6666667 0.75 0.6666667 0.75 0.6666667 0.7708333 0.75 0.75 0.75 0.75 0.75 0.7708333 0.8333333 0.75 0.8333333 0.75 0.8333333 0.7708333 0.9166667 0.75 0.9166667 0.75 0.9166667 0.7708333 1 0.75 1 0.75 0 0.7708333 0.08333331 0.75 0.08333331 0.75 0.08333331 0.7708333 0.1666666 0.75 0.1666666 0.75 0.1666666 0.7708333 0.25 0.75 0.25 0.75 0.25 0.7708333 0.3333333 0.75 0.3333333 0.75 0.3333333 0.7708333 0.4166666 0.75 0.4166666 0.75 0.4166666 0.7708333 0.5 0.75 0.5 0.7708333 0.5 0.7916667 0.5833333 0.7708333 0.5833333 0.7708333 0.5833333 0.7916667 0.6666667 0.7708333 0.6666667 0.7708333 0.6666667 0.7916667 0.75 0.7708333 0.75 0.7708333 0.75 0.7916667 0.8333333 0.7708333 0.8333333 0.7708333 0.8333333 0.7916667 0.9166667 0.7708333 0.9166667 0.7708333 0.9166667 0.7916667 1 0.7708333 1 0.7708333 0 0.7916667 0.08333331 0.7708333 0.08333331 0.7708333 0.08333331 0.7916667 0.1666666 0.7708333 0.1666666 0.7708333 0.1666666 0.7916667 0.25 0.7708333 0.25 0.7708333 0.25 0.7916667 0.3333333 0.7708333 0.3333333 0.7708333 0.3333333 0.7916667 0.4166666 0.7708333 0.4166666 0.7708333 0.4166666 0.7916667 0.5 0.7708333 0.5 0.7916667 0.5 0.8125 0.5833333 0.7916667 0.5833333 0.7916667 0.5833333 0.8125 0.6666667 0.7916667 0.6666667 0.7916667 0.6666667 0.8125 0.75 0.7916667 0.75 0.7916667 0.75 0.8125 0.8333333 0.7916667 0.8333333 0.7916667 0.8333333 0.8125 0.9166667 0.7916667 0.9166667 0.7916667 0.9166667 0.8125 1 0.7916667 1 0.7916667 0 0.8125 0.08333331 0.7916667 0.08333331 0.7916667 0.08333331 0.8125 0.1666666 0.7916667 0.1666666 0.7916667 0.1666666 0.8125 0.25 0.7916667 0.25 0.7916667 0.25 0.8125 0.3333333 0.7916667 0.3333333 0.7916667 0.3333333 0.8125 0.4166666 0.7916667 0.4166666 0.7916667 0.4166666 0.8125 0.5 0.7916667 0.5 0.8125 0.5 0.8333333 0.5833333 0.8125 0.5833333 0.8125 0.5833333 0.8333333 0.6666667 0.8125 0.6666667 0.8125 0.6666667 0.8333333 0.75 0.8125 0.75 0.8125 0.75 0.8333333 0.8333333 0.8125 0.8333333 0.8125 0.8333333 0.8333333 0.9166667 0.8125 0.9166667 0.8125 0.9166667 0.8333333 1 0.8125 1 0.8125 0 0.8333333 0.08333331 0.8125 0.08333331 0.8125 0.08333331 0.8333333 0.1666666 0.8125 0.1666666 0.8125 0.1666666 0.8333333 0.25 0.8125 0.25 0.8125 0.25 0.8333333 0.3333333 0.8125 0.3333333 0.8125 0.3333333 0.8333333 0.4166666 0.8125 0.4166666 0.8125 0.4166666 0.8333333 0.5 0.8125 0.5 0.8333333 0.5 0.8541667 0.5833333 0.8333333 0.5833333 0.8333333 0.5833333 0.8541667 0.6666667 0.8333333 0.6666667 0.8333333 0.6666667 0.8541667 0.75 0.8333333 0.75 0.8333333 0.75 0.8541667 0.8333333 0.8333333 0.8333333 0.8333333 0.8333333 0.8541667 0.9166667 0.8333333 0.9166667 0.8333333 0.9166667 0.8541667 1 0.8333333 1 0.8333333 0 0.8541667 0.08333331 0.8333333 0.08333331 0.8333333 0.08333331 0.8541667 0.1666666 0.8333333 0.1666666 0.8333333 0.1666666 0.8541667 0.25 0.8333333 0.25 0.8333333 0.25 0.8541667 0.3333333 0.8333333 0.3333333 0.8333333 0.3333333 0.8541667 0.4166666 0.8333333 0.4166666 0.8333333 0.4166666 0.8541667 0.5 0.8333333 0.5 0.8541667 0.5 0.875 0.5833333 0.8541667 0.5833333 0.8541667 0.5833333 0.875 0.6666667 0.8541667 0.6666667 0.8541667 0.6666667 0.875 0.75 0.8541667 0.75 0.8541667 0.75 0.875 0.8333333 0.8541667 0.8333333 0.8541667 0.8333333 0.875 0.9166667 0.8541667 0.9166667 0.8541667 0.9166667 0.875 1 0.8541667 1 0.8541667 0 0.875 0.08333331 0.8541667 0.08333331 0.8541667 0.08333331 0.875 0.1666666 0.8541667 0.1666666 0.8541667 0.1666666 0.875 0.25 0.8541667 0.25 0.8541667 0.25 0.875 0.3333333 0.8541667 0.3333333 0.8541667 0.3333333 0.875 0.4166666 0.8541667 0.4166666 0.8541667 0.4166666 0.875 0.5 0.8541667 0.5 0.875 0.5 0.8958333 0.5833333 0.875 0.5833333 0.875 0.5833333 0.8958333 0.6666667 0.875 0.6666667 0.875 0.6666667 0.8958333 0.75 0.875 0.75 0.875 0.75 0.8958333 0.8333333 0.875 0.8333333 0.875 0.8333333 0.8958333 0.9166667 0.875 0.9166667 0.875 0.9166667 0.8958333 1 0.875 1 0.875 0 0.8958333 0.08333331 0.875 0.08333331 0.875 0.08333331 0.8958333 0.1666666 0.875 0.1666666 0.875 0.1666666 0.8958333 0.25 0.875 0.25 0.875 0.25 0.8958333 0.3333333 0.875 0.3333333 0.875 0.3333333 0.8958333 0.4166666 0.875 0.4166666 0.875 0.4166666 0.8958333 0.5 0.875 0.5 0.8958333 0.5 0.9166667 0.5833333 0.8958333 0.5833333 0.8958333 0.5833333 0.9166667 0.6666667 0.8958333 0.6666667 0.8958333 0.6666667 0.9166667 0.75 0.8958333 0.75 0.8958333 0.75 0.9166667 0.8333333 0.8958333 0.8333333 0.8958333 0.8333333 0.9166667 0.9166667 0.8958333 0.9166667 0.8958333 0.9166667 0.9166667 1 0.8958333 1 0.8958333 0 0.9166667 0.08333331 0.8958333 0.08333331 0.8958333 0.08333331 0.9166667 0.1666666 0.8958333 0.1666666 0.8958333 0.1666666 0.9166667 0.25 0.8958333 0.25 0.8958333 0.25 0.9166667 0.3333333 0.8958333 0.3333333 0.8958333 0.3333333 0.9166667 0.4166666 0.8958333 0.4166666 0.8958333 0.4166666 0.9166667 0.5 0.8958333 0.5 0.9166667 0.5 0.9375 0.5833333 0.9166667 0.5833333 0.9166667 0.5833333 0.9375 0.6666667 0.9166667 0.6666667 0.9166667 0.6666667 0.9375 0.75 0.9166667 0.75 0.9166667 0.75 0.9375 0.8333333 0.9166667 0.8333333 0.9166667 0.8333333 0.9375 0.9166667 0.9166667 0.9166667 0.9166667 0.9166667 0.9375 1 0.9166667 1 0.9166667 0 0.9375 0.08333331 0.9166667 0.08333331 0.9166667 0.08333331 0.9375 0.1666666 0.9166667 0.1666666 0.9166667 0.1666666 0.9375 0.25 0.9166667 0.25 0.9166667 0.25 0.9375 0.3333333 0.9166667 0.3333333 0.9166667 0.3333333 0.9375 0.4166666 0.9166667 0.4166666 0.9166667 0.4166666 0.9375 0.5 0.9166667 0.5 0.9375 0.5 0.9583333 0.5833333 0.9375 0.5833333 0.9375 0.5833333 0.9583333 0.6666667 0.9375 0.6666667 0.9375 0.6666667 0.9583333 0.75 0.9375 0.75 0.9375 0.75 0.9583333 0.8333333 0.9375 0.8333333 0.9375 0.8333333 0.9583333 0.9166667 0.9375 0.9166667 0.9375 0.9166667 0.9583333 1 0.9375 1 0.9375 0 0.9583333 0.08333331 0.9375 0.08333331 0.9375 0.08333331 0.9583333 0.1666666 0.9375 0.1666666 0.9375 0.1666666 0.9583333 0.25 0.9375 0.25 0.9375 0.25 0.9583333 0.3333333 0.9375 0.3333333 0.9375 0.3333333 0.9583333 0.4166666 0.9375 0.4166666 0.9375 0.4166666 0.9583333 0.5 0.9375 0.5 0.9583333 0.5 0.9791667 0.5833333 0.9583333 0.5833333 0.9583333 0.5833333 0.9791667 0.6666667 0.9583333 0.6666667 0.9583333 0.6666667 0.9791667 0.75 0.9583333 0.75 0.9583333 0.75 0.9791667 0.8333333 0.9583333 0.8333333 0.9583333 0.8333333 0.9791667 0.9166667 0.9583333 0.9166667 0.9583333 0.9166667 0.9791667 1 0.9583333 1 0.9583333 0 0.9791667 0.08333331 0.9583333 0.08333331 0.9583333 0.08333331 0.9791667 0.1666666 0.9583333 0.1666666 0.9583333 0.1666666 0.9791667 0.25 0.9583333 0.25 0.9583333 0.25 0.9791667 0.3333333 0.9583333 0.3333333 0.9583333 0.3333333 0.9791667 0.4166666 0.9583333 0.4166666 0.9583333 0.4166666 0.9791667 0.5 0.9583333 0.5 0.9791667 0.5 1 0.5833333 0.9791667 0.5833333 0.9791667 0.5833333 1 0.6666667 0.9791667 0.6666667 0.9791667 0.6666667 1 0.75 0.9791667 0.75 0.9791667 0.75 1 0.8333333 0.9791667 0.8333333 0.9791667 0.8333333 1 0.9166667 0.9791667 0.9166667 0.9791667 0.9166667 1 1 0.9791667 1 0.9791667 0 1 0.08333331 0.9791667 0.08333331 0.9791667 0.08333331 1 0.1666666 0.9791667 0.1666666 0.9791667 0.1666666 1 0.25 0.9791667 0.25 0.9791667 0.25 1 0.3333333 0.9791667 0.3333333 0.9791667 0.3333333 1 0.4166666 0.9791667 0.4166666 0.9791667 0.4166666 1 0.5 0.9791667 0.5 0 0.5 0.02083331 0.5833333 0 0.5833333 0 0.5833333 0.02083331 0.6666667 0 0.6666667 0 0.6666667 0.02083331 0.75 0 0.75 0 0.75 0.02083331 0.8333333 0 0.8333333 0 0.8333333 0.02083331 0.9166667 0 0.9166667 0 0.9166667 0.02083331 1 0 1 0 0 0.02083331 0.08333331 0 0.08333331 0 0.08333331 0.02083331 0.1666666 0 0.1666666 0 0.1666666 0.02083331 0.25 0 0.25 0 0.25 0.02083331 0.3333333 0 0.3333333 0 0.3333333 0.02083331 0.4166666 0 0.4166666 0 0.4166666 0.02083331 0.5 0 0.5 0.02083331 0.5 0.04166662 0.5833333 0.02083331 0.5833333 0.02083331 0.5833333 0.04166662 0.6666667 0.02083331 0.6666667 0.02083331 0.6666667 0.04166662 0.75 0.02083331 0.75 0.02083331 0.75 0.04166662 0.8333333 0.02083331 0.8333333 0.02083331 0.8333333 0.04166662 0.9166667 0.02083331 0.9166667 0.02083331 0.9166667 0.04166662 1 0.02083331 1 0.02083331 0 0.04166662 0.08333331 0.02083331 0.08333331 0.02083331 0.08333331 0.04166662 0.1666666 0.02083331 0.1666666 0.02083331 0.1666666 0.04166662 0.25 0.02083331 0.25 0.02083331 0.25 0.04166662 0.3333333 0.02083331 0.3333333 0.02083331 0.3333333 0.04166662 0.4166666 0.02083331 0.4166666 0.02083331 0.4166666 0.04166662 0.5 0.02083331 0.5 0.04166662 0.5 0.0625 0.5833333 0.04166662 0.5833333 0.04166662 0.5833333 0.0625 0.6666667 0.04166662 0.6666667 0.04166662 0.6666667 0.0625 0.75 0.04166662 0.75 0.04166662 0.75 0.0625 0.8333333 0.04166662 0.8333333 0.04166662 0.8333333 0.0625 0.9166667 0.04166662 0.9166667 0.04166662 0.9166667 0.0625 1 0.04166662 1 0.04166662 0 0.0625 0.08333331 0.04166662 0.08333331 0.04166662 0.08333331 0.0625 0.1666666 0.04166662 0.1666666 0.04166662 0.1666666 0.0625 0.25 0.04166662 0.25 0.04166662 0.25 0.0625 0.3333333 0.04166662 0.3333333 0.04166662 0.3333333 0.0625 0.4166666 0.04166662 0.4166666 0.04166662 0.4166666 0.0625 0.5 0.04166662 0.5 0.0625 0.5 0.08333331 0.5833333 0.0625 0.5833333 0.0625 0.5833333 0.08333331 0.6666667 0.0625 0.6666667 0.0625 0.6666667 0.08333331 0.75 0.0625 0.75 0.0625 0.75 0.08333331 0.8333333 0.0625 0.8333333 0.0625 0.8333333 0.08333331 0.9166667 0.0625 0.9166667 0.0625 0.9166667 0.08333331 1 0.0625 1 0.0625 0 0.08333331 0.08333331 0.0625 0.08333331 0.0625 0.08333331 0.08333331 0.1666666 0.0625 0.1666666 0.0625 0.1666666 0.08333331 0.25 0.0625 0.25 0.0625 0.25 0.08333331 0.3333333 0.0625 0.3333333 0.0625 0.3333333 0.08333331 0.4166666 0.0625 0.4166666 0.0625 0.4166666 0.08333331 0.5 0.0625 0.5 0.08333331 0.5 0.1041666 0.5833333 0.08333331 0.5833333 0.08333331 0.5833333 0.1041666 0.6666667 0.08333331 0.6666667 0.08333331 0.6666667 0.1041666 0.75 0.08333331 0.75 0.08333331 0.75 0.1041666 0.8333333 0.08333331 0.8333333 0.08333331 0.8333333 0.1041666 0.9166667 0.08333331 0.9166667 0.08333331 0.9166667 0.1041666 1 0.08333331 1 0.08333331 0 0.1041666 0.08333331 0.08333331 0.08333331 0.08333331 0.08333331 0.1041666 0.1666666 0.08333331 0.1666666 0.08333331 0.1666666 0.1041666 0.25 0.08333331 0.25 0.08333331 0.25 0.1041666 0.3333333 0.08333331 0.3333333 0.08333331 0.3333333 0.1041666 0.4166666 0.08333331 0.4166666 0.08333331 0.4166666 0.1041666 0.5 0.08333331 0.5 0.1041666 0.5 0.125 0.5833333 0.1041666 0.5833333 0.1041666 0.5833333 0.125 0.6666667 0.1041666 0.6666667 0.1041666 0.6666667 0.125 0.75 0.1041666 0.75 0.1041666 0.75 0.125 0.8333333 0.1041666 0.8333333 0.1041666 0.8333333 0.125 0.9166667 0.1041666 0.9166667 0.1041666 0.9166667 0.125 1 0.1041666 1 0.1041666 0 0.125 0.08333331 0.1041666 0.08333331 0.1041666 0.08333331 0.125 0.1666666 0.1041666 0.1666666 0.1041666 0.1666666 0.125 0.25 0.1041666 0.25 0.1041666 0.25 0.125 0.3333333 0.1041666 0.3333333 0.1041666 0.3333333 0.125 0.4166666 0.1041666 0.4166666 0.1041666 0.4166666 0.125 0.5 0.1041666 0.5 0.125 0.5 0.1458333 0.5833333 0.125 0.5833333 0.125 0.5833333 0.1458333 0.6666667 0.125 0.6666667 0.125 0.6666667 0.1458333 0.75 0.125 0.75 0.125 0.75 0.1458333 0.8333333 0.125 0.8333333 0.125 0.8333333 0.1458333 0.9166667 0.125 0.9166667 0.125 0.9166667 0.1458333 1 0.125 1 0.125 0 0.1458333 0.08333331 0.125 0.08333331 0.125 0.08333331 0.1458333 0.1666666 0.125 0.1666666 0.125 0.1666666 0.1458333 0.25 0.125 0.25 0.125 0.25 0.1458333 0.3333333 0.125 0.3333333 0.125 0.3333333 0.1458333 0.4166666 0.125 0.4166666 0.125 0.4166666 0.1458333 0.5 0.125 0.5 0.1458333 0.5 0.1666666 0.5833333 0.1458333 0.5833333 0.1458333 0.5833333 0.1666666 0.6666667 0.1458333 0.6666667 0.1458333 0.6666667 0.1666666 0.75 0.1458333 0.75 0.1458333 0.75 0.1666666 0.8333333 0.1458333 0.8333333 0.1458333 0.8333333 0.1666666 0.9166667 0.1458333 0.9166667 0.1458333 0.9166667 0.1666666 1 0.1458333 1 0.1458333 0 0.1666666 0.08333331 0.1458333 0.08333331 0.1458333 0.08333331 0.1666666 0.1666666 0.1458333 0.1666666 0.1458333 0.1666666 0.1666666 0.25 0.1458333 0.25 0.1458333 0.25 0.1666666 0.3333333 0.1458333 0.3333333 0.1458333 0.3333333 0.1666666 0.4166666 0.1458333 0.4166666 0.1458333 0.4166666 0.1666666 0.5 0.1458333 0.5 0.1666666 0.5 0.1875 0.5833333 0.1666666 0.5833333 0.1666666 0.5833333 0.1875 0.6666667 0.1666666 0.6666667 0.1666666 0.6666667 0.1875 0.75 0.1666666 0.75 0.1666666 0.75 0.1875 0.8333333 0.1666666 0.8333333 0.1666666 0.8333333 0.1875 0.9166667 0.1666666 0.9166667 0.1666666 0.9166667 0.1875 1 0.1666666 1 0.1666666 0 0.1875 0.08333331 0.1666666 0.08333331 0.1666666 0.08333331 0.1875 0.1666666 0.1666666 0.1666666 0.1666666 0.1666666 0.1875 0.25 0.1666666 0.25 0.1666666 0.25 0.1875 0.3333333 0.1666666 0.3333333 0.1666666 0.3333333 0.1875 0.4166666 0.1666666 0.4166666 0.1666666 0.4166666 0.1875 0.5 0.1666666 0.5 0.1875 0.5 0.2083333 0.5833333 0.1875 0.5833333 0.1875 0.5833333 0.2083333 0.6666667 0.1875 0.6666667 0.1875 0.6666667 0.2083333 0.75 0.1875 0.75 0.1875 0.75 0.2083333 0.8333333 0.1875 0.8333333 0.1875 0.8333333 0.2083333 0.9166667 0.1875 0.9166667 0.1875 0.9166667 0.2083333 1 0.1875 1 0.1875 0 0.2083333 0.08333331 0.1875 0.08333331 0.1875 0.08333331 0.2083333 0.1666666 0.1875 0.1666666 0.1875 0.1666666 0.2083333 0.25 0.1875 0.25 0.1875 0.25 0.2083333 0.3333333 0.1875 0.3333333 0.1875 0.3333333 0.2083333 0.4166666 0.1875 0.4166666 0.1875 0.4166666 0.2083333 0.5 0.1875 0.5 0.2083333 0.5 0.2291666 0.5833333 0.2083333 0.5833333 0.2083333 0.5833333 0.2291666 0.6666667 0.2083333 0.6666667 0.2083333 0.6666667 0.2291666 0.75 0.2083333 0.75 0.2083333 0.75 0.2291666 0.8333333 0.2083333 0.8333333 0.2083333 0.8333333 0.2291666 0.9166667 0.2083333 0.9166667 0.2083333 0.9166667 0.2291666 1 0.2083333 1 0.2083333 0 0.2291666 0.08333331 0.2083333 0.08333331 0.2083333 0.08333331 0.2291666 0.1666666 0.2083333 0.1666666 0.2083333 0.1666666 0.2291666 0.25 0.2083333 0.25 0.2083333 0.25 0.2291666 0.3333333 0.2083333 0.3333333 0.2083333 0.3333333 0.2291666 0.4166666 0.2083333 0.4166666 0.2083333 0.4166666 0.2291666 0.5 0.2083333 0.5 0.2291666 0.5 0.25 0.5833333 0.2291666 0.5833333 0.2291666 0.5833333 0.25 0.6666667 0.2291666 0.6666667 0.2291666 0.6666667 0.25 0.75 0.2291666 0.75 0.2291666 0.75 0.25 0.8333333 0.2291666 0.8333333 0.2291666 0.8333333 0.25 0.9166667 0.2291666 0.9166667 0.2291666 0.9166667 0.25 1 0.2291666 1 0.2291666 0 0.25 0.08333331 0.2291666 0.08333331 0.2291666 0.08333331 0.25 0.1666666 0.2291666 0.1666666 0.2291666 0.1666666 0.25 0.25 0.2291666 0.25 0.2291666 0.25 0.25 0.3333333 0.2291666 0.3333333 0.2291666 0.3333333 0.25 0.4166666 0.2291666 0.4166666 0.2291666 0.4166666 0.25 0.5 0.2291666 0.5 0.25 0.5 0.2708333 0.5833333 0.25 0.5833333 0.25 0.5833333 0.2708333 0.6666667 0.25 0.6666667 0.25 0.6666667 0.2708333 0.75 0.25 0.75 0.25 0.75 0.2708333 0.8333333 0.25 0.8333333 0.25 0.8333333 0.2708333 0.9166667 0.25 0.9166667 0.25 0.9166667 0.2708333 1 0.25 1 0.25 0 0.2708333 0.08333331 0.25 0.08333331 0.25 0.08333331 0.2708333 0.1666666 0.25 0.1666666 0.25 0.1666666 0.2708333 0.25 0.25 0.25 0.25 0.25 0.2708333 0.3333333 0.25 0.3333333 0.25 0.3333333 0.2708333 0.4166666 0.25 0.4166666 0.25 0.4166666 0.2708333 0.5 0.25 0.5 0.2708333 0.5 0.2916666 0.5833333 0.2708333 0.5833333 0.2708333 0.5833333 0.2916666 0.6666667 0.2708333 0.6666667 0.2708333 0.6666667 0.2916666 0.75 0.2708333 0.75 0.2708333 0.75 0.2916666 0.8333333 0.2708333 0.8333333 0.2708333 0.8333333 0.2916666 0.9166667 0.2708333 0.9166667 0.2708333 0.9166667 0.2916666 1 0.2708333 1 0.2708333 0 0.2916666 0.08333331 0.2708333 0.08333331 0.2708333 0.08333331 0.2916666 0.1666666 0.2708333 0.1666666 0.2708333 0.1666666 0.2916666 0.25 0.2708333 0.25 0.2708333 0.25 0.2916666 0.3333333 0.2708333 0.3333333 0.2708333 0.3333333 0.2916666 0.4166666 0.2708333 0.4166666 0.2708333 0.4166666 0.2916666 0.5 0.2708333 0.5 0.2916666 0.5 0.3125 0.5833333 0.2916666 0.5833333 0.2916666 0.5833333 0.3125 0.6666667 0.2916666 0.6666667 0.2916666 0.6666667 0.3125 0.75 0.2916666 0.75 0.2916666 0.75 0.3125 0.8333333 0.2916666 0.8333333 0.2916666 0.8333333 0.3125 0.9166667 0.2916666 0.9166667 0.2916666 0.9166667 0.3125 1 0.2916666 1 0.2916666 0 0.3125 0.08333331 0.2916666 0.08333331 0.2916666 0.08333331 0.3125 0.1666666 0.2916666 0.1666666 0.2916666 0.1666666 0.3125 0.25 0.2916666 0.25 0.2916666 0.25 0.3125 0.3333333 0.2916666 0.3333333 0.2916666 0.3333333 0.3125 0.4166666 0.2916666 0.4166666 0.2916666 0.4166666 0.3125 0.5 0.2916666 0.5 0.3125 0.5 0.3333333 0.5833333 0.3125 0.5833333 0.3125 0.5833333 0.3333333 0.6666667 0.3125 0.6666667 0.3125 0.6666667 0.3333333 0.75 0.3125 0.75 0.3125 0.75 0.3333333 0.8333333 0.3125 0.8333333 0.3125 0.8333333 0.3333333 0.9166667 0.3125 0.9166667 0.3125 0.9166667 0.3333333 1 0.3125 1 0.3125 0 0.3333333 0.08333331 0.3125 0.08333331 0.3125 0.08333331 0.3333333 0.1666666 0.3125 0.1666666 0.3125 0.1666666 0.3333333 0.25 0.3125 0.25 0.3125 0.25 0.3333333 0.3333333 0.3125 0.3333333 0.3125 0.3333333 0.3333333 0.4166666 0.3125 0.4166666 0.3125 0.4166666 0.3333333 0.5 0.3125 0.5 0.3333333 0.5 0.3541666 0.5833333 0.3333333 0.5833333 0.3333333 0.5833333 0.3541666 0.6666667 0.3333333 0.6666667 0.3333333 0.6666667 0.3541666 0.75 0.3333333 0.75 0.3333333 0.75 0.3541666 0.8333333 0.3333333 0.8333333 0.3333333 0.8333333 0.3541666 0.9166667 0.3333333 0.9166667 0.3333333 0.9166667 0.3541666 1 0.3333333 1 0.3333333 0 0.3541666 0.08333331 0.3333333 0.08333331 0.3333333 0.08333331 0.3541666 0.1666666 0.3333333 0.1666666 0.3333333 0.1666666 0.3541666 0.25 0.3333333 0.25 0.3333333 0.25 0.3541666 0.3333333 0.3333333 0.3333333 0.3333333 0.3333333 0.3541666 0.4166666 0.3333333 0.4166666 0.3333333 0.4166666 0.3541666 0.5 0.3333333 0.5 0.3541666 0.5 0.375 0.5833333 0.3541666 0.5833333 0.3541666 0.5833333 0.375 0.6666667 0.3541666 0.6666667 0.3541666 0.6666667 0.375 0.75 0.3541666 0.75 0.3541666 0.75 0.375 0.8333333 0.3541666 0.8333333 0.3541666 0.8333333 0.375 0.9166667 0.3541666 0.9166667 0.3541666 0.9166667 0.375 1 0.3541666 1 0.3541666 0 0.375 0.08333331 0.3541666 0.08333331 0.3541666 0.08333331 0.375 0.1666666 0.3541666 0.1666666 0.3541666 0.1666666 0.375 0.25 0.3541666 0.25 0.3541666 0.25 0.375 0.3333333 0.3541666 0.3333333 0.3541666 0.3333333 0.375 0.4166666 0.3541666 0.4166666 0.3541666 0.4166666 0.375 0.5 0.3541666 0.5 0.375 0.5 0.3958333 0.5833333 0.375 0.5833333 0.375 0.5833333 0.3958333 0.6666667 0.375 0.6666667 0.375 0.6666667 0.3958333 0.75 0.375 0.75 0.375 0.75 0.3958333 0.8333333 0.375 0.8333333 0.375 0.8333333 0.3958333 0.9166667 0.375 0.9166667 0.375 0.9166667 0.3958333 1 0.375 1 0.375 0 0.3958333 0.08333331 0.375 0.08333331 0.375 0.08333331 0.3958333 0.1666666 0.375 0.1666666 0.375 0.1666666 0.3958333 0.25 0.375 0.25 0.375 0.25 0.3958333 0.3333333 0.375 0.3333333 0.375 0.3333333 0.3958333 0.4166666 0.375 0.4166666 0.375 0.4166666 0.3958333 0.5 0.375 0.5 0.3958333 0.5 0.4166666 0.5833333 0.3958333 0.5833333 0.3958333 0.5833333 0.4166666 0.6666667 0.3958333 0.6666667 0.3958333 0.6666667 0.4166666 0.75 0.3958333 0.75 0.3958333 0.75 0.4166666 0.8333333 0.3958333 0.8333333 0.3958333 0.8333333 0.4166666 0.9166667 0.3958333 0.9166667 0.3958333 0.9166667 0.4166666 1 0.3958333 1 0.3958333 0 0.4166666 0.08333331 0.3958333 0.08333331 0.3958333 0.08333331 0.4166666 0.1666666 0.3958333 0.1666666 0.3958333 0.1666666 0.4166666 0.25 0.3958333 0.25 0.3958333 0.25 0.4166666 0.3333333 0.3958333 0.3333333 0.3958333 0.3333333 0.4166666 0.4166666 0.3958333 0.4166666 0.3958333 0.4166666 0.4166666 0.5 0.3958333 0.5 0.4166666 0.5 0.4375 0.5833333 0.4166666 0.5833333 0.4166666 0.5833333 0.4375 0.6666667 0.4166666 0.6666667 0.4166666 0.6666667 0.4375 0.75 0.4166666 0.75 0.4166666 0.75 0.4375 0.8333333 0.4166666 0.8333333 0.4166666 0.8333333 0.4375 0.9166667 0.4166666 0.9166667 0.4166666 0.9166667 0.4375 1 0.4166666 1 0.4166666 0 0.4375 0.08333331 0.4166666 0.08333331 0.4166666 0.08333331 0.4375 0.1666666 0.4166666 0.1666666 0.4166666 0.1666666 0.4375 0.25 0.4166666 0.25 0.4166666 0.25 0.4375 0.3333333 0.4166666 0.3333333 0.4166666 0.3333333 0.4375 0.4166666 0.4166666 0.4166666 0.4166666 0.4166666 0.4375 0.5 0.4166666 0.5 0.4375 0.5 0.4583333 0.5833333 0.4375 0.5833333 0.4375 0.5833333 0.4583333 0.6666667 0.4375 0.6666667 0.4375 0.6666667 0.4583333 0.75 0.4375 0.75 0.4375 0.75 0.4583333 0.8333333 0.4375 0.8333333 0.4375 0.8333333 0.4583333 0.9166667 0.4375 0.9166667 0.4375 0.9166667 0.4583333 1 0.4375 1 0.4375 0 0.4583333 0.08333331 0.4375 0.08333331 0.4375 0.08333331 0.4583333 0.1666666 0.4375 0.1666666 0.4375 0.1666666 0.4583333 0.25 0.4375 0.25 0.4375 0.25 0.4583333 0.3333333 0.4375 0.3333333 0.4375 0.3333333 0.4583333 0.4166666 0.4375 0.4166666 0.4375 0.4166666 0.4583333 0.5 0.4375 0.5 0.4583333 0.5 0.4791666 0.5833333 0.4583333 0.5833333 0.4583333 0.5833333 0.4791666 0.6666667 0.4583333 0.6666667 0.4583333 0.6666667 0.4791666 0.75 0.4583333 0.75 0.4583333 0.75 0.4791666 0.8333333 0.4583333 0.8333333 0.4583333 0.8333333 0.4791666 0.9166667 0.4583333 0.9166667 0.4583333 0.9166667 0.4791666 1 0.4583333 1 0.4583333 0 0.4791666 0.08333331 0.4583333 0.08333331 0.4583333 0.08333331 0.4791666 0.1666666 0.4583333 0.1666666 0.4583333 0.1666666 0.4791666 0.25 0.4583333 0.25 0.4583333 0.25 0.4791666 0.3333333 0.4583333 0.3333333 0.4583333 0.3333333 0.4791666 0.4166666 0.4583333 0.4166666 0.4583333 0.4166666 0.4791666 0.5 0.4583333 0.5 0.4791666 0.5 0.5 0.5833333 0.4791666 0.5833333 0.4791666 0.5833333 0.5 0.6666667 0.4791666 0.6666667 0.4791666 0.6666667 0.5 0.75 0.4791666 0.75 0.4791666 0.75 0.5 0.8333333 0.4791666 0.8333333 0.4791666 0.8333333 0.5 0.9166667 0.4791666 0.9166667 0.4791666 0.9166667 0.5 1 0.4791666 1 0.4791666 0 0.5 0.08333331 0.4791666 0.08333331 0.4791666 0.08333331 0.5 0.1666666 0.4791666 0.1666666 0.4791666 0.1666666 0.5 0.25 0.4791666 0.25 0.4791666 0.25 0.5 0.3333333 0.4791666 0.3333333 0.4791666 0.3333333 0.5 0.4166666 0.4791666 0.4166666 0.4791666 0.4166666 0.5 0.5 0.4791666 0.5 0.5 0.5 0.5208333 0.5 0.5208333 0.5833333 0.5 0.5833333 0.5208333 0.5833333 0.5208333 0.6666667 0.5 0.6666667 0.5208333 0.6666667 0.5208333 0.75 0.5 0.75 0.5208333 0.75 0.5208333 0.8333333 0.5 0.8333333 0.5208333 0.8333333 0.5208333 0.9166667 0.5 0.9166667 0.5208333 0.9166667 0.5208333 1 0.5 0 0.5208333 0 0.5208333 0.08333331 0.5 0.08333331 0.5208333 0.08333331 0.5208333 0.1666666 0.5 0.1666666 0.5208333 0.1666666 0.5208333 0.25 0.5 0.25 0.5208333 0.25 0.5208333 0.3333333 0.5 0.3333333 0.5208333 0.3333333 0.5208333 0.4166666 0.5 0.4166666 0.5208333 0.4166666 0.5208333 0.5 0.5208333 0.5 0.5416667 0.5 0.5416667 0.5833333 0.5208333 0.5833333 0.5416667 0.5833333 0.5416667 0.6666667 0.5208333 0.6666667 0.5416667 0.6666667 0.5416667 0.75 0.5208333 0.75 0.5416667 0.75 0.5416667 0.8333333 0.5208333 0.8333333 0.5416667 0.8333333 0.5416667 0.9166667 0.5208333 0.9166667 0.5416667 0.9166667 0.5416667 1 0.5208333 0 0.5416667 0 0.5416667 0.08333331 0.5208333 0.08333331 0.5416667 0.08333331 0.5416667 0.1666666 0.5208333 0.1666666 0.5416667 0.1666666 0.5416667 0.25 0.5208333 0.25 0.5416667 0.25 0.5416667 0.3333333 0.5208333 0.3333333 0.5416667 0.3333333 0.5416667 0.4166666 0.5208333 0.4166666 0.5416667 0.4166666 0.5416667 0.5 0.5416667 0.5 0.5625 0.5 0.5625 0.5833333 0.5416667 0.5833333 0.5625 0.5833333 0.5625 0.6666667 0.5416667 0.6666667 0.5625 0.6666667 0.5625 0.75 0.5416667 0.75 0.5625 0.75 0.5625 0.8333333 0.5416667 0.8333333 0.5625 0.8333333 0.5625 0.9166667 0.5416667 0.9166667 0.5625 0.9166667 0.5625 1 0.5416667 0 0.5625 0 0.5625 0.08333331 0.5416667 0.08333331 0.5625 0.08333331 0.5625 0.1666666 0.5416667 0.1666666 0.5625 0.1666666 0.5625 0.25 0.5416667 0.25 0.5625 0.25 0.5625 0.3333333 0.5416667 0.3333333 0.5625 0.3333333 0.5625 0.4166666 0.5416667 0.4166666 0.5625 0.4166666 0.5625 0.5 0.5625 0.5 0.5833333 0.5 0.5833333 0.5833333 0.5625 0.5833333 0.5833333 0.5833333 0.5833333 0.6666667 0.5625 0.6666667 0.5833333 0.6666667 0.5833333 0.75 0.5625 0.75 0.5833333 0.75 0.5833333 0.8333333 0.5625 0.8333333 0.5833333 0.8333333 0.5833333 0.9166667 0.5625 0.9166667 0.5833333 0.9166667 0.5833333 1 0.5625 0 0.5833333 0 0.5833333 0.08333331 0.5625 0.08333331 0.5833333 0.08333331 0.5833333 0.1666666 0.5625 0.1666666 0.5833333 0.1666666 0.5833333 0.25 0.5625 0.25 0.5833333 0.25 0.5833333 0.3333333 0.5625 0.3333333 0.5833333 0.3333333 0.5833333 0.4166666 0.5625 0.4166666 0.5833333 0.4166666 0.5833333 0.5 0.5833333 0.5 0.6041667 0.5 0.6041667 0.5833333 0.5833333 0.5833333 0.6041667 0.5833333 0.6041667 0.6666667 0.5833333 0.6666667 0.6041667 0.6666667 0.6041667 0.75 0.5833333 0.75 0.6041667 0.75 0.6041667 0.8333333 0.5833333 0.8333333 0.6041667 0.8333333 0.6041667 0.9166667 0.5833333 0.9166667 0.6041667 0.9166667 0.6041667 1 0.5833333 0 0.6041667 0 0.6041667 0.08333331 0.5833333 0.08333331 0.6041667 0.08333331 0.6041667 0.1666666 0.5833333 0.1666666 0.6041667 0.1666666 0.6041667 0.25 0.5833333 0.25 0.6041667 0.25 0.6041667 0.3333333 0.5833333 0.3333333 0.6041667 0.3333333 0.6041667 0.4166666 0.5833333 0.4166666 0.6041667 0.4166666 0.6041667 0.5 0.6041667 0.5 0.625 0.5 0.625 0.5833333 0.6041667 0.5833333 0.625 0.5833333 0.625 0.6666667 0.6041667 0.6666667 0.625 0.6666667 0.625 0.75 0.6041667 0.75 0.625 0.75 0.625 0.8333333 0.6041667 0.8333333 0.625 0.8333333 0.625 0.9166667 0.6041667 0.9166667 0.625 0.9166667 0.625 1 0.6041667 0 0.625 0 0.625 0.08333331 0.6041667 0.08333331 0.625 0.08333331 0.625 0.1666666 0.6041667 0.1666666 0.625 0.1666666 0.625 0.25 0.6041667 0.25 0.625 0.25 0.625 0.3333333 0.6041667 0.3333333 0.625 0.3333333 0.625 0.4166666 0.6041667 0.4166666 0.625 0.4166666 0.625 0.5 0.625 0.5 0.6458333 0.5 0.6458333 0.5833333 0.625 0.5833333 0.6458333 0.5833333 0.6458333 0.6666667 0.625 0.6666667 0.6458333 0.6666667 0.6458333 0.75 0.625 0.75 0.6458333 0.75 0.6458333 0.8333333 0.625 0.8333333 0.6458333 0.8333333 0.6458333 0.9166667 0.625 0.9166667 0.6458333 0.9166667 0.6458333 1 0.625 0 0.6458333 0 0.6458333 0.08333331 0.625 0.08333331 0.6458333 0.08333331 0.6458333 0.1666666 0.625 0.1666666 0.6458333 0.1666666 0.6458333 0.25 0.625 0.25 0.6458333 0.25 0.6458333 0.3333333 0.625 0.3333333 0.6458333 0.3333333 0.6458333 0.4166666 0.625 0.4166666 0.6458333 0.4166666 0.6458333 0.5 0.6458333 0.5 0.6666667 0.5 0.6666667 0.5833333 0.6458333 0.5833333 0.6666667 0.5833333 0.6666667 0.6666667 0.6458333 0.6666667 0.6666667 0.6666667 0.6666667 0.75 0.6458333 0.75 0.6666667 0.75 0.6666667 0.8333333 0.6458333 0.8333333 0.6666667 0.8333333 0.6666667 0.9166667 0.6458333 0.9166667 0.6666667 0.9166667 0.6666667 1 0.6458333 0 0.6666667 0 0.6666667 0.08333331 0.6458333 0.08333331 0.6666667 0.08333331 0.6666667 0.1666666 0.6458333 0.1666666 0.6666667 0.1666666 0.6666667 0.25 0.6458333 0.25 0.6666667 0.25 0.6666667 0.3333333 0.6458333 0.3333333 0.6666667 0.3333333 0.6666667 0.4166666 0.6458333 0.4166666 0.6666667 0.4166666 0.6666667 0.5 0.6666667 0.5 0.6875 0.5 0.6875 0.5833333 0.6666667 0.5833333 0.6875 0.5833333 0.6875 0.6666667 0.6666667 0.6666667 0.6875 0.6666667 0.6875 0.75 0.6666667 0.75 0.6875 0.75 0.6875 0.8333333 0.6666667 0.8333333 0.6875 0.8333333 0.6875 0.9166667 0.6666667 0.9166667 0.6875 0.9166667 0.6875 1 0.6666667 0 0.6875 0 0.6875 0.08333331 0.6666667 0.08333331 0.6875 0.08333331 0.6875 0.1666666 0.6666667 0.1666666 0.6875 0.1666666 0.6875 0.25 0.6666667 0.25 0.6875 0.25 0.6875 0.3333333 0.6666667 0.3333333 0.6875 0.3333333 0.6875 0.4166666 0.6666667 0.4166666 0.6875 0.4166666 0.6875 0.5 0.6875 0.5 0.7083333 0.5 0.7083333 0.5833333 0.6875 0.5833333 0.7083333 0.5833333 0.7083333 0.6666667 0.6875 0.6666667 0.7083333 0.6666667 0.7083333 0.75 0.6875 0.75 0.7083333 0.75 0.7083333 0.8333333 0.6875 0.8333333 0.7083333 0.8333333 0.7083333 0.9166667 0.6875 0.9166667 0.7083333 0.9166667 0.7083333 1 0.6875 0 0.7083333 0 0.7083333 0.08333331 0.6875 0.08333331 0.7083333 0.08333331 0.7083333 0.1666666 0.6875 0.1666666 0.7083333 0.1666666 0.7083333 0.25 0.6875 0.25 0.7083333 0.25 0.7083333 0.3333333 0.6875 0.3333333 0.7083333 0.3333333 0.7083333 0.4166666 0.6875 0.4166666 0.7083333 0.4166666 0.7083333 0.5 0.7083333 0.5 0.7291667 0.5 0.7291667 0.5833333 0.7083333 0.5833333 0.7291667 0.5833333 0.7291667 0.6666667 0.7083333 0.6666667 0.7291667 0.6666667 0.7291667 0.75 0.7083333 0.75 0.7291667 0.75 0.7291667 0.8333333 0.7083333 0.8333333 0.7291667 0.8333333 0.7291667 0.9166667 0.7083333 0.9166667 0.7291667 0.9166667 0.7291667 1 0.7083333 0 0.7291667 0 0.7291667 0.08333331 0.7083333 0.08333331 0.7291667 0.08333331 0.7291667 0.1666666 0.7083333 0.1666666 0.7291667 0.1666666 0.7291667 0.25 0.7083333 0.25 0.7291667 0.25 0.7291667 0.3333333 0.7083333 0.3333333 0.7291667 0.3333333 0.7291667 0.4166666 0.7083333 0.4166666 0.7291667 0.4166666 0.7291667 0.5 0.7291667 0.5 0.75 0.5 0.75 0.5833333 0.7291667 0.5833333 0.75 0.5833333 0.75 0.6666667 0.7291667 0.6666667 0.75 0.6666667 0.75 0.75 0.7291667 0.75 0.75 0.75 0.75 0.8333333 0.7291667 0.8333333 0.75 0.8333333 0.75 0.9166667 0.7291667 0.9166667 0.75 0.9166667 0.75 1 0.7291667 0 0.75 0 0.75 0.08333331 0.7291667 0.08333331 0.75 0.08333331 0.75 0.1666666 0.7291667 0.1666666 0.75 0.1666666 0.75 0.25 0.7291667 0.25 0.75 0.25 0.75 0.3333333 0.7291667 0.3333333 0.75 0.3333333 0.75 0.4166666 0.7291667 0.4166666 0.75 0.4166666 0.75 0.5 0.75 0.5 0.7708333 0.5 0.7708333 0.5833333 0.75 0.5833333 0.7708333 0.5833333 0.7708333 0.6666667 0.75 0.6666667 0.7708333 0.6666667 0.7708333 0.75 0.75 0.75 0.7708333 0.75 0.7708333 0.8333333 0.75 0.8333333 0.7708333 0.8333333 0.7708333 0.9166667 0.75 0.9166667 0.7708333 0.9166667 0.7708333 1 0.75 0 0.7708333 0 0.7708333 0.08333331 0.75 0.08333331 0.7708333 0.08333331 0.7708333 0.1666666 0.75 0.1666666 0.7708333 0.1666666 0.7708333 0.25 0.75 0.25 0.7708333 0.25 0.7708333 0.3333333 0.75 0.3333333 0.7708333 0.3333333 0.7708333 0.4166666 0.75 0.4166666 0.7708333 0.4166666 0.7708333 0.5 0.7708333 0.5 0.7916667 0.5 0.7916667 0.5833333 0.7708333 0.5833333 0.7916667 0.5833333 0.7916667 0.6666667 0.7708333 0.6666667 0.7916667 0.6666667 0.7916667 0.75 0.7708333 0.75 0.7916667 0.75 0.7916667 0.8333333 0.7708333 0.8333333 0.7916667 0.8333333 0.7916667 0.9166667 0.7708333 0.9166667 0.7916667 0.9166667 0.7916667 1 0.7708333 0 0.7916667 0 0.7916667 0.08333331 0.7708333 0.08333331 0.7916667 0.08333331 0.7916667 0.1666666 0.7708333 0.1666666 0.7916667 0.1666666 0.7916667 0.25 0.7708333 0.25 0.7916667 0.25 0.7916667 0.3333333 0.7708333 0.3333333 0.7916667 0.3333333 0.7916667 0.4166666 0.7708333 0.4166666 0.7916667 0.4166666 0.7916667 0.5 0.7916667 0.5 0.8125 0.5 0.8125 0.5833333 0.7916667 0.5833333 0.8125 0.5833333 0.8125 0.6666667 0.7916667 0.6666667 0.8125 0.6666667 0.8125 0.75 0.7916667 0.75 0.8125 0.75 0.8125 0.8333333 0.7916667 0.8333333 0.8125 0.8333333 0.8125 0.9166667 0.7916667 0.9166667 0.8125 0.9166667 0.8125 1 0.7916667 0 0.8125 0 0.8125 0.08333331 0.7916667 0.08333331 0.8125 0.08333331 0.8125 0.1666666 0.7916667 0.1666666 0.8125 0.1666666 0.8125 0.25 0.7916667 0.25 0.8125 0.25 0.8125 0.3333333 0.7916667 0.3333333 0.8125 0.3333333 0.8125 0.4166666 0.7916667 0.4166666 0.8125 0.4166666 0.8125 0.5 0.8125 0.5 0.8333333 0.5 0.8333333 0.5833333 0.8125 0.5833333 0.8333333 0.5833333 0.8333333 0.6666667 0.8125 0.6666667 0.8333333 0.6666667 0.8333333 0.75 0.8125 0.75 0.8333333 0.75 0.8333333 0.8333333 0.8125 0.8333333 0.8333333 0.8333333 0.8333333 0.9166667 0.8125 0.9166667 0.8333333 0.9166667 0.8333333 1 0.8125 0 0.8333333 0 0.8333333 0.08333331 0.8125 0.08333331 0.8333333 0.08333331 0.8333333 0.1666666 0.8125 0.1666666 0.8333333 0.1666666 0.8333333 0.25 0.8125 0.25 0.8333333 0.25 0.8333333 0.3333333 0.8125 0.3333333 0.8333333 0.3333333 0.8333333 0.4166666 0.8125 0.4166666 0.8333333 0.4166666 0.8333333 0.5 0.8333333 0.5 0.8541667 0.5 0.8541667 0.5833333 0.8333333 0.5833333 0.8541667 0.5833333 0.8541667 0.6666667 0.8333333 0.6666667 0.8541667 0.6666667 0.8541667 0.75 0.8333333 0.75 0.8541667 0.75 0.8541667 0.8333333 0.8333333 0.8333333 0.8541667 0.8333333 0.8541667 0.9166667 0.8333333 0.9166667 0.8541667 0.9166667 0.8541667 1 0.8333333 0 0.8541667 0 0.8541667 0.08333331 0.8333333 0.08333331 0.8541667 0.08333331 0.8541667 0.1666666 0.8333333 0.1666666 0.8541667 0.1666666 0.8541667 0.25 0.8333333 0.25 0.8541667 0.25 0.8541667 0.3333333 0.8333333 0.3333333 0.8541667 0.3333333 0.8541667 0.4166666 0.8333333 0.4166666 0.8541667 0.4166666 0.8541667 0.5 0.8541667 0.5 0.875 0.5 0.875 0.5833333 0.8541667 0.5833333 0.875 0.5833333 0.875 0.6666667 0.8541667 0.6666667 0.875 0.6666667 0.875 0.75 0.8541667 0.75 0.875 0.75 0.875 0.8333333 0.8541667 0.8333333 0.875 0.8333333 0.875 0.9166667 0.8541667 0.9166667 0.875 0.9166667 0.875 1 0.8541667 0 0.875 0 0.875 0.08333331 0.8541667 0.08333331 0.875 0.08333331 0.875 0.1666666 0.8541667 0.1666666 0.875 0.1666666 0.875 0.25 0.8541667 0.25 0.875 0.25 0.875 0.3333333 0.8541667 0.3333333 0.875 0.3333333 0.875 0.4166666 0.8541667 0.4166666 0.875 0.4166666 0.875 0.5 0.875 0.5 0.8958333 0.5 0.8958333 0.5833333 0.875 0.5833333 0.8958333 0.5833333 0.8958333 0.6666667 0.875 0.6666667 0.8958333 0.6666667 0.8958333 0.75 0.875 0.75 0.8958333 0.75 0.8958333 0.8333333 0.875 0.8333333 0.8958333 0.8333333 0.8958333 0.9166667 0.875 0.9166667 0.8958333 0.9166667 0.8958333 1 0.875 0 0.8958333 0 0.8958333 0.08333331 0.875 0.08333331 0.8958333 0.08333331 0.8958333 0.1666666 0.875 0.1666666 0.8958333 0.1666666 0.8958333 0.25 0.875 0.25 0.8958333 0.25 0.8958333 0.3333333 0.875 0.3333333 0.8958333 0.3333333 0.8958333 0.4166666 0.875 0.4166666 0.8958333 0.4166666 0.8958333 0.5 0.8958333 0.5 0.9166667 0.5 0.9166667 0.5833333 0.8958333 0.5833333 0.9166667 0.5833333 0.9166667 0.6666667 0.8958333 0.6666667 0.9166667 0.6666667 0.9166667 0.75 0.8958333 0.75 0.9166667 0.75 0.9166667 0.8333333 0.8958333 0.8333333 0.9166667 0.8333333 0.9166667 0.9166667 0.8958333 0.9166667 0.9166667 0.9166667 0.9166667 1 0.8958333 0 0.9166667 0 0.9166667 0.08333331 0.8958333 0.08333331 0.9166667 0.08333331 0.9166667 0.1666666 0.8958333 0.1666666 0.9166667 0.1666666 0.9166667 0.25 0.8958333 0.25 0.9166667 0.25 0.9166667 0.3333333 0.8958333 0.3333333 0.9166667 0.3333333 0.9166667 0.4166666 0.8958333 0.4166666 0.9166667 0.4166666 0.9166667 0.5 0.9166667 0.5 0.9375 0.5 0.9375 0.5833333 0.9166667 0.5833333 0.9375 0.5833333 0.9375 0.6666667 0.9166667 0.6666667 0.9375 0.6666667 0.9375 0.75 0.9166667 0.75 0.9375 0.75 0.9375 0.8333333 0.9166667 0.8333333 0.9375 0.8333333 0.9375 0.9166667 0.9166667 0.9166667 0.9375 0.9166667 0.9375 1 0.9166667 0 0.9375 0 0.9375 0.08333331 0.9166667 0.08333331 0.9375 0.08333331 0.9375 0.1666666 0.9166667 0.1666666 0.9375 0.1666666 0.9375 0.25 0.9166667 0.25 0.9375 0.25 0.9375 0.3333333 0.9166667 0.3333333 0.9375 0.3333333 0.9375 0.4166666 0.9166667 0.4166666 0.9375 0.4166666 0.9375 0.5 0.9375 0.5 0.9583333 0.5 0.9583333 0.5833333 0.9375 0.5833333 0.9583333 0.5833333 0.9583333 0.6666667 0.9375 0.6666667 0.9583333 0.6666667 0.9583333 0.75 0.9375 0.75 0.9583333 0.75 0.9583333 0.8333333 0.9375 0.8333333 0.9583333 0.8333333 0.9583333 0.9166667 0.9375 0.9166667 0.9583333 0.9166667 0.9583333 1 0.9375 0 0.9583333 0 0.9583333 0.08333331 0.9375 0.08333331 0.9583333 0.08333331 0.9583333 0.1666666 0.9375 0.1666666 0.9583333 0.1666666 0.9583333 0.25 0.9375 0.25 0.9583333 0.25 0.9583333 0.3333333 0.9375 0.3333333 0.9583333 0.3333333 0.9583333 0.4166666 0.9375 0.4166666 0.9583333 0.4166666 0.9583333 0.5 0.9583333 0.5 0.9791667 0.5 0.9791667 0.5833333 0.9583333 0.5833333 0.9791667 0.5833333 0.9791667 0.6666667 0.9583333 0.6666667 0.9791667 0.6666667 0.9791667 0.75 0.9583333 0.75 0.9791667 0.75 0.9791667 0.8333333 0.9583333 0.8333333 0.9791667 0.8333333 0.9791667 0.9166667 0.9583333 0.9166667 0.9791667 0.9166667 0.9791667 1 0.9583333 0 0.9791667 0 0.9791667 0.08333331 0.9583333 0.08333331 0.9791667 0.08333331 0.9791667 0.1666666 0.9583333 0.1666666 0.9791667 0.1666666 0.9791667 0.25 0.9583333 0.25 0.9791667 0.25 0.9791667 0.3333333 0.9583333 0.3333333 0.9791667 0.3333333 0.9791667 0.4166666 0.9583333 0.4166666 0.9791667 0.4166666 0.9791667 0.5 0.9791667 0.5 1 0.5 1 0.5833333 0.9791667 0.5833333 1 0.5833333 1 0.6666667 0.9791667 0.6666667 1 0.6666667 1 0.75 0.9791667 0.75 1 0.75 1 0.8333333 0.9791667 0.8333333 1 0.8333333 1 0.9166667 0.9791667 0.9166667 1 0.9166667 1 1 0.9791667 0 1 0 1 0.08333331 0.9791667 0.08333331 1 0.08333331 1 0.1666666 0.9791667 0.1666666 1 0.1666666 1 0.25 0.9791667 0.25 1 0.25 1 0.3333333 0.9791667 0.3333333 1 0.3333333 1 0.4166666 0.9791667 0.4166666 1 0.4166666 1 0.5 0 0.5 0.02083331 0.5 0.02083331 0.5833333 0 0.5833333 0.02083331 0.5833333 0.02083331 0.6666667 0 0.6666667 0.02083331 0.6666667 0.02083331 0.75 0 0.75 0.02083331 0.75 0.02083331 0.8333333 0 0.8333333 0.02083331 0.8333333 0.02083331 0.9166667 0 0.9166667 0.02083331 0.9166667 0.02083331 1 0 0 0.02083331 0 0.02083331 0.08333331 0 0.08333331 0.02083331 0.08333331 0.02083331 0.1666666 0 0.1666666 0.02083331 0.1666666 0.02083331 0.25 0 0.25 0.02083331 0.25 0.02083331 0.3333333 0 0.3333333 0.02083331 0.3333333 0.02083331 0.4166666 0 0.4166666 0.02083331 0.4166666 0.02083331 0.5 0.02083331 0.5 0.04166662 0.5 0.04166662 0.5833333 0.02083331 0.5833333 0.04166662 0.5833333 0.04166662 0.6666667 0.02083331 0.6666667 0.04166662 0.6666667 0.04166662 0.75 0.02083331 0.75 0.04166662 0.75 0.04166662 0.8333333 0.02083331 0.8333333 0.04166662 0.8333333 0.04166662 0.9166667 0.02083331 0.9166667 0.04166662 0.9166667 0.04166662 1 0.02083331 0 0.04166662 0 0.04166662 0.08333331 0.02083331 0.08333331 0.04166662 0.08333331 0.04166662 0.1666666 0.02083331 0.1666666 0.04166662 0.1666666 0.04166662 0.25 0.02083331 0.25 0.04166662 0.25 0.04166662 0.3333333 0.02083331 0.3333333 0.04166662 0.3333333 0.04166662 0.4166666 0.02083331 0.4166666 0.04166662 0.4166666 0.04166662 0.5 0.04166662 0.5 0.0625 0.5 0.0625 0.5833333 0.04166662 0.5833333 0.0625 0.5833333 0.0625 0.6666667 0.04166662 0.6666667 0.0625 0.6666667 0.0625 0.75 0.04166662 0.75 0.0625 0.75 0.0625 0.8333333 0.04166662 0.8333333 0.0625 0.8333333 0.0625 0.9166667 0.04166662 0.9166667 0.0625 0.9166667 0.0625 1 0.04166662 0 0.0625 0 0.0625 0.08333331 0.04166662 0.08333331 0.0625 0.08333331 0.0625 0.1666666 0.04166662 0.1666666 0.0625 0.1666666 0.0625 0.25 0.04166662 0.25 0.0625 0.25 0.0625 0.3333333 0.04166662 0.3333333 0.0625 0.3333333 0.0625 0.4166666 0.04166662 0.4166666 0.0625 0.4166666 0.0625 0.5 0.0625 0.5 0.08333331 0.5 0.08333331 0.5833333 0.0625 0.5833333 0.08333331 0.5833333 0.08333331 0.6666667 0.0625 0.6666667 0.08333331 0.6666667 0.08333331 0.75 0.0625 0.75 0.08333331 0.75 0.08333331 0.8333333 0.0625 0.8333333 0.08333331 0.8333333 0.08333331 0.9166667 0.0625 0.9166667 0.08333331 0.9166667 0.08333331 1 0.0625 0 0.08333331 0 0.08333331 0.08333331 0.0625 0.08333331 0.08333331 0.08333331 0.08333331 0.1666666 0.0625 0.1666666 0.08333331 0.1666666 0.08333331 0.25 0.0625 0.25 0.08333331 0.25 0.08333331 0.3333333 0.0625 0.3333333 0.08333331 0.3333333 0.08333331 0.4166666 0.0625 0.4166666 0.08333331 0.4166666 0.08333331 0.5 0.08333331 0.5 0.1041666 0.5 0.1041666 0.5833333 0.08333331 0.5833333 0.1041666 0.5833333 0.1041666 0.6666667 0.08333331 0.6666667 0.1041666 0.6666667 0.1041666 0.75 0.08333331 0.75 0.1041666 0.75 0.1041666 0.8333333 0.08333331 0.8333333 0.1041666 0.8333333 0.1041666 0.9166667 0.08333331 0.9166667 0.1041666 0.9166667 0.1041666 1 0.08333331 0 0.1041666 0 0.1041666 0.08333331 0.08333331 0.08333331 0.1041666 0.08333331 0.1041666 0.1666666 0.08333331 0.1666666 0.1041666 0.1666666 0.1041666 0.25 0.08333331 0.25 0.1041666 0.25 0.1041666 0.3333333 0.08333331 0.3333333 0.1041666 0.3333333 0.1041666 0.4166666 0.08333331 0.4166666 0.1041666 0.4166666 0.1041666 0.5 0.1041666 0.5 0.125 0.5 0.125 0.5833333 0.1041666 0.5833333 0.125 0.5833333 0.125 0.6666667 0.1041666 0.6666667 0.125 0.6666667 0.125 0.75 0.1041666 0.75 0.125 0.75 0.125 0.8333333 0.1041666 0.8333333 0.125 0.8333333 0.125 0.9166667 0.1041666 0.9166667 0.125 0.9166667 0.125 1 0.1041666 0 0.125 0 0.125 0.08333331 0.1041666 0.08333331 0.125 0.08333331 0.125 0.1666666 0.1041666 0.1666666 0.125 0.1666666 0.125 0.25 0.1041666 0.25 0.125 0.25 0.125 0.3333333 0.1041666 0.3333333 0.125 0.3333333 0.125 0.4166666 0.1041666 0.4166666 0.125 0.4166666 0.125 0.5 0.125 0.5 0.1458333 0.5 0.1458333 0.5833333 0.125 0.5833333 0.1458333 0.5833333 0.1458333 0.6666667 0.125 0.6666667 0.1458333 0.6666667 0.1458333 0.75 0.125 0.75 0.1458333 0.75 0.1458333 0.8333333 0.125 0.8333333 0.1458333 0.8333333 0.1458333 0.9166667 0.125 0.9166667 0.1458333 0.9166667 0.1458333 1 0.125 0 0.1458333 0 0.1458333 0.08333331 0.125 0.08333331 0.1458333 0.08333331 0.1458333 0.1666666 0.125 0.1666666 0.1458333 0.1666666 0.1458333 0.25 0.125 0.25 0.1458333 0.25 0.1458333 0.3333333 0.125 0.3333333 0.1458333 0.3333333 0.1458333 0.4166666 0.125 0.4166666 0.1458333 0.4166666 0.1458333 0.5 0.1458333 0.5 0.1666666 0.5 0.1666666 0.5833333 0.1458333 0.5833333 0.1666666 0.5833333 0.1666666 0.6666667 0.1458333 0.6666667 0.1666666 0.6666667 0.1666666 0.75 0.1458333 0.75 0.1666666 0.75 0.1666666 0.8333333 0.1458333 0.8333333 0.1666666 0.8333333 0.1666666 0.9166667 0.1458333 0.9166667 0.1666666 0.9166667 0.1666666 1 0.1458333 0 0.1666666 0 0.1666666 0.08333331 0.1458333 0.08333331 0.1666666 0.08333331 0.1666666 0.1666666 0.1458333 0.1666666 0.1666666 0.1666666 0.1666666 0.25 0.1458333 0.25 0.1666666 0.25 0.1666666 0.3333333 0.1458333 0.3333333 0.1666666 0.3333333 0.1666666 0.4166666 0.1458333 0.4166666 0.1666666 0.4166666 0.1666666 0.5 0.1666666 0.5 0.1875 0.5 0.1875 0.5833333 0.1666666 0.5833333 0.1875 0.5833333 0.1875 0.6666667 0.1666666 0.6666667 0.1875 0.6666667 0.1875 0.75 0.1666666 0.75 0.1875 0.75 0.1875 0.8333333 0.1666666 0.8333333 0.1875 0.8333333 0.1875 0.9166667 0.1666666 0.9166667 0.1875 0.9166667 0.1875 1 0.1666666 0 0.1875 0 0.1875 0.08333331 0.1666666 0.08333331 0.1875 0.08333331 0.1875 0.1666666 0.1666666 0.1666666 0.1875 0.1666666 0.1875 0.25 0.1666666 0.25 0.1875 0.25 0.1875 0.3333333 0.1666666 0.3333333 0.1875 0.3333333 0.1875 0.4166666 0.1666666 0.4166666 0.1875 0.4166666 0.1875 0.5 0.1875 0.5 0.2083333 0.5 0.2083333 0.5833333 0.1875 0.5833333 0.2083333 0.5833333 0.2083333 0.6666667 0.1875 0.6666667 0.2083333 0.6666667 0.2083333 0.75 0.1875 0.75 0.2083333 0.75 0.2083333 0.8333333 0.1875 0.8333333 0.2083333 0.8333333 0.2083333 0.9166667 0.1875 0.9166667 0.2083333 0.9166667 0.2083333 1 0.1875 0 0.2083333 0 0.2083333 0.08333331 0.1875 0.08333331 0.2083333 0.08333331 0.2083333 0.1666666 0.1875 0.1666666 0.2083333 0.1666666 0.2083333 0.25 0.1875 0.25 0.2083333 0.25 0.2083333 0.3333333 0.1875 0.3333333 0.2083333 0.3333333 0.2083333 0.4166666 0.1875 0.4166666 0.2083333 0.4166666 0.2083333 0.5 0.2083333 0.5 0.2291666 0.5 0.2291666 0.5833333 0.2083333 0.5833333 0.2291666 0.5833333 0.2291666 0.6666667 0.2083333 0.6666667 0.2291666 0.6666667 0.2291666 0.75 0.2083333 0.75 0.2291666 0.75 0.2291666 0.8333333 0.2083333 0.8333333 0.2291666 0.8333333 0.2291666 0.9166667 0.2083333 0.9166667 0.2291666 0.9166667 0.2291666 1 0.2083333 0 0.2291666 0 0.2291666 0.08333331 0.2083333 0.08333331 0.2291666 0.08333331 0.2291666 0.1666666 0.2083333 0.1666666 0.2291666 0.1666666 0.2291666 0.25 0.2083333 0.25 0.2291666 0.25 0.2291666 0.3333333 0.2083333 0.3333333 0.2291666 0.3333333 0.2291666 0.4166666 0.2083333 0.4166666 0.2291666 0.4166666 0.2291666 0.5 0.2291666 0.5 0.25 0.5 0.25 0.5833333 0.2291666 0.5833333 0.25 0.5833333 0.25 0.6666667 0.2291666 0.6666667 0.25 0.6666667 0.25 0.75 0.2291666 0.75 0.25 0.75 0.25 0.8333333 0.2291666 0.8333333 0.25 0.8333333 0.25 0.9166667 0.2291666 0.9166667 0.25 0.9166667 0.25 1 0.2291666 0 0.25 0 0.25 0.08333331 0.2291666 0.08333331 0.25 0.08333331 0.25 0.1666666 0.2291666 0.1666666 0.25 0.1666666 0.25 0.25 0.2291666 0.25 0.25 0.25 0.25 0.3333333 0.2291666 0.3333333 0.25 0.3333333 0.25 0.4166666 0.2291666 0.4166666 0.25 0.4166666 0.25 0.5 0.25 0.5 0.2708333 0.5 0.2708333 0.5833333 0.25 0.5833333 0.2708333 0.5833333 0.2708333 0.6666667 0.25 0.6666667 0.2708333 0.6666667 0.2708333 0.75 0.25 0.75 0.2708333 0.75 0.2708333 0.8333333 0.25 0.8333333 0.2708333 0.8333333 0.2708333 0.9166667 0.25 0.9166667 0.2708333 0.9166667 0.2708333 1 0.25 0 0.2708333 0 0.2708333 0.08333331 0.25 0.08333331 0.2708333 0.08333331 0.2708333 0.1666666 0.25 0.1666666 0.2708333 0.1666666 0.2708333 0.25 0.25 0.25 0.2708333 0.25 0.2708333 0.3333333 0.25 0.3333333 0.2708333 0.3333333 0.2708333 0.4166666 0.25 0.4166666 0.2708333 0.4166666 0.2708333 0.5 0.2708333 0.5 0.2916666 0.5 0.2916666 0.5833333 0.2708333 0.5833333 0.2916666 0.5833333 0.2916666 0.6666667 0.2708333 0.6666667 0.2916666 0.6666667 0.2916666 0.75 0.2708333 0.75 0.2916666 0.75 0.2916666 0.8333333 0.2708333 0.8333333 0.2916666 0.8333333 0.2916666 0.9166667 0.2708333 0.9166667 0.2916666 0.9166667 0.2916666 1 0.2708333 0 0.2916666 0 0.2916666 0.08333331 0.2708333 0.08333331 0.2916666 0.08333331 0.2916666 0.1666666 0.2708333 0.1666666 0.2916666 0.1666666 0.2916666 0.25 0.2708333 0.25 0.2916666 0.25 0.2916666 0.3333333 0.2708333 0.3333333 0.2916666 0.3333333 0.2916666 0.4166666 0.2708333 0.4166666 0.2916666 0.4166666 0.2916666 0.5 0.2916666 0.5 0.3125 0.5 0.3125 0.5833333 0.2916666 0.5833333 0.3125 0.5833333 0.3125 0.6666667 0.2916666 0.6666667 0.3125 0.6666667 0.3125 0.75 0.2916666 0.75 0.3125 0.75 0.3125 0.8333333 0.2916666 0.8333333 0.3125 0.8333333 0.3125 0.9166667 0.2916666 0.9166667 0.3125 0.9166667 0.3125 1 0.2916666 0 0.3125 0 0.3125 0.08333331 0.2916666 0.08333331 0.3125 0.08333331 0.3125 0.1666666 0.2916666 0.1666666 0.3125 0.1666666 0.3125 0.25 0.2916666 0.25 0.3125 0.25 0.3125 0.3333333 0.2916666 0.3333333 0.3125 0.3333333 0.3125 0.4166666 0.2916666 0.4166666 0.3125 0.4166666 0.3125 0.5 0.3125 0.5 0.3333333 0.5 0.3333333 0.5833333 0.3125 0.5833333 0.3333333 0.5833333 0.3333333 0.6666667 0.3125 0.6666667 0.3333333 0.6666667 0.3333333 0.75 0.3125 0.75 0.3333333 0.75 0.3333333 0.8333333 0.3125 0.8333333 0.3333333 0.8333333 0.3333333 0.9166667 0.3125 0.9166667 0.3333333 0.9166667 0.3333333 1 0.3125 0 0.3333333 0 0.3333333 0.08333331 0.3125 0.08333331 0.3333333 0.08333331 0.3333333 0.1666666 0.3125 0.1666666 0.3333333 0.1666666 0.3333333 0.25 0.3125 0.25 0.3333333 0.25 0.3333333 0.3333333 0.3125 0.3333333 0.3333333 0.3333333 0.3333333 0.4166666 0.3125 0.4166666 0.3333333 0.4166666 0.3333333 0.5 0.3333333 0.5 0.3541666 0.5 0.3541666 0.5833333 0.3333333 0.5833333 0.3541666 0.5833333 0.3541666 0.6666667 0.3333333 0.6666667 0.3541666 0.6666667 0.3541666 0.75 0.3333333 0.75 0.3541666 0.75 0.3541666 0.8333333 0.3333333 0.8333333 0.3541666 0.8333333 0.3541666 0.9166667 0.3333333 0.9166667 0.3541666 0.9166667 0.3541666 1 0.3333333 0 0.3541666 0 0.3541666 0.08333331 0.3333333 0.08333331 0.3541666 0.08333331 0.3541666 0.1666666 0.3333333 0.1666666 0.3541666 0.1666666 0.3541666 0.25 0.3333333 0.25 0.3541666 0.25 0.3541666 0.3333333 0.3333333 0.3333333 0.3541666 0.3333333 0.3541666 0.4166666 0.3333333 0.4166666 0.3541666 0.4166666 0.3541666 0.5 0.3541666 0.5 0.375 0.5 0.375 0.5833333 0.3541666 0.5833333 0.375 0.5833333 0.375 0.6666667 0.3541666 0.6666667 0.375 0.6666667 0.375 0.75 0.3541666 0.75 0.375 0.75 0.375 0.8333333 0.3541666 0.8333333 0.375 0.8333333 0.375 0.9166667 0.3541666 0.9166667 0.375 0.9166667 0.375 1 0.3541666 0 0.375 0 0.375 0.08333331 0.3541666 0.08333331 0.375 0.08333331 0.375 0.1666666 0.3541666 0.1666666 0.375 0.1666666 0.375 0.25 0.3541666 0.25 0.375 0.25 0.375 0.3333333 0.3541666 0.3333333 0.375 0.3333333 0.375 0.4166666 0.3541666 0.4166666 0.375 0.4166666 0.375 0.5 0.375 0.5 0.3958333 0.5 0.3958333 0.5833333 0.375 0.5833333 0.3958333 0.5833333 0.3958333 0.6666667 0.375 0.6666667 0.3958333 0.6666667 0.3958333 0.75 0.375 0.75 0.3958333 0.75 0.3958333 0.8333333 0.375 0.8333333 0.3958333 0.8333333 0.3958333 0.9166667 0.375 0.9166667 0.3958333 0.9166667 0.3958333 1 0.375 0 0.3958333 0 0.3958333 0.08333331 0.375 0.08333331 0.3958333 0.08333331 0.3958333 0.1666666 0.375 0.1666666 0.3958333 0.1666666 0.3958333 0.25 0.375 0.25 0.3958333 0.25 0.3958333 0.3333333 0.375 0.3333333 0.3958333 0.3333333 0.3958333 0.4166666 0.375 0.4166666 0.3958333 0.4166666 0.3958333 0.5 0.3958333 0.5 0.4166666 0.5 0.4166666 0.5833333 0.3958333 0.5833333 0.4166666 0.5833333 0.4166666 0.6666667 0.3958333 0.6666667 0.4166666 0.6666667 0.4166666 0.75 0.3958333 0.75 0.4166666 0.75 0.4166666 0.8333333 0.3958333 0.8333333 0.4166666 0.8333333 0.4166666 0.9166667 0.3958333 0.9166667 0.4166666 0.9166667 0.4166666 1 0.3958333 0 0.4166666 0 0.4166666 0.08333331 0.3958333 0.08333331 0.4166666 0.08333331 0.4166666 0.1666666 0.3958333 0.1666666 0.4166666 0.1666666 0.4166666 0.25 0.3958333 0.25 0.4166666 0.25 0.4166666 0.3333333 0.3958333 0.3333333 0.4166666 0.3333333 0.4166666 0.4166666 0.3958333 0.4166666 0.4166666 0.4166666 0.4166666 0.5 0.4166666 0.5 0.4375 0.5 0.4375 0.5833333 0.4166666 0.5833333 0.4375 0.5833333 0.4375 0.6666667 0.4166666 0.6666667 0.4375 0.6666667 0.4375 0.75 0.4166666 0.75 0.4375 0.75 0.4375 0.8333333 0.4166666 0.8333333 0.4375 0.8333333 0.4375 0.9166667 0.4166666 0.9166667 0.4375 0.9166667 0.4375 1 0.4166666 0 0.4375 0 0.4375 0.08333331 0.4166666 0.08333331 0.4375 0.08333331 0.4375 0.1666666 0.4166666 0.1666666 0.4375 0.1666666 0.4375 0.25 0.4166666 0.25 0.4375 0.25 0.4375 0.3333333 0.4166666 0.3333333 0.4375 0.3333333 0.4375 0.4166666 0.4166666 0.4166666 0.4375 0.4166666 0.4375 0.5 0.4375 0.5 0.4583333 0.5 0.4583333 0.5833333 0.4375 0.5833333 0.4583333 0.5833333 0.4583333 0.6666667 0.4375 0.6666667 0.4583333 0.6666667 0.4583333 0.75 0.4375 0.75 0.4583333 0.75 0.4583333 0.8333333 0.4375 0.8333333 0.4583333 0.8333333 0.4583333 0.9166667 0.4375 0.9166667 0.4583333 0.9166667 0.4583333 1 0.4375 0 0.4583333 0 0.4583333 0.08333331 0.4375 0.08333331 0.4583333 0.08333331 0.4583333 0.1666666 0.4375 0.1666666 0.4583333 0.1666666 0.4583333 0.25 0.4375 0.25 0.4583333 0.25 0.4583333 0.3333333 0.4375 0.3333333 0.4583333 0.3333333 0.4583333 0.4166666 0.4375 0.4166666 0.4583333 0.4166666 0.4583333 0.5 0.4583333 0.5 0.4791666 0.5 0.4791666 0.5833333 0.4583333 0.5833333 0.4791666 0.5833333 0.4791666 0.6666667 0.4583333 0.6666667 0.4791666 0.6666667 0.4791666 0.75 0.4583333 0.75 0.4791666 0.75 0.4791666 0.8333333 0.4583333 0.8333333 0.4791666 0.8333333 0.4791666 0.9166667 0.4583333 0.9166667 0.4791666 0.9166667 0.4791666 1 0.4583333 0 0.4791666 0 0.4791666 0.08333331 0.4583333 0.08333331 0.4791666 0.08333331 0.4791666 0.1666666 0.4583333 0.1666666 0.4791666 0.1666666 0.4791666 0.25 0.4583333 0.25 0.4791666 0.25 0.4791666 0.3333333 0.4583333 0.3333333 0.4791666 0.3333333 0.4791666 0.4166666 0.4583333 0.4166666 0.4791666 0.4166666 0.4791666 0.5 0.4791666 0.5 0.5 0.5 0.5 0.5833333 0.4791666 0.5833333 0.5 0.5833333 0.5 0.6666667 0.4791666 0.6666667 0.5 0.6666667 0.5 0.75 0.4791666 0.75 0.5 0.75 0.5 0.8333333 0.4791666 0.8333333 0.5 0.8333333 0.5 0.9166667 0.4791666 0.9166667 0.5 0.9166667 0.5 1 0.4791666 0 0.5 0 0.5 0.08333331 0.4791666 0.08333331 0.5 0.08333331 0.5 0.1666666 0.4791666 0.1666666 0.5 0.1666666 0.5 0.25 0.4791666 0.25 0.5 0.25 0.5 0.3333333 0.4791666 0.3333333 0.5 0.3333333 0.5 0.4166666 0.4791666 0.4166666 0.5 0.4166666 0.5 0.5</float_array>
          <technique_common>
            <accessor source="#Torus_001-mesh-map-0-array" count="3456" stride="2">
              <param name="S" type="float"/>
              <param name="T" type="float"/>
            </accessor>
          </technique_common>
        </source>
        <vertices id="Torus_001-mesh-vertices">
          <input semantic="POSITION" source="#Torus_001-mesh-positions"/>
        </vertices>
        <triangles count="1152">
          <input semantic="VERTEX" source="#Torus_001-mesh-vertices" offset="0"/>
          <input semantic="NORMAL" source="#Torus_001-mesh-normals" offset="1"/>
          <input semantic="TEXCOORD" source="#Torus_001-mesh-map-0" offset="2" set="0"/>
          <p>0 0 0 13 1 1 1 2 2 1 2 3 14 3 4 2 4 5 2 4 6 15 5 7 3 6 8 3 6 9 16 7 10 4 8 11 4 8 12 17 9 13 5 10 14 5 10 15 18 11 16 6 12 17 6 12 18 19 13 19 7 14 20 7 14 21 20 15 22 8 16 23 8 16 24 21 17 25 9 18 26 9 18 27 22 19 28 10 20 29 10 20 30 23 21 31 11 22 32 11 22 33 12 23 34 0 0 35 12 23 36 25 24 37 13 1 38 13 1 39 26 25 40 14 3 41 14 3 42 27 26 43 15 5 44 15 5 45 28 27 46 16 7 47 16 7 48 29 28 49 17 9 50 17 9 51 30 29 52 18 11 53 18 11 54 31 30 55 19 13 56 19 13 57 32 31 58 20 15 59 20 15 60 33 32 61 21 17 62 21 17 63 34 33 64 22 19 65 22 19 66 35 34 67 23 21 68 23 21 69 24 35 70 12 23 71 24 35 72 37 36 73 25 24 74 25 24 75 38 37 76 26 25 77 26 25 78 39 38 79 27 26 80 27 26 81 40 39 82 28 27 83 28 27 84 41 40 85 29 28 86 29 28 87 42 41 88 30 29 89 30 29 90 43 42 91 31 30 92 31 30 93 44 43 94 32 31 95 32 31 96 45 44 97 33 32 98 33 32 99 46 45 100 34 33 101 34 33 102 47 46 103 35 34 104 35 34 105 36 47 106 24 35 107 36 47 108 49 48 109 37 36 110 37 36 111 50 49 112 38 37 113 38 37 114 51 50 115 39 38 116 39 38 117 52 51 118 40 39 119 40 39 120 53 52 121 41 40 122 41 40 123 54 53 124 42 41 125 42 41 126 55 54 127 43 42 128 43 42 129 56 55 130 44 43 131 44 43 132 57 56 133 45 44 134 45 44 135 58 57 136 46 45 137 46 45 138 59 58 139 47 46 140 47 46 141 48 59 142 36 47 143 48 59 144 61 60 145 49 48 146 49 48 147 62 61 148 50 49 149 50 49 150 63 62 151 51 50 152 51 50 153 64 63 154 52 51 155 52 51 156 65 64 157 53 52 158 53 52 159 66 65 160 54 53 161 54 53 162 67 66 163 55 54 164 55 54 165 68 67 166 56 55 167 56 55 168 69 68 169 57 56 170 57 56 171 70 69 172 58 57 173 58 57 174 71 70 175 59 58 176 59 58 177 60 71 178 48 59 179 60 71 180 73 72 181 61 60 182 61 60 183 74 73 184 62 61 185 62 61 186 75 74 187 63 62 188 63 62 189 76 75 190 64 63 191 64 63 192 77 76 193 65 64 194 65 64 195 78 77 196 66 65 197 66 65 198 79 78 199 67 66 200 67 66 201 80 79 202 68 67 203 68 67 204 81 80 205 69 68 206 69 68 207 82 81 208 70 69 209 70 69 210 83 82 211 71 70 212 71 70 213 72 83 214 60 71 215 72 83 216 85 84 217 73 72 218 73 72 219 86 85 220 74 73 221 74 73 222 87 86 223 75 74 224 75 74 225 88 87 226 76 75 227 76 75 228 89 88 229 77 76 230 77 76 231 90 89 232 78 77 233 78 77 234 91 90 235 79 78 236 79 78 237 92 91 238 80 79 239 80 79 240 93 92 241 81 80 242 81 80 243 94 93 244 82 81 245 82 81 246 95 94 247 83 82 248 83 82 249 84 95 250 72 83 251 84 95 252 97 96 253 85 84 254 85 84 255 98 97 256 86 85 257 86 85 258 99 98 259 87 86 260 87 86 261 100 99 262 88 87 263 88 87 264 101 100 265 89 88 266 89 88 267 102 101 268 90 89 269 90 89 270 103 102 271 91 90 272 91 90 273 104 103 274 92 91 275 92 91 276 105 104 277 93 92 278 93 92 279 106 105 280 94 93 281 94 93 282 107 106 283 95 94 284 95 94 285 96 107 286 84 95 287 96 107 288 109 108 289 97 96 290 97 96 291 110 109 292 98 97 293 98 97 294 111 110 295 99 98 296 99 98 297 112 111 298 100 99 299 100 99 300 113 112 301 101 100 302 101 100 303 114 113 304 102 101 305 102 101 306 115 114 307 103 102 308 103 102 309 116 115 310 104 103 311 104 103 312 117 116 313 105 104 314 105 104 315 118 117 316 106 105 317 106 105 318 119 118 319 107 106 320 107 106 321 108 119 322 96 107 323 108 119 324 121 120 325 109 108 326 109 108 327 122 121 328 110 109 329 110 109 330 123 122 331 111 110 332 111 110 333 124 123 334 112 111 335 112 111 336 125 124 337 113 112 338 113 112 339 126 125 340 114 113 341 114 113 342 127 126 343 115 114 344 115 114 345 128 127 346 116 115 347 116 115 348 129 128 349 117 116 350 117 116 351 130 129 352 118 117 353 118 117 354 131 130 355 119 118 356 119 118 357 120 131 358 108 119 359 120 131 360 133 132 361 121 120 362 121 120 363 134 133 364 122 121 365 122 121 366 135 134 367 123 122 368 123 122 369 136 135 370 124 123 371 124 123 372 137 136 373 125 124 374 125 124 375 138 137 376 126 125 377 126 125 378 139 138 379 127 126 380 127 126 381 140 139 382 128 127 383 128 127 384 141 140 385 129 128 386 129 128 387 142 141 388 130 129 389 130 129 390 143 142 391 131 130 392 131 130 393 132 143 394 120 131 395 132 143 396 145 144 397 133 132 398 133 132 399 146 145 400 134 133 401 134 133 402 147 146 403 135 134 404 135 134 405 148 147 406 136 135 407 136 135 408 149 148 409 137 136 410 137 136 411 150 149 412 138 137 413 138 137 414 151 150 415 139 138 416 139 138 417 152 151 418 140 139 419 140 139 420 153 152 421 141 140 422 141 140 423 154 153 424 142 141 425 142 141 426 155 154 427 143 142 428 143 142 429 144 155 430 132 143 431 144 155 432 157 156 433 145 144 434 145 144 435 158 157 436 146 145 437 146 145 438 159 158 439 147 146 440 147 146 441 160 159 442 148 147 443 148 147 444 161 160 445 149 148 446 149 148 447 162 161 448 150 149 449 150 149 450 163 162 451 151 150 452 151 150 453 164 163 454 152 151 455 152 151 456 165 164 457 153 152 458 153 152 459 166 165 460 154 153 461 154 153 462 167 166 463 155 154 464 155 154 465 156 167 466 144 155 467 156 167 468 169 168 469 157 156 470 157 156 471 170 169 472 158 157 473 158 157 474 171 170 475 159 158 476 159 158 477 172 171 478 160 159 479 160 159 480 173 172 481 161 160 482 161 160 483 174 173 484 162 161 485 162 161 486 175 174 487 163 162 488 163 162 489 176 175 490 164 163 491 164 163 492 177 176 493 165 164 494 165 164 495 178 177 496 166 165 497 166 165 498 179 178 499 167 166 500 167 166 501 168 179 502 156 167 503 168 179 504 181 180 505 169 168 506 169 168 507 182 181 508 170 169 509 170 169 510 183 182 511 171 170 512 171 170 513 184 183 514 172 171 515 172 171 516 185 184 517 173 172 518 173 172 519 186 185 520 174 173 521 174 173 522 187 186 523 175 174 524 175 174 525 188 187 526 176 175 527 176 175 528 189 188 529 177 176 530 177 176 531 190 189 532 178 177 533 178 177 534 191 190 535 179 178 536 179 178 537 180 191 538 168 179 539 180 191 540 193 192 541 181 180 542 181 180 543 194 193 544 182 181 545 182 181 546 195 194 547 183 182 548 183 182 549 196 195 550 184 183 551 184 183 552 197 196 553 185 184 554 185 184 555 198 197 556 186 185 557 186 185 558 199 198 559 187 186 560 187 186 561 200 199 562 188 187 563 188 187 564 201 200 565 189 188 566 189 188 567 202 201 568 190 189 569 190 189 570 203 202 571 191 190 572 191 190 573 192 203 574 180 191 575 192 203 576 205 204 577 193 192 578 193 192 579 206 205 580 194 193 581 194 193 582 207 206 583 195 194 584 195 194 585 208 207 586 196 195 587 196 195 588 209 208 589 197 196 590 197 196 591 210 209 592 198 197 593 198 197 594 211 210 595 199 198 596 199 198 597 212 211 598 200 199 599 200 199 600 213 212 601 201 200 602 201 200 603 214 213 604 202 201 605 202 201 606 215 214 607 203 202 608 203 202 609 204 215 610 192 203 611 204 215 612 217 216 613 205 204 614 205 204 615 218 217 616 206 205 617 206 205 618 219 218 619 207 206 620 207 206 621 220 219 622 208 207 623 208 207 624 221 220 625 209 208 626 209 208 627 222 221 628 210 209 629 210 209 630 223 222 631 211 210 632 211 210 633 224 223 634 212 211 635 212 211 636 225 224 637 213 212 638 213 212 639 226 225 640 214 213 641 214 213 642 227 226 643 215 214 644 215 214 645 216 227 646 204 215 647 216 227 648 229 228 649 217 216 650 217 216 651 230 229 652 218 217 653 218 217 654 231 230 655 219 218 656 219 218 657 232 231 658 220 219 659 220 219 660 233 232 661 221 220 662 221 220 663 234 233 664 222 221 665 222 221 666 235 234 667 223 222 668 223 222 669 236 235 670 224 223 671 224 223 672 237 236 673 225 224 674 225 224 675 238 237 676 226 225 677 226 225 678 239 238 679 227 226 680 227 226 681 228 239 682 216 227 683 228 239 684 241 240 685 229 228 686 229 228 687 242 241 688 230 229 689 230 229 690 243 242 691 231 230 692 231 230 693 244 243 694 232 231 695 232 231 696 245 244 697 233 232 698 233 232 699 246 245 700 234 233 701 234 233 702 247 246 703 235 234 704 235 234 705 248 247 706 236 235 707 236 235 708 249 248 709 237 236 710 237 236 711 250 249 712 238 237 713 238 237 714 251 250 715 239 238 716 239 238 717 240 251 718 228 239 719 240 251 720 253 252 721 241 240 722 241 240 723 254 253 724 242 241 725 242 241 726 255 254 727 243 242 728 243 242 729 256 255 730 244 243 731 244 243 732 257 256 733 245 244 734 245 244 735 258 257 736 246 245 737 246 245 738 259 258 739 247 246 740 247 246 741 260 259 742 248 247 743 248 247 744 261 260 745 249 248 746 249 248 747 262 261 748 250 249 749 250 249 750 263 262 751 251 250 752 251 250 753 252 263 754 240 251 755 252 263 756 265 264 757 253 252 758 253 252 759 266 265 760 254 253 761 254 253 762 267 266 763 255 254 764 255 254 765 268 267 766 256 255 767 256 255 768 269 268 769 257 256 770 257 256 771 270 269 772 258 257 773 258 257 774 271 270 775 259 258 776 259 258 777 272 271 778 260 259 779 260 259 780 273 272 781 261 260 782 261 260 783 274 273 784 262 261 785 262 261 786 275 274 787 263 262 788 263 262 789 264 275 790 252 263 791 264 275 792 277 276 793 265 264 794 265 264 795 278 277 796 266 265 797 266 265 798 279 278 799 267 266 800 267 266 801 280 279 802 268 267 803 268 267 804 281 280 805 269 268 806 269 268 807 282 281 808 270 269 809 270 269 810 283 282 811 271 270 812 271 270 813 284 283 814 272 271 815 272 271 816 285 284 817 273 272 818 273 272 819 286 285 820 274 273 821 274 273 822 287 286 823 275 274 824 275 274 825 276 287 826 264 275 827 276 287 828 289 288 829 277 276 830 277 276 831 290 289 832 278 277 833 278 277 834 291 290 835 279 278 836 279 278 837 292 291 838 280 279 839 280 279 840 293 292 841 281 280 842 281 280 843 294 293 844 282 281 845 282 281 846 295 294 847 283 282 848 283 282 849 296 295 850 284 283 851 284 283 852 297 296 853 285 284 854 285 284 855 298 297 856 286 285 857 286 285 858 299 298 859 287 286 860 287 286 861 288 299 862 276 287 863 288 299 864 301 300 865 289 288 866 289 288 867 302 301 868 290 289 869 290 289 870 303 302 871 291 290 872 291 290 873 304 303 874 292 291 875 292 291 876 305 304 877 293 292 878 293 292 879 306 305 880 294 293 881 294 293 882 307 306 883 295 294 884 295 294 885 308 307 886 296 295 887 296 295 888 309 308 889 297 296 890 297 296 891 310 309 892 298 297 893 298 297 894 311 310 895 299 298 896 299 298 897 300 311 898 288 299 899 300 311 900 313 312 901 301 300 902 301 300 903 314 313 904 302 301 905 302 301 906 315 314 907 303 302 908 303 302 909 316 315 910 304 303 911 304 303 912 317 316 913 305 304 914 305 304 915 318 317 916 306 305 917 306 305 918 319 318 919 307 306 920 307 306 921 320 319 922 308 307 923 308 307 924 321 320 925 309 308 926 309 308 927 322 321 928 310 309 929 310 309 930 323 322 931 311 310 932 311 310 933 312 323 934 300 311 935 312 323 936 325 324 937 313 312 938 313 312 939 326 325 940 314 313 941 314 313 942 327 326 943 315 314 944 315 314 945 328 327 946 316 315 947 316 315 948 329 328 949 317 316 950 317 316 951 330 329 952 318 317 953 318 317 954 331 330 955 319 318 956 319 318 957 332 331 958 320 319 959 320 319 960 333 332 961 321 320 962 321 320 963 334 333 964 322 321 965 322 321 966 335 334 967 323 322 968 323 322 969 324 335 970 312 323 971 324 335 972 337 336 973 325 324 974 325 324 975 338 337 976 326 325 977 326 325 978 339 338 979 327 326 980 327 326 981 340 339 982 328 327 983 328 327 984 341 340 985 329 328 986 329 328 987 342 341 988 330 329 989 330 329 990 343 342 991 331 330 992 331 330 993 344 343 994 332 331 995 332 331 996 345 344 997 333 332 998 333 332 999 346 345 1000 334 333 1001 334 333 1002 347 346 1003 335 334 1004 335 334 1005 336 347 1006 324 335 1007 336 347 1008 349 348 1009 337 336 1010 337 336 1011 350 349 1012 338 337 1013 338 337 1014 351 350 1015 339 338 1016 339 338 1017 352 351 1018 340 339 1019 340 339 1020 353 352 1021 341 340 1022 341 340 1023 354 353 1024 342 341 1025 342 341 1026 355 354 1027 343 342 1028 343 342 1029 356 355 1030 344 343 1031 344 343 1032 357 356 1033 345 344 1034 345 344 1035 358 357 1036 346 345 1037 346 345 1038 359 358 1039 347 346 1040 347 346 1041 348 359 1042 336 347 1043 348 359 1044 361 360 1045 349 348 1046 349 348 1047 362 361 1048 350 349 1049 350 349 1050 363 362 1051 351 350 1052 351 350 1053 364 363 1054 352 351 1055 352 351 1056 365 364 1057 353 352 1058 353 352 1059 366 365 1060 354 353 1061 354 353 1062 367 366 1063 355 354 1064 355 354 1065 368 367 1066 356 355 1067 356 355 1068 369 368 1069 357 356 1070 357 356 1071 370 369 1072 358 357 1073 358 357 1074 371 370 1075 359 358 1076 359 358 1077 360 371 1078 348 359 1079 360 371 1080 373 372 1081 361 360 1082 361 360 1083 374 373 1084 362 361 1085 362 361 1086 375 374 1087 363 362 1088 363 362 1089 376 375 1090 364 363 1091 364 363 1092 377 376 1093 365 364 1094 365 364 1095 378 377 1096 366 365 1097 366 365 1098 379 378 1099 367 366 1100 367 366 1101 380 379 1102 368 367 1103 368 367 1104 381 380 1105 369 368 1106 369 368 1107 382 381 1108 370 369 1109 370 369 1110 383 382 1111 371 370 1112 371 370 1113 372 383 1114 360 371 1115 372 383 1116 385 384 1117 373 372 1118 373 372 1119 386 385 1120 374 373 1121 374 373 1122 387 386 1123 375 374 1124 375 374 1125 388 387 1126 376 375 1127 376 375 1128 389 388 1129 377 376 1130 377 376 1131 390 389 1132 378 377 1133 378 377 1134 391 390 1135 379 378 1136 379 378 1137 392 391 1138 380 379 1139 380 379 1140 393 392 1141 381 380 1142 381 380 1143 394 393 1144 382 381 1145 382 381 1146 395 394 1147 383 382 1148 383 382 1149 384 395 1150 372 383 1151 384 395 1152 397 396 1153 385 384 1154 385 384 1155 398 397 1156 386 385 1157 386 385 1158 399 398 1159 387 386 1160 387 386 1161 400 399 1162 388 387 1163 388 387 1164 401 400 1165 389 388 1166 389 388 1167 402 401 1168 390 389 1169 390 389 1170 403 402 1171 391 390 1172 391 390 1173 404 403 1174 392 391 1175 392 391 1176 405 404 1177 393 392 1178 393 392 1179 406 405 1180 394 393 1181 394 393 1182 407 406 1183 395 394 1184 395 394 1185 396 407 1186 384 395 1187 396 407 1188 409 408 1189 397 396 1190 397 396 1191 410 409 1192 398 397 1193 398 397 1194 411 410 1195 399 398 1196 399 398 1197 412 411 1198 400 399 1199 400 399 1200 413 412 1201 401 400 1202 401 400 1203 414 413 1204 402 401 1205 402 401 1206 415 414 1207 403 402 1208 403 402 1209 416 415 1210 404 403 1211 404 403 1212 417 416 1213 405 404 1214 405 404 1215 418 417 1216 406 405 1217 406 405 1218 419 418 1219 407 406 1220 407 406 1221 408 419 1222 396 407 1223 408 419 1224 421 420 1225 409 408 1226 409 408 1227 422 421 1228 410 409 1229 410 409 1230 423 422 1231 411 410 1232 411 410 1233 424 423 1234 412 411 1235 412 411 1236 425 424 1237 413 412 1238 413 412 1239 426 425 1240 414 413 1241 414 413 1242 427 426 1243 415 414 1244 415 414 1245 428 427 1246 416 415 1247 416 415 1248 429 428 1249 417 416 1250 417 416 1251 430 429 1252 418 417 1253 418 417 1254 431 430 1255 419 418 1256 419 418 1257 420 431 1258 408 419 1259 420 431 1260 433 432 1261 421 420 1262 421 420 1263 434 433 1264 422 421 1265 422 421 1266 435 434 1267 423 422 1268 423 422 1269 436 435 1270 424 423 1271 424 423 1272 437 436 1273 425 424 1274 425 424 1275 438 437 1276 426 425 1277 426 425 1278 439 438 1279 427 426 1280 427 426 1281 440 439 1282 428 427 1283 428 427 1284 441 440 1285 429 428 1286 429 428 1287 442 441 1288 430 429 1289 430 429 1290 443 442 1291 431 430 1292 431 430 1293 432 443 1294 420 431 1295 432 443 1296 445 444 1297 433 432 1298 433 432 1299 446 445 1300 434 433 1301 434 433 1302 447 446 1303 435 434 1304 435 434 1305 448 447 1306 436 435 1307 436 435 1308 449 448 1309 437 436 1310 437 436 1311 450 449 1312 438 437 1313 438 437 1314 451 450 1315 439 438 1316 439 438 1317 452 451 1318 440 439 1319 440 439 1320 453 452 1321 441 440 1322 441 440 1323 454 453 1324 442 441 1325 442 441 1326 455 454 1327 443 442 1328 443 442 1329 444 455 1330 432 443 1331 444 455 1332 457 456 1333 445 444 1334 445 444 1335 458 457 1336 446 445 1337 446 445 1338 459 458 1339 447 446 1340 447 446 1341 460 459 1342 448 447 1343 448 447 1344 461 460 1345 449 448 1346 449 448 1347 462 461 1348 450 449 1349 450 449 1350 463 462 1351 451 450 1352 451 450 1353 464 463 1354 452 451 1355 452 451 1356 465 464 1357 453 452 1358 453 452 1359 466 465 1360 454 453 1361 454 453 1362 467 466 1363 455 454 1364 455 454 1365 456 467 1366 444 455 1367 456 467 1368 469 468 1369 457 456 1370 457 456 1371 470 469 1372 458 457 1373 458 457 1374 471 470 1375 459 458 1376 459 458 1377 472 471 1378 460 459 1379 460 459 1380 473 472 1381 461 460 1382 461 460 1383 474 473 1384 462 461 1385 462 461 1386 475 474 1387 463 462 1388 463 462 1389 476 475 1390 464 463 1391 464 463 1392 477 476 1393 465 464 1394 465 464 1395 478 477 1396 466 465 1397 466 465 1398 479 478 1399 467 466 1400 467 466 1401 468 479 1402 456 467 1403 468 479 1404 481 480 1405 469 468 1406 469 468 1407 482 481 1408 470 469 1409 470 469 1410 483 482 1411 471 470 1412 471 470 1413 484 483 1414 472 471 1415 472 471 1416 485 484 1417 473 472 1418 473 472 1419 486 485 1420 474 473 1421 474 473 1422 487 486 1423 475 474 1424 475 474 1425 488 487 1426 476 475 1427 476 475 1428 489 488 1429 477 476 1430 477 476 1431 490 489 1432 478 477 1433 478 477 1434 491 490 1435 479 478 1436 479 478 1437 480 491 1438 468 479 1439 480 491 1440 493 492 1441 481 480 1442 481 480 1443 494 493 1444 482 481 1445 482 481 1446 495 494 1447 483 482 1448 483 482 1449 496 495 1450 484 483 1451 484 483 1452 497 496 1453 485 484 1454 485 484 1455 498 497 1456 486 485 1457 486 485 1458 499 498 1459 487 486 1460 487 486 1461 500 499 1462 488 487 1463 488 487 1464 501 500 1465 489 488 1466 489 488 1467 502 501 1468 490 489 1469 490 489 1470 503 502 1471 491 490 1472 491 490 1473 492 503 1474 480 491 1475 492 503 1476 505 504 1477 493 492 1478 493 492 1479 506 505 1480 494 493 1481 494 493 1482 507 506 1483 495 494 1484 495 494 1485 508 507 1486 496 495 1487 496 495 1488 509 508 1489 497 496 1490 497 496 1491 510 509 1492 498 497 1493 498 497 1494 511 510 1495 499 498 1496 499 498 1497 512 511 1498 500 499 1499 500 499 1500 513 512 1501 501 500 1502 501 500 1503 514 513 1504 502 501 1505 502 501 1506 515 514 1507 503 502 1508 503 502 1509 504 515 1510 492 503 1511 504 515 1512 517 516 1513 505 504 1514 505 504 1515 518 517 1516 506 505 1517 506 505 1518 519 518 1519 507 506 1520 507 506 1521 520 519 1522 508 507 1523 508 507 1524 521 520 1525 509 508 1526 509 508 1527 522 521 1528 510 509 1529 510 509 1530 523 522 1531 511 510 1532 511 510 1533 524 523 1534 512 511 1535 512 511 1536 525 524 1537 513 512 1538 513 512 1539 526 525 1540 514 513 1541 514 513 1542 527 526 1543 515 514 1544 515 514 1545 516 527 1546 504 515 1547 516 527 1548 529 528 1549 517 516 1550 517 516 1551 530 529 1552 518 517 1553 518 517 1554 531 530 1555 519 518 1556 519 518 1557 532 531 1558 520 519 1559 520 519 1560 533 532 1561 521 520 1562 521 520 1563 534 533 1564 522 521 1565 522 521 1566 535 534 1567 523 522 1568 523 522 1569 536 535 1570 524 523 1571 524 523 1572 537 536 1573 525 524 1574 525 524 1575 538 537 1576 526 525 1577 526 525 1578 539 538 1579 527 526 1580 527 526 1581 528 539 1582 516 527 1583 528 539 1584 541 540 1585 529 528 1586 529 528 1587 542 541 1588 530 529 1589 530 529 1590 543 542 1591 531 530 1592 531 530 1593 544 543 1594 532 531 1595 532 531 1596 545 544 1597 533 532 1598 533 532 1599 546 545 1600 534 533 1601 534 533 1602 547 546 1603 535 534 1604 535 534 1605 548 547 1606 536 535 1607 536 535 1608 549 548 1609 537 536 1610 537 536 1611 550 549 1612 538 537 1613 538 537 1614 551 550 1615 539 538 1616 539 538 1617 540 551 1618 528 539 1619 540 551 1620 553 552 1621 541 540 1622 541 540 1623 554 553 1624 542 541 1625 542 541 1626 555 554 1627 543 542 1628 543 542 1629 556 555 1630 544 543 1631 544 543 1632 557 556 1633 545 544 1634 545 544 1635 558 557 1636 546 545 1637 546 545 1638 559 558 1639 547 546 1640 547 546 1641 560 559 1642 548 547 1643 548 547 1644 561 560 1645 549 548 1646 549 548 1647 562 561 1648 550 549 1649 550 549 1650 563 562 1651 551 550 1652 551 550 1653 552 563 1654 540 551 1655 552 563 1656 565 564 1657 553 552 1658 553 552 1659 566 565 1660 554 553 1661 554 553 1662 567 566 1663 555 554 1664 555 554 1665 568 567 1666 556 555 1667 556 555 1668 569 568 1669 557 556 1670 557 556 1671 570 569 1672 558 557 1673 558 557 1674 571 570 1675 559 558 1676 559 558 1677 572 571 1678 560 559 1679 560 559 1680 573 572 1681 561 560 1682 561 560 1683 574 573 1684 562 561 1685 562 561 1686 575 574 1687 563 562 1688 563 562 1689 564 575 1690 552 563 1691 564 575 1692 1 2 1693 565 564 1694 565 564 1695 2 4 1696 566 565 1697 566 565 1698 3 6 1699 567 566 1700 567 566 1701 4 8 1702 568 567 1703 568 567 1704 5 10 1705 569 568 1706 569 568 1707 6 12 1708 570 569 1709 570 569 1710 7 14 1711 571 570 1712 571 570 1713 8 16 1714 572 571 1715 572 571 1716 9 18 1717 573 572 1718 573 572 1719 10 20 1720 574 573 1721 574 573 1722 11 22 1723 575 574 1724 575 574 1725 0 0 1726 564 575 1727 0 0 1728 12 23 1729 13 1 1730 1 2 1731 13 1 1732 14 3 1733 2 4 1734 14 3 1735 15 5 1736 3 6 1737 15 5 1738 16 7 1739 4 8 1740 16 7 1741 17 9 1742 5 10 1743 17 9 1744 18 11 1745 6 12 1746 18 11 1747 19 13 1748 7 14 1749 19 13 1750 20 15 1751 8 16 1752 20 15 1753 21 17 1754 9 18 1755 21 17 1756 22 19 1757 10 20 1758 22 19 1759 23 21 1760 11 22 1761 23 21 1762 12 23 1763 12 23 1764 24 35 1765 25 24 1766 13 1 1767 25 24 1768 26 25 1769 14 3 1770 26 25 1771 27 26 1772 15 5 1773 27 26 1774 28 27 1775 16 7 1776 28 27 1777 29 28 1778 17 9 1779 29 28 1780 30 29 1781 18 11 1782 30 29 1783 31 30 1784 19 13 1785 31 30 1786 32 31 1787 20 15 1788 32 31 1789 33 32 1790 21 17 1791 33 32 1792 34 33 1793 22 19 1794 34 33 1795 35 34 1796 23 21 1797 35 34 1798 24 35 1799 24 35 1800 36 47 1801 37 36 1802 25 24 1803 37 36 1804 38 37 1805 26 25 1806 38 37 1807 39 38 1808 27 26 1809 39 38 1810 40 39 1811 28 27 1812 40 39 1813 41 40 1814 29 28 1815 41 40 1816 42 41 1817 30 29 1818 42 41 1819 43 42 1820 31 30 1821 43 42 1822 44 43 1823 32 31 1824 44 43 1825 45 44 1826 33 32 1827 45 44 1828 46 45 1829 34 33 1830 46 45 1831 47 46 1832 35 34 1833 47 46 1834 36 47 1835 36 47 1836 48 59 1837 49 48 1838 37 36 1839 49 48 1840 50 49 1841 38 37 1842 50 49 1843 51 50 1844 39 38 1845 51 50 1846 52 51 1847 40 39 1848 52 51 1849 53 52 1850 41 40 1851 53 52 1852 54 53 1853 42 41 1854 54 53 1855 55 54 1856 43 42 1857 55 54 1858 56 55 1859 44 43 1860 56 55 1861 57 56 1862 45 44 1863 57 56 1864 58 57 1865 46 45 1866 58 57 1867 59 58 1868 47 46 1869 59 58 1870 48 59 1871 48 59 1872 60 71 1873 61 60 1874 49 48 1875 61 60 1876 62 61 1877 50 49 1878 62 61 1879 63 62 1880 51 50 1881 63 62 1882 64 63 1883 52 51 1884 64 63 1885 65 64 1886 53 52 1887 65 64 1888 66 65 1889 54 53 1890 66 65 1891 67 66 1892 55 54 1893 67 66 1894 68 67 1895 56 55 1896 68 67 1897 69 68 1898 57 56 1899 69 68 1900 70 69 1901 58 57 1902 70 69 1903 71 70 1904 59 58 1905 71 70 1906 60 71 1907 60 71 1908 72 83 1909 73 72 1910 61 60 1911 73 72 1912 74 73 1913 62 61 1914 74 73 1915 75 74 1916 63 62 1917 75 74 1918 76 75 1919 64 63 1920 76 75 1921 77 76 1922 65 64 1923 77 76 1924 78 77 1925 66 65 1926 78 77 1927 79 78 1928 67 66 1929 79 78 1930 80 79 1931 68 67 1932 80 79 1933 81 80 1934 69 68 1935 81 80 1936 82 81 1937 70 69 1938 82 81 1939 83 82 1940 71 70 1941 83 82 1942 72 83 1943 72 83 1944 84 95 1945 85 84 1946 73 72 1947 85 84 1948 86 85 1949 74 73 1950 86 85 1951 87 86 1952 75 74 1953 87 86 1954 88 87 1955 76 75 1956 88 87 1957 89 88 1958 77 76 1959 89 88 1960 90 89 1961 78 77 1962 90 89 1963 91 90 1964 79 78 1965 91 90 1966 92 91 1967 80 79 1968 92 91 1969 93 92 1970 81 80 1971 93 92 1972 94 93 1973 82 81 1974 94 93 1975 95 94 1976 83 82 1977 95 94 1978 84 95 1979 84 95 1980 96 107 1981 97 96 1982 85 84 1983 97 96 1984 98 97 1985 86 85 1986 98 97 1987 99 98 1988 87 86 1989 99 98 1990 100 99 1991 88 87 1992 100 99 1993 101 100 1994 89 88 1995 101 100 1996 102 101 1997 90 89 1998 102 101 1999 103 102 2000 91 90 2001 103 102 2002 104 103 2003 92 91 2004 104 103 2005 105 104 2006 93 92 2007 105 104 2008 106 105 2009 94 93 2010 106 105 2011 107 106 2012 95 94 2013 107 106 2014 96 107 2015 96 107 2016 108 119 2017 109 108 2018 97 96 2019 109 108 2020 110 109 2021 98 97 2022 110 109 2023 111 110 2024 99 98 2025 111 110 2026 112 111 2027 100 99 2028 112 111 2029 113 112 2030 101 100 2031 113 112 2032 114 113 2033 102 101 2034 114 113 2035 115 114 2036 103 102 2037 115 114 2038 116 115 2039 104 103 2040 116 115 2041 117 116 2042 105 104 2043 117 116 2044 118 117 2045 106 105 2046 118 117 2047 119 118 2048 107 106 2049 119 118 2050 108 119 2051 108 119 2052 120 131 2053 121 120 2054 109 108 2055 121 120 2056 122 121 2057 110 109 2058 122 121 2059 123 122 2060 111 110 2061 123 122 2062 124 123 2063 112 111 2064 124 123 2065 125 124 2066 113 112 2067 125 124 2068 126 125 2069 114 113 2070 126 125 2071 127 126 2072 115 114 2073 127 126 2074 128 127 2075 116 115 2076 128 127 2077 129 128 2078 117 116 2079 129 128 2080 130 129 2081 118 117 2082 130 129 2083 131 130 2084 119 118 2085 131 130 2086 120 131 2087 120 131 2088 132 143 2089 133 132 2090 121 120 2091 133 132 2092 134 133 2093 122 121 2094 134 133 2095 135 134 2096 123 122 2097 135 134 2098 136 135 2099 124 123 2100 136 135 2101 137 136 2102 125 124 2103 137 136 2104 138 137 2105 126 125 2106 138 137 2107 139 138 2108 127 126 2109 139 138 2110 140 139 2111 128 127 2112 140 139 2113 141 140 2114 129 128 2115 141 140 2116 142 141 2117 130 129 2118 142 141 2119 143 142 2120 131 130 2121 143 142 2122 132 143 2123 132 143 2124 144 155 2125 145 144 2126 133 132 2127 145 144 2128 146 145 2129 134 133 2130 146 145 2131 147 146 2132 135 134 2133 147 146 2134 148 147 2135 136 135 2136 148 147 2137 149 148 2138 137 136 2139 149 148 2140 150 149 2141 138 137 2142 150 149 2143 151 150 2144 139 138 2145 151 150 2146 152 151 2147 140 139 2148 152 151 2149 153 152 2150 141 140 2151 153 152 2152 154 153 2153 142 141 2154 154 153 2155 155 154 2156 143 142 2157 155 154 2158 144 155 2159 144 155 2160 156 167 2161 157 156 2162 145 144 2163 157 156 2164 158 157 2165 146 145 2166 158 157 2167 159 158 2168 147 146 2169 159 158 2170 160 159 2171 148 147 2172 160 159 2173 161 160 2174 149 148 2175 161 160 2176 162 161 2177 150 149 2178 162 161 2179 163 162 2180 151 150 2181 163 162 2182 164 163 2183 152 151 2184 164 163 2185 165 164 2186 153 152 2187 165 164 2188 166 165 2189 154 153 2190 166 165 2191 167 166 2192 155 154 2193 167 166 2194 156 167 2195 156 167 2196 168 179 2197 169 168 2198 157 156 2199 169 168 2200 170 169 2201 158 157 2202 170 169 2203 171 170 2204 159 158 2205 171 170 2206 172 171 2207 160 159 2208 172 171 2209 173 172 2210 161 160 2211 173 172 2212 174 173 2213 162 161 2214 174 173 2215 175 174 2216 163 162 2217 175 174 2218 176 175 2219 164 163 2220 176 175 2221 177 176 2222 165 164 2223 177 176 2224 178 177 2225 166 165 2226 178 177 2227 179 178 2228 167 166 2229 179 178 2230 168 179 2231 168 179 2232 180 191 2233 181 180 2234 169 168 2235 181 180 2236 182 181 2237 170 169 2238 182 181 2239 183 182 2240 171 170 2241 183 182 2242 184 183 2243 172 171 2244 184 183 2245 185 184 2246 173 172 2247 185 184 2248 186 185 2249 174 173 2250 186 185 2251 187 186 2252 175 174 2253 187 186 2254 188 187 2255 176 175 2256 188 187 2257 189 188 2258 177 176 2259 189 188 2260 190 189 2261 178 177 2262 190 189 2263 191 190 2264 179 178 2265 191 190 2266 180 191 2267 180 191 2268 192 203 2269 193 192 2270 181 180 2271 193 192 2272 194 193 2273 182 181 2274 194 193 2275 195 194 2276 183 182 2277 195 194 2278 196 195 2279 184 183 2280 196 195 2281 197 196 2282 185 184 2283 197 196 2284 198 197 2285 186 185 2286 198 197 2287 199 198 2288 187 186 2289 199 198 2290 200 199 2291 188 187 2292 200 199 2293 201 200 2294 189 188 2295 201 200 2296 202 201 2297 190 189 2298 202 201 2299 203 202 2300 191 190 2301 203 202 2302 192 203 2303 192 203 2304 204 215 2305 205 204 2306 193 192 2307 205 204 2308 206 205 2309 194 193 2310 206 205 2311 207 206 2312 195 194 2313 207 206 2314 208 207 2315 196 195 2316 208 207 2317 209 208 2318 197 196 2319 209 208 2320 210 209 2321 198 197 2322 210 209 2323 211 210 2324 199 198 2325 211 210 2326 212 211 2327 200 199 2328 212 211 2329 213 212 2330 201 200 2331 213 212 2332 214 213 2333 202 201 2334 214 213 2335 215 214 2336 203 202 2337 215 214 2338 204 215 2339 204 215 2340 216 227 2341 217 216 2342 205 204 2343 217 216 2344 218 217 2345 206 205 2346 218 217 2347 219 218 2348 207 206 2349 219 218 2350 220 219 2351 208 207 2352 220 219 2353 221 220 2354 209 208 2355 221 220 2356 222 221 2357 210 209 2358 222 221 2359 223 222 2360 211 210 2361 223 222 2362 224 223 2363 212 211 2364 224 223 2365 225 224 2366 213 212 2367 225 224 2368 226 225 2369 214 213 2370 226 225 2371 227 226 2372 215 214 2373 227 226 2374 216 227 2375 216 227 2376 228 239 2377 229 228 2378 217 216 2379 229 228 2380 230 229 2381 218 217 2382 230 229 2383 231 230 2384 219 218 2385 231 230 2386 232 231 2387 220 219 2388 232 231 2389 233 232 2390 221 220 2391 233 232 2392 234 233 2393 222 221 2394 234 233 2395 235 234 2396 223 222 2397 235 234 2398 236 235 2399 224 223 2400 236 235 2401 237 236 2402 225 224 2403 237 236 2404 238 237 2405 226 225 2406 238 237 2407 239 238 2408 227 226 2409 239 238 2410 228 239 2411 228 239 2412 240 251 2413 241 240 2414 229 228 2415 241 240 2416 242 241 2417 230 229 2418 242 241 2419 243 242 2420 231 230 2421 243 242 2422 244 243 2423 232 231 2424 244 243 2425 245 244 2426 233 232 2427 245 244 2428 246 245 2429 234 233 2430 246 245 2431 247 246 2432 235 234 2433 247 246 2434 248 247 2435 236 235 2436 248 247 2437 249 248 2438 237 236 2439 249 248 2440 250 249 2441 238 237 2442 250 249 2443 251 250 2444 239 238 2445 251 250 2446 240 251 2447 240 251 2448 252 263 2449 253 252 2450 241 240 2451 253 252 2452 254 253 2453 242 241 2454 254 253 2455 255 254 2456 243 242 2457 255 254 2458 256 255 2459 244 243 2460 256 255 2461 257 256 2462 245 244 2463 257 256 2464 258 257 2465 246 245 2466 258 257 2467 259 258 2468 247 246 2469 259 258 2470 260 259 2471 248 247 2472 260 259 2473 261 260 2474 249 248 2475 261 260 2476 262 261 2477 250 249 2478 262 261 2479 263 262 2480 251 250 2481 263 262 2482 252 263 2483 252 263 2484 264 275 2485 265 264 2486 253 252 2487 265 264 2488 266 265 2489 254 253 2490 266 265 2491 267 266 2492 255 254 2493 267 266 2494 268 267 2495 256 255 2496 268 267 2497 269 268 2498 257 256 2499 269 268 2500 270 269 2501 258 257 2502 270 269 2503 271 270 2504 259 258 2505 271 270 2506 272 271 2507 260 259 2508 272 271 2509 273 272 2510 261 260 2511 273 272 2512 274 273 2513 262 261 2514 274 273 2515 275 274 2516 263 262 2517 275 274 2518 264 275 2519 264 275 2520 276 287 2521 277 276 2522 265 264 2523 277 276 2524 278 277 2525 266 265 2526 278 277 2527 279 278 2528 267 266 2529 279 278 2530 280 279 2531 268 267 2532 280 279 2533 281 280 2534 269 268 2535 281 280 2536 282 281 2537 270 269 2538 282 281 2539 283 282 2540 271 270 2541 283 282 2542 284 283 2543 272 271 2544 284 283 2545 285 284 2546 273 272 2547 285 284 2548 286 285 2549 274 273 2550 286 285 2551 287 286 2552 275 274 2553 287 286 2554 276 287 2555 276 287 2556 288 299 2557 289 288 2558 277 276 2559 289 288 2560 290 289 2561 278 277 2562 290 289 2563 291 290 2564 279 278 2565 291 290 2566 292 291 2567 280 279 2568 292 291 2569 293 292 2570 281 280 2571 293 292 2572 294 293 2573 282 281 2574 294 293 2575 295 294 2576 283 282 2577 295 294 2578 296 295 2579 284 283 2580 296 295 2581 297 296 2582 285 284 2583 297 296 2584 298 297 2585 286 285 2586 298 297 2587 299 298 2588 287 286 2589 299 298 2590 288 299 2591 288 299 2592 300 311 2593 301 300 2594 289 288 2595 301 300 2596 302 301 2597 290 289 2598 302 301 2599 303 302 2600 291 290 2601 303 302 2602 304 303 2603 292 291 2604 304 303 2605 305 304 2606 293 292 2607 305 304 2608 306 305 2609 294 293 2610 306 305 2611 307 306 2612 295 294 2613 307 306 2614 308 307 2615 296 295 2616 308 307 2617 309 308 2618 297 296 2619 309 308 2620 310 309 2621 298 297 2622 310 309 2623 311 310 2624 299 298 2625 311 310 2626 300 311 2627 300 311 2628 312 323 2629 313 312 2630 301 300 2631 313 312 2632 314 313 2633 302 301 2634 314 313 2635 315 314 2636 303 302 2637 315 314 2638 316 315 2639 304 303 2640 316 315 2641 317 316 2642 305 304 2643 317 316 2644 318 317 2645 306 305 2646 318 317 2647 319 318 2648 307 306 2649 319 318 2650 320 319 2651 308 307 2652 320 319 2653 321 320 2654 309 308 2655 321 320 2656 322 321 2657 310 309 2658 322 321 2659 323 322 2660 311 310 2661 323 322 2662 312 323 2663 312 323 2664 324 335 2665 325 324 2666 313 312 2667 325 324 2668 326 325 2669 314 313 2670 326 325 2671 327 326 2672 315 314 2673 327 326 2674 328 327 2675 316 315 2676 328 327 2677 329 328 2678 317 316 2679 329 328 2680 330 329 2681 318 317 2682 330 329 2683 331 330 2684 319 318 2685 331 330 2686 332 331 2687 320 319 2688 332 331 2689 333 332 2690 321 320 2691 333 332 2692 334 333 2693 322 321 2694 334 333 2695 335 334 2696 323 322 2697 335 334 2698 324 335 2699 324 335 2700 336 347 2701 337 336 2702 325 324 2703 337 336 2704 338 337 2705 326 325 2706 338 337 2707 339 338 2708 327 326 2709 339 338 2710 340 339 2711 328 327 2712 340 339 2713 341 340 2714 329 328 2715 341 340 2716 342 341 2717 330 329 2718 342 341 2719 343 342 2720 331 330 2721 343 342 2722 344 343 2723 332 331 2724 344 343 2725 345 344 2726 333 332 2727 345 344 2728 346 345 2729 334 333 2730 346 345 2731 347 346 2732 335 334 2733 347 346 2734 336 347 2735 336 347 2736 348 359 2737 349 348 2738 337 336 2739 349 348 2740 350 349 2741 338 337 2742 350 349 2743 351 350 2744 339 338 2745 351 350 2746 352 351 2747 340 339 2748 352 351 2749 353 352 2750 341 340 2751 353 352 2752 354 353 2753 342 341 2754 354 353 2755 355 354 2756 343 342 2757 355 354 2758 356 355 2759 344 343 2760 356 355 2761 357 356 2762 345 344 2763 357 356 2764 358 357 2765 346 345 2766 358 357 2767 359 358 2768 347 346 2769 359 358 2770 348 359 2771 348 359 2772 360 371 2773 361 360 2774 349 348 2775 361 360 2776 362 361 2777 350 349 2778 362 361 2779 363 362 2780 351 350 2781 363 362 2782 364 363 2783 352 351 2784 364 363 2785 365 364 2786 353 352 2787 365 364 2788 366 365 2789 354 353 2790 366 365 2791 367 366 2792 355 354 2793 367 366 2794 368 367 2795 356 355 2796 368 367 2797 369 368 2798 357 356 2799 369 368 2800 370 369 2801 358 357 2802 370 369 2803 371 370 2804 359 358 2805 371 370 2806 360 371 2807 360 371 2808 372 383 2809 373 372 2810 361 360 2811 373 372 2812 374 373 2813 362 361 2814 374 373 2815 375 374 2816 363 362 2817 375 374 2818 376 375 2819 364 363 2820 376 375 2821 377 376 2822 365 364 2823 377 376 2824 378 377 2825 366 365 2826 378 377 2827 379 378 2828 367 366 2829 379 378 2830 380 379 2831 368 367 2832 380 379 2833 381 380 2834 369 368 2835 381 380 2836 382 381 2837 370 369 2838 382 381 2839 383 382 2840 371 370 2841 383 382 2842 372 383 2843 372 383 2844 384 395 2845 385 384 2846 373 372 2847 385 384 2848 386 385 2849 374 373 2850 386 385 2851 387 386 2852 375 374 2853 387 386 2854 388 387 2855 376 375 2856 388 387 2857 389 388 2858 377 376 2859 389 388 2860 390 389 2861 378 377 2862 390 389 2863 391 390 2864 379 378 2865 391 390 2866 392 391 2867 380 379 2868 392 391 2869 393 392 2870 381 380 2871 393 392 2872 394 393 2873 382 381 2874 394 393 2875 395 394 2876 383 382 2877 395 394 2878 384 395 2879 384 395 2880 396 407 2881 397 396 2882 385 384 2883 397 396 2884 398 397 2885 386 385 2886 398 397 2887 399 398 2888 387 386 2889 399 398 2890 400 399 2891 388 387 2892 400 399 2893 401 400 2894 389 388 2895 401 400 2896 402 401 2897 390 389 2898 402 401 2899 403 402 2900 391 390 2901 403 402 2902 404 403 2903 392 391 2904 404 403 2905 405 404 2906 393 392 2907 405 404 2908 406 405 2909 394 393 2910 406 405 2911 407 406 2912 395 394 2913 407 406 2914 396 407 2915 396 407 2916 408 419 2917 409 408 2918 397 396 2919 409 408 2920 410 409 2921 398 397 2922 410 409 2923 411 410 2924 399 398 2925 411 410 2926 412 411 2927 400 399 2928 412 411 2929 413 412 2930 401 400 2931 413 412 2932 414 413 2933 402 401 2934 414 413 2935 415 414 2936 403 402 2937 415 414 2938 416 415 2939 404 403 2940 416 415 2941 417 416 2942 405 404 2943 417 416 2944 418 417 2945 406 405 2946 418 417 2947 419 418 2948 407 406 2949 419 418 2950 408 419 2951 408 419 2952 420 431 2953 421 420 2954 409 408 2955 421 420 2956 422 421 2957 410 409 2958 422 421 2959 423 422 2960 411 410 2961 423 422 2962 424 423 2963 412 411 2964 424 423 2965 425 424 2966 413 412 2967 425 424 2968 426 425 2969 414 413 2970 426 425 2971 427 426 2972 415 414 2973 427 426 2974 428 427 2975 416 415 2976 428 427 2977 429 428 2978 417 416 2979 429 428 2980 430 429 2981 418 417 2982 430 429 2983 431 430 2984 419 418 2985 431 430 2986 420 431 2987 420 431 2988 432 443 2989 433 432 2990 421 420 2991 433 432 2992 434 433 2993 422 421 2994 434 433 2995 435 434 2996 423 422 2997 435 434 2998 436 435 2999 424 423 3000 436 435 3001 437 436 3002 425 424 3003 437 436 3004 438 437 3005 426 425 3006 438 437 3007 439 438 3008 427 426 3009 439 438 3010 440 439 3011 428 427 3012 440 439 3013 441 440 3014 429 428 3015 441 440 3016 442 441 3017 430 429 3018 442 441 3019 443 442 3020 431 430 3021 443 442 3022 432 443 3023 432 443 3024 444 455 3025 445 444 3026 433 432 3027 445 444 3028 446 445 3029 434 433 3030 446 445 3031 447 446 3032 435 434 3033 447 446 3034 448 447 3035 436 435 3036 448 447 3037 449 448 3038 437 436 3039 449 448 3040 450 449 3041 438 437 3042 450 449 3043 451 450 3044 439 438 3045 451 450 3046 452 451 3047 440 439 3048 452 451 3049 453 452 3050 441 440 3051 453 452 3052 454 453 3053 442 441 3054 454 453 3055 455 454 3056 443 442 3057 455 454 3058 444 455 3059 444 455 3060 456 467 3061 457 456 3062 445 444 3063 457 456 3064 458 457 3065 446 445 3066 458 457 3067 459 458 3068 447 446 3069 459 458 3070 460 459 3071 448 447 3072 460 459 3073 461 460 3074 449 448 3075 461 460 3076 462 461 3077 450 449 3078 462 461 3079 463 462 3080 451 450 3081 463 462 3082 464 463 3083 452 451 3084 464 463 3085 465 464 3086 453 452 3087 465 464 3088 466 465 3089 454 453 3090 466 465 3091 467 466 3092 455 454 3093 467 466 3094 456 467 3095 456 467 3096 468 479 3097 469 468 3098 457 456 3099 469 468 3100 470 469 3101 458 457 3102 470 469 3103 471 470 3104 459 458 3105 471 470 3106 472 471 3107 460 459 3108 472 471 3109 473 472 3110 461 460 3111 473 472 3112 474 473 3113 462 461 3114 474 473 3115 475 474 3116 463 462 3117 475 474 3118 476 475 3119 464 463 3120 476 475 3121 477 476 3122 465 464 3123 477 476 3124 478 477 3125 466 465 3126 478 477 3127 479 478 3128 467 466 3129 479 478 3130 468 479 3131 468 479 3132 480 491 3133 481 480 3134 469 468 3135 481 480 3136 482 481 3137 470 469 3138 482 481 3139 483 482 3140 471 470 3141 483 482 3142 484 483 3143 472 471 3144 484 483 3145 485 484 3146 473 472 3147 485 484 3148 486 485 3149 474 473 3150 486 485 3151 487 486 3152 475 474 3153 487 486 3154 488 487 3155 476 475 3156 488 487 3157 489 488 3158 477 476 3159 489 488 3160 490 489 3161 478 477 3162 490 489 3163 491 490 3164 479 478 3165 491 490 3166 480 491 3167 480 491 3168 492 503 3169 493 492 3170 481 480 3171 493 492 3172 494 493 3173 482 481 3174 494 493 3175 495 494 3176 483 482 3177 495 494 3178 496 495 3179 484 483 3180 496 495 3181 497 496 3182 485 484 3183 497 496 3184 498 497 3185 486 485 3186 498 497 3187 499 498 3188 487 486 3189 499 498 3190 500 499 3191 488 487 3192 500 499 3193 501 500 3194 489 488 3195 501 500 3196 502 501 3197 490 489 3198 502 501 3199 503 502 3200 491 490 3201 503 502 3202 492 503 3203 492 503 3204 504 515 3205 505 504 3206 493 492 3207 505 504 3208 506 505 3209 494 493 3210 506 505 3211 507 506 3212 495 494 3213 507 506 3214 508 507 3215 496 495 3216 508 507 3217 509 508 3218 497 496 3219 509 508 3220 510 509 3221 498 497 3222 510 509 3223 511 510 3224 499 498 3225 511 510 3226 512 511 3227 500 499 3228 512 511 3229 513 512 3230 501 500 3231 513 512 3232 514 513 3233 502 501 3234 514 513 3235 515 514 3236 503 502 3237 515 514 3238 504 515 3239 504 515 3240 516 527 3241 517 516 3242 505 504 3243 517 516 3244 518 517 3245 506 505 3246 518 517 3247 519 518 3248 507 506 3249 519 518 3250 520 519 3251 508 507 3252 520 519 3253 521 520 3254 509 508 3255 521 520 3256 522 521 3257 510 509 3258 522 521 3259 523 522 3260 511 510 3261 523 522 3262 524 523 3263 512 511 3264 524 523 3265 525 524 3266 513 512 3267 525 524 3268 526 525 3269 514 513 3270 526 525 3271 527 526 3272 515 514 3273 527 526 3274 516 527 3275 516 527 3276 528 539 3277 529 528 3278 517 516 3279 529 528 3280 530 529 3281 518 517 3282 530 529 3283 531 530 3284 519 518 3285 531 530 3286 532 531 3287 520 519 3288 532 531 3289 533 532 3290 521 520 3291 533 532 3292 534 533 3293 522 521 3294 534 533 3295 535 534 3296 523 522 3297 535 534 3298 536 535 3299 524 523 3300 536 535 3301 537 536 3302 525 524 3303 537 536 3304 538 537 3305 526 525 3306 538 537 3307 539 538 3308 527 526 3309 539 538 3310 528 539 3311 528 539 3312 540 551 3313 541 540 3314 529 528 3315 541 540 3316 542 541 3317 530 529 3318 542 541 3319 543 542 3320 531 530 3321 543 542 3322 544 543 3323 532 531 3324 544 543 3325 545 544 3326 533 532 3327 545 544 3328 546 545 3329 534 533 3330 546 545 3331 547 546 3332 535 534 3333 547 546 3334 548 547 3335 536 535 3336 548 547 3337 549 548 3338 537 536 3339 549 548 3340 550 549 3341 538 537 3342 550 549 3343 551 550 3344 539 538 3345 551 550 3346 540 551 3347 540 551 3348 552 563 3349 553 552 3350 541 540 3351 553 552 3352 554 553 3353 542 541 3354 554 553 3355 555 554 3356 543 542 3357 555 554 3358 556 555 3359 544 543 3360 556 555 3361 557 556 3362 545 544 3363 557 556 3364 558 557 3365 546 545 3366 558 557 3367 559 558 3368 547 546 3369 559 558 3370 560 559 3371 548 547 3372 560 559 3373 561 560 3374 549 548 3375 561 560 3376 562 561 3377 550 549 3378 562 561 3379 563 562 3380 551 550 3381 563 562 3382 552 563 3383 552 563 3384 564 575 3385 565 564 3386 553 552 3387 565 564 3388 566 565 3389 554 553 3390 566 565 3391 567 566 3392 555 554 3393 567 566 3394 568 567 3395 556 555 3396 568 567 3397 569 568 3398 557 556 3399 569 568 3400 570 569 3401 558 557 3402 570 569 3403 571 570 3404 559 558 3405 571 570 3406 572 571 3407 560 559 3408 572 571 3409 573 572 3410 561 560 3411 573 572 3412 574 573 3413 562 561 3414 574 573 3415 575 574 3416 563 562 3417 575 574 3418 564 575 3419 564 575 3420 0 0 3421 1 2 3422 565 564 3423 1 2 3424 2 4 3425 566 565 3426 2 4 3427 3 6 3428 567 566 3429 3 6 3430 4 8 3431 568 567 3432 4 8 3433 5 10 3434 569 568 3435 5 10 3436 6 12 3437 570 569 3438 6 12 3439 7 14 3440 571 570 3441 7 14 3442 8 16 3443 572 571 3444 8 16 3445 9 18 3446 573 572 3447 9 18 3448 10 20 3449 574 573 3450 10 20 3451 11 22 3452 575 574 3453 11 22 3454 0 0 3455</p>
        </triangles>
      </mesh>
    </geometry>
  </library_geometries>
  <library_visual_scenes>
    <visual_scene id="Scene" name="Scene">
      <node id="tmp_export_Torus_001" name="tmp_export_Torus.001" type="NODE">
        <matrix sid="transform">1 0 0 0 0 1 0 0 0 0 1 0 0 0 0 1</matrix>
        <instance_geometry url="#Torus_001-mesh" name="tmp_export_Torus.001"/>
      </node>
    </visual_scene>
  </library_visual_scenes>
  <scene>
    <instance_visual_scene url="#Scene"/>
  </scene>
</COLLADA>