<?xml version="1.0" encoding="utf-8"?>
<COLLADA xmlns="http://www.collada.org/2005/11/COLLADASchema" version="1.4.1" xmlns:xsi="http://www.w3.org/2001/XMLSchema-instance">
  <asset>
    <contributor>
      <author>Blender User</author>
      <authoring_tool>Blender 4.2.18 LTS commit date:2026-02-16, commit time:13:37, hash:d71e3422e438</authoring_tool>
    </contributor>
    <created>2026-03-30T11:53:07</created>
    <modified>2026-03-30T11:53:07</modified>
    <unit name="meter" meter="1"/>
    <up_axis>Z_UP</up_axis>
  </asset>
  <library_effects/>
  <library_images/>
  <library_geometries>
    <geometry id="Cube_022-mesh" name="Cube.022">
      <mesh>
        <source id="Cube_022-mesh-positions">
          <float_array id="Cube_022-mesh-positions-array" count="1824">-0.9999933 -1.000008 -1 -0.9999933 -1.000008 1 -0.9999933 0.9999916 -1 -0.9999933 0.9999916 1 1.000007 -1.000008 -1 1.000007 -1.000008 1 1.000007 0.9999916 -1 1.000007 0.9999916 1 2.80807e-6 35.35534 -0.9428089 11.25 34.408 -0.9175465 19.48558 31.81981 -0.848528 22.5 28.28428 -0.7542471 19.48557 24.74874 -0.6599662 11.25 22.16056 -0.5909478 1.29812e-6 21.21321 -0.5656853 -11.25 22.16056 -0.5909478 -19.48557 24.74875 -0.6599662 -22.5 28.28428 -0.7542472 -19.48557 31.81982 -0.848528 -11.25 34.408 -0.9175465 2.77578e-6 39.66767 -0.8116818 11.25 38.60478 -0.7899329 19.48558 35.7009 -0.7305136 22.5 31.73414 -0.6493454 19.48557 27.76737 -0.5681773 11.25 24.8635 -0.508758 1.27874e-6 23.80061 -0.4870091 -11.25 24.8635 -0.508758 -19.48557 27.76738 -0.5681773 -22.5 31.73414 -0.6493455 -19.48557 35.7009 -0.7305136 -11.25 38.60478 -0.7899329 2.67945e-6 43.30127 -0.6666666 11.25 42.14102 -0.6488033 19.48558 38.97114 -0.6 22.5 34.64102 -0.5333333 19.48557 30.31089 -0.4666666 11.25 27.14102 -0.4178632 1.22094e-6 25.98077 -0.4 -11.25 27.14102 -0.4178633 -19.48557 30.3109 -0.4666666 -22.5 34.64102 -0.5333334 -19.48557 38.97114 -0.6 -11.25 42.14102 -0.6488033 2.52073e-6 46.19398 -0.5102446 11.25 44.95622 -0.4965726 19.48558 41.57458 -0.45922 22.5 36.95518 -0.4081956 19.48557 32.33579 -0.3571711 11.25 28.95416 -0.3198186 1.12571e-6 27.71639 -0.3061467 -11.25 28.95416 -0.3198187 -19.48557 32.33579 -0.3571712 -22.5 36.95518 -0.4081957 -19.48557 41.57458 -0.4592201 -11.25 44.95622 -0.4965727 2.30233e-6 48.2963 -0.3450918 11.25 47.0022 -0.3358451 19.48558 43.46667 -0.3105826 22.5 38.63704 -0.2760734 19.48557 33.80741 -0.2415642 11.25 30.27188 -0.2163018 9.94672e-7 28.97778 -0.207055 -11.25 30.27188 -0.2163018 -19.48557 33.80741 -0.2415642 -22.5 38.63704 -0.2760735 -19.48557 43.46667 -0.3105826 -11.25 47.0022 -0.3358452 2.02801e-6 49.57225 -0.1740351 11.25 48.24396 -0.1693718 19.48557 44.61502 -0.1566315 22.5 39.6578 -0.139228 19.48557 34.70057 -0.1218245 11.25 31.07164 -0.1090843 8.30075e-7 29.74335 -0.104421 -11.25 31.07164 -0.1090843 -19.48557 34.70057 -0.1218245 -22.5 39.6578 -0.1392281 -19.48557 44.61502 -0.1566315 -11.25 48.24396 -0.1693718 1.70243e-6 50 2.20758e-7 11.25 48.66025 0 19.48557 45 1.29288e-7 22.5 40 1.93184e-7 19.48557 35 1.5909e-7 11.25 31.33975 1.47366e-7 6.34731e-7 30.00001 0 -11.25 31.33975 0 -19.48557 35 0 -22.5 40 1.29122e-7 -19.48557 45 0 -11.25 48.66025 0 1.33119e-6 49.57225 0.1740346 11.25 48.24396 0.1693714 19.48557 44.61502 0.1566312 22.5 39.65779 0.1392278 19.48557 34.70057 0.1218244 11.25 31.07164 0.1090841 4.11986e-7 29.74335 0.1044209 -11.25 31.07164 0.109084 -19.48557 34.70057 0.1218243 -22.5 39.65779 0.1392277 -19.48557 44.61502 0.1566311 -11.25 48.24396 0.1693714 9.20626e-7 48.29629 0.3450922 11.25 47.0022 0.3358455 19.48557 43.46666 0.310583 22.5 38.63703 0.2760738 19.48557 33.80741 0.2415645 11.25 30.27188 0.216302 1.65648e-7 28.97778 0.2070553 -11.25 30.27188 0.216302 -19.48557 33.80741 0.2415645 -22.5 38.63703 0.2760738 -19.48557 43.46666 0.3105829 -11.25 47.0022 0.3358454 4.7777e-7 46.19398 0.5102443 11.25 44.95622 0.4965724 19.48557 41.57459 0.4592199 22.5 36.95519 0.4081955 19.48557 32.33579 0.3571711 11.25 28.95416 0.3198186 0 27.7164 0.3061466 -11.25 28.95416 0.3198185 -19.48557 32.33579 0.357171 -22.5 36.95519 0.4081954 -19.48557 41.57459 0.4592198 -11.25 44.95622 0.4965723 0 43.30127 0.6666666 11.25 42.14102 0.6488034 19.48557 38.97115 0.6000001 22.5 34.64102 0.5333334 19.48557 30.3109 0.4666667 11.25 27.14102 0.4178633 -3.80612e-7 25.98077 0.4 -11.25 27.14102 0.4178633 -19.48557 30.3109 0.4666666 -22.5 34.64102 0.5333333 -19.48557 38.97115 0.6000001 -11.25 42.14102 0.6488034 -4.74099e-7 39.66766 0.8116821 11.25 38.60477 0.7899332 19.48557 35.7009 0.7305139 22.5 31.73414 0.6493458 19.48557 27.76737 0.5681775 11.25 24.8635 0.5087583 -6.71188e-7 23.80061 0.4870093 -11.25 24.8635 0.5087583 -19.48557 27.76737 0.5681775 -22.5 31.73414 0.6493456 -19.48557 35.7009 0.7305139 -11.25 38.60477 0.7899332 -9.6682e-7 35.35535 0.942809 11.25 34.408 0.9175465 19.48557 31.81981 0.8485281 22.5 28.28428 0.7542473 19.48557 24.74875 0.6599663 11.25 22.16056 0.5909479 -9.66821e-7 21.21321 0.5656854 -11.25 22.16056 0.5909479 -19.48557 24.74875 0.6599663 -22.5 28.28428 0.7542471 -19.48557 31.81982 0.8485281 -11.25 34.408 0.9175465 -1.45954e-6 30.43807 1.057804 11.25 29.62249 1.029461 19.48557 27.39426 0.9520241 22.5 24.35046 0.8462437 19.48557 21.30665 0.7404632 11.25 19.07843 0.6630266 -1.26245e-6 18.26285 0.6346828 -11.25 19.07843 0.6630266 -19.48557 21.30666 0.7404632 -22.5 24.35046 0.8462436 -19.48557 27.39427 0.9520241 -11.25 29.62249 1.029461 -1.94383e-6 25.00002 1.1547 11.25 24.33014 1.12376 19.48557 22.50001 1.03923 22.5 20.00001 0.9237604 19.48557 17.50001 0.8082904 11.25 15.66988 0.7237604 -1.55303e-6 15.00001 0.6928203 -11.25 15.66988 0.7237604 -19.48557 17.50002 0.8082904 -22.5 20.00001 0.9237603 -19.48557 22.50002 1.03923 -11.25 24.33014 1.12376 -2.41141e-6 19.13418 1.231839 11.25 18.62148 1.198832 19.48557 17.22076 1.108655 22.5 15.30734 0.9854716 19.48557 13.39392 0.8622876 11.25 11.9932 0.7721107 -1.83357e-6 11.48051 0.7391036 -11.25 11.99321 0.7721107 -19.48557 13.39392 0.8622876 -22.5 15.30734 0.9854715 -19.48557 17.22076 1.108655 -11.25 18.62148 1.198832 -2.85427e-6 12.94097 1.287901 11.25 12.59422 1.253392 19.48557 11.64687 1.159111 22.5 10.35277 1.030321 19.48557 9.05868 0.9015308 11.25 8.111333 0.8072499 -2.09929e-6 7.764585 0.7727407 -11.25 8.111335 0.8072499 -19.48557 9.058682 0.9015308 -22.5 10.35278 1.030321 -19.48557 11.64687 1.159111 -11.25 12.59422 1.253392 -3.26483e-6 6.526317 1.321926 11.25 6.351443 1.286505 19.48557 5.873682 1.189734 22.5 5.221052 1.057541 19.48557 4.568421 0.9253486 11.25 4.090662 0.8285768 -2.34563e-6 3.915792 0.7931559 -11.25 4.090663 0.8285768 -19.48557 4.568423 0.9253486 -22.5 5.221055 1.057541 -19.48557 5.873684 1.189734 -11.25 6.351444 1.286505 -3.63607e-6 -8.41245e-6 1.333333 11.25 -5.19833e-6 1.297607 19.48557 -5.63799e-6 1.2 22.5 -3.89156e-6 1.066667 19.48557 -1.82329e-6 0.9333333 11.25 -2.33731e-6 0.8357266 -2.56837e-6 1.70623e-7 0.8 -11.25 -1.13614e-6 0.8357266 -19.48557 2.57186e-7 0.9333333 -22.5 -1.48924e-6 1.066667 -19.48557 -3.55751e-6 1.2 -11.25 -3.99717e-6 1.297607 -3.96165e-6 -6.526303 1.321926 11.25 -6.35143 1.286505 19.48557 -5.873671 1.189734 22.5 -5.221041 1.057541 19.48557 -4.56841 0.9253486 11.25 -4.09065 0.8285768 -2.76372e-6 -3.915778 0.7931559 -11.25 -4.090649 0.8285768 -19.48557 -4.568408 0.9253486 -22.5 -5.221038 1.057541 -19.48557 -5.873669 1.189734 -11.25 -6.351429 1.286505 -4.23597e-6 -12.94093 1.287901 11.25 -12.59418 1.253392 19.48557 -11.64684 1.159111 22.5 -10.35275 1.030321 19.48557 -9.058651 0.9015308 11.25 -8.11131 0.80725 -2.92831e-6 -7.764557 0.7727408 -11.25 -8.111308 0.80725 -19.48557 -9.05865 0.9015308 -22.5 -10.35274 1.030321 -19.48558 -11.64684 1.159111 -11.25 -12.59418 1.253392 -4.45437e-6 -19.13416 1.231839 11.24999 -18.62146 1.198832 19.48557 -17.22075 1.108655 22.5 -15.30733 0.9854716 19.48557 -13.39391 0.8622876 11.25 -11.99319 0.7721107 -3.05935e-6 -11.48049 0.7391036 -11.25 -11.99319 0.7721107 -19.48557 -13.39391 0.8622876 -22.5 -15.30733 0.9854714 -19.48558 -17.22074 1.108655 -11.25001 -18.62146 1.198832 -4.61309e-6 -25 1.1547 11.24999 -24.33013 1.12376 19.48557 -22.5 1.03923 22.5 -20 0.9237604 19.48557 -17.5 0.8082904 11.25 -15.66987 0.7237604 -3.15458e-6 -15 0.6928203 -11.25 -15.66987 0.7237604 -19.48557 -17.5 0.8082904 -22.5 -20 0.9237603 -19.48558 -22.5 1.03923 -11.25001 -24.33013 1.12376 -4.70942e-6 -30.43806 1.057804 11.24999 -29.62247 1.029461 19.48557 -27.39425 0.9520241 22.5 -24.35045 0.8462437 19.48557 -21.30664 0.7404632 11.25 -19.07842 0.6630266 -3.21238e-6 -18.26283 0.6346827 -11.25 -19.07842 0.6630266 -19.48557 -21.30664 0.7404632 -22.5 -24.35044 0.8462436 -19.48558 -27.39425 0.9520241 -11.25001 -29.62247 1.029461 -4.74172e-6 -35.35533 0.9428091 11.24999 -34.40799 0.9175466 19.48557 -31.8198 0.8485282 22.5 -28.28426 0.7542474 19.48557 -24.74873 0.6599664 11.25 -22.16054 0.590948 -3.23176e-6 -21.21319 0.5656855 -11.25 -22.16054 0.590948 -19.48557 -24.74873 0.6599664 -22.5 -28.28426 0.7542473 -19.48558 -31.81979 0.8485282 -11.25001 -34.40799 0.9175466 -4.70942e-6 -39.66767 0.8116818 11.24999 -38.60477 0.7899328 19.48557 -35.7009 0.7305136 22.5 -31.73413 0.6493455 19.48557 -27.76737 0.5681773 11.25 -24.86349 0.5087581 -3.21238e-6 -23.8006 0.4870091 -11.25 -24.86349 0.5087581 -19.48557 -27.76736 0.5681773 -22.5 -31.73413 0.6493453 -19.48558 -35.7009 0.7305136 -11.25001 -38.60477 0.7899328 -4.61309e-6 -43.30126 0.6666669 11.24999 -42.14101 0.6488037 19.48557 -38.97113 0.6000002 22.5 -34.64101 0.5333335 19.48557 -30.31088 0.4666668 11.25 -27.14101 0.4178634 -3.15458e-6 -25.98075 0.4000001 -11.25 -27.14101 0.4178634 -19.48557 -30.31088 0.4666668 -22.5 -34.64101 0.5333334 -19.48558 -38.97113 0.6000002 -11.25001 -42.14101 0.6488037 -4.45437e-6 -46.19396 0.5102452 11.24999 -44.9562 0.4965732 19.48557 -41.57457 0.4592206 22.5 -36.95517 0.4081961 19.48557 -32.33577 0.3571716 11.25 -28.95414 0.319819 -3.05935e-6 -27.71637 0.3061471 -11.25 -28.95414 0.319819 -19.48557 -32.33577 0.3571715 -22.5 -36.95517 0.408196 -19.48558 -41.57457 0.4592205 -11.25001 -44.9562 0.4965732 -4.23598e-6 -48.29628 0.3450924 11.25 -47.00219 0.3358457 19.48557 -43.46665 0.3105831 22.5 -38.63703 0.2760739 19.48557 -33.8074 0.2415646 11.25 -30.27186 0.2163021 -2.92831e-6 -28.97777 0.2070554 -11.25 -30.27186 0.2163021 -19.48557 -33.8074 0.2415646 -22.5 -38.63703 0.2760739 -19.48558 -43.46665 0.3105831 -11.25 -47.00219 0.3358457 -3.96165e-6 -49.57224 0.174035 11.25 -48.24395 0.1693717 19.48557 -44.61501 0.1566314 22.5 -39.65779 0.1392279 19.48557 -34.70056 0.1218245 11.25 -31.07162 0.1090842 -2.76372e-6 -29.74334 0.104421 -11.25 -31.07162 0.1090842 -19.48557 -34.70056 0.1218244 -22.5 -39.65779 0.1392279 -19.48557 -44.61501 0.1566314 -11.25 -48.24395 0.1693717 -3.63607e-6 -50 3.99572e-7 11.25 -48.66025 4.15587e-7 19.48557 -45 4.27311e-7 22.5 -40 3.12393e-7 19.48557 -35 2.783e-7 11.25 -31.33974 2.66576e-7 -2.56837e-6 -29.99999 2.20758e-7 -11.25 -31.33974 2.34545e-7 -19.48557 -35 2.2282e-7 -22.5 -40 2.48331e-7 -19.48557 -45 3.71832e-7 -11.25 -48.66025 3.83556e-7 -3.26483e-6 -49.57224 -0.1740342 11.25 -48.24396 -0.1693709 19.48557 -44.61502 -0.1566307 22.5 -39.65779 -0.1392273 19.48557 -34.70057 -0.1218239 11.25 -31.07163 -0.1090837 -2.34563e-6 -29.74334 -0.1044204 -11.25 -31.07163 -0.1090837 -19.48557 -34.70057 -0.1218239 -22.5 -39.65779 -0.1392273 -19.48557 -44.61502 -0.1566308 -11.25 -48.24396 -0.1693709 -2.85427e-6 -48.29629 -0.3450922 11.25 -47.00219 -0.3358455 19.48557 -43.46665 -0.3105829 22.5 -38.63703 -0.2760737 19.48557 -33.8074 -0.2415645 11.25 -30.27186 -0.216302 -2.09929e-6 -28.97777 -0.2070553 -11.25 -30.27186 -0.216302 -19.48557 -33.8074 -0.2415645 -22.5 -38.63703 -0.2760738 -19.48557 -43.46665 -0.310583 -11.25 -47.00219 -0.3358456 -2.41141e-6 -46.19397 -0.5102444 11.25 -44.95621 -0.4965724 19.48557 -41.57458 -0.4592199 22.5 -36.95518 -0.4081954 19.48557 -32.33578 -0.3571709 11.25 -28.95414 -0.3198185 -1.83357e-6 -27.71638 -0.3061466 -11.25 -28.95414 -0.3198186 -19.48557 -32.33578 -0.357171 -22.5 -36.95518 -0.4081955 -19.48557 -41.57458 -0.4592199 -11.25 -44.95621 -0.4965724 -1.94384e-6 -43.30128 -0.6666662 11.25 -42.14102 -0.6488029 19.48557 -38.97114 -0.5999996 22.5 -34.64102 -0.5333329 19.48557 -30.31089 -0.4666663 11.25 -27.14101 -0.4178629 -1.55303e-6 -25.98076 -0.3999997 -11.25 -27.14101 -0.417863 -19.48557 -30.31089 -0.4666664 -22.5 -34.64102 -0.533333 -19.48557 -38.97114 -0.5999996 -11.25 -42.14102 -0.6488029 -1.45955e-6 -39.66768 -0.8116812 11.25 -38.60479 -0.7899323 19.48557 -35.70091 -0.730513 22.5 -31.73414 -0.6493449 19.48557 -27.76737 -0.5681768 11.25 -24.8635 -0.5087576 -1.26246e-6 -23.8006 -0.4870086 -11.25 -24.8635 -0.5087576 -19.48557 -27.76737 -0.5681768 -22.5 -31.73414 -0.649345 -19.48557 -35.70091 -0.730513 -11.25 -38.60479 -0.7899323 -9.6682e-7 -35.35533 -0.942809 11.25 -34.40799 -0.9175465 19.48557 -31.8198 -0.8485281 22.5 -28.28426 -0.7542471 19.48557 -24.74873 -0.6599663 11.25 -22.16054 -0.5909479 -9.66821e-7 -21.21319 -0.5656854 -11.25 -22.16054 -0.5909479 -19.48557 -24.74873 -0.6599663 -22.5 -28.28426 -0.7542473 -19.48557 -31.81979 -0.8485281 -11.25 -34.40799 -0.9175465 -4.74099e-7 -30.43807 -1.057804 11.25 -29.62249 -1.029461 19.48557 -27.39427 -0.9520238 22.5 -24.35046 -0.8462433 19.48557 -21.30665 -0.7404629 11.25 -19.07843 -0.6630263 -6.71188e-7 -18.26284 -0.6346825 -11.25 -19.07843 -0.6630263 -19.48557 -21.30665 -0.7404629 -22.5 -24.35045 -0.8462434 -19.48557 -27.39426 -0.9520238 -11.25 -29.62249 -1.029461 0 -25.00002 -1.1547 11.25 -24.33014 -1.12376 19.48557 -22.50001 -1.03923 22.5 -20.00001 -0.92376 19.48557 -17.50001 -0.80829 11.25 -15.66988 -0.7237601 -3.80613e-7 -15 -0.69282 -11.25 -15.66988 -0.7237601 -19.48557 -17.5 -0.80829 -22.5 -20.00001 -0.9237601 -19.48557 -22.50001 -1.03923 -11.25 -24.33014 -1.12376 4.7777e-7 -19.13415 -1.231839 11.25 -18.62145 -1.198832 19.48557 -17.22074 -1.108655 22.5 -15.30732 -0.9854715 19.48557 -13.39391 -0.8622876 11.25 -11.99319 -0.7721107 0 -11.48049 -0.7391036 -11.25 -11.99319 -0.7721107 -19.48557 -13.3939 -0.8622876 -22.5 -15.30732 -0.9854716 -19.48557 -17.22073 -1.108655 -11.25 -18.62145 -1.198832 9.20626e-7 -12.94095 -1.287901 11.25 -12.5942 -1.253392 19.48557 -11.64685 -1.159111 22.5 -10.35276 -1.030321 19.48557 -9.058664 -0.9015307 11.25 -8.111319 -0.8072497 1.65648e-7 -7.764566 -0.7727406 -11.25 -8.111317 -0.8072497 -19.48557 -9.058662 -0.9015307 -22.5 -10.35276 -1.030321 -19.48557 -11.64685 -1.159111 -11.25 -12.59419 -1.253392 1.33119e-6 -6.526317 -1.321926 11.25 -6.351446 -1.286505 19.48557 -5.873686 -1.189734 22.5 -5.221055 -1.057541 19.48557 -4.56842 -0.9253484 11.25 -4.09066 -0.8285766 4.11985e-7 -3.915786 -0.7931557 -11.25 -4.090659 -0.8285766 -19.48557 -4.568418 -0.9253484 -22.5 -5.221052 -1.057541 -19.48557 -5.873684 -1.189734 -11.25 -6.351445 -1.286505 1.70243e-6 -1.98565e-5 -1.333333 11.25 -2.04571e-5 -1.297607 19.48557 -1.89894e-5 -1.2 22.5 -1.53357e-5 -1.066667 19.48557 -1.32674e-5 -0.9333332 11.25 -9.9667e-6 -0.8357264 6.34731e-7 -1.03198e-5 -0.7999999 -11.25 -8.76554e-6 -0.8357264 -19.48557 -1.11869e-5 -0.9333332 -22.5 -1.29333e-5 -1.066667 -19.48557 -1.6909e-5 -1.2 -11.25 -1.9256e-5 -1.297607 2.02801e-6 6.526324 -1.321926 11.25 6.35145 -1.286505 19.48557 5.873692 -1.189734 22.5 5.221059 -1.057541 19.48557 4.568427 -0.9253484 11.25 4.090669 -0.8285767 8.30075e-7 3.915796 -0.7931557 -11.25 4.09067 -0.8285767 -19.48557 4.568429 -0.9253484 -22.5 5.221062 -1.057541 -19.48557 5.873693 -1.189734 -11.25 6.351451 -1.286505 2.30233e-6 12.94095 -1.287901 11.25 12.5942 -1.253392 19.48558 11.64686 -1.159111 22.5 10.35276 -1.030321 19.48557 9.058667 -0.9015307 11.25 8.111326 -0.8072498 9.94672e-7 7.764572 -0.7727406 -11.25 8.111328 -0.8072498 -19.48557 9.058669 -0.9015307 -22.5 10.35276 -1.030321 -19.48557 11.64686 -1.159111 -11.25 12.5942 -1.253392 2.52073e-6 19.13416 -1.23184 11.25 18.62146 -1.198832 19.48558 17.22075 -1.108656 22.5 15.30733 -0.9854715 19.48557 13.39391 -0.8622876 11.25 11.9932 -0.7721108 1.12571e-6 11.4805 -0.7391037 -11.25 11.9932 -0.7721108 -19.48557 13.39391 -0.8622876 -22.5 15.30733 -0.9854716 -19.48557 17.22075 -1.108656 -11.25 18.62146 -1.198832 2.67945e-6 25.00002 -1.1547 11.25 24.33015 -1.12376 19.48558 22.50002 -1.03923 22.5 20.00001 -0.9237601 19.48557 17.50002 -0.8082901 11.25 15.66989 -0.7237602 1.22094e-6 15.00001 -0.6928201 -11.25 15.66989 -0.7237602 -19.48557 17.50002 -0.8082901 -22.5 20.00002 -0.9237602 -19.48557 22.50002 -1.03923 -11.25 24.33015 -1.12376 2.77578e-6 30.43808 -1.057804 11.25 29.6225 -1.029461 19.48558 27.39427 -0.9520239 22.5 24.35046 -0.8462434 19.48557 21.30666 -0.740463 11.25 19.07844 -0.6630264 1.27874e-6 18.26285 -0.6346826 -11.25 19.07844 -0.6630264 -19.48557 21.30666 -0.740463 -22.5 24.35047 -0.8462435 -19.48557 27.39428 -0.9520239 -11.25 29.6225 -1.029461 -1.000001 25.80941 -0.7259629 -1.000001 -27.22361 0.6882507 -1.000001 27.22362 -0.6882506 -1.000001 -25.80939 0.725963 0.9999991 25.80941 -0.7259629 0.9999991 -27.22361 0.6882507 0.9999991 27.22362 -0.6882506 0.9999991 -25.80939 0.725963 -1.000001 37.50001 -0.02666658 -1.000001 -37.5 -0.02666658 -1.000001 37.50001 0.0266667 -1.000001 -37.5 0.0266667 0.9999991 37.50001 -0.02666658 0.9999991 -37.5 -0.02666658 0.9999991 37.50001 0.0266667 0.9999991 -37.5 0.0266667 -0.9999852 27.2236 0.6882508 -0.9999852 -25.80941 -0.7259628 -0.9999852 25.80939 0.7259632 -0.9999852 -27.22362 -0.6882505 1.000015 27.2236 0.6882508 1.000015 -25.80941 -0.7259628 1.000015 25.80939 0.7259632 1.000015 -27.22362 -0.6882505</float_array>
          <technique_common>
            <accessor source="#Cube_022-mesh-positions-array" count="608" stride="3">
              <param name="X" type="float"/>
              <param name="Y" type="float"/>
              <param name="Z" type="float"/>
            </accessor>
          </technique_common>
        </source>
        <source id="Cube_022-mesh-normals">
          <float_array id="Cube_022-mesh-normals-array" count="1779">-1 0 0 0 1 0 1 0 0 0 -1 0 0 0 -1 0 0 1 0 0.02707403 -0.9996334 0.01259022 0.03550213 -0.9992904 0.01076549 0.02713102 -0.999574 0.04791802 0.03596752 -0.9982035 0.04077643 0.02748638 -0.9987902 0.9992589 -0.03767269 -0.007908165 0.9995202 -0.03056043 -0.005060195 0.04466021 -0.03422683 0.9984158 0.03874534 -0.02624356 0.9989045 0.01225751 -0.03476434 0.9993204 0.01056832 -0.02663934 0.9995893 1.26439e-7 -0.03485196 0.9993926 0 -0.02669936 0.9996435 -0.01225775 -0.03476434 0.9993204 -0.01056849 -0.02663934 0.9995893 -0.04465895 -0.03422689 0.9984158 -0.0387445 -0.02624362 0.9989045 -0.9992585 -0.037674 -0.007958889 -0.9995191 -0.03055721 -0.005295455 -0.04791688 0.03596752 -0.9982036 -0.04077553 0.02748644 -0.9987903 -0.0125904 0.03550201 -0.9992904 -0.01076567 0.0271309 -0.999574 0 0.03541994 -0.9993726 0.01549553 0.04752534 -0.9987499 0.05933636 0.04817718 -0.9970749 0.9987794 -0.04762554 -0.01309949 0.05385345 -0.04554152 0.9975098 0.01491075 -0.04633921 0.9988145 1.42447e-7 -0.0464769 0.9989194 -0.01491111 -0.04633903 0.9988145 -0.05385214 -0.04554158 0.99751 -0.9987818 -0.04764103 -0.01286059 -0.059336 0.04817736 -0.9970749 -0.01549589 0.04752528 -0.9987499 1.48535e-7 0.04739886 -0.998876 0.02065235 0.06722563 -0.997524 0.07973438 0.06823438 -0.9944781 0.9977194 -0.06326758 -0.02352315 0.06949496 -0.06369125 0.995547 0.0195167 -0.06506741 0.9976901 1.56385e-7 -0.065315 0.9978647 -0.019517 -0.06506723 0.9976901 -0.0694943 -0.06369125 0.9955471 -0.9977203 -0.06327748 -0.02345746 -0.07973372 0.06823444 -0.9944781 -0.02065294 0.06722575 -0.997524 2.32016e-7 0.06700652 -0.9977526 0.03202921 0.1080784 -0.9936264 0.1249017 0.1097851 -0.9860765 0.9943585 -0.09138065 -0.05386006 0.1013253 -0.09991163 0.9898236 0.02928304 -0.1030757 0.9942424 0 -0.1036581 0.9946131 -0.02928322 -0.1030755 0.9942424 -0.1013253 -0.09991163 0.9898236 -0.9943569 -0.09137874 -0.05389153 -0.1249008 0.109785 -0.9860767 -0.03202986 0.1080789 -0.9936262 2.16413e-7 0.1076099 -0.9941932 0.07819503 0.2667856 -0.9605785 0.2913805 0.2609584 -0.920325 0.9678405 -0.1319363 -0.2141907 0.208961 -0.2279555 0.9509845 0.0662629 -0.2449601 0.9672662 0 -0.2480711 0.9687418 -0.06626451 -0.2449636 0.9672651 -0.208962 -0.2279539 0.9509848 -0.9678367 -0.1319315 -0.2142105 -0.2913784 0.2609573 -0.9203259 -0.07819598 0.2667856 -0.9605784 1.98135e-7 0.2656831 -0.9640604 0.2449332 0.96954 2.90791e-6 0.5820147 0.8131783 3.36444e-7 0.9433832 0.3317051 1.06706e-5 0.7748353 -0.6321634 1.28123e-6 0.2911441 -0.9566792 3.34835e-6 5.71154e-7 -1 -3.10896e-6 -0.2911445 -0.9566791 -6.33947e-6 -0.7748351 -0.6321635 -1.52527e-7 -0.9433827 0.3317064 1.48578e-6 -0.5820147 0.8131784 -1.65634e-6 -0.244935 0.9695396 -2.42327e-6 1.17166e-6 1 -2.70905e-7 0.07819586 0.2667863 0.9605783 0.29138 0.2609581 0.9203253 0.9678372 -0.1319325 0.2142083 0.2089611 -0.2279532 -0.9509851 0.06626379 -0.2449617 -0.9672657 2.6962e-7 -0.2480685 -0.9687426 -0.06626302 -0.2449614 -0.9672659 -0.2089636 -0.2279585 -0.9509833 -0.9678416 -0.1319357 0.2141858 -0.2913801 0.260958 0.9203253 -0.07819569 0.2667856 0.9605785 2.31407e-7 0.2656837 0.9640603 0.03202968 0.1080785 0.9936262 0.1249009 0.1097851 0.9860767 0.9943566 -0.09138113 0.05389386 0.101325 -0.09991157 -0.9898237 0.02928322 -0.1030757 -0.9942424 -1.28986e-7 -0.1036583 -0.9946131 -0.02928304 -0.1030759 -0.9942424 -0.1013256 -0.09991186 -0.9898236 -0.9943587 -0.09137952 0.05385905 -0.1249018 0.1097852 0.9860764 -0.03202915 0.1080784 0.9936263 -2.36734e-7 0.1076102 0.9941932 0.02065294 0.06722587 0.997524 0.07973366 0.06823444 0.9944781 0.9977204 -0.06327706 0.02345579 0.06949424 -0.06369113 -0.9955471 0.019517 -0.06506723 -0.99769 -1.79509e-7 -0.06531512 -0.9978647 -0.0195167 -0.06506729 -0.9976901 -0.06949502 -0.06369125 -0.995547 -0.9977194 -0.06326735 0.02352309 -0.0797345 0.0682345 0.994478 -0.02065241 0.06722575 0.997524 -2.18228e-7 0.06700658 0.9977526 0.01549595 0.04752534 0.9987499 0.05933594 0.04817724 0.9970749 0.9987818 -0.0476405 0.01286059 0.05385208 -0.04554164 -0.99751 0.01491111 -0.04633909 -0.9988145 -1.49859e-7 -0.04647696 -0.9989194 -0.01491075 -0.04633915 -0.9988145 -0.05385357 -0.04554152 -0.9975098 -0.9987794 -0.04762512 0.01309853 -0.0593366 0.0481773 0.9970749 -0.01549547 0.0475254 0.9987499 -1.56391e-7 0.0473988 0.9988762 0.0125904 0.03550201 0.9992904 0.04791706 0.03596752 0.9982036 0.9992585 -0.03767436 0.007959365 0.04465901 -0.03422689 -0.9984159 0.01225775 -0.03476428 -0.9993204 -1.28958e-7 -0.03485196 -0.9993926 -0.01225751 -0.03476434 -0.9993204 -0.04466027 -0.03422683 -0.9984158 -0.9992589 -0.0376724 0.007909357 -0.04791808 0.03596752 0.9982036 -0.01259022 0.03550213 0.9992904 0 0.03541994 0.9993726 0.01076567 0.0271309 0.999574 0.04077547 0.02748638 0.9987903 0.9995191 -0.03055763 0.005295217 0.03874444 -0.02624362 -0.9989045 0.01056849 -0.02663934 -0.9995893 0 -0.02669936 -0.9996435 -0.01056832 -0.02663934 -0.9995893 -0.0387454 -0.02624362 -0.9989045 -0.9995201 -0.03056067 0.005060195 -0.04077637 0.02748632 0.9987902 -0.01076549 0.02713096 0.999574 0 0.02707397 0.9996334 0.00955069 0.02076625 0.9997388 0.03602814 0.02104794 0.9991291 0.9996823 -0.02493572 0.003686428 0.03475236 -0.02012085 -0.9991934 0.009433746 -0.02042686 -0.9997469 0 -0.02046942 -0.9997906 -0.009433627 -0.0204268 -0.9997469 -0.03475266 -0.02012091 -0.9991934 -0.999683 -0.02493786 0.003472924 -0.03602868 0.02104789 0.9991291 -0.009550571 0.02076631 0.9997388 0 0.02072554 0.9997853 0.008720397 0.01559984 0.9998403 0.03278082 0.01582449 0.9993373 0.9997957 -0.02003753 0.002649605 0.03200644 -0.01512378 -0.9993733 0.0086537 -0.01536363 -0.9998446 0 -0.01539409 -0.9998815 -0.00865364 -0.01536363 -0.9998446 -0.0320068 -0.01512378 -0.9993733 -0.9997947 -0.02002888 0.003109812 -0.03278106 0.01582443 0.9993374 -0.008720278 0.0155999 0.9998403 0 0.01557058 0.9998788 0.008155226 0.01118028 0.9999043 0.03056281 0.01135349 0.9994684 0.9998803 -0.01535403 0.00194329 0.03013581 -0.01083731 -0.9994872 0.008120656 -0.01102012 -0.9999064 0 -0.01104122 -0.9999391 -0.008120596 -0.01102012 -0.9999064 -0.03013586 -0.01083731 -0.9994872 -0.9998796 -0.01534944 0.002289712 -0.03056287 0.01135349 0.9994684 -0.008155107 0.01118028 0.9999043 0 0.01115989 0.9999378 0.007787883 0.007227599 0.9999436 0.02911382 0.007347941 0.9995492 0.9999435 -0.01053321 0.001436591 0.02892422 -0.007001936 -0.9995571 0.007773399 -0.007127881 -0.9999444 0 -0.007141292 -0.9999745 -0.007773399 -0.007127881 -0.9999444 -0.0289238 -0.007001936 -0.9995571 -0.9999433 -0.01053291 0.001577198 -0.02911335 0.007347881 0.9995492 -0.007787883 0.007227659 0.9999436 0 0.007214665 0.9999741 0.007580459 0.003549873 0.999965 0.02829039 0.00361222 0.9995933 0.9999849 -0.005396664 0.001057744 0.02824354 -0.003436982 -0.9995952 0.007577061 -0.003501951 -0.9999652 0 -0.003508448 -0.9999939 -0.007577061 -0.003501951 -0.9999652 -0.02824318 -0.003436982 -0.9995952 -0.9999849 -0.005396723 0.001075625 -0.02829009 0.00361222 0.9995933 -0.007580518 0.003549873 0.999965 0 0.003543555 0.9999938 0.007513403 0 0.9999719 0.0280227 0 0.9996073 0.9999996 0 8.83197e-4 0.02802395 0 -0.9996073 0.007513463 0 -0.9999719 0 0 -1 -0.007513463 0 -0.9999719 -0.02802395 0 -0.9996073 -0.9999996 2.42355e-7 8.84055e-4 -0.0280227 0 0.9996073 -0.007513403 0 0.9999719 0 0 1 0.007580518 -0.003549873 0.999965 0.02829009 -0.00361216 0.9995933 0.9999849 0.005396723 0.00107479 0.02824318 0.003436982 -0.9995952 0.007577061 0.003501892 -0.9999652 0 0.003508448 -0.9999939 -0.007577061 0.003501951 -0.9999652 -0.02824354 0.003436982 -0.9995952 -0.9999849 0.005396902 0.001056015 -0.02829039 -0.00361222 0.9995933 -0.007580459 -0.003549873 0.999965 0 -0.003543555 0.9999938 0.007787883 -0.007227659 0.9999436 0.02911335 -0.007347881 0.9995492 0.9999433 0.01053297 0.001577198 0.0289238 0.007001876 -0.9995571 0.007773399 0.007127881 -0.9999444 0 0.007141292 -0.9999745 -0.007773399 0.007127881 -0.9999444 -0.02892422 0.007001936 -0.9995571 -0.9999435 0.01053315 0.001437425 -0.02911382 -0.007347941 0.9995492 -0.007787883 -0.007227599 0.9999436 0 -0.007214665 0.9999741 0.008155107 -0.01118028 0.9999043 0.03056287 -0.01135343 0.9994684 0.9998796 0.0153495 0.002287745 0.03013586 0.01083725 -0.9994872 0.008120596 0.01102012 -0.9999064 0 0.01104122 -0.9999391 -0.008120656 0.01102012 -0.9999064 -0.03013581 0.01083731 -0.9994872 -0.9998803 0.01535344 0.001945674 -0.03056287 -0.01135349 0.9994684 -0.008155167 -0.01118028 0.9999043 0 -0.01115989 0.9999378 0.008720278 -0.0155999 0.9998403 0.03278106 -0.01582443 0.9993374 0.9997947 0.02002876 0.003109276 0.0320068 0.01512378 -0.9993733 0.00865364 0.01536363 -0.9998446 0 0.01539409 -0.9998815 -0.0086537 0.01536369 -0.9998446 -0.03200644 0.01512378 -0.9993733 -0.9997957 0.02003747 0.00265032 -0.03278082 -0.01582449 0.9993373 -0.008720397 -0.01559984 0.9998403 0 -0.01557058 0.9998788 0.009550571 -0.02076631 0.9997388 0.03602868 -0.02104789 0.9991292 0.999683 0.02493822 0.003472745 0.03475266 0.02012091 -0.9991934 0.009433627 0.0204268 -0.9997469 0 0.02046948 -0.9997906 -0.009433746 0.02042686 -0.9997469 -0.0347523 0.02012085 -0.9991934 -0.9996823 0.0249359 0.003686428 -0.0360282 -0.02104794 0.9991291 -0.00955069 -0.02076625 0.9997388 0 -0.02072548 0.9997853 0.01076549 -0.02713096 0.999574 0.04077637 -0.02748632 0.9987902 0.9995201 0.03056061 0.005060493 0.0387454 0.02624362 -0.9989045 0.01056832 0.02663928 -0.9995893 0 0.02669936 -0.9996435 -0.01056849 0.02663934 -0.9995893 -0.03874444 0.02624362 -0.9989045 -0.999519 0.0305581 0.005295217 -0.04077553 -0.02748638 0.9987903 -0.01076567 -0.0271309 0.999574 0 -0.02707397 0.9996334 0.01259022 -0.03550207 0.9992904 0.04791808 -0.03596752 0.9982036 0.9992589 0.03767257 0.007907509 0.04466027 0.03422683 -0.9984158 0.01225751 0.03476428 -0.9993205 1.28069e-7 0.03485202 -0.9993926 -0.01225775 0.03476434 -0.9993204 -0.04465889 0.03422689 -0.9984158 -0.9992584 0.03767329 0.007959425 -0.04791706 -0.03596752 0.9982036 -0.0125904 -0.03550195 0.9992904 0 -0.03541994 0.9993726 0.01549553 -0.04752534 0.9987499 0.05933636 -0.04817712 0.9970749 0.9987794 0.04762613 0.01309853 0.05385345 0.0455414 -0.9975098 0.01491075 0.04633921 -0.9988145 1.63792e-7 0.0464769 -0.9989194 -0.01491111 0.04633909 -0.9988145 -0.05385214 0.04554152 -0.99751 -0.9987818 0.04764062 0.01286023 -0.059336 -0.0481773 0.9970749 -0.01549595 -0.04752528 0.9987499 1.4557e-7 -0.04739886 0.998876 0.02065247 -0.06722593 0.997524 0.07973414 -0.0682342 0.9944781 0.9977193 0.06326836 0.0235238 0.0694949 0.06369102 -0.9955471 0.0195167 0.06506735 -0.9976901 1.82473e-7 0.06531494 -0.9978647 -0.01951706 0.06506729 -0.9976901 -0.069494 0.0636909 -0.9955471 -0.9977204 0.06327694 0.02345675 -0.07973343 -0.06823426 0.9944781 -0.02065294 -0.06722581 0.997524 2.28754e-7 -0.06700646 0.9977526 0.03202927 -0.1080787 0.9936262 0.1249018 -0.1097852 0.9860764 0.9943587 0.09137964 0.05385881 0.1013256 0.0999118 -0.9898236 0.02928298 0.1030754 -0.9942424 1.36992e-7 0.103658 -0.9946131 -0.02928334 0.1030757 -0.9942424 -0.101325 0.09991121 -0.9898238 -0.9943569 0.0913788 0.05389285 -0.1249012 -0.1097853 0.9860765 -0.0320298 -0.1080787 0.9936262 2.02618e-7 -0.1076098 0.9941933 0.07819461 -0.266783 0.9605793 0.2913777 -0.2609557 0.9203267 0.9678408 0.1319363 0.2141894 0.2089597 0.2279509 -0.9509859 0.06626373 0.2449626 -0.9672654 -1.61355e-7 0.24807 -0.9687421 -0.06626379 0.2449616 -0.9672657 -0.208962 0.2279536 -0.9509848 -0.9678381 0.1319286 0.2142067 -0.2913757 -0.2609555 0.9203274 -0.07819497 -0.2667829 0.9605793 0 -0.265688 0.9640592 0.2449347 -0.9695397 6.46207e-7 0.5820147 -0.8131784 2.74333e-6 0.9433832 -0.3317051 -3.52868e-6 0.7748371 0.6321611 -6.28419e-6 0.2911443 0.9566792 -1.69648e-6 -1.62807e-6 1 -1.8371e-6 -0.2911449 0.9566791 -1.33933e-7 -0.7748365 0.6321618 -7.04672e-6 -0.9433826 -0.3317065 1.68837e-7 -0.5820144 -0.8131785 3.10564e-6 -0.2449346 -0.9695397 2.36943e-6 -1.32739e-6 -1 2.76314e-6 0.07819664 -0.2667869 -0.960578 0.2913779 -0.2609571 -0.9203262 0.9678345 0.1319348 -0.2142185 0.2089611 0.2279531 0.9509851 0.06626391 0.244963 0.9672653 -3.92501e-7 0.2480726 0.9687415 -0.06626361 0.2449624 0.9672655 -0.2089634 0.2279568 0.9509837 -0.9678403 0.131937 -0.2141913 -0.2913823 -0.2609596 -0.9203242 -0.07819569 -0.2667855 -0.9605785 -5.31158e-7 -0.2656912 -0.9640582 0.03202974 -0.1080785 -0.9936262 0.1249012 -0.1097853 -0.9860766 0.9943566 0.09138023 -0.0538935 0.101325 0.09991139 0.9898237 0.02928328 0.1030756 0.9942425 -1.42923e-7 0.1036583 0.9946131 -0.02928286 0.1030752 0.9942424 -0.1013254 0.09991186 0.9898237 -0.9943585 0.09137964 -0.05386036 -0.1249023 -0.1097856 -0.9860764 -0.03202921 -0.1080784 -0.9936263 -1.84819e-7 -0.1076098 -0.9941932 0.02065294 -0.06722581 -0.997524 0.07973372 -0.06823432 -0.9944781 0.9977205 0.06327533 -0.02345621 0.06949412 0.06369113 0.9955471 0.01951706 0.06506735 0.9976901 -1.7106e-7 0.065315 0.9978647 -0.0195167 0.06506735 0.9976901 -0.06949508 0.06369119 0.9955471 -0.9977195 0.06326723 -0.02352279 -0.0797345 -0.06823438 -0.9944781 -0.02065241 -0.06722575 -0.997524 -2.33053e-7 -0.06700652 -0.9977526 0.01549595 -0.04752546 -0.9987499 0.05933612 -0.04817736 -0.9970748 0.9987818 0.04763996 -0.01286149 0.0538522 0.04554164 0.9975098 0.01491111 0.04633909 0.9988145 -1.56529e-7 0.04647696 0.9989194 -0.01491075 0.04633921 0.9988145 -0.05385351 0.04554146 0.9975098 -0.9987793 0.04762697 -0.01309978 -0.05933642 -0.04817712 -0.9970749 -0.01549553 -0.0475254 -0.9987499 -1.45866e-7 -0.04739892 -0.998876 0.0125904 -0.03550201 -0.9992904 0.04791706 -0.03596758 -0.9982036 0.9992584 0.0376743 -0.007958889 0.04465901 0.03422689 0.9984158 0.01225775 0.03476434 0.9993204 -1.31626e-7 0.03485202 0.9993926 -0.01225751 0.03476434 0.9993204 -0.04466032 0.03422689 0.9984158 -0.9992589 0.03767251 -0.007907509 -0.04791808 -0.03596752 -0.9982036 -0.01259022 -0.03550213 -0.9992903 0 -0.03541994 -0.9993726 0.01076567 -0.02713084 -0.999574 0.04077553 -0.02748638 -0.9987903 0.999519 0.03055763 -0.005293965 0.03874439 0.02624362 0.9989045 0.01056849 0.02663934 0.9995893 0 0.02669936 0.9996436 -0.01056832 0.02663928 0.9995893 -0.0387454 0.02624362 0.9989045 -0.9995202 0.03056049 -0.005060195 -0.04077637 -0.02748632 -0.9987902 -0.01076555 -0.02713102 -0.999574 0 -0.02707397 -0.9996334 0.00955069 -0.02076631 -0.9997388 0.0360282 -0.02104794 -0.9991291 0.9996823 0.02493512 -0.003687739 0.0347523 0.02012085 0.9991934 0.009433805 0.02042686 0.9997469 0 0.02046948 0.9997906 -0.009433627 0.0204268 0.9997469 -0.03475266 0.02012091 0.9991934 -0.999683 0.02493774 -0.003472566 -0.03602868 -0.02104789 -0.9991291 -0.009550571 -0.02076631 -0.9997388 0 -0.02072554 -0.9997853 0.008720397 -0.01559984 -0.9998403 0.03278082 -0.01582449 -0.9993373 0.9997957 0.02003675 -0.00264883 0.0320065 0.01512378 0.9993733 0.008653759 0.01536369 0.9998446 0 0.01539415 0.9998815 -0.00865364 0.01536363 0.9998446 -0.03200685 0.01512384 0.9993733 -0.9997947 0.02002918 -0.003109276 -0.03278106 -0.01582443 -0.9993374 -0.008720278 -0.0155999 -0.9998403 0 -0.01557058 -0.9998788 0.008155167 -0.01118028 -0.9999043 0.03056287 -0.01135349 -0.9994684 0.9998803 0.01535296 -0.001944839 0.03013586 0.01083737 0.9994872 0.008120656 0.01102012 0.9999064 0 0.01104122 0.9999391 -0.008120596 0.01102012 0.9999064 -0.03013586 0.01083731 0.9994872 -0.9998796 0.0153501 -0.002288937 -0.03056287 -0.01135343 -0.9994684 -0.008155107 -0.01118028 -0.9999043 0 -0.01115989 -0.9999378 0.007787883 -0.007227599 -0.9999436 0.02911382 -0.007347941 -0.9995492 0.9999435 0.01053321 -0.00143826 0.02892422 0.007001936 0.9995571 0.007773399 0.007127881 0.9999444 0 0.007141292 0.9999745 -0.007773399 0.007127881 0.9999444 -0.0289238 0.007001876 0.9995571 -0.9999433 0.01053285 -0.001577198 -0.02911335 -0.007347941 -0.9995492 -0.007787883 -0.007227659 -0.9999436 0 -0.007214665 -0.9999741 0.007580459 -0.003549873 -0.999965 0.02829039 -0.00361222 -0.9995933 0.9999849 0.005396723 -0.001058578 0.02824354 0.003436982 0.9995952 0.007577061 0.003501951 0.9999652 0 0.003508448 0.9999939 -0.007577061 0.003501951 0.9999652 -0.02824318 0.003436982 0.9995952 -0.9999849 0.005396604 -0.001073896 -0.02829009 -0.00361222 -0.9995933 -0.007580518 -0.003549933 -0.999965 0 -0.003543615 -0.9999938 0.007513403 0 -0.9999719 0.0280227 0 -0.9996073 0.9999997 0 -8.83626e-4 0.02802401 0 0.9996073 0.007513463 0 0.9999719 0 0 1 -0.007513463 0 0.9999719 -0.02802401 0 0.9996073 -0.9999996 -1.67719e-7 -8.83196e-4 -0.0280227 0 -0.9996073 -0.007513403 0 -0.9999719 0 0 -1 0.007580518 0.003549873 -0.999965 0.02829009 0.00361216 -0.9995933 0.9999849 -0.005396783 -0.001075208 0.02824318 -0.003436982 0.9995952 0.007577061 -0.003501951 0.9999652 0 -0.003508448 0.9999939 -0.007577061 -0.003501951 0.9999652 -0.02824354 -0.003436982 0.9995952 -0.9999849 -0.005396842 -0.001056432 -0.02829039 0.00361222 -0.9995933 -0.007580459 0.003549873 -0.999965 0 0.003543555 -0.9999938 0.007787883 0.007227659 -0.9999436 0.02911341 0.007347881 -0.9995492 0.9999433 -0.01053309 -0.001575946 0.0289238 -0.007001876 0.9995571 0.007773399 -0.007127881 0.9999444 0 -0.007141232 0.9999745 -0.007773399 -0.007127881 0.9999444 -0.02892422 -0.007001936 0.9995571 -0.9999435 -0.01053303 -0.001437842 -0.02911376 0.007347941 -0.9995492 -0.007787883 0.007227599 -0.9999436 0 0.007214665 -0.9999741 0.008155107 0.01118028 -0.9999043 0.03056293 0.01135343 -0.9994684 0.9998796 -0.01534974 -0.002287745 0.03013586 -0.01083731 0.9994872 0.008120596 -0.01102012 0.9999064 0 -0.01104122 0.9999391 -0.008120656 -0.01102012 0.9999064 -0.03013581 -0.01083731 0.9994872 -0.9998803 -0.01535332 -0.001944065 -0.03056287 0.01135349 -0.9994684 -0.008155167 0.01118028 -0.9999043 0 0.01115989 -0.9999378 0.008720278 0.0155999 -0.9998404 0.03278106 0.01582443 -0.9993374 0.9997947 -0.02002888 -0.003109097 0.03200674 -0.01512378 0.9993733 0.00865364 -0.01536363 0.9998446 0 -0.01539409 0.9998815 -0.008653759 -0.01536369 0.9998446 -0.0320065 -0.01512378 0.9993733 -0.9997957 -0.02003699 -0.00264734 -0.03278076 0.01582449 -0.9993373 -0.008720397 0.01559984 -0.9998403 0 0.01557058 -0.9998788 0.009550571 0.02076637 -0.9997388 0.03602868 0.02104789 -0.9991291 0.999683 -0.02493804 -0.003472387 0.0347526 -0.02012091 0.9991934 0.009433627 -0.0204268 0.9997469 0 -0.02046948 0.9997906 -0.009433805 -0.02042686 0.9997469 -0.03475236 -0.02012085 0.9991934 -0.9996823 -0.02493572 -0.003686428 -0.03602814 0.02104794 -0.9991291 -0.00955075 0.02076631 -0.9997388 0 0.02072554 -0.9997853 -1 0 0 0 0.02665716 0.9996446 0 -0.02665716 -0.9996446 0 0.0266571 -0.9996447 0 -0.0266571 0.9996447 0 -0.02665716 0.9996447 0 0.02665716 -0.9996447 0 0.0266571 0.9996447 0 -0.0266571 -0.9996447 -1 0 0 1 0 0</float_array>
          <technique_common>
            <accessor source="#Cube_022-mesh-normals-array" count="593" stride="3">
              <param name="X" type="float"/>
              <param name="Y" type="float"/>
              <param name="Z" type="float"/>
            </accessor>
          </technique_common>
        </source>
        <source id="Cube_022-mesh-map-0">
          <float_array id="Cube_022-mesh-map-0-array" count="7200">0.375 0 0.625 0.25 0.375 0.25 0.375 0.25 0.625 0.5 0.375 0.5 0.375 0.5 0.625 0.75 0.375 0.75 0.375 0.75 0.625 1 0.375 1 0.125 0.5 0.375 0.75 0.125 0.75 0.625 0.5 0.875 0.75 0.625 0.75 0.5 0.5 0.5208333 0.5833333 0.5 0.5833333 0.5 0.5833333 0.5208333 0.6666667 0.5 0.6666667 0.5 0.6666667 0.5208333 0.75 0.5 0.75 0.5 0.75 0.5208333 0.8333333 0.5 0.8333333 0.5 0.8333333 0.5208333 0.9166667 0.5 0.9166667 0.5 0.9166667 0.5208333 1 0.5 1 0.5 0 0.5208333 0.08333331 0.5 0.08333331 0.5 0.08333331 0.5208333 0.1666666 0.5 0.1666666 0.5 0.1666666 0.5208333 0.25 0.5 0.25 0.5 0.25 0.5208333 0.3333333 0.5 0.3333333 0.5 0.3333333 0.5208333 0.4166666 0.5 0.4166666 0.5 0.4166666 0.5208333 0.5 0.5 0.5 0.5208333 0.5 0.5416667 0.5833333 0.5208333 0.5833333 0.5208333 0.5833333 0.5416667 0.6666667 0.5208333 0.6666667 0.5208333 0.6666667 0.5416667 0.75 0.5208333 0.75 0.5208333 0.75 0.5416667 0.8333333 0.5208333 0.8333333 0.5208333 0.8333333 0.5416667 0.9166667 0.5208333 0.9166667 0.5208333 0.9166667 0.5416667 1 0.5208333 1 0.5208333 0 0.5416667 0.08333331 0.5208333 0.08333331 0.5208333 0.08333331 0.5416667 0.1666666 0.5208333 0.1666666 0.5208333 0.1666666 0.5416667 0.25 0.5208333 0.25 0.5208333 0.25 0.5416667 0.3333333 0.5208333 0.3333333 0.5208333 0.3333333 0.5416667 0.4166666 0.5208333 0.4166666 0.5208333 0.4166666 0.5416667 0.5 0.5208333 0.5 0.5416667 0.5 0.5625 0.5833333 0.5416667 0.5833333 0.5416667 0.5833333 0.5625 0.6666667 0.5416667 0.6666667 0.5416667 0.6666667 0.5625 0.75 0.5416667 0.75 0.5416667 0.75 0.5625 0.8333333 0.5416667 0.8333333 0.5416667 0.8333333 0.5625 0.9166667 0.5416667 0.9166667 0.5416667 0.9166667 0.5625 1 0.5416667 1 0.5416667 0 0.5625 0.08333331 0.5416667 0.08333331 0.5416667 0.08333331 0.5625 0.1666666 0.5416667 0.1666666 0.5416667 0.1666666 0.5625 0.25 0.5416667 0.25 0.5416667 0.25 0.5625 0.3333333 0.5416667 0.3333333 0.5416667 0.3333333 0.5625 0.4166666 0.5416667 0.4166666 0.5416667 0.4166666 0.5625 0.5 0.5416667 0.5 0.5625 0.5 0.5833333 0.5833333 0.5625 0.5833333 0.5625 0.5833333 0.5833333 0.6666667 0.5625 0.6666667 0.5625 0.6666667 0.5833333 0.75 0.5625 0.75 0.5625 0.75 0.5833333 0.8333333 0.5625 0.8333333 0.5625 0.8333333 0.5833333 0.9166667 0.5625 0.9166667 0.5625 0.9166667 0.5833333 1 0.5625 1 0.5625 0 0.5833333 0.08333331 0.5625 0.08333331 0.5625 0.08333331 0.5833333 0.1666666 0.5625 0.1666666 0.5625 0.1666666 0.5833333 0.25 0.5625 0.25 0.5625 0.25 0.5833333 0.3333333 0.5625 0.3333333 0.5625 0.3333333 0.5833333 0.4166666 0.5625 0.4166666 0.5625 0.4166666 0.5833333 0.5 0.5625 0.5 0.5833333 0.5 0.6041667 0.5833333 0.5833333 0.5833333 0.5833333 0.5833333 0.6041667 0.6666667 0.5833333 0.6666667 0.5833333 0.6666667 0.6041667 0.75 0.5833333 0.75 0.5833333 0.75 0.6041667 0.8333333 0.5833333 0.8333333 0.5833333 0.8333333 0.6041667 0.9166667 0.5833333 0.9166667 0.5833333 0.9166667 0.6041667 1 0.5833333 1 0.5833333 0 0.6041667 0.08333331 0.5833333 0.08333331 0.5833333 0.08333331 0.6041667 0.1666666 0.5833333 0.1666666 0.5833333 0.1666666 0.6041667 0.25 0.5833333 0.25 0.5833333 0.25 0.6041667 0.3333333 0.5833333 0.3333333 0.5833333 0.3333333 0.6041667 0.4166666 0.5833333 0.4166666 0.5833333 0.4166666 0.6041667 0.5 0.5833333 0.5 0.6041667 0.5 0.625 0.5833333 0.6041667 0.5833333 0.6041667 0.5833333 0.625 0.6666667 0.6041667 0.6666667 0.6041667 0.6666667 0.625 0.75 0.6041667 0.75 0.6041667 0.75 0.625 0.8333333 0.6041667 0.8333333 0.6041667 0.8333333 0.625 0.9166667 0.6041667 0.9166667 0.6041667 0.9166667 0.625 1 0.6041667 1 0.6041667 0 0.625 0.08333331 0.6041667 0.08333331 0.6041667 0.08333331 0.625 0.1666666 0.6041667 0.1666666 0.6041667 0.1666666 0.625 0.25 0.6041667 0.25 0.6041667 0.25 0.625 0.3333333 0.6041667 0.3333333 0.6041667 0.3333333 0.625 0.4166666 0.6041667 0.4166666 0.6041667 0.4166666 0.625 0.5 0.6041667 0.5 0.625 0.5 0.6458333 0.5833333 0.625 0.5833333 0.625 0.5833333 0.6458333 0.6666667 0.625 0.6666667 0.625 0.6666667 0.6458333 0.75 0.625 0.75 0.625 0.75 0.6458333 0.8333333 0.625 0.8333333 0.625 0.8333333 0.6458333 0.9166667 0.625 0.9166667 0.625 0.9166667 0.6458333 1 0.625 1 0.625 0 0.6458333 0.08333331 0.625 0.08333331 0.625 0.08333331 0.6458333 0.1666666 0.625 0.1666666 0.625 0.1666666 0.6458333 0.25 0.625 0.25 0.625 0.25 0.6458333 0.3333333 0.625 0.3333333 0.625 0.3333333 0.6458333 0.4166666 0.625 0.4166666 0.625 0.4166666 0.6458333 0.5 0.625 0.5 0.6458333 0.5 0.6666667 0.5833333 0.6458333 0.5833333 0.6458333 0.5833333 0.6666667 0.6666667 0.6458333 0.6666667 0.6458333 0.6666667 0.6666667 0.75 0.6458333 0.75 0.6458333 0.75 0.6666667 0.8333333 0.6458333 0.8333333 0.6458333 0.8333333 0.6666667 0.9166667 0.6458333 0.9166667 0.6458333 0.9166667 0.6666667 1 0.6458333 1 0.6458333 0 0.6666667 0.08333331 0.6458333 0.08333331 0.6458333 0.08333331 0.6666667 0.1666666 0.6458333 0.1666666 0.6458333 0.1666666 0.6666667 0.25 0.6458333 0.25 0.6458333 0.25 0.6666667 0.3333333 0.6458333 0.3333333 0.6458333 0.3333333 0.6666667 0.4166666 0.6458333 0.4166666 0.6458333 0.4166666 0.6666667 0.5 0.6458333 0.5 0.6666667 0.5 0.6875 0.5833333 0.6666667 0.5833333 0.6666667 0.5833333 0.6875 0.6666667 0.6666667 0.6666667 0.6666667 0.6666667 0.6875 0.75 0.6666667 0.75 0.6666667 0.75 0.6875 0.8333333 0.6666667 0.8333333 0.6666667 0.8333333 0.6875 0.9166667 0.6666667 0.9166667 0.6666667 0.9166667 0.6875 1 0.6666667 1 0.6666667 0 0.6875 0.08333331 0.6666667 0.08333331 0.6666667 0.08333331 0.6875 0.1666666 0.6666667 0.1666666 0.6666667 0.1666666 0.6875 0.25 0.6666667 0.25 0.6666667 0.25 0.6875 0.3333333 0.6666667 0.3333333 0.6666667 0.3333333 0.6875 0.4166666 0.6666667 0.4166666 0.6666667 0.4166666 0.6875 0.5 0.6666667 0.5 0.6875 0.5 0.7083333 0.5833333 0.6875 0.5833333 0.6875 0.5833333 0.7083333 0.6666667 0.6875 0.6666667 0.6875 0.6666667 0.7083333 0.75 0.6875 0.75 0.6875 0.75 0.7083333 0.8333333 0.6875 0.8333333 0.6875 0.8333333 0.7083333 0.9166667 0.6875 0.9166667 0.6875 0.9166667 0.7083333 1 0.6875 1 0.6875 0 0.7083333 0.08333331 0.6875 0.08333331 0.6875 0.08333331 0.7083333 0.1666666 0.6875 0.1666666 0.6875 0.1666666 0.7083333 0.25 0.6875 0.25 0.6875 0.25 0.7083333 0.3333333 0.6875 0.3333333 0.6875 0.3333333 0.7083333 0.4166666 0.6875 0.4166666 0.6875 0.4166666 0.7083333 0.5 0.6875 0.5 0.7083333 0.5 0.7291667 0.5833333 0.7083333 0.5833333 0.7083333 0.5833333 0.7291667 0.6666667 0.7083333 0.6666667 0.7083333 0.6666667 0.7291667 0.75 0.7083333 0.75 0.7083333 0.75 0.7291667 0.8333333 0.7083333 0.8333333 0.7083333 0.8333333 0.7291667 0.9166667 0.7083333 0.9166667 0.7083333 0.9166667 0.7291667 1 0.7083333 1 0.7083333 0 0.7291667 0.08333331 0.7083333 0.08333331 0.7083333 0.08333331 0.7291667 0.1666666 0.7083333 0.1666666 0.7083333 0.1666666 0.7291667 0.25 0.7083333 0.25 0.7083333 0.25 0.7291667 0.3333333 0.7083333 0.3333333 0.7083333 0.3333333 0.7291667 0.4166666 0.7083333 0.4166666 0.7083333 0.4166666 0.7291667 0.5 0.7083333 0.5 0.7291667 0.5 0.75 0.5833333 0.7291667 0.5833333 0.7291667 0.5833333 0.75 0.6666667 0.7291667 0.6666667 0.7291667 0.6666667 0.75 0.75 0.7291667 0.75 0.7291667 0.75 0.75 0.8333333 0.7291667 0.8333333 0.7291667 0.8333333 0.75 0.9166667 0.7291667 0.9166667 0.7291667 0.9166667 0.75 1 0.7291667 1 0.7291667 0 0.75 0.08333331 0.7291667 0.08333331 0.7291667 0.08333331 0.75 0.1666666 0.7291667 0.1666666 0.7291667 0.1666666 0.75 0.25 0.7291667 0.25 0.7291667 0.25 0.75 0.3333333 0.7291667 0.3333333 0.7291667 0.3333333 0.75 0.4166666 0.7291667 0.4166666 0.7291667 0.4166666 0.75 0.5 0.7291667 0.5 0.75 0.5 0.7708333 0.5833333 0.75 0.5833333 0.75 0.5833333 0.7708333 0.6666667 0.75 0.6666667 0.75 0.6666667 0.7708333 0.75 0.75 0.75 0.75 0.75 0.7708333 0.8333333 0.75 0.8333333 0.75 0.8333333 0.7708333 0.9166667 0.75 0.9166667 0.75 0.9166667 0.7708333 1 0.75 1 0.75 0 0.7708333 0.08333331 0.75 0.08333331 0.75 0.08333331 0.7708333 0.1666666 0.75 0.1666666 0.75 0.1666666 0.7708333 0.25 0.75 0.25 0.75 0.25 0.7708333 0.3333333 0.75 0.3333333 0.75 0.3333333 0.7708333 0.4166666 0.75 0.4166666 0.75 0.4166666 0.7708333 0.5 0.75 0.5 0.7708333 0.5 0.7916667 0.5833333 0.7708333 0.5833333 0.7708333 0.5833333 0.7916667 0.6666667 0.7708333 0.6666667 0.7708333 0.6666667 0.7916667 0.75 0.7708333 0.75 0.7708333 0.75 0.7916667 0.8333333 0.7708333 0.8333333 0.7708333 0.8333333 0.7916667 0.9166667 0.7708333 0.9166667 0.7708333 0.9166667 0.7916667 1 0.7708333 1 0.7708333 0 0.7916667 0.08333331 0.7708333 0.08333331 0.7708333 0.08333331 0.7916667 0.1666666 0.7708333 0.1666666 0.7708333 0.1666666 0.7916667 0.25 0.7708333 0.25 0.7708333 0.25 0.7916667 0.3333333 0.7708333 0.3333333 0.7708333 0.3333333 0.7916667 0.4166666 0.7708333 0.4166666 0.7708333 0.4166666 0.7916667 0.5 0.7708333 0.5 0.7916667 0.5 0.8125 0.5833333 0.7916667 0.5833333 0.7916667 0.5833333 0.8125 0.6666667 0.7916667 0.6666667 0.7916667 0.6666667 0.8125 0.75 0.7916667 0.75 0.7916667 0.75 0.8125 0.8333333 0.7916667 0.8333333 0.7916667 0.8333333 0.8125 0.9166667 0.7916667 0.9166667 0.7916667 0.9166667 0.8125 1 0.7916667 1 0.7916667 0 0.8125 0.08333331 0.7916667 0.08333331 0.7916667 0.08333331 0.8125 0.1666666 0.7916667 0.1666666 0.7916667 0.1666666 0.8125 0.25 0.7916667 0.25 0.7916667 0.25 0.8125 0.3333333 0.7916667 0.3333333 0.7916667 0.3333333 0.8125 0.4166666 0.7916667 0.4166666 0.7916667 0.4166666 0.8125 0.5 0.7916667 0.5 0.8125 0.5 0.8333333 0.5833333 0.8125 0.5833333 0.8125 0.5833333 0.8333333 0.6666667 0.8125 0.6666667 0.8125 0.6666667 0.8333333 0.75 0.8125 0.75 0.8125 0.75 0.8333333 0.8333333 0.8125 0.8333333 0.8125 0.8333333 0.8333333 0.9166667 0.8125 0.9166667 0.8125 0.9166667 0.8333333 1 0.8125 1 0.8125 0 0.8333333 0.08333331 0.8125 0.08333331 0.8125 0.08333331 0.8333333 0.1666666 0.8125 0.1666666 0.8125 0.1666666 0.8333333 0.25 0.8125 0.25 0.8125 0.25 0.8333333 0.3333333 0.8125 0.3333333 0.8125 0.3333333 0.8333333 0.4166666 0.8125 0.4166666 0.8125 0.4166666 0.8333333 0.5 0.8125 0.5 0.8333333 0.5 0.8541667 0.5833333 0.8333333 0.5833333 0.8333333 0.5833333 0.8541667 0.6666667 0.8333333 0.6666667 0.8333333 0.6666667 0.8541667 0.75 0.8333333 0.75 0.8333333 0.75 0.8541667 0.8333333 0.8333333 0.8333333 0.8333333 0.8333333 0.8541667 0.9166667 0.8333333 0.9166667 0.8333333 0.9166667 0.8541667 1 0.8333333 1 0.8333333 0 0.8541667 0.08333331 0.8333333 0.08333331 0.8333333 0.08333331 0.8541667 0.1666666 0.8333333 0.1666666 0.8333333 0.1666666 0.8541667 0.25 0.8333333 0.25 0.8333333 0.25 0.8541667 0.3333333 0.8333333 0.3333333 0.8333333 0.3333333 0.8541667 0.4166666 0.8333333 0.4166666 0.8333333 0.4166666 0.8541667 0.5 0.8333333 0.5 0.8541667 0.5 0.875 0.5833333 0.8541667 0.5833333 0.8541667 0.5833333 0.875 0.6666667 0.8541667 0.6666667 0.8541667 0.6666667 0.875 0.75 0.8541667 0.75 0.8541667 0.75 0.875 0.8333333 0.8541667 0.8333333 0.8541667 0.8333333 0.875 0.9166667 0.8541667 0.9166667 0.8541667 0.9166667 0.875 1 0.8541667 1 0.8541667 0 0.875 0.08333331 0.8541667 0.08333331 0.8541667 0.08333331 0.875 0.1666666 0.8541667 0.1666666 0.8541667 0.1666666 0.875 0.25 0.8541667 0.25 0.8541667 0.25 0.875 0.3333333 0.8541667 0.3333333 0.8541667 0.3333333 0.875 0.4166666 0.8541667 0.4166666 0.8541667 0.4166666 0.875 0.5 0.8541667 0.5 0.875 0.5 0.8958333 0.5833333 0.875 0.5833333 0.875 0.5833333 0.8958333 0.6666667 0.875 0.6666667 0.875 0.6666667 0.8958333 0.75 0.875 0.75 0.875 0.75 0.8958333 0.8333333 0.875 0.8333333 0.875 0.8333333 0.8958333 0.9166667 0.875 0.9166667 0.875 0.9166667 0.8958333 1 0.875 1 0.875 0 0.8958333 0.08333331 0.875 0.08333331 0.875 0.08333331 0.8958333 0.1666666 0.875 0.1666666 0.875 0.1666666 0.8958333 0.25 0.875 0.25 0.875 0.25 0.8958333 0.3333333 0.875 0.3333333 0.875 0.3333333 0.8958333 0.4166666 0.875 0.4166666 0.875 0.4166666 0.8958333 0.5 0.875 0.5 0.8958333 0.5 0.9166667 0.5833333 0.8958333 0.5833333 0.8958333 0.5833333 0.9166667 0.6666667 0.8958333 0.6666667 0.8958333 0.6666667 0.9166667 0.75 0.8958333 0.75 0.8958333 0.75 0.9166667 0.8333333 0.8958333 0.8333333 0.8958333 0.8333333 0.9166667 0.9166667 0.8958333 0.9166667 0.8958333 0.9166667 0.9166667 1 0.8958333 1 0.8958333 0 0.9166667 0.08333331 0.8958333 0.08333331 0.8958333 0.08333331 0.9166667 0.1666666 0.8958333 0.1666666 0.8958333 0.1666666 0.9166667 0.25 0.8958333 0.25 0.8958333 0.25 0.9166667 0.3333333 0.8958333 0.3333333 0.8958333 0.3333333 0.9166667 0.4166666 0.8958333 0.4166666 0.8958333 0.4166666 0.9166667 0.5 0.8958333 0.5 0.9166667 0.5 0.9375 0.5833333 0.9166667 0.5833333 0.9166667 0.5833333 0.9375 0.6666667 0.9166667 0.6666667 0.9166667 0.6666667 0.9375 0.75 0.9166667 0.75 0.9166667 0.75 0.9375 0.8333333 0.9166667 0.8333333 0.9166667 0.8333333 0.9375 0.9166667 0.9166667 0.9166667 0.9166667 0.9166667 0.9375 1 0.9166667 1 0.9166667 0 0.9375 0.08333331 0.9166667 0.08333331 0.9166667 0.08333331 0.9375 0.1666666 0.9166667 0.1666666 0.9166667 0.1666666 0.9375 0.25 0.9166667 0.25 0.9166667 0.25 0.9375 0.3333333 0.9166667 0.3333333 0.9166667 0.3333333 0.9375 0.4166666 0.9166667 0.4166666 0.9166667 0.4166666 0.9375 0.5 0.9166667 0.5 0.9375 0.5 0.9583333 0.5833333 0.9375 0.5833333 0.9375 0.5833333 0.9583333 0.6666667 0.9375 0.6666667 0.9375 0.6666667 0.9583333 0.75 0.9375 0.75 0.9375 0.75 0.9583333 0.8333333 0.9375 0.8333333 0.9375 0.8333333 0.9583333 0.9166667 0.9375 0.9166667 0.9375 0.9166667 0.9583333 1 0.9375 1 0.9375 0 0.9583333 0.08333331 0.9375 0.08333331 0.9375 0.08333331 0.9583333 0.1666666 0.9375 0.1666666 0.9375 0.1666666 0.9583333 0.25 0.9375 0.25 0.9375 0.25 0.9583333 0.3333333 0.9375 0.3333333 0.9375 0.3333333 0.9583333 0.4166666 0.9375 0.4166666 0.9375 0.4166666 0.9583333 0.5 0.9375 0.5 0.9583333 0.5 0.9791667 0.5833333 0.9583333 0.5833333 0.9583333 0.5833333 0.9791667 0.6666667 0.9583333 0.6666667 0.9583333 0.6666667 0.9791667 0.75 0.9583333 0.75 0.9583333 0.75 0.9791667 0.8333333 0.9583333 0.8333333 0.9583333 0.8333333 0.9791667 0.9166667 0.9583333 0.9166667 0.9583333 0.9166667 0.9791667 1 0.9583333 1 0.9583333 0 0.9791667 0.08333331 0.9583333 0.08333331 0.9583333 0.08333331 0.9791667 0.1666666 0.9583333 0.1666666 0.9583333 0.1666666 0.9791667 0.25 0.9583333 0.25 0.9583333 0.25 0.9791667 0.3333333 0.9583333 0.3333333 0.9583333 0.3333333 0.9791667 0.4166666 0.9583333 0.4166666 0.9583333 0.4166666 0.9791667 0.5 0.9583333 0.5 0.9791667 0.5 1 0.5833333 0.9791667 0.5833333 0.9791667 0.5833333 1 0.6666667 0.9791667 0.6666667 0.9791667 0.6666667 1 0.75 0.9791667 0.75 0.9791667 0.75 1 0.8333333 0.9791667 0.8333333 0.9791667 0.8333333 1 0.9166667 0.9791667 0.9166667 0.9791667 0.9166667 1 1 0.9791667 1 0.9791667 0 1 0.08333331 0.9791667 0.08333331 0.9791667 0.08333331 1 0.1666666 0.9791667 0.1666666 0.9791667 0.1666666 1 0.25 0.9791667 0.25 0.9791667 0.25 1 0.3333333 0.9791667 0.3333333 0.9791667 0.3333333 1 0.4166666 0.9791667 0.4166666 0.9791667 0.4166666 1 0.5 0.9791667 0.5 0 0.5 0.02083331 0.5833333 0 0.5833333 0 0.5833333 0.02083331 0.6666667 0 0.6666667 0 0.6666667 0.02083331 0.75 0 0.75 0 0.75 0.02083331 0.8333333 0 0.8333333 0 0.8333333 0.02083331 0.9166667 0 0.9166667 0 0.9166667 0.02083331 1 0 1 0 0 0.02083331 0.08333331 0 0.08333331 0 0.08333331 0.02083331 0.1666666 0 0.1666666 0 0.1666666 0.02083331 0.25 0 0.25 0 0.25 0.02083331 0.3333333 0 0.3333333 0 0.3333333 0.02083331 0.4166666 0 0.4166666 0 0.4166666 0.02083331 0.5 0 0.5 0.02083331 0.5 0.04166662 0.5833333 0.02083331 0.5833333 0.02083331 0.5833333 0.04166662 0.6666667 0.02083331 0.6666667 0.02083331 0.6666667 0.04166662 0.75 0.02083331 0.75 0.02083331 0.75 0.04166662 0.8333333 0.02083331 0.8333333 0.02083331 0.8333333 0.04166662 0.9166667 0.02083331 0.9166667 0.02083331 0.9166667 0.04166662 1 0.02083331 1 0.02083331 0 0.04166662 0.08333331 0.02083331 0.08333331 0.02083331 0.08333331 0.04166662 0.1666666 0.02083331 0.1666666 0.02083331 0.1666666 0.04166662 0.25 0.02083331 0.25 0.02083331 0.25 0.04166662 0.3333333 0.02083331 0.3333333 0.02083331 0.3333333 0.04166662 0.4166666 0.02083331 0.4166666 0.02083331 0.4166666 0.04166662 0.5 0.02083331 0.5 0.04166662 0.5 0.0625 0.5833333 0.04166662 0.5833333 0.04166662 0.5833333 0.0625 0.6666667 0.04166662 0.6666667 0.04166662 0.6666667 0.0625 0.75 0.04166662 0.75 0.04166662 0.75 0.0625 0.8333333 0.04166662 0.8333333 0.04166662 0.8333333 0.0625 0.9166667 0.04166662 0.9166667 0.04166662 0.9166667 0.0625 1 0.04166662 1 0.04166662 0 0.0625 0.08333331 0.04166662 0.08333331 0.04166662 0.08333331 0.0625 0.1666666 0.04166662 0.1666666 0.04166662 0.1666666 0.0625 0.25 0.04166662 0.25 0.04166662 0.25 0.0625 0.3333333 0.04166662 0.3333333 0.04166662 0.3333333 0.0625 0.4166666 0.04166662 0.4166666 0.04166662 0.4166666 0.0625 0.5 0.04166662 0.5 0.0625 0.5 0.08333331 0.5833333 0.0625 0.5833333 0.0625 0.5833333 0.08333331 0.6666667 0.0625 0.6666667 0.0625 0.6666667 0.08333331 0.75 0.0625 0.75 0.0625 0.75 0.08333331 0.8333333 0.0625 0.8333333 0.0625 0.8333333 0.08333331 0.9166667 0.0625 0.9166667 0.0625 0.9166667 0.08333331 1 0.0625 1 0.0625 0 0.08333331 0.08333331 0.0625 0.08333331 0.0625 0.08333331 0.08333331 0.1666666 0.0625 0.1666666 0.0625 0.1666666 0.08333331 0.25 0.0625 0.25 0.0625 0.25 0.08333331 0.3333333 0.0625 0.3333333 0.0625 0.3333333 0.08333331 0.4166666 0.0625 0.4166666 0.0625 0.4166666 0.08333331 0.5 0.0625 0.5 0.08333331 0.5 0.1041666 0.5833333 0.08333331 0.5833333 0.08333331 0.5833333 0.1041666 0.6666667 0.08333331 0.6666667 0.08333331 0.6666667 0.1041666 0.75 0.08333331 0.75 0.08333331 0.75 0.1041666 0.8333333 0.08333331 0.8333333 0.08333331 0.8333333 0.1041666 0.9166667 0.08333331 0.9166667 0.08333331 0.9166667 0.1041666 1 0.08333331 1 0.08333331 0 0.1041666 0.08333331 0.08333331 0.08333331 0.08333331 0.08333331 0.1041666 0.1666666 0.08333331 0.1666666 0.08333331 0.1666666 0.1041666 0.25 0.08333331 0.25 0.08333331 0.25 0.1041666 0.3333333 0.08333331 0.3333333 0.08333331 0.3333333 0.1041666 0.4166666 0.08333331 0.4166666 0.08333331 0.4166666 0.1041666 0.5 0.08333331 0.5 0.1041666 0.5 0.125 0.5833333 0.1041666 0.5833333 0.1041666 0.5833333 0.125 0.6666667 0.1041666 0.6666667 0.1041666 0.6666667 0.125 0.75 0.1041666 0.75 0.1041666 0.75 0.125 0.8333333 0.1041666 0.8333333 0.1041666 0.8333333 0.125 0.9166667 0.1041666 0.9166667 0.1041666 0.9166667 0.125 1 0.1041666 1 0.1041666 0 0.125 0.08333331 0.1041666 0.08333331 0.1041666 0.08333331 0.125 0.1666666 0.1041666 0.1666666 0.1041666 0.1666666 0.125 0.25 0.1041666 0.25 0.1041666 0.25 0.125 0.3333333 0.1041666 0.3333333 0.1041666 0.3333333 0.125 0.4166666 0.1041666 0.4166666 0.1041666 0.4166666 0.125 0.5 0.1041666 0.5 0.125 0.5 0.1458333 0.5833333 0.125 0.5833333 0.125 0.5833333 0.1458333 0.6666667 0.125 0.6666667 0.125 0.6666667 0.1458333 0.75 0.125 0.75 0.125 0.75 0.1458333 0.8333333 0.125 0.8333333 0.125 0.8333333 0.1458333 0.9166667 0.125 0.9166667 0.125 0.9166667 0.1458333 1 0.125 1 0.125 0 0.1458333 0.08333331 0.125 0.08333331 0.125 0.08333331 0.1458333 0.1666666 0.125 0.1666666 0.125 0.1666666 0.1458333 0.25 0.125 0.25 0.125 0.25 0.1458333 0.3333333 0.125 0.3333333 0.125 0.3333333 0.1458333 0.4166666 0.125 0.4166666 0.125 0.4166666 0.1458333 0.5 0.125 0.5 0.1458333 0.5 0.1666666 0.5833333 0.1458333 0.5833333 0.1458333 0.5833333 0.1666666 0.6666667 0.1458333 0.6666667 0.1458333 0.6666667 0.1666666 0.75 0.1458333 0.75 0.1458333 0.75 0.1666666 0.8333333 0.1458333 0.8333333 0.1458333 0.8333333 0.1666666 0.9166667 0.1458333 0.9166667 0.1458333 0.9166667 0.1666666 1 0.1458333 1 0.1458333 0 0.1666666 0.08333331 0.1458333 0.08333331 0.1458333 0.08333331 0.1666666 0.1666666 0.1458333 0.1666666 0.1458333 0.1666666 0.1666666 0.25 0.1458333 0.25 0.1458333 0.25 0.1666666 0.3333333 0.1458333 0.3333333 0.1458333 0.3333333 0.1666666 0.4166666 0.1458333 0.4166666 0.1458333 0.4166666 0.1666666 0.5 0.1458333 0.5 0.1666666 0.5 0.1875 0.5833333 0.1666666 0.5833333 0.1666666 0.5833333 0.1875 0.6666667 0.1666666 0.6666667 0.1666666 0.6666667 0.1875 0.75 0.1666666 0.75 0.1666666 0.75 0.1875 0.8333333 0.1666666 0.8333333 0.1666666 0.8333333 0.1875 0.9166667 0.1666666 0.9166667 0.1666666 0.9166667 0.1875 1 0.1666666 1 0.1666666 0 0.1875 0.08333331 0.1666666 0.08333331 0.1666666 0.08333331 0.1875 0.1666666 0.1666666 0.1666666 0.1666666 0.1666666 0.1875 0.25 0.1666666 0.25 0.1666666 0.25 0.1875 0.3333333 0.1666666 0.3333333 0.1666666 0.3333333 0.1875 0.4166666 0.1666666 0.4166666 0.1666666 0.4166666 0.1875 0.5 0.1666666 0.5 0.1875 0.5 0.2083333 0.5833333 0.1875 0.5833333 0.1875 0.5833333 0.2083333 0.6666667 0.1875 0.6666667 0.1875 0.6666667 0.2083333 0.75 0.1875 0.75 0.1875 0.75 0.2083333 0.8333333 0.1875 0.8333333 0.1875 0.8333333 0.2083333 0.9166667 0.1875 0.9166667 0.1875 0.9166667 0.2083333 1 0.1875 1 0.1875 0 0.2083333 0.08333331 0.1875 0.08333331 0.1875 0.08333331 0.2083333 0.1666666 0.1875 0.1666666 0.1875 0.1666666 0.2083333 0.25 0.1875 0.25 0.1875 0.25 0.2083333 0.3333333 0.1875 0.3333333 0.1875 0.3333333 0.2083333 0.4166666 0.1875 0.4166666 0.1875 0.4166666 0.2083333 0.5 0.1875 0.5 0.2083333 0.5 0.2291666 0.5833333 0.2083333 0.5833333 0.2083333 0.5833333 0.2291666 0.6666667 0.2083333 0.6666667 0.2083333 0.6666667 0.2291666 0.75 0.2083333 0.75 0.2083333 0.75 0.2291666 0.8333333 0.2083333 0.8333333 0.2083333 0.8333333 0.2291666 0.9166667 0.2083333 0.9166667 0.2083333 0.9166667 0.2291666 1 0.2083333 1 0.2083333 0 0.2291666 0.08333331 0.2083333 0.08333331 0.2083333 0.08333331 0.2291666 0.1666666 0.2083333 0.1666666 0.2083333 0.1666666 0.2291666 0.25 0.2083333 0.25 0.2083333 0.25 0.2291666 0.3333333 0.2083333 0.3333333 0.2083333 0.3333333 0.2291666 0.4166666 0.2083333 0.4166666 0.2083333 0.4166666 0.2291666 0.5 0.2083333 0.5 0.2291666 0.5 0.25 0.5833333 0.2291666 0.5833333 0.2291666 0.5833333 0.25 0.6666667 0.2291666 0.6666667 0.2291666 0.6666667 0.25 0.75 0.2291666 0.75 0.2291666 0.75 0.25 0.8333333 0.2291666 0.8333333 0.2291666 0.8333333 0.25 0.9166667 0.2291666 0.9166667 0.2291666 0.9166667 0.25 1 0.2291666 1 0.2291666 0 0.25 0.08333331 0.2291666 0.08333331 0.2291666 0.08333331 0.25 0.1666666 0.2291666 0.1666666 0.2291666 0.1666666 0.25 0.25 0.2291666 0.25 0.2291666 0.25 0.25 0.3333333 0.2291666 0.3333333 0.2291666 0.3333333 0.25 0.4166666 0.2291666 0.4166666 0.2291666 0.4166666 0.25 0.5 0.2291666 0.5 0.25 0.5 0.2708333 0.5833333 0.25 0.5833333 0.25 0.5833333 0.2708333 0.6666667 0.25 0.6666667 0.25 0.6666667 0.2708333 0.75 0.25 0.75 0.25 0.75 0.2708333 0.8333333 0.25 0.8333333 0.25 0.8333333 0.2708333 0.9166667 0.25 0.9166667 0.25 0.9166667 0.2708333 1 0.25 1 0.25 0 0.2708333 0.08333331 0.25 0.08333331 0.25 0.08333331 0.2708333 0.1666666 0.25 0.1666666 0.25 0.1666666 0.2708333 0.25 0.25 0.25 0.25 0.25 0.2708333 0.3333333 0.25 0.3333333 0.25 0.3333333 0.2708333 0.4166666 0.25 0.4166666 0.25 0.4166666 0.2708333 0.5 0.25 0.5 0.2708333 0.5 0.2916666 0.5833333 0.2708333 0.5833333 0.2708333 0.5833333 0.2916666 0.6666667 0.2708333 0.6666667 0.2708333 0.6666667 0.2916666 0.75 0.2708333 0.75 0.2708333 0.75 0.2916666 0.8333333 0.2708333 0.8333333 0.2708333 0.8333333 0.2916666 0.9166667 0.2708333 0.9166667 0.2708333 0.9166667 0.2916666 1 0.2708333 1 0.2708333 0 0.2916666 0.08333331 0.2708333 0.08333331 0.2708333 0.08333331 0.2916666 0.1666666 0.2708333 0.1666666 0.2708333 0.1666666 0.2916666 0.25 0.2708333 0.25 0.2708333 0.25 0.2916666 0.3333333 0.2708333 0.3333333 0.2708333 0.3333333 0.2916666 0.4166666 0.2708333 0.4166666 0.2708333 0.4166666 0.2916666 0.5 0.2708333 0.5 0.2916666 0.5 0.3125 0.5833333 0.2916666 0.5833333 0.2916666 0.5833333 0.3125 0.6666667 0.2916666 0.6666667 0.2916666 0.6666667 0.3125 0.75 0.2916666 0.75 0.2916666 0.75 0.3125 0.8333333 0.2916666 0.8333333 0.2916666 0.8333333 0.3125 0.9166667 0.2916666 0.9166667 0.2916666 0.9166667 0.3125 1 0.2916666 1 0.2916666 0 0.3125 0.08333331 0.2916666 0.08333331 0.2916666 0.08333331 0.3125 0.1666666 0.2916666 0.1666666 0.2916666 0.1666666 0.3125 0.25 0.2916666 0.25 0.2916666 0.25 0.3125 0.3333333 0.2916666 0.3333333 0.2916666 0.3333333 0.3125 0.4166666 0.2916666 0.4166666 0.2916666 0.4166666 0.3125 0.5 0.2916666 0.5 0.3125 0.5 0.3333333 0.5833333 0.3125 0.5833333 0.3125 0.5833333 0.3333333 0.6666667 0.3125 0.6666667 0.3125 0.6666667 0.3333333 0.75 0.3125 0.75 0.3125 0.75 0.3333333 0.8333333 0.3125 0.8333333 0.3125 0.8333333 0.3333333 0.9166667 0.3125 0.9166667 0.3125 0.9166667 0.3333333 1 0.3125 1 0.3125 0 0.3333333 0.08333331 0.3125 0.08333331 0.3125 0.08333331 0.3333333 0.1666666 0.3125 0.1666666 0.3125 0.1666666 0.3333333 0.25 0.3125 0.25 0.3125 0.25 0.3333333 0.3333333 0.3125 0.3333333 0.3125 0.3333333 0.3333333 0.4166666 0.3125 0.4166666 0.3125 0.4166666 0.3333333 0.5 0.3125 0.5 0.3333333 0.5 0.3541666 0.5833333 0.3333333 0.5833333 0.3333333 0.5833333 0.3541666 0.6666667 0.3333333 0.6666667 0.3333333 0.6666667 0.3541666 0.75 0.3333333 0.75 0.3333333 0.75 0.3541666 0.8333333 0.3333333 0.8333333 0.3333333 0.8333333 0.3541666 0.9166667 0.3333333 0.9166667 0.3333333 0.9166667 0.3541666 1 0.3333333 1 0.3333333 0 0.3541666 0.08333331 0.3333333 0.08333331 0.3333333 0.08333331 0.3541666 0.1666666 0.3333333 0.1666666 0.3333333 0.1666666 0.3541666 0.25 0.3333333 0.25 0.3333333 0.25 0.3541666 0.3333333 0.3333333 0.3333333 0.3333333 0.3333333 0.3541666 0.4166666 0.3333333 0.4166666 0.3333333 0.4166666 0.3541666 0.5 0.3333333 0.5 0.3541666 0.5 0.375 0.5833333 0.3541666 0.5833333 0.3541666 0.5833333 0.375 0.6666667 0.3541666 0.6666667 0.3541666 0.6666667 0.375 0.75 0.3541666 0.75 0.3541666 0.75 0.375 0.8333333 0.3541666 0.8333333 0.3541666 0.8333333 0.375 0.9166667 0.3541666 0.9166667 0.3541666 0.9166667 0.375 1 0.3541666 1 0.3541666 0 0.375 0.08333331 0.3541666 0.08333331 0.3541666 0.08333331 0.375 0.1666666 0.3541666 0.1666666 0.3541666 0.1666666 0.375 0.25 0.3541666 0.25 0.3541666 0.25 0.375 0.3333333 0.3541666 0.3333333 0.3541666 0.3333333 0.375 0.4166666 0.3541666 0.4166666 0.3541666 0.4166666 0.375 0.5 0.3541666 0.5 0.375 0.5 0.3958333 0.5833333 0.375 0.5833333 0.375 0.5833333 0.3958333 0.6666667 0.375 0.6666667 0.375 0.6666667 0.3958333 0.75 0.375 0.75 0.375 0.75 0.3958333 0.8333333 0.375 0.8333333 0.375 0.8333333 0.3958333 0.9166667 0.375 0.9166667 0.375 0.9166667 0.3958333 1 0.375 1 0.375 0 0.3958333 0.08333331 0.375 0.08333331 0.375 0.08333331 0.3958333 0.1666666 0.375 0.1666666 0.375 0.1666666 0.3958333 0.25 0.375 0.25 0.375 0.25 0.3958333 0.3333333 0.375 0.3333333 0.375 0.3333333 0.3958333 0.4166666 0.375 0.4166666 0.375 0.4166666 0.3958333 0.5 0.375 0.5 0.3958333 0.5 0.4166666 0.5833333 0.3958333 0.5833333 0.3958333 0.5833333 0.4166666 0.6666667 0.3958333 0.6666667 0.3958333 0.6666667 0.4166666 0.75 0.3958333 0.75 0.3958333 0.75 0.4166666 0.8333333 0.3958333 0.8333333 0.3958333 0.8333333 0.4166666 0.9166667 0.3958333 0.9166667 0.3958333 0.9166667 0.4166666 1 0.3958333 1 0.3958333 0 0.4166666 0.08333331 0.3958333 0.08333331 0.3958333 0.08333331 0.4166666 0.1666666 0.3958333 0.1666666 0.3958333 0.1666666 0.4166666 0.25 0.3958333 0.25 0.3958333 0.25 0.4166666 0.3333333 0.3958333 0.3333333 0.3958333 0.3333333 0.4166666 0.4166666 0.3958333 0.4166666 0.3958333 0.4166666 0.4166666 0.5 0.3958333 0.5 0.4166666 0.5 0.4375 0.5833333 0.4166666 0.5833333 0.4166666 0.5833333 0.4375 0.6666667 0.4166666 0.6666667 0.4166666 0.6666667 0.4375 0.75 0.4166666 0.75 0.4166666 0.75 0.4375 0.8333333 0.4166666 0.8333333 0.4166666 0.8333333 0.4375 0.9166667 0.4166666 0.9166667 0.4166666 0.9166667 0.4375 1 0.4166666 1 0.4166666 0 0.4375 0.08333331 0.4166666 0.08333331 0.4166666 0.08333331 0.4375 0.1666666 0.4166666 0.1666666 0.4166666 0.1666666 0.4375 0.25 0.4166666 0.25 0.4166666 0.25 0.4375 0.3333333 0.4166666 0.3333333 0.4166666 0.3333333 0.4375 0.4166666 0.4166666 0.4166666 0.4166666 0.4166666 0.4375 0.5 0.4166666 0.5 0.4375 0.5 0.4583333 0.5833333 0.4375 0.5833333 0.4375 0.5833333 0.4583333 0.6666667 0.4375 0.6666667 0.4375 0.6666667 0.4583333 0.75 0.4375 0.75 0.4375 0.75 0.4583333 0.8333333 0.4375 0.8333333 0.4375 0.8333333 0.4583333 0.9166667 0.4375 0.9166667 0.4375 0.9166667 0.4583333 1 0.4375 1 0.4375 0 0.4583333 0.08333331 0.4375 0.08333331 0.4375 0.08333331 0.4583333 0.1666666 0.4375 0.1666666 0.4375 0.1666666 0.4583333 0.25 0.4375 0.25 0.4375 0.25 0.4583333 0.3333333 0.4375 0.3333333 0.4375 0.3333333 0.4583333 0.4166666 0.4375 0.4166666 0.4375 0.4166666 0.4583333 0.5 0.4375 0.5 0.4583333 0.5 0.4791666 0.5833333 0.4583333 0.5833333 0.4583333 0.5833333 0.4791666 0.6666667 0.4583333 0.6666667 0.4583333 0.6666667 0.4791666 0.75 0.4583333 0.75 0.4583333 0.75 0.4791666 0.8333333 0.4583333 0.8333333 0.4583333 0.8333333 0.4791666 0.9166667 0.4583333 0.9166667 0.4583333 0.9166667 0.4791666 1 0.4583333 1 0.4583333 0 0.4791666 0.08333331 0.4583333 0.08333331 0.4583333 0.08333331 0.4791666 0.1666666 0.4583333 0.1666666 0.4583333 0.1666666 0.4791666 0.25 0.4583333 0.25 0.4583333 0.25 0.4791666 0.3333333 0.4583333 0.3333333 0.4583333 0.3333333 0.4791666 0.4166666 0.4583333 0.4166666 0.4583333 0.4166666 0.4791666 0.5 0.4583333 0.5 0.4791666 0.5 0.5 0.5833333 0.4791666 0.5833333 0.4791666 0.5833333 0.5 0.6666667 0.4791666 0.6666667 0.4791666 0.6666667 0.5 0.75 0.4791666 0.75 0.4791666 0.75 0.5 0.8333333 0.4791666 0.8333333 0.4791666 0.8333333 0.5 0.9166667 0.4791666 0.9166667 0.4791666 0.9166667 0.5 1 0.4791666 1 0.4791666 0 0.5 0.08333331 0.4791666 0.08333331 0.4791666 0.08333331 0.5 0.1666666 0.4791666 0.1666666 0.4791666 0.1666666 0.5 0.25 0.4791666 0.25 0.4791666 0.25 0.5 0.3333333 0.4791666 0.3333333 0.4791666 0.3333333 0.5 0.4166666 0.4791666 0.4166666 0.4791666 0.4166666 0.5 0.5 0.4791666 0.5 0.5 0.5 0.5208333 0.5 0.5208333 0.5833333 0.5 0.5833333 0.5208333 0.5833333 0.5208333 0.6666667 0.5 0.6666667 0.5208333 0.6666667 0.5208333 0.75 0.5 0.75 0.5208333 0.75 0.5208333 0.8333333 0.5 0.8333333 0.5208333 0.8333333 0.5208333 0.9166667 0.5 0.9166667 0.5208333 0.9166667 0.5208333 1 0.5 0 0.5208333 0 0.5208333 0.08333331 0.5 0.08333331 0.5208333 0.08333331 0.5208333 0.1666666 0.5 0.1666666 0.5208333 0.1666666 0.5208333 0.25 0.5 0.25 0.5208333 0.25 0.5208333 0.3333333 0.5 0.3333333 0.5208333 0.3333333 0.5208333 0.4166666 0.5 0.4166666 0.5208333 0.4166666 0.5208333 0.5 0.5208333 0.5 0.5416667 0.5 0.5416667 0.5833333 0.5208333 0.5833333 0.5416667 0.5833333 0.5416667 0.6666667 0.5208333 0.6666667 0.5416667 0.6666667 0.5416667 0.75 0.5208333 0.75 0.5416667 0.75 0.5416667 0.8333333 0.5208333 0.8333333 0.5416667 0.8333333 0.5416667 0.9166667 0.5208333 0.9166667 0.5416667 0.9166667 0.5416667 1 0.5208333 0 0.5416667 0 0.5416667 0.08333331 0.5208333 0.08333331 0.5416667 0.08333331 0.5416667 0.1666666 0.5208333 0.1666666 0.5416667 0.1666666 0.5416667 0.25 0.5208333 0.25 0.5416667 0.25 0.5416667 0.3333333 0.5208333 0.3333333 0.5416667 0.3333333 0.5416667 0.4166666 0.5208333 0.4166666 0.5416667 0.4166666 0.5416667 0.5 0.5416667 0.5 0.5625 0.5 0.5625 0.5833333 0.5416667 0.5833333 0.5625 0.5833333 0.5625 0.6666667 0.5416667 0.6666667 0.5625 0.6666667 0.5625 0.75 0.5416667 0.75 0.5625 0.75 0.5625 0.8333333 0.5416667 0.8333333 0.5625 0.8333333 0.5625 0.9166667 0.5416667 0.9166667 0.5625 0.9166667 0.5625 1 0.5416667 0 0.5625 0 0.5625 0.08333331 0.5416667 0.08333331 0.5625 0.08333331 0.5625 0.1666666 0.5416667 0.1666666 0.5625 0.1666666 0.5625 0.25 0.5416667 0.25 0.5625 0.25 0.5625 0.3333333 0.5416667 0.3333333 0.5625 0.3333333 0.5625 0.4166666 0.5416667 0.4166666 0.5625 0.4166666 0.5625 0.5 0.5625 0.5 0.5833333 0.5 0.5833333 0.5833333 0.5625 0.5833333 0.5833333 0.5833333 0.5833333 0.6666667 0.5625 0.6666667 0.5833333 0.6666667 0.5833333 0.75 0.5625 0.75 0.5833333 0.75 0.5833333 0.8333333 0.5625 0.8333333 0.5833333 0.8333333 0.5833333 0.9166667 0.5625 0.9166667 0.5833333 0.9166667 0.5833333 1 0.5625 0 0.5833333 0 0.5833333 0.08333331 0.5625 0.08333331 0.5833333 0.08333331 0.5833333 0.1666666 0.5625 0.1666666 0.5833333 0.1666666 0.5833333 0.25 0.5625 0.25 0.5833333 0.25 0.5833333 0.3333333 0.5625 0.3333333 0.5833333 0.3333333 0.5833333 0.4166666 0.5625 0.4166666 0.5833333 0.4166666 0.5833333 0.5 0.5833333 0.5 0.6041667 0.5 0.6041667 0.5833333 0.5833333 0.5833333 0.6041667 0.5833333 0.6041667 0.6666667 0.5833333 0.6666667 0.6041667 0.6666667 0.6041667 0.75 0.5833333 0.75 0.6041667 0.75 0.6041667 0.8333333 0.5833333 0.8333333 0.6041667 0.8333333 0.6041667 0.9166667 0.5833333 0.9166667 0.6041667 0.9166667 0.6041667 1 0.5833333 0 0.6041667 0 0.6041667 0.08333331 0.5833333 0.08333331 0.6041667 0.08333331 0.6041667 0.1666666 0.5833333 0.1666666 0.6041667 0.1666666 0.6041667 0.25 0.5833333 0.25 0.6041667 0.25 0.6041667 0.3333333 0.5833333 0.3333333 0.6041667 0.3333333 0.6041667 0.4166666 0.5833333 0.4166666 0.6041667 0.4166666 0.6041667 0.5 0.6041667 0.5 0.625 0.5 0.625 0.5833333 0.6041667 0.5833333 0.625 0.5833333 0.625 0.6666667 0.6041667 0.6666667 0.625 0.6666667 0.625 0.75 0.6041667 0.75 0.625 0.75 0.625 0.8333333 0.6041667 0.8333333 0.625 0.8333333 0.625 0.9166667 0.6041667 0.9166667 0.625 0.9166667 0.625 1 0.6041667 0 0.625 0 0.625 0.08333331 0.6041667 0.08333331 0.625 0.08333331 0.625 0.1666666 0.6041667 0.1666666 0.625 0.1666666 0.625 0.25 0.6041667 0.25 0.625 0.25 0.625 0.3333333 0.6041667 0.3333333 0.625 0.3333333 0.625 0.4166666 0.6041667 0.4166666 0.625 0.4166666 0.625 0.5 0.625 0.5 0.6458333 0.5 0.6458333 0.5833333 0.625 0.5833333 0.6458333 0.5833333 0.6458333 0.6666667 0.625 0.6666667 0.6458333 0.6666667 0.6458333 0.75 0.625 0.75 0.6458333 0.75 0.6458333 0.8333333 0.625 0.8333333 0.6458333 0.8333333 0.6458333 0.9166667 0.625 0.9166667 0.6458333 0.9166667 0.6458333 1 0.625 0 0.6458333 0 0.6458333 0.08333331 0.625 0.08333331 0.6458333 0.08333331 0.6458333 0.1666666 0.625 0.1666666 0.6458333 0.1666666 0.6458333 0.25 0.625 0.25 0.6458333 0.25 0.6458333 0.3333333 0.625 0.3333333 0.6458333 0.3333333 0.6458333 0.4166666 0.625 0.4166666 0.6458333 0.4166666 0.6458333 0.5 0.6458333 0.5 0.6666667 0.5 0.6666667 0.5833333 0.6458333 0.5833333 0.6666667 0.5833333 0.6666667 0.6666667 0.6458333 0.6666667 0.6666667 0.6666667 0.6666667 0.75 0.6458333 0.75 0.6666667 0.75 0.6666667 0.8333333 0.6458333 0.8333333 0.6666667 0.8333333 0.6666667 0.9166667 0.6458333 0.9166667 0.6666667 0.9166667 0.6666667 1 0.6458333 0 0.6666667 0 0.6666667 0.08333331 0.6458333 0.08333331 0.6666667 0.08333331 0.6666667 0.1666666 0.6458333 0.1666666 0.6666667 0.1666666 0.6666667 0.25 0.6458333 0.25 0.6666667 0.25 0.6666667 0.3333333 0.6458333 0.3333333 0.6666667 0.3333333 0.6666667 0.4166666 0.6458333 0.4166666 0.6666667 0.4166666 0.6666667 0.5 0.6666667 0.5 0.6875 0.5 0.6875 0.5833333 0.6666667 0.5833333 0.6875 0.5833333 0.6875 0.6666667 0.6666667 0.6666667 0.6875 0.6666667 0.6875 0.75 0.6666667 0.75 0.6875 0.75 0.6875 0.8333333 0.6666667 0.8333333 0.6875 0.8333333 0.6875 0.9166667 0.6666667 0.9166667 0.6875 0.9166667 0.6875 1 0.6666667 0 0.6875 0 0.6875 0.08333331 0.6666667 0.08333331 0.6875 0.08333331 0.6875 0.1666666 0.6666667 0.1666666 0.6875 0.1666666 0.6875 0.25 0.6666667 0.25 0.6875 0.25 0.6875 0.3333333 0.6666667 0.3333333 0.6875 0.3333333 0.6875 0.4166666 0.6666667 0.4166666 0.6875 0.4166666 0.6875 0.5 0.6875 0.5 0.7083333 0.5 0.7083333 0.5833333 0.6875 0.5833333 0.7083333 0.5833333 0.7083333 0.6666667 0.6875 0.6666667 0.7083333 0.6666667 0.7083333 0.75 0.6875 0.75 0.7083333 0.75 0.7083333 0.8333333 0.6875 0.8333333 0.7083333 0.8333333 0.7083333 0.9166667 0.6875 0.9166667 0.7083333 0.9166667 0.7083333 1 0.6875 0 0.7083333 0 0.7083333 0.08333331 0.6875 0.08333331 0.7083333 0.08333331 0.7083333 0.1666666 0.6875 0.1666666 0.7083333 0.1666666 0.7083333 0.25 0.6875 0.25 0.7083333 0.25 0.7083333 0.3333333 0.6875 0.3333333 0.7083333 0.3333333 0.7083333 0.4166666 0.6875 0.4166666 0.7083333 0.4166666 0.7083333 0.5 0.7083333 0.5 0.7291667 0.5 0.7291667 0.5833333 0.7083333 0.5833333 0.7291667 0.5833333 0.7291667 0.6666667 0.7083333 0.6666667 0.7291667 0.6666667 0.7291667 0.75 0.7083333 0.75 0.7291667 0.75 0.7291667 0.8333333 0.7083333 0.8333333 0.7291667 0.8333333 0.7291667 0.9166667 0.7083333 0.9166667 0.7291667 0.9166667 0.7291667 1 0.7083333 0 0.7291667 0 0.7291667 0.08333331 0.7083333 0.08333331 0.7291667 0.08333331 0.7291667 0.1666666 0.7083333 0.1666666 0.7291667 0.1666666 0.7291667 0.25 0.7083333 0.25 0.7291667 0.25 0.7291667 0.3333333 0.7083333 0.3333333 0.7291667 0.3333333 0.7291667 0.4166666 0.7083333 0.4166666 0.7291667 0.4166666 0.7291667 0.5 0.7291667 0.5 0.75 0.5 0.75 0.5833333 0.7291667 0.5833333 0.75 0.5833333 0.75 0.6666667 0.7291667 0.6666667 0.75 0.6666667 0.75 0.75 0.7291667 0.75 0.75 0.75 0.75 0.8333333 0.7291667 0.8333333 0.75 0.8333333 0.75 0.9166667 0.7291667 0.9166667 0.75 0.9166667 0.75 1 0.7291667 0 0.75 0 0.75 0.08333331 0.7291667 0.08333331 0.75 0.08333331 0.75 0.1666666 0.7291667 0.1666666 0.75 0.1666666 0.75 0.25 0.7291667 0.25 0.75 0.25 0.75 0.3333333 0.7291667 0.3333333 0.75 0.3333333 0.75 0.4166666 0.7291667 0.4166666 0.75 0.4166666 0.75 0.5 0.75 0.5 0.7708333 0.5 0.7708333 0.5833333 0.75 0.5833333 0.7708333 0.5833333 0.7708333 0.6666667 0.75 0.6666667 0.7708333 0.6666667 0.7708333 0.75 0.75 0.75 0.7708333 0.75 0.7708333 0.8333333 0.75 0.8333333 0.7708333 0.8333333 0.7708333 0.9166667 0.75 0.9166667 0.7708333 0.9166667 0.7708333 1 0.75 0 0.7708333 0 0.7708333 0.08333331 0.75 0.08333331 0.7708333 0.08333331 0.7708333 0.1666666 0.75 0.1666666 0.7708333 0.1666666 0.7708333 0.25 0.75 0.25 0.7708333 0.25 0.7708333 0.3333333 0.75 0.3333333 0.7708333 0.3333333 0.7708333 0.4166666 0.75 0.4166666 0.7708333 0.4166666 0.7708333 0.5 0.7708333 0.5 0.7916667 0.5 0.7916667 0.5833333 0.7708333 0.5833333 0.7916667 0.5833333 0.7916667 0.6666667 0.7708333 0.6666667 0.7916667 0.6666667 0.7916667 0.75 0.7708333 0.75 0.7916667 0.75 0.7916667 0.8333333 0.7708333 0.8333333 0.7916667 0.8333333 0.7916667 0.9166667 0.7708333 0.9166667 0.7916667 0.9166667 0.7916667 1 0.7708333 0 0.7916667 0 0.7916667 0.08333331 0.7708333 0.08333331 0.7916667 0.08333331 0.7916667 0.1666666 0.7708333 0.1666666 0.7916667 0.1666666 0.7916667 0.25 0.7708333 0.25 0.7916667 0.25 0.7916667 0.3333333 0.7708333 0.3333333 0.7916667 0.3333333 0.7916667 0.4166666 0.7708333 0.4166666 0.7916667 0.4166666 0.7916667 0.5 0.7916667 0.5 0.8125 0.5 0.8125 0.5833333 0.7916667 0.5833333 0.8125 0.5833333 0.8125 0.6666667 0.7916667 0.6666667 0.8125 0.6666667 0.8125 0.75 0.7916667 0.75 0.8125 0.75 0.8125 0.8333333 0.7916667 0.8333333 0.8125 0.8333333 0.8125 0.9166667 0.7916667 0.9166667 0.8125 0.9166667 0.8125 1 0.7916667 0 0.8125 0 0.8125 0.08333331 0.7916667 0.08333331 0.8125 0.08333331 0.8125 0.1666666 0.7916667 0.1666666 0.8125 0.1666666 0.8125 0.25 0.7916667 0.25 0.8125 0.25 0.8125 0.3333333 0.7916667 0.3333333 0.8125 0.3333333 0.8125 0.4166666 0.7916667 0.4166666 0.8125 0.4166666 0.8125 0.5 0.8125 0.5 0.8333333 0.5 0.8333333 0.5833333 0.8125 0.5833333 0.8333333 0.5833333 0.8333333 0.6666667 0.8125 0.6666667 0.8333333 0.6666667 0.8333333 0.75 0.8125 0.75 0.8333333 0.75 0.8333333 0.8333333 0.8125 0.8333333 0.8333333 0.8333333 0.8333333 0.9166667 0.8125 0.9166667 0.8333333 0.9166667 0.8333333 1 0.8125 0 0.8333333 0 0.8333333 0.08333331 0.8125 0.08333331 0.8333333 0.08333331 0.8333333 0.1666666 0.8125 0.1666666 0.8333333 0.1666666 0.8333333 0.25 0.8125 0.25 0.8333333 0.25 0.8333333 0.3333333 0.8125 0.3333333 0.8333333 0.3333333 0.8333333 0.4166666 0.8125 0.4166666 0.8333333 0.4166666 0.8333333 0.5 0.8333333 0.5 0.8541667 0.5 0.8541667 0.5833333 0.8333333 0.5833333 0.8541667 0.5833333 0.8541667 0.6666667 0.8333333 0.6666667 0.8541667 0.6666667 0.8541667 0.75 0.8333333 0.75 0.8541667 0.75 0.8541667 0.8333333 0.8333333 0.8333333 0.8541667 0.8333333 0.8541667 0.9166667 0.8333333 0.9166667 0.8541667 0.9166667 0.8541667 1 0.8333333 0 0.8541667 0 0.8541667 0.08333331 0.8333333 0.08333331 0.8541667 0.08333331 0.8541667 0.1666666 0.8333333 0.1666666 0.8541667 0.1666666 0.8541667 0.25 0.8333333 0.25 0.8541667 0.25 0.8541667 0.3333333 0.8333333 0.3333333 0.8541667 0.3333333 0.8541667 0.4166666 0.8333333 0.4166666 0.8541667 0.4166666 0.8541667 0.5 0.8541667 0.5 0.875 0.5 0.875 0.5833333 0.8541667 0.5833333 0.875 0.5833333 0.875 0.6666667 0.8541667 0.6666667 0.875 0.6666667 0.875 0.75 0.8541667 0.75 0.875 0.75 0.875 0.8333333 0.8541667 0.8333333 0.875 0.8333333 0.875 0.9166667 0.8541667 0.9166667 0.875 0.9166667 0.875 1 0.8541667 0 0.875 0 0.875 0.08333331 0.8541667 0.08333331 0.875 0.08333331 0.875 0.1666666 0.8541667 0.1666666 0.875 0.1666666 0.875 0.25 0.8541667 0.25 0.875 0.25 0.875 0.3333333 0.8541667 0.3333333 0.875 0.3333333 0.875 0.4166666 0.8541667 0.4166666 0.875 0.4166666 0.875 0.5 0.875 0.5 0.8958333 0.5 0.8958333 0.5833333 0.875 0.5833333 0.8958333 0.5833333 0.8958333 0.6666667 0.875 0.6666667 0.8958333 0.6666667 0.8958333 0.75 0.875 0.75 0.8958333 0.75 0.8958333 0.8333333 0.875 0.8333333 0.8958333 0.8333333 0.8958333 0.9166667 0.875 0.9166667 0.8958333 0.9166667 0.8958333 1 0.875 0 0.8958333 0 0.8958333 0.08333331 0.875 0.08333331 0.8958333 0.08333331 0.8958333 0.1666666 0.875 0.1666666 0.8958333 0.1666666 0.8958333 0.25 0.875 0.25 0.8958333 0.25 0.8958333 0.3333333 0.875 0.3333333 0.8958333 0.3333333 0.8958333 0.4166666 0.875 0.4166666 0.8958333 0.4166666 0.8958333 0.5 0.8958333 0.5 0.9166667 0.5 0.9166667 0.5833333 0.8958333 0.5833333 0.9166667 0.5833333 0.9166667 0.6666667 0.8958333 0.6666667 0.9166667 0.6666667 0.9166667 0.75 0.8958333 0.75 0.9166667 0.75 0.9166667 0.8333333 0.8958333 0.8333333 0.9166667 0.8333333 0.9166667 0.9166667 0.8958333 0.9166667 0.9166667 0.9166667 0.9166667 1 0.8958333 0 0.9166667 0 0.9166667 0.08333331 0.8958333 0.08333331 0.9166667 0.08333331 0.9166667 0.1666666 0.8958333 0.1666666 0.9166667 0.1666666 0.9166667 0.25 0.8958333 0.25 0.9166667 0.25 0.9166667 0.3333333 0.8958333 0.3333333 0.9166667 0.3333333 0.9166667 0.4166666 0.8958333 0.4166666 0.9166667 0.4166666 0.9166667 0.5 0.9166667 0.5 0.9375 0.5 0.9375 0.5833333 0.9166667 0.5833333 0.9375 0.5833333 0.9375 0.6666667 0.9166667 0.6666667 0.9375 0.6666667 0.9375 0.75 0.9166667 0.75 0.9375 0.75 0.9375 0.8333333 0.9166667 0.8333333 0.9375 0.8333333 0.9375 0.9166667 0.9166667 0.9166667 0.9375 0.9166667 0.9375 1 0.9166667 0 0.9375 0 0.9375 0.08333331 0.9166667 0.08333331 0.9375 0.08333331 0.9375 0.1666666 0.9166667 0.1666666 0.9375 0.1666666 0.9375 0.25 0.9166667 0.25 0.9375 0.25 0.9375 0.3333333 0.9166667 0.3333333 0.9375 0.3333333 0.9375 0.4166666 0.9166667 0.4166666 0.9375 0.4166666 0.9375 0.5 0.9375 0.5 0.9583333 0.5 0.9583333 0.5833333 0.9375 0.5833333 0.9583333 0.5833333 0.9583333 0.6666667 0.9375 0.6666667 0.9583333 0.6666667 0.9583333 0.75 0.9375 0.75 0.9583333 0.75 0.9583333 0.8333333 0.9375 0.8333333 0.9583333 0.8333333 0.9583333 0.9166667 0.9375 0.9166667 0.9583333 0.9166667 0.9583333 1 0.9375 0 0.9583333 0 0.9583333 0.08333331 0.9375 0.08333331 0.9583333 0.08333331 0.9583333 0.1666666 0.9375 0.1666666 0.9583333 0.1666666 0.9583333 0.25 0.9375 0.25 0.9583333 0.25 0.9583333 0.3333333 0.9375 0.3333333 0.9583333 0.3333333 0.9583333 0.4166666 0.9375 0.4166666 0.9583333 0.4166666 0.9583333 0.5 0.9583333 0.5 0.9791667 0.5 0.9791667 0.5833333 0.9583333 0.5833333 0.9791667 0.5833333 0.9791667 0.6666667 0.9583333 0.6666667 0.9791667 0.6666667 0.9791667 0.75 0.9583333 0.75 0.9791667 0.75 0.9791667 0.8333333 0.9583333 0.8333333 0.9791667 0.8333333 0.9791667 0.9166667 0.9583333 0.9166667 0.9791667 0.9166667 0.9791667 1 0.9583333 0 0.9791667 0 0.9791667 0.08333331 0.9583333 0.08333331 0.9791667 0.08333331 0.9791667 0.1666666 0.9583333 0.1666666 0.9791667 0.1666666 0.9791667 0.25 0.9583333 0.25 0.9791667 0.25 0.9791667 0.3333333 0.9583333 0.3333333 0.9791667 0.3333333 0.9791667 0.4166666 0.9583333 0.4166666 0.9791667 0.4166666 0.9791667 0.5 0.9791667 0.5 1 0.5 1 0.5833333 0.9791667 0.5833333 1 0.5833333 1 0.6666667 0.9791667 0.6666667 1 0.6666667 1 0.75 0.9791667 0.75 1 0.75 1 0.8333333 0.9791667 0.8333333 1 0.8333333 1 0.9166667 0.9791667 0.9166667 1 0.9166667 1 1 0.9791667 0 1 0 1 0.08333331 0.9791667 0.08333331 1 0.08333331 1 0.1666666 0.9791667 0.1666666 1 0.1666666 1 0.25 0.9791667 0.25 1 0.25 1 0.3333333 0.9791667 0.3333333 1 0.3333333 1 0.4166666 0.9791667 0.4166666 1 0.4166666 1 0.5 0 0.5 0.02083331 0.5 0.02083331 0.5833333 0 0.5833333 0.02083331 0.5833333 0.02083331 0.6666667 0 0.6666667 0.02083331 0.6666667 0.02083331 0.75 0 0.75 0.02083331 0.75 0.02083331 0.8333333 0 0.8333333 0.02083331 0.8333333 0.02083331 0.9166667 0 0.9166667 0.02083331 0.9166667 0.02083331 1 0 0 0.02083331 0 0.02083331 0.08333331 0 0.08333331 0.02083331 0.08333331 0.02083331 0.1666666 0 0.1666666 0.02083331 0.1666666 0.02083331 0.25 0 0.25 0.02083331 0.25 0.02083331 0.3333333 0 0.3333333 0.02083331 0.3333333 0.02083331 0.4166666 0 0.4166666 0.02083331 0.4166666 0.02083331 0.5 0.02083331 0.5 0.04166662 0.5 0.04166662 0.5833333 0.02083331 0.5833333 0.04166662 0.5833333 0.04166662 0.6666667 0.02083331 0.6666667 0.04166662 0.6666667 0.04166662 0.75 0.02083331 0.75 0.04166662 0.75 0.04166662 0.8333333 0.02083331 0.8333333 0.04166662 0.8333333 0.04166662 0.9166667 0.02083331 0.9166667 0.04166662 0.9166667 0.04166662 1 0.02083331 0 0.04166662 0 0.04166662 0.08333331 0.02083331 0.08333331 0.04166662 0.08333331 0.04166662 0.1666666 0.02083331 0.1666666 0.04166662 0.1666666 0.04166662 0.25 0.02083331 0.25 0.04166662 0.25 0.04166662 0.3333333 0.02083331 0.3333333 0.04166662 0.3333333 0.04166662 0.4166666 0.02083331 0.4166666 0.04166662 0.4166666 0.04166662 0.5 0.04166662 0.5 0.0625 0.5 0.0625 0.5833333 0.04166662 0.5833333 0.0625 0.5833333 0.0625 0.6666667 0.04166662 0.6666667 0.0625 0.6666667 0.0625 0.75 0.04166662 0.75 0.0625 0.75 0.0625 0.8333333 0.04166662 0.8333333 0.0625 0.8333333 0.0625 0.9166667 0.04166662 0.9166667 0.0625 0.9166667 0.0625 1 0.04166662 0 0.0625 0 0.0625 0.08333331 0.04166662 0.08333331 0.0625 0.08333331 0.0625 0.1666666 0.04166662 0.1666666 0.0625 0.1666666 0.0625 0.25 0.04166662 0.25 0.0625 0.25 0.0625 0.3333333 0.04166662 0.3333333 0.0625 0.3333333 0.0625 0.4166666 0.04166662 0.4166666 0.0625 0.4166666 0.0625 0.5 0.0625 0.5 0.08333331 0.5 0.08333331 0.5833333 0.0625 0.5833333 0.08333331 0.5833333 0.08333331 0.6666667 0.0625 0.6666667 0.08333331 0.6666667 0.08333331 0.75 0.0625 0.75 0.08333331 0.75 0.08333331 0.8333333 0.0625 0.8333333 0.08333331 0.8333333 0.08333331 0.9166667 0.0625 0.9166667 0.08333331 0.9166667 0.08333331 1 0.0625 0 0.08333331 0 0.08333331 0.08333331 0.0625 0.08333331 0.08333331 0.08333331 0.08333331 0.1666666 0.0625 0.1666666 0.08333331 0.1666666 0.08333331 0.25 0.0625 0.25 0.08333331 0.25 0.08333331 0.3333333 0.0625 0.3333333 0.08333331 0.3333333 0.08333331 0.4166666 0.0625 0.4166666 0.08333331 0.4166666 0.08333331 0.5 0.08333331 0.5 0.1041666 0.5 0.1041666 0.5833333 0.08333331 0.5833333 0.1041666 0.5833333 0.1041666 0.6666667 0.08333331 0.6666667 0.1041666 0.6666667 0.1041666 0.75 0.08333331 0.75 0.1041666 0.75 0.1041666 0.8333333 0.08333331 0.8333333 0.1041666 0.8333333 0.1041666 0.9166667 0.08333331 0.9166667 0.1041666 0.9166667 0.1041666 1 0.08333331 0 0.1041666 0 0.1041666 0.08333331 0.08333331 0.08333331 0.1041666 0.08333331 0.1041666 0.1666666 0.08333331 0.1666666 0.1041666 0.1666666 0.1041666 0.25 0.08333331 0.25 0.1041666 0.25 0.1041666 0.3333333 0.08333331 0.3333333 0.1041666 0.3333333 0.1041666 0.4166666 0.08333331 0.4166666 0.1041666 0.4166666 0.1041666 0.5 0.1041666 0.5 0.125 0.5 0.125 0.5833333 0.1041666 0.5833333 0.125 0.5833333 0.125 0.6666667 0.1041666 0.6666667 0.125 0.6666667 0.125 0.75 0.1041666 0.75 0.125 0.75 0.125 0.8333333 0.1041666 0.8333333 0.125 0.8333333 0.125 0.9166667 0.1041666 0.9166667 0.125 0.9166667 0.125 1 0.1041666 0 0.125 0 0.125 0.08333331 0.1041666 0.08333331 0.125 0.08333331 0.125 0.1666666 0.1041666 0.1666666 0.125 0.1666666 0.125 0.25 0.1041666 0.25 0.125 0.25 0.125 0.3333333 0.1041666 0.3333333 0.125 0.3333333 0.125 0.4166666 0.1041666 0.4166666 0.125 0.4166666 0.125 0.5 0.125 0.5 0.1458333 0.5 0.1458333 0.5833333 0.125 0.5833333 0.1458333 0.5833333 0.1458333 0.6666667 0.125 0.6666667 0.1458333 0.6666667 0.1458333 0.75 0.125 0.75 0.1458333 0.75 0.1458333 0.8333333 0.125 0.8333333 0.1458333 0.8333333 0.1458333 0.9166667 0.125 0.9166667 0.1458333 0.9166667 0.1458333 1 0.125 0 0.1458333 0 0.1458333 0.08333331 0.125 0.08333331 0.1458333 0.08333331 0.1458333 0.1666666 0.125 0.1666666 0.1458333 0.1666666 0.1458333 0.25 0.125 0.25 0.1458333 0.25 0.1458333 0.3333333 0.125 0.3333333 0.1458333 0.3333333 0.1458333 0.4166666 0.125 0.4166666 0.1458333 0.4166666 0.1458333 0.5 0.1458333 0.5 0.1666666 0.5 0.1666666 0.5833333 0.1458333 0.5833333 0.1666666 0.5833333 0.1666666 0.6666667 0.1458333 0.6666667 0.1666666 0.6666667 0.1666666 0.75 0.1458333 0.75 0.1666666 0.75 0.1666666 0.8333333 0.1458333 0.8333333 0.1666666 0.8333333 0.1666666 0.9166667 0.1458333 0.9166667 0.1666666 0.9166667 0.1666666 1 0.1458333 0 0.1666666 0 0.1666666 0.08333331 0.1458333 0.08333331 0.1666666 0.08333331 0.1666666 0.1666666 0.1458333 0.1666666 0.1666666 0.1666666 0.1666666 0.25 0.1458333 0.25 0.1666666 0.25 0.1666666 0.3333333 0.1458333 0.3333333 0.1666666 0.3333333 0.1666666 0.4166666 0.1458333 0.4166666 0.1666666 0.4166666 0.1666666 0.5 0.1666666 0.5 0.1875 0.5 0.1875 0.5833333 0.1666666 0.5833333 0.1875 0.5833333 0.1875 0.6666667 0.1666666 0.6666667 0.1875 0.6666667 0.1875 0.75 0.1666666 0.75 0.1875 0.75 0.1875 0.8333333 0.1666666 0.8333333 0.1875 0.8333333 0.1875 0.9166667 0.1666666 0.9166667 0.1875 0.9166667 0.1875 1 0.1666666 0 0.1875 0 0.1875 0.08333331 0.1666666 0.08333331 0.1875 0.08333331 0.1875 0.1666666 0.1666666 0.1666666 0.1875 0.1666666 0.1875 0.25 0.1666666 0.25 0.1875 0.25 0.1875 0.3333333 0.1666666 0.3333333 0.1875 0.3333333 0.1875 0.4166666 0.1666666 0.4166666 0.1875 0.4166666 0.1875 0.5 0.1875 0.5 0.2083333 0.5 0.2083333 0.5833333 0.1875 0.5833333 0.2083333 0.5833333 0.2083333 0.6666667 0.1875 0.6666667 0.2083333 0.6666667 0.2083333 0.75 0.1875 0.75 0.2083333 0.75 0.2083333 0.8333333 0.1875 0.8333333 0.2083333 0.8333333 0.2083333 0.9166667 0.1875 0.9166667 0.2083333 0.9166667 0.2083333 1 0.1875 0 0.2083333 0 0.2083333 0.08333331 0.1875 0.08333331 0.2083333 0.08333331 0.2083333 0.1666666 0.1875 0.1666666 0.2083333 0.1666666 0.2083333 0.25 0.1875 0.25 0.2083333 0.25 0.2083333 0.3333333 0.1875 0.3333333 0.2083333 0.3333333 0.2083333 0.4166666 0.1875 0.4166666 0.2083333 0.4166666 0.2083333 0.5 0.2083333 0.5 0.2291666 0.5 0.2291666 0.5833333 0.2083333 0.5833333 0.2291666 0.5833333 0.2291666 0.6666667 0.2083333 0.6666667 0.2291666 0.6666667 0.2291666 0.75 0.2083333 0.75 0.2291666 0.75 0.2291666 0.8333333 0.2083333 0.8333333 0.2291666 0.8333333 0.2291666 0.9166667 0.2083333 0.9166667 0.2291666 0.9166667 0.2291666 1 0.2083333 0 0.2291666 0 0.2291666 0.08333331 0.2083333 0.08333331 0.2291666 0.08333331 0.2291666 0.1666666 0.2083333 0.1666666 0.2291666 0.1666666 0.2291666 0.25 0.2083333 0.25 0.2291666 0.25 0.2291666 0.3333333 0.2083333 0.3333333 0.2291666 0.3333333 0.2291666 0.4166666 0.2083333 0.4166666 0.2291666 0.4166666 0.2291666 0.5 0.2291666 0.5 0.25 0.5 0.25 0.5833333 0.2291666 0.5833333 0.25 0.5833333 0.25 0.6666667 0.2291666 0.6666667 0.25 0.6666667 0.25 0.75 0.2291666 0.75 0.25 0.75 0.25 0.8333333 0.2291666 0.8333333 0.25 0.8333333 0.25 0.9166667 0.2291666 0.9166667 0.25 0.9166667 0.25 1 0.2291666 0 0.25 0 0.25 0.08333331 0.2291666 0.08333331 0.25 0.08333331 0.25 0.1666666 0.2291666 0.1666666 0.25 0.1666666 0.25 0.25 0.2291666 0.25 0.25 0.25 0.25 0.3333333 0.2291666 0.3333333 0.25 0.3333333 0.25 0.4166666 0.2291666 0.4166666 0.25 0.4166666 0.25 0.5 0.25 0.5 0.2708333 0.5 0.2708333 0.5833333 0.25 0.5833333 0.2708333 0.5833333 0.2708333 0.6666667 0.25 0.6666667 0.2708333 0.6666667 0.2708333 0.75 0.25 0.75 0.2708333 0.75 0.2708333 0.8333333 0.25 0.8333333 0.2708333 0.8333333 0.2708333 0.9166667 0.25 0.9166667 0.2708333 0.9166667 0.2708333 1 0.25 0 0.2708333 0 0.2708333 0.08333331 0.25 0.08333331 0.2708333 0.08333331 0.2708333 0.1666666 0.25 0.1666666 0.2708333 0.1666666 0.2708333 0.25 0.25 0.25 0.2708333 0.25 0.2708333 0.3333333 0.25 0.3333333 0.2708333 0.3333333 0.2708333 0.4166666 0.25 0.4166666 0.2708333 0.4166666 0.2708333 0.5 0.2708333 0.5 0.2916666 0.5 0.2916666 0.5833333 0.2708333 0.5833333 0.2916666 0.5833333 0.2916666 0.6666667 0.2708333 0.6666667 0.2916666 0.6666667 0.2916666 0.75 0.2708333 0.75 0.2916666 0.75 0.2916666 0.8333333 0.2708333 0.8333333 0.2916666 0.8333333 0.2916666 0.9166667 0.2708333 0.9166667 0.2916666 0.9166667 0.2916666 1 0.2708333 0 0.2916666 0 0.2916666 0.08333331 0.2708333 0.08333331 0.2916666 0.08333331 0.2916666 0.1666666 0.2708333 0.1666666 0.2916666 0.1666666 0.2916666 0.25 0.2708333 0.25 0.2916666 0.25 0.2916666 0.3333333 0.2708333 0.3333333 0.2916666 0.3333333 0.2916666 0.4166666 0.2708333 0.4166666 0.2916666 0.4166666 0.2916666 0.5 0.2916666 0.5 0.3125 0.5 0.3125 0.5833333 0.2916666 0.5833333 0.3125 0.5833333 0.3125 0.6666667 0.2916666 0.6666667 0.3125 0.6666667 0.3125 0.75 0.2916666 0.75 0.3125 0.75 0.3125 0.8333333 0.2916666 0.8333333 0.3125 0.8333333 0.3125 0.9166667 0.2916666 0.9166667 0.3125 0.9166667 0.3125 1 0.2916666 0 0.3125 0 0.3125 0.08333331 0.2916666 0.08333331 0.3125 0.08333331 0.3125 0.1666666 0.2916666 0.1666666 0.3125 0.1666666 0.3125 0.25 0.2916666 0.25 0.3125 0.25 0.3125 0.3333333 0.2916666 0.3333333 0.3125 0.3333333 0.3125 0.4166666 0.2916666 0.4166666 0.3125 0.4166666 0.3125 0.5 0.3125 0.5 0.3333333 0.5 0.3333333 0.5833333 0.3125 0.5833333 0.3333333 0.5833333 0.3333333 0.6666667 0.3125 0.6666667 0.3333333 0.6666667 0.3333333 0.75 0.3125 0.75 0.3333333 0.75 0.3333333 0.8333333 0.3125 0.8333333 0.3333333 0.8333333 0.3333333 0.9166667 0.3125 0.9166667 0.3333333 0.9166667 0.3333333 1 0.3125 0 0.3333333 0 0.3333333 0.08333331 0.3125 0.08333331 0.3333333 0.08333331 0.3333333 0.1666666 0.3125 0.1666666 0.3333333 0.1666666 0.3333333 0.25 0.3125 0.25 0.3333333 0.25 0.3333333 0.3333333 0.3125 0.3333333 0.3333333 0.3333333 0.3333333 0.4166666 0.3125 0.4166666 0.3333333 0.4166666 0.3333333 0.5 0.3333333 0.5 0.3541666 0.5 0.3541666 0.5833333 0.3333333 0.5833333 0.3541666 0.5833333 0.3541666 0.6666667 0.3333333 0.6666667 0.3541666 0.6666667 0.3541666 0.75 0.3333333 0.75 0.3541666 0.75 0.3541666 0.8333333 0.3333333 0.8333333 0.3541666 0.8333333 0.3541666 0.9166667 0.3333333 0.9166667 0.3541666 0.9166667 0.3541666 1 0.3333333 0 0.3541666 0 0.3541666 0.08333331 0.3333333 0.08333331 0.3541666 0.08333331 0.3541666 0.1666666 0.3333333 0.1666666 0.3541666 0.1666666 0.3541666 0.25 0.3333333 0.25 0.3541666 0.25 0.3541666 0.3333333 0.3333333 0.3333333 0.3541666 0.3333333 0.3541666 0.4166666 0.3333333 0.4166666 0.3541666 0.4166666 0.3541666 0.5 0.3541666 0.5 0.375 0.5 0.375 0.5833333 0.3541666 0.5833333 0.375 0.5833333 0.375 0.6666667 0.3541666 0.6666667 0.375 0.6666667 0.375 0.75 0.3541666 0.75 0.375 0.75 0.375 0.8333333 0.3541666 0.8333333 0.375 0.8333333 0.375 0.9166667 0.3541666 0.9166667 0.375 0.9166667 0.375 1 0.3541666 0 0.375 0 0.375 0.08333331 0.3541666 0.08333331 0.375 0.08333331 0.375 0.1666666 0.3541666 0.1666666 0.375 0.1666666 0.375 0.25 0.3541666 0.25 0.375 0.25 0.375 0.3333333 0.3541666 0.3333333 0.375 0.3333333 0.375 0.4166666 0.3541666 0.4166666 0.375 0.4166666 0.375 0.5 0.375 0.5 0.3958333 0.5 0.3958333 0.5833333 0.375 0.5833333 0.3958333 0.5833333 0.3958333 0.6666667 0.375 0.6666667 0.3958333 0.6666667 0.3958333 0.75 0.375 0.75 0.3958333 0.75 0.3958333 0.8333333 0.375 0.8333333 0.3958333 0.8333333 0.3958333 0.9166667 0.375 0.9166667 0.3958333 0.9166667 0.3958333 1 0.375 0 0.3958333 0 0.3958333 0.08333331 0.375 0.08333331 0.3958333 0.08333331 0.3958333 0.1666666 0.375 0.1666666 0.3958333 0.1666666 0.3958333 0.25 0.375 0.25 0.3958333 0.25 0.3958333 0.3333333 0.375 0.3333333 0.3958333 0.3333333 0.3958333 0.4166666 0.375 0.4166666 0.3958333 0.4166666 0.3958333 0.5 0.3958333 0.5 0.4166666 0.5 0.4166666 0.5833333 0.3958333 0.5833333 0.4166666 0.5833333 0.4166666 0.6666667 0.3958333 0.6666667 0.4166666 0.6666667 0.4166666 0.75 0.3958333 0.75 0.4166666 0.75 0.4166666 0.8333333 0.3958333 0.8333333 0.4166666 0.8333333 0.4166666 0.9166667 0.3958333 0.9166667 0.4166666 0.9166667 0.4166666 1 0.3958333 0 0.4166666 0 0.4166666 0.08333331 0.3958333 0.08333331 0.4166666 0.08333331 0.4166666 0.1666666 0.3958333 0.1666666 0.4166666 0.1666666 0.4166666 0.25 0.3958333 0.25 0.4166666 0.25 0.4166666 0.3333333 0.3958333 0.3333333 0.4166666 0.3333333 0.4166666 0.4166666 0.3958333 0.4166666 0.4166666 0.4166666 0.4166666 0.5 0.4166666 0.5 0.4375 0.5 0.4375 0.5833333 0.4166666 0.5833333 0.4375 0.5833333 0.4375 0.6666667 0.4166666 0.6666667 0.4375 0.6666667 0.4375 0.75 0.4166666 0.75 0.4375 0.75 0.4375 0.8333333 0.4166666 0.8333333 0.4375 0.8333333 0.4375 0.9166667 0.4166666 0.9166667 0.4375 0.9166667 0.4375 1 0.4166666 0 0.4375 0 0.4375 0.08333331 0.4166666 0.08333331 0.4375 0.08333331 0.4375 0.1666666 0.4166666 0.1666666 0.4375 0.1666666 0.4375 0.25 0.4166666 0.25 0.4375 0.25 0.4375 0.3333333 0.4166666 0.3333333 0.4375 0.3333333 0.4375 0.4166666 0.4166666 0.4166666 0.4375 0.4166666 0.4375 0.5 0.4375 0.5 0.4583333 0.5 0.4583333 0.5833333 0.4375 0.5833333 0.4583333 0.5833333 0.4583333 0.6666667 0.4375 0.6666667 0.4583333 0.6666667 0.4583333 0.75 0.4375 0.75 0.4583333 0.75 0.4583333 0.8333333 0.4375 0.8333333 0.4583333 0.8333333 0.4583333 0.9166667 0.4375 0.9166667 0.4583333 0.9166667 0.4583333 1 0.4375 0 0.4583333 0 0.4583333 0.08333331 0.4375 0.08333331 0.4583333 0.08333331 0.4583333 0.1666666 0.4375 0.1666666 0.4583333 0.1666666 0.4583333 0.25 0.4375 0.25 0.4583333 0.25 0.4583333 0.3333333 0.4375 0.3333333 0.4583333 0.3333333 0.4583333 0.4166666 0.4375 0.4166666 0.4583333 0.4166666 0.4583333 0.5 0.4583333 0.5 0.4791666 0.5 0.4791666 0.5833333 0.4583333 0.5833333 0.4791666 0.5833333 0.4791666 0.6666667 0.4583333 0.6666667 0.4791666 0.6666667 0.4791666 0.75 0.4583333 0.75 0.4791666 0.75 0.4791666 0.8333333 0.4583333 0.8333333 0.4791666 0.8333333 0.4791666 0.9166667 0.4583333 0.9166667 0.4791666 0.9166667 0.4791666 1 0.4583333 0 0.4791666 0 0.4791666 0.08333331 0.4583333 0.08333331 0.4791666 0.08333331 0.4791666 0.1666666 0.4583333 0.1666666 0.4791666 0.1666666 0.4791666 0.25 0.4583333 0.25 0.4791666 0.25 0.4791666 0.3333333 0.4583333 0.3333333 0.4791666 0.3333333 0.4791666 0.4166666 0.4583333 0.4166666 0.4791666 0.4166666 0.4791666 0.5 0.4791666 0.5 0.5 0.5 0.5 0.5833333 0.4791666 0.5833333 0.5 0.5833333 0.5 0.6666667 0.4791666 0.6666667 0.5 0.6666667 0.5 0.75 0.4791666 0.75 0.5 0.75 0.5 0.8333333 0.4791666 0.8333333 0.5 0.8333333 0.5 0.9166667 0.4791666 0.9166667 0.5 0.9166667 0.5 1 0.4791666 0 0.5 0 0.5 0.08333331 0.4791666 0.08333331 0.5 0.08333331 0.5 0.1666666 0.4791666 0.1666666 0.5 0.1666666 0.5 0.25 0.4791666 0.25 0.5 0.25 0.5 0.3333333 0.4791666 0.3333333 0.5 0.3333333 0.5 0.4166666 0.4791666 0.4166666 0.5 0.4166666 0.5 0.5 0.375 0 0.625 0.25 0.375 0.25 0.375 0.25 0.625 0.5 0.375 0.5 0.375 0.5 0.625 0.75 0.375 0.75 0.375 0.75 0.625 1 0.375 1 0.125 0.5 0.375 0.75 0.125 0.75 0.625 0.5 0.875 0.75 0.625 0.75 0.375 0 0.625 0.25 0.375 0.25 0.375 0.25 0.625 0.5 0.375 0.5 0.375 0.5 0.625 0.75 0.375 0.75 0.375 0.75 0.625 1 0.375 1 0.125 0.5 0.375 0.75 0.125 0.75 0.625 0.5 0.875 0.75 0.625 0.75 0.375 0 0.625 0.25 0.375 0.25 0.375 0.25 0.625 0.5 0.375 0.5 0.375 0.5 0.625 0.75 0.375 0.75 0.375 0.75 0.625 1 0.375 1 0.125 0.5 0.375 0.75 0.125 0.75 0.625 0.5 0.875 0.75 0.625 0.75 0.375 0 0.625 0 0.625 0.25 0.375 0.25 0.625 0.25 0.625 0.5 0.375 0.5 0.625 0.5 0.625 0.75 0.375 0.75 0.625 0.75 0.625 1 0.125 0.5 0.375 0.5 0.375 0.75 0.625 0.5 0.875 0.5 0.875 0.75 0.375 0 0.625 0 0.625 0.25 0.375 0.25 0.625 0.25 0.625 0.5 0.375 0.5 0.625 0.5 0.625 0.75 0.375 0.75 0.625 0.75 0.625 1 0.125 0.5 0.375 0.5 0.375 0.75 0.625 0.5 0.875 0.5 0.875 0.75 0.375 0 0.625 0 0.625 0.25 0.375 0.25 0.625 0.25 0.625 0.5 0.375 0.5 0.625 0.5 0.625 0.75 0.375 0.75 0.625 0.75 0.625 1 0.125 0.5 0.375 0.5 0.375 0.75 0.625 0.5 0.875 0.5 0.875 0.75 0.375 0 0.625 0 0.625 0.25 0.375 0.25 0.625 0.25 0.625 0.5 0.375 0.5 0.625 0.5 0.625 0.75 0.375 0.75 0.625 0.75 0.625 1 0.125 0.5 0.375 0.5 0.375 0.75 0.625 0.5 0.875 0.5 0.875 0.75</float_array>
          <technique_common>
            <accessor source="#Cube_022-mesh-map-0-array" count="3600" stride="2">
              <param name="S" type="float"/>
              <param name="T" type="float"/>
            </accessor>
          </technique_common>
        </source>
        <vertices id="Cube_022-mesh-vertices">
          <input semantic="POSITION" source="#Cube_022-mesh-positions"/>
        </vertices>
        <triangles count="1200">
          <input semantic="VERTEX" source="#Cube_022-mesh-vertices" offset="0"/>
          <input semantic="NORMAL" source="#Cube_022-mesh-normals" offset="1"/>
          <input semantic="TEXCOORD" source="#Cube_022-mesh-map-0" offset="2" set="0"/>
          <p>0 0 0 3 0 1 2 0 2 2 1 3 7 1 4 6 1 5 6 2 6 5 2 7 4 2 8 4 3 9 1 3 10 0 3 11 2 4 12 4 4 13 0 4 14 7 5 15 1 5 16 5 5 17 8 6 18 21 7 19 9 8 20 9 8 21 22 9 22 10 10 23 10 10 24 23 11 25 11 12 26 11 12 27 24 13 28 12 14 29 12 14 30 25 15 31 13 16 32 13 16 33 26 17 34 14 18 35 14 18 36 27 19 37 15 20 38 15 20 39 28 21 40 16 22 41 16 22 42 29 23 43 17 24 44 17 24 45 30 25 46 18 26 47 18 26 48 31 27 49 19 28 50 19 28 51 20 29 52 8 6 53 20 29 54 33 30 55 21 7 56 21 7 57 34 31 58 22 9 59 22 9 60 35 32 61 23 11 62 23 11 63 36 33 64 24 13 65 24 13 66 37 34 67 25 15 68 25 15 69 38 35 70 26 17 71 26 17 72 39 36 73 27 19 74 27 19 75 40 37 76 28 21 77 28 21 78 41 38 79 29 23 80 29 23 81 42 39 82 30 25 83 30 25 84 43 40 85 31 27 86 31 27 87 32 41 88 20 29 89 32 41 90 45 42 91 33 30 92 33 30 93 46 43 94 34 31 95 34 31 96 47 44 97 35 32 98 35 32 99 48 45 100 36 33 101 36 33 102 49 46 103 37 34 104 37 34 105 50 47 106 38 35 107 38 35 108 51 48 109 39 36 110 39 36 111 52 49 112 40 37 113 40 37 114 53 50 115 41 38 116 41 38 117 54 51 118 42 39 119 42 39 120 55 52 121 43 40 122 43 40 123 44 53 124 32 41 125 44 53 126 57 54 127 45 42 128 45 42 129 58 55 130 46 43 131 46 43 132 59 56 133 47 44 134 47 44 135 60 57 136 48 45 137 48 45 138 61 58 139 49 46 140 49 46 141 62 59 142 50 47 143 50 47 144 63 60 145 51 48 146 51 48 147 64 61 148 52 49 149 52 49 150 65 62 151 53 50 152 53 50 153 66 63 154 54 51 155 54 51 156 67 64 157 55 52 158 55 52 159 56 65 160 44 53 161 56 65 162 69 66 163 57 54 164 57 54 165 70 67 166 58 55 167 58 55 168 71 68 169 59 56 170 59 56 171 72 69 172 60 57 173 60 57 174 73 70 175 61 58 176 61 58 177 74 71 178 62 59 179 62 59 180 75 72 181 63 60 182 63 60 183 76 73 184 64 61 185 64 61 186 77 74 187 65 62 188 65 62 189 78 75 190 66 63 191 66 63 192 79 76 193 67 64 194 67 64 195 68 77 196 56 65 197 68 77 198 81 78 199 69 66 200 69 66 201 82 79 202 70 67 203 70 67 204 83 80 205 71 68 206 71 68 207 84 81 208 72 69 209 72 69 210 85 82 211 73 70 212 73 70 213 86 83 214 74 71 215 74 71 216 87 84 217 75 72 218 75 72 219 88 85 220 76 73 221 76 73 222 89 86 223 77 74 224 77 74 225 90 87 226 78 75 227 78 75 228 91 88 229 79 76 230 79 76 231 80 89 232 68 77 233 80 89 234 93 90 235 81 78 236 81 78 237 94 91 238 82 79 239 82 79 240 95 92 241 83 80 242 83 80 243 96 93 244 84 81 245 84 81 246 97 94 247 85 82 248 85 82 249 98 95 250 86 83 251 86 83 252 99 96 253 87 84 254 87 84 255 100 97 256 88 85 257 88 85 258 101 98 259 89 86 260 89 86 261 102 99 262 90 87 263 90 87 264 103 100 265 91 88 266 91 88 267 92 101 268 80 89 269 92 101 270 105 102 271 93 90 272 93 90 273 106 103 274 94 91 275 94 91 276 107 104 277 95 92 278 95 92 279 108 105 280 96 93 281 96 93 282 109 106 283 97 94 284 97 94 285 110 107 286 98 95 287 98 95 288 111 108 289 99 96 290 99 96 291 112 109 292 100 97 293 100 97 294 113 110 295 101 98 296 101 98 297 114 111 298 102 99 299 102 99 300 115 112 301 103 100 302 103 100 303 104 113 304 92 101 305 104 113 306 117 114 307 105 102 308 105 102 309 118 115 310 106 103 311 106 103 312 119 116 313 107 104 314 107 104 315 120 117 316 108 105 317 108 105 318 121 118 319 109 106 320 109 106 321 122 119 322 110 107 323 110 107 324 123 120 325 111 108 326 111 108 327 124 121 328 112 109 329 112 109 330 125 122 331 113 110 332 113 110 333 126 123 334 114 111 335 114 111 336 127 124 337 115 112 338 115 112 339 116 125 340 104 113 341 116 125 342 129 126 343 117 114 344 117 114 345 130 127 346 118 115 347 118 115 348 131 128 349 119 116 350 119 116 351 132 129 352 120 117 353 120 117 354 133 130 355 121 118 356 121 118 357 134 131 358 122 119 359 122 119 360 135 132 361 123 120 362 123 120 363 136 133 364 124 121 365 124 121 366 137 134 367 125 122 368 125 122 369 138 135 370 126 123 371 126 123 372 139 136 373 127 124 374 127 124 375 128 137 376 116 125 377 128 137 378 141 138 379 129 126 380 129 126 381 142 139 382 130 127 383 130 127 384 143 140 385 131 128 386 131 128 387 144 141 388 132 129 389 132 129 390 145 142 391 133 130 392 133 130 393 146 143 394 134 131 395 134 131 396 147 144 397 135 132 398 135 132 399 148 145 400 136 133 401 136 133 402 149 146 403 137 134 404 137 134 405 150 147 406 138 135 407 138 135 408 151 148 409 139 136 410 139 136 411 140 149 412 128 137 413 140 149 414 153 150 415 141 138 416 141 138 417 154 151 418 142 139 419 142 139 420 155 152 421 143 140 422 143 140 423 156 153 424 144 141 425 144 141 426 157 154 427 145 142 428 145 142 429 158 155 430 146 143 431 146 143 432 159 156 433 147 144 434 147 144 435 160 157 436 148 145 437 148 145 438 161 158 439 149 146 440 149 146 441 162 159 442 150 147 443 150 147 444 163 160 445 151 148 446 151 148 447 152 161 448 140 149 449 152 161 450 165 162 451 153 150 452 153 150 453 166 163 454 154 151 455 154 151 456 167 164 457 155 152 458 155 152 459 168 165 460 156 153 461 156 153 462 169 166 463 157 154 464 157 154 465 170 167 466 158 155 467 158 155 468 171 168 469 159 156 470 159 156 471 172 169 472 160 157 473 160 157 474 173 170 475 161 158 476 161 158 477 174 171 478 162 159 479 162 159 480 175 172 481 163 160 482 163 160 483 164 173 484 152 161 485 164 173 486 177 174 487 165 162 488 165 162 489 178 175 490 166 163 491 166 163 492 179 176 493 167 164 494 167 164 495 180 177 496 168 165 497 168 165 498 181 178 499 169 166 500 169 166 501 182 179 502 170 167 503 170 167 504 183 180 505 171 168 506 171 168 507 184 181 508 172 169 509 172 169 510 185 182 511 173 170 512 173 170 513 186 183 514 174 171 515 174 171 516 187 184 517 175 172 518 175 172 519 176 185 520 164 173 521 176 185 522 189 186 523 177 174 524 177 174 525 190 187 526 178 175 527 178 175 528 191 188 529 179 176 530 179 176 531 192 189 532 180 177 533 180 177 534 193 190 535 181 178 536 181 178 537 194 191 538 182 179 539 182 179 540 195 192 541 183 180 542 183 180 543 196 193 544 184 181 545 184 181 546 197 194 547 185 182 548 185 182 549 198 195 550 186 183 551 186 183 552 199 196 553 187 184 554 187 184 555 188 197 556 176 185 557 188 197 558 201 198 559 189 186 560 189 186 561 202 199 562 190 187 563 190 187 564 203 200 565 191 188 566 191 188 567 204 201 568 192 189 569 192 189 570 205 202 571 193 190 572 193 190 573 206 203 574 194 191 575 194 191 576 207 204 577 195 192 578 195 192 579 208 205 580 196 193 581 196 193 582 209 206 583 197 194 584 197 194 585 210 207 586 198 195 587 198 195 588 211 208 589 199 196 590 199 196 591 200 209 592 188 197 593 200 209 594 213 210 595 201 198 596 201 198 597 214 211 598 202 199 599 202 199 600 215 212 601 203 200 602 203 200 603 216 213 604 204 201 605 204 201 606 217 214 607 205 202 608 205 202 609 218 215 610 206 203 611 206 203 612 219 216 613 207 204 614 207 204 615 220 217 616 208 205 617 208 205 618 221 218 619 209 206 620 209 206 621 222 219 622 210 207 623 210 207 624 223 220 625 211 208 626 211 208 627 212 221 628 200 209 629 212 221 630 225 222 631 213 210 632 213 210 633 226 223 634 214 211 635 214 211 636 227 224 637 215 212 638 215 212 639 228 225 640 216 213 641 216 213 642 229 226 643 217 214 644 217 214 645 230 227 646 218 215 647 218 215 648 231 228 649 219 216 650 219 216 651 232 229 652 220 217 653 220 217 654 233 230 655 221 218 656 221 218 657 234 231 658 222 219 659 222 219 660 235 232 661 223 220 662 223 220 663 224 233 664 212 221 665 224 233 666 237 234 667 225 222 668 225 222 669 238 235 670 226 223 671 226 223 672 239 236 673 227 224 674 227 224 675 240 237 676 228 225 677 228 225 678 241 238 679 229 226 680 229 226 681 242 239 682 230 227 683 230 227 684 243 240 685 231 228 686 231 228 687 244 241 688 232 229 689 232 229 690 245 242 691 233 230 692 233 230 693 246 243 694 234 231 695 234 231 696 247 244 697 235 232 698 235 232 699 236 245 700 224 233 701 236 245 702 249 246 703 237 234 704 237 234 705 250 247 706 238 235 707 238 235 708 251 248 709 239 236 710 239 236 711 252 249 712 240 237 713 240 237 714 253 250 715 241 238 716 241 238 717 254 251 718 242 239 719 242 239 720 255 252 721 243 240 722 243 240 723 256 253 724 244 241 725 244 241 726 257 254 727 245 242 728 245 242 729 258 255 730 246 243 731 246 243 732 259 256 733 247 244 734 247 244 735 248 257 736 236 245 737 248 257 738 261 258 739 249 246 740 249 246 741 262 259 742 250 247 743 250 247 744 263 260 745 251 248 746 251 248 747 264 261 748 252 249 749 252 249 750 265 262 751 253 250 752 253 250 753 266 263 754 254 251 755 254 251 756 267 264 757 255 252 758 255 252 759 268 265 760 256 253 761 256 253 762 269 266 763 257 254 764 257 254 765 270 267 766 258 255 767 258 255 768 271 268 769 259 256 770 259 256 771 260 269 772 248 257 773 260 269 774 273 270 775 261 258 776 261 258 777 274 271 778 262 259 779 262 259 780 275 272 781 263 260 782 263 260 783 276 273 784 264 261 785 264 261 786 277 274 787 265 262 788 265 262 789 278 275 790 266 263 791 266 263 792 279 276 793 267 264 794 267 264 795 280 277 796 268 265 797 268 265 798 281 278 799 269 266 800 269 266 801 282 279 802 270 267 803 270 267 804 283 280 805 271 268 806 271 268 807 272 281 808 260 269 809 272 281 810 285 282 811 273 270 812 273 270 813 286 283 814 274 271 815 274 271 816 287 284 817 275 272 818 275 272 819 288 285 820 276 273 821 276 273 822 289 286 823 277 274 824 277 274 825 290 287 826 278 275 827 278 275 828 291 288 829 279 276 830 279 276 831 292 289 832 280 277 833 280 277 834 293 290 835 281 278 836 281 278 837 294 291 838 282 279 839 282 279 840 295 292 841 283 280 842 283 280 843 284 293 844 272 281 845 284 293 846 297 294 847 285 282 848 285 282 849 298 295 850 286 283 851 286 283 852 299 296 853 287 284 854 287 284 855 300 297 856 288 285 857 288 285 858 301 298 859 289 286 860 289 286 861 302 299 862 290 287 863 290 287 864 303 300 865 291 288 866 291 288 867 304 301 868 292 289 869 292 289 870 305 302 871 293 290 872 293 290 873 306 303 874 294 291 875 294 291 876 307 304 877 295 292 878 295 292 879 296 305 880 284 293 881 296 305 882 309 306 883 297 294 884 297 294 885 310 307 886 298 295 887 298 295 888 311 308 889 299 296 890 299 296 891 312 309 892 300 297 893 300 297 894 313 310 895 301 298 896 301 298 897 314 311 898 302 299 899 302 299 900 315 312 901 303 300 902 303 300 903 316 313 904 304 301 905 304 301 906 317 314 907 305 302 908 305 302 909 318 315 910 306 303 911 306 303 912 319 316 913 307 304 914 307 304 915 308 317 916 296 305 917 308 317 918 321 318 919 309 306 920 309 306 921 322 319 922 310 307 923 310 307 924 323 320 925 311 308 926 311 308 927 324 321 928 312 309 929 312 309 930 325 322 931 313 310 932 313 310 933 326 323 934 314 311 935 314 311 936 327 324 937 315 312 938 315 312 939 328 325 940 316 313 941 316 313 942 329 326 943 317 314 944 317 314 945 330 327 946 318 315 947 318 315 948 331 328 949 319 316 950 319 316 951 320 329 952 308 317 953 320 329 954 333 330 955 321 318 956 321 318 957 334 331 958 322 319 959 322 319 960 335 332 961 323 320 962 323 320 963 336 333 964 324 321 965 324 321 966 337 334 967 325 322 968 325 322 969 338 335 970 326 323 971 326 323 972 339 336 973 327 324 974 327 324 975 340 337 976 328 325 977 328 325 978 341 338 979 329 326 980 329 326 981 342 339 982 330 327 983 330 327 984 343 340 985 331 328 986 331 328 987 332 341 988 320 329 989 332 341 990 345 342 991 333 330 992 333 330 993 346 343 994 334 331 995 334 331 996 347 344 997 335 332 998 335 332 999 348 345 1000 336 333 1001 336 333 1002 349 346 1003 337 334 1004 337 334 1005 350 347 1006 338 335 1007 338 335 1008 351 348 1009 339 336 1010 339 336 1011 352 349 1012 340 337 1013 340 337 1014 353 350 1015 341 338 1016 341 338 1017 354 351 1018 342 339 1019 342 339 1020 355 352 1021 343 340 1022 343 340 1023 344 353 1024 332 341 1025 344 353 1026 357 354 1027 345 342 1028 345 342 1029 358 355 1030 346 343 1031 346 343 1032 359 356 1033 347 344 1034 347 344 1035 360 357 1036 348 345 1037 348 345 1038 361 358 1039 349 346 1040 349 346 1041 362 359 1042 350 347 1043 350 347 1044 363 360 1045 351 348 1046 351 348 1047 364 361 1048 352 349 1049 352 349 1050 365 362 1051 353 350 1052 353 350 1053 366 363 1054 354 351 1055 354 351 1056 367 364 1057 355 352 1058 355 352 1059 356 365 1060 344 353 1061 356 365 1062 369 366 1063 357 354 1064 357 354 1065 370 367 1066 358 355 1067 358 355 1068 371 368 1069 359 356 1070 359 356 1071 372 369 1072 360 357 1073 360 357 1074 373 370 1075 361 358 1076 361 358 1077 374 371 1078 362 359 1079 362 359 1080 375 372 1081 363 360 1082 363 360 1083 376 373 1084 364 361 1085 364 361 1086 377 374 1087 365 362 1088 365 362 1089 378 375 1090 366 363 1091 366 363 1092 379 376 1093 367 364 1094 367 364 1095 368 377 1096 356 365 1097 368 377 1098 381 378 1099 369 366 1100 369 366 1101 382 379 1102 370 367 1103 370 367 1104 383 380 1105 371 368 1106 371 368 1107 384 381 1108 372 369 1109 372 369 1110 385 382 1111 373 370 1112 373 370 1113 386 383 1114 374 371 1115 374 371 1116 387 384 1117 375 372 1118 375 372 1119 388 385 1120 376 373 1121 376 373 1122 389 386 1123 377 374 1124 377 374 1125 390 387 1126 378 375 1127 378 375 1128 391 388 1129 379 376 1130 379 376 1131 380 389 1132 368 377 1133 380 389 1134 393 390 1135 381 378 1136 381 378 1137 394 391 1138 382 379 1139 382 379 1140 395 392 1141 383 380 1142 383 380 1143 396 393 1144 384 381 1145 384 381 1146 397 394 1147 385 382 1148 385 382 1149 398 395 1150 386 383 1151 386 383 1152 399 396 1153 387 384 1154 387 384 1155 400 397 1156 388 385 1157 388 385 1158 401 398 1159 389 386 1160 389 386 1161 402 399 1162 390 387 1163 390 387 1164 403 400 1165 391 388 1166 391 388 1167 392 401 1168 380 389 1169 392 401 1170 405 402 1171 393 390 1172 393 390 1173 406 403 1174 394 391 1175 394 391 1176 407 404 1177 395 392 1178 395 392 1179 408 405 1180 396 393 1181 396 393 1182 409 406 1183 397 394 1184 397 394 1185 410 407 1186 398 395 1187 398 395 1188 411 408 1189 399 396 1190 399 396 1191 412 409 1192 400 397 1193 400 397 1194 413 410 1195 401 398 1196 401 398 1197 414 411 1198 402 399 1199 402 399 1200 415 412 1201 403 400 1202 403 400 1203 404 413 1204 392 401 1205 404 413 1206 417 414 1207 405 402 1208 405 402 1209 418 415 1210 406 403 1211 406 403 1212 419 416 1213 407 404 1214 407 404 1215 420 417 1216 408 405 1217 408 405 1218 421 418 1219 409 406 1220 409 406 1221 422 419 1222 410 407 1223 410 407 1224 423 420 1225 411 408 1226 411 408 1227 424 421 1228 412 409 1229 412 409 1230 425 422 1231 413 410 1232 413 410 1233 426 423 1234 414 411 1235 414 411 1236 427 424 1237 415 412 1238 415 412 1239 416 425 1240 404 413 1241 416 425 1242 429 426 1243 417 414 1244 417 414 1245 430 427 1246 418 415 1247 418 415 1248 431 428 1249 419 416 1250 419 416 1251 432 429 1252 420 417 1253 420 417 1254 433 430 1255 421 418 1256 421 418 1257 434 431 1258 422 419 1259 422 419 1260 435 432 1261 423 420 1262 423 420 1263 436 433 1264 424 421 1265 424 421 1266 437 434 1267 425 422 1268 425 422 1269 438 435 1270 426 423 1271 426 423 1272 439 436 1273 427 424 1274 427 424 1275 428 437 1276 416 425 1277 428 437 1278 441 438 1279 429 426 1280 429 426 1281 442 439 1282 430 427 1283 430 427 1284 443 440 1285 431 428 1286 431 428 1287 444 441 1288 432 429 1289 432 429 1290 445 442 1291 433 430 1292 433 430 1293 446 443 1294 434 431 1295 434 431 1296 447 444 1297 435 432 1298 435 432 1299 448 445 1300 436 433 1301 436 433 1302 449 446 1303 437 434 1304 437 434 1305 450 447 1306 438 435 1307 438 435 1308 451 448 1309 439 436 1310 439 436 1311 440 449 1312 428 437 1313 440 449 1314 453 450 1315 441 438 1316 441 438 1317 454 451 1318 442 439 1319 442 439 1320 455 452 1321 443 440 1322 443 440 1323 456 453 1324 444 441 1325 444 441 1326 457 454 1327 445 442 1328 445 442 1329 458 455 1330 446 443 1331 446 443 1332 459 456 1333 447 444 1334 447 444 1335 460 457 1336 448 445 1337 448 445 1338 461 458 1339 449 446 1340 449 446 1341 462 459 1342 450 447 1343 450 447 1344 463 460 1345 451 448 1346 451 448 1347 452 461 1348 440 449 1349 452 461 1350 465 462 1351 453 450 1352 453 450 1353 466 463 1354 454 451 1355 454 451 1356 467 464 1357 455 452 1358 455 452 1359 468 465 1360 456 453 1361 456 453 1362 469 466 1363 457 454 1364 457 454 1365 470 467 1366 458 455 1367 458 455 1368 471 468 1369 459 456 1370 459 456 1371 472 469 1372 460 457 1373 460 457 1374 473 470 1375 461 458 1376 461 458 1377 474 471 1378 462 459 1379 462 459 1380 475 472 1381 463 460 1382 463 460 1383 464 473 1384 452 461 1385 464 473 1386 477 474 1387 465 462 1388 465 462 1389 478 475 1390 466 463 1391 466 463 1392 479 476 1393 467 464 1394 467 464 1395 480 477 1396 468 465 1397 468 465 1398 481 478 1399 469 466 1400 469 466 1401 482 479 1402 470 467 1403 470 467 1404 483 480 1405 471 468 1406 471 468 1407 484 481 1408 472 469 1409 472 469 1410 485 482 1411 473 470 1412 473 470 1413 486 483 1414 474 471 1415 474 471 1416 487 484 1417 475 472 1418 475 472 1419 476 485 1420 464 473 1421 476 485 1422 489 486 1423 477 474 1424 477 474 1425 490 487 1426 478 475 1427 478 475 1428 491 488 1429 479 476 1430 479 476 1431 492 489 1432 480 477 1433 480 477 1434 493 490 1435 481 478 1436 481 478 1437 494 491 1438 482 479 1439 482 479 1440 495 492 1441 483 480 1442 483 480 1443 496 493 1444 484 481 1445 484 481 1446 497 494 1447 485 482 1448 485 482 1449 498 495 1450 486 483 1451 486 483 1452 499 496 1453 487 484 1454 487 484 1455 488 497 1456 476 485 1457 488 497 1458 501 498 1459 489 486 1460 489 486 1461 502 499 1462 490 487 1463 490 487 1464 503 500 1465 491 488 1466 491 488 1467 504 501 1468 492 489 1469 492 489 1470 505 502 1471 493 490 1472 493 490 1473 506 503 1474 494 491 1475 494 491 1476 507 504 1477 495 492 1478 495 492 1479 508 505 1480 496 493 1481 496 493 1482 509 506 1483 497 494 1484 497 494 1485 510 507 1486 498 495 1487 498 495 1488 511 508 1489 499 496 1490 499 496 1491 500 509 1492 488 497 1493 500 509 1494 513 510 1495 501 498 1496 501 498 1497 514 511 1498 502 499 1499 502 499 1500 515 512 1501 503 500 1502 503 500 1503 516 513 1504 504 501 1505 504 501 1506 517 514 1507 505 502 1508 505 502 1509 518 515 1510 506 503 1511 506 503 1512 519 516 1513 507 504 1514 507 504 1515 520 517 1516 508 505 1517 508 505 1518 521 518 1519 509 506 1520 509 506 1521 522 519 1522 510 507 1523 510 507 1524 523 520 1525 511 508 1526 511 508 1527 512 521 1528 500 509 1529 512 521 1530 525 522 1531 513 510 1532 513 510 1533 526 523 1534 514 511 1535 514 511 1536 527 524 1537 515 512 1538 515 512 1539 528 525 1540 516 513 1541 516 513 1542 529 526 1543 517 514 1544 517 514 1545 530 527 1546 518 515 1547 518 515 1548 531 528 1549 519 516 1550 519 516 1551 532 529 1552 520 517 1553 520 517 1554 533 530 1555 521 518 1556 521 518 1557 534 531 1558 522 519 1559 522 519 1560 535 532 1561 523 520 1562 523 520 1563 524 533 1564 512 521 1565 524 533 1566 537 534 1567 525 522 1568 525 522 1569 538 535 1570 526 523 1571 526 523 1572 539 536 1573 527 524 1574 527 524 1575 540 537 1576 528 525 1577 528 525 1578 541 538 1579 529 526 1580 529 526 1581 542 539 1582 530 527 1583 530 527 1584 543 540 1585 531 528 1586 531 528 1587 544 541 1588 532 529 1589 532 529 1590 545 542 1591 533 530 1592 533 530 1593 546 543 1594 534 531 1595 534 531 1596 547 544 1597 535 532 1598 535 532 1599 536 545 1600 524 533 1601 536 545 1602 549 546 1603 537 534 1604 537 534 1605 550 547 1606 538 535 1607 538 535 1608 551 548 1609 539 536 1610 539 536 1611 552 549 1612 540 537 1613 540 537 1614 553 550 1615 541 538 1616 541 538 1617 554 551 1618 542 539 1619 542 539 1620 555 552 1621 543 540 1622 543 540 1623 556 553 1624 544 541 1625 544 541 1626 557 554 1627 545 542 1628 545 542 1629 558 555 1630 546 543 1631 546 543 1632 559 556 1633 547 544 1634 547 544 1635 548 557 1636 536 545 1637 548 557 1638 561 558 1639 549 546 1640 549 546 1641 562 559 1642 550 547 1643 550 547 1644 563 560 1645 551 548 1646 551 548 1647 564 561 1648 552 549 1649 552 549 1650 565 562 1651 553 550 1652 553 550 1653 566 563 1654 554 551 1655 554 551 1656 567 564 1657 555 552 1658 555 552 1659 568 565 1660 556 553 1661 556 553 1662 569 566 1663 557 554 1664 557 554 1665 570 567 1666 558 555 1667 558 555 1668 571 568 1669 559 556 1670 559 556 1671 560 569 1672 548 557 1673 560 569 1674 573 570 1675 561 558 1676 561 558 1677 574 571 1678 562 559 1679 562 559 1680 575 572 1681 563 560 1682 563 560 1683 576 573 1684 564 561 1685 564 561 1686 577 574 1687 565 562 1688 565 562 1689 578 575 1690 566 563 1691 566 563 1692 579 576 1693 567 564 1694 567 564 1695 580 577 1696 568 565 1697 568 565 1698 581 578 1699 569 566 1700 569 566 1701 582 579 1702 570 567 1703 570 567 1704 583 580 1705 571 568 1706 571 568 1707 572 581 1708 560 569 1709 572 581 1710 9 8 1711 573 570 1712 573 570 1713 10 10 1714 574 571 1715 574 571 1716 11 12 1717 575 572 1718 575 572 1719 12 14 1720 576 573 1721 576 573 1722 13 16 1723 577 574 1724 577 574 1725 14 18 1726 578 575 1727 578 575 1728 15 20 1729 579 576 1730 579 576 1731 16 22 1732 580 577 1733 580 577 1734 17 24 1735 581 578 1736 581 578 1737 18 26 1738 582 579 1739 582 579 1740 19 28 1741 583 580 1742 583 580 1743 8 6 1744 572 581 1745 8 6 1746 20 29 1747 21 7 1748 9 8 1749 21 7 1750 22 9 1751 10 10 1752 22 9 1753 23 11 1754 11 12 1755 23 11 1756 24 13 1757 12 14 1758 24 13 1759 25 15 1760 13 16 1761 25 15 1762 26 17 1763 14 18 1764 26 17 1765 27 19 1766 15 20 1767 27 19 1768 28 21 1769 16 22 1770 28 21 1771 29 23 1772 17 24 1773 29 23 1774 30 25 1775 18 26 1776 30 25 1777 31 27 1778 19 28 1779 31 27 1780 20 29 1781 20 29 1782 32 41 1783 33 30 1784 21 7 1785 33 30 1786 34 31 1787 22 9 1788 34 31 1789 35 32 1790 23 11 1791 35 32 1792 36 33 1793 24 13 1794 36 33 1795 37 34 1796 25 15 1797 37 34 1798 38 35 1799 26 17 1800 38 35 1801 39 36 1802 27 19 1803 39 36 1804 40 37 1805 28 21 1806 40 37 1807 41 38 1808 29 23 1809 41 38 1810 42 39 1811 30 25 1812 42 39 1813 43 40 1814 31 27 1815 43 40 1816 32 41 1817 32 41 1818 44 53 1819 45 42 1820 33 30 1821 45 42 1822 46 43 1823 34 31 1824 46 43 1825 47 44 1826 35 32 1827 47 44 1828 48 45 1829 36 33 1830 48 45 1831 49 46 1832 37 34 1833 49 46 1834 50 47 1835 38 35 1836 50 47 1837 51 48 1838 39 36 1839 51 48 1840 52 49 1841 40 37 1842 52 49 1843 53 50 1844 41 38 1845 53 50 1846 54 51 1847 42 39 1848 54 51 1849 55 52 1850 43 40 1851 55 52 1852 44 53 1853 44 53 1854 56 65 1855 57 54 1856 45 42 1857 57 54 1858 58 55 1859 46 43 1860 58 55 1861 59 56 1862 47 44 1863 59 56 1864 60 57 1865 48 45 1866 60 57 1867 61 58 1868 49 46 1869 61 58 1870 62 59 1871 50 47 1872 62 59 1873 63 60 1874 51 48 1875 63 60 1876 64 61 1877 52 49 1878 64 61 1879 65 62 1880 53 50 1881 65 62 1882 66 63 1883 54 51 1884 66 63 1885 67 64 1886 55 52 1887 67 64 1888 56 65 1889 56 65 1890 68 77 1891 69 66 1892 57 54 1893 69 66 1894 70 67 1895 58 55 1896 70 67 1897 71 68 1898 59 56 1899 71 68 1900 72 69 1901 60 57 1902 72 69 1903 73 70 1904 61 58 1905 73 70 1906 74 71 1907 62 59 1908 74 71 1909 75 72 1910 63 60 1911 75 72 1912 76 73 1913 64 61 1914 76 73 1915 77 74 1916 65 62 1917 77 74 1918 78 75 1919 66 63 1920 78 75 1921 79 76 1922 67 64 1923 79 76 1924 68 77 1925 68 77 1926 80 89 1927 81 78 1928 69 66 1929 81 78 1930 82 79 1931 70 67 1932 82 79 1933 83 80 1934 71 68 1935 83 80 1936 84 81 1937 72 69 1938 84 81 1939 85 82 1940 73 70 1941 85 82 1942 86 83 1943 74 71 1944 86 83 1945 87 84 1946 75 72 1947 87 84 1948 88 85 1949 76 73 1950 88 85 1951 89 86 1952 77 74 1953 89 86 1954 90 87 1955 78 75 1956 90 87 1957 91 88 1958 79 76 1959 91 88 1960 80 89 1961 80 89 1962 92 101 1963 93 90 1964 81 78 1965 93 90 1966 94 91 1967 82 79 1968 94 91 1969 95 92 1970 83 80 1971 95 92 1972 96 93 1973 84 81 1974 96 93 1975 97 94 1976 85 82 1977 97 94 1978 98 95 1979 86 83 1980 98 95 1981 99 96 1982 87 84 1983 99 96 1984 100 97 1985 88 85 1986 100 97 1987 101 98 1988 89 86 1989 101 98 1990 102 99 1991 90 87 1992 102 99 1993 103 100 1994 91 88 1995 103 100 1996 92 101 1997 92 101 1998 104 113 1999 105 102 2000 93 90 2001 105 102 2002 106 103 2003 94 91 2004 106 103 2005 107 104 2006 95 92 2007 107 104 2008 108 105 2009 96 93 2010 108 105 2011 109 106 2012 97 94 2013 109 106 2014 110 107 2015 98 95 2016 110 107 2017 111 108 2018 99 96 2019 111 108 2020 112 109 2021 100 97 2022 112 109 2023 113 110 2024 101 98 2025 113 110 2026 114 111 2027 102 99 2028 114 111 2029 115 112 2030 103 100 2031 115 112 2032 104 113 2033 104 113 2034 116 125 2035 117 114 2036 105 102 2037 117 114 2038 118 115 2039 106 103 2040 118 115 2041 119 116 2042 107 104 2043 119 116 2044 120 117 2045 108 105 2046 120 117 2047 121 118 2048 109 106 2049 121 118 2050 122 119 2051 110 107 2052 122 119 2053 123 120 2054 111 108 2055 123 120 2056 124 121 2057 112 109 2058 124 121 2059 125 122 2060 113 110 2061 125 122 2062 126 123 2063 114 111 2064 126 123 2065 127 124 2066 115 112 2067 127 124 2068 116 125 2069 116 125 2070 128 137 2071 129 126 2072 117 114 2073 129 126 2074 130 127 2075 118 115 2076 130 127 2077 131 128 2078 119 116 2079 131 128 2080 132 129 2081 120 117 2082 132 129 2083 133 130 2084 121 118 2085 133 130 2086 134 131 2087 122 119 2088 134 131 2089 135 132 2090 123 120 2091 135 132 2092 136 133 2093 124 121 2094 136 133 2095 137 134 2096 125 122 2097 137 134 2098 138 135 2099 126 123 2100 138 135 2101 139 136 2102 127 124 2103 139 136 2104 128 137 2105 128 137 2106 140 149 2107 141 138 2108 129 126 2109 141 138 2110 142 139 2111 130 127 2112 142 139 2113 143 140 2114 131 128 2115 143 140 2116 144 141 2117 132 129 2118 144 141 2119 145 142 2120 133 130 2121 145 142 2122 146 143 2123 134 131 2124 146 143 2125 147 144 2126 135 132 2127 147 144 2128 148 145 2129 136 133 2130 148 145 2131 149 146 2132 137 134 2133 149 146 2134 150 147 2135 138 135 2136 150 147 2137 151 148 2138 139 136 2139 151 148 2140 140 149 2141 140 149 2142 152 161 2143 153 150 2144 141 138 2145 153 150 2146 154 151 2147 142 139 2148 154 151 2149 155 152 2150 143 140 2151 155 152 2152 156 153 2153 144 141 2154 156 153 2155 157 154 2156 145 142 2157 157 154 2158 158 155 2159 146 143 2160 158 155 2161 159 156 2162 147 144 2163 159 156 2164 160 157 2165 148 145 2166 160 157 2167 161 158 2168 149 146 2169 161 158 2170 162 159 2171 150 147 2172 162 159 2173 163 160 2174 151 148 2175 163 160 2176 152 161 2177 152 161 2178 164 173 2179 165 162 2180 153 150 2181 165 162 2182 166 163 2183 154 151 2184 166 163 2185 167 164 2186 155 152 2187 167 164 2188 168 165 2189 156 153 2190 168 165 2191 169 166 2192 157 154 2193 169 166 2194 170 167 2195 158 155 2196 170 167 2197 171 168 2198 159 156 2199 171 168 2200 172 169 2201 160 157 2202 172 169 2203 173 170 2204 161 158 2205 173 170 2206 174 171 2207 162 159 2208 174 171 2209 175 172 2210 163 160 2211 175 172 2212 164 173 2213 164 173 2214 176 185 2215 177 174 2216 165 162 2217 177 174 2218 178 175 2219 166 163 2220 178 175 2221 179 176 2222 167 164 2223 179 176 2224 180 177 2225 168 165 2226 180 177 2227 181 178 2228 169 166 2229 181 178 2230 182 179 2231 170 167 2232 182 179 2233 183 180 2234 171 168 2235 183 180 2236 184 181 2237 172 169 2238 184 181 2239 185 182 2240 173 170 2241 185 182 2242 186 183 2243 174 171 2244 186 183 2245 187 184 2246 175 172 2247 187 184 2248 176 185 2249 176 185 2250 188 197 2251 189 186 2252 177 174 2253 189 186 2254 190 187 2255 178 175 2256 190 187 2257 191 188 2258 179 176 2259 191 188 2260 192 189 2261 180 177 2262 192 189 2263 193 190 2264 181 178 2265 193 190 2266 194 191 2267 182 179 2268 194 191 2269 195 192 2270 183 180 2271 195 192 2272 196 193 2273 184 181 2274 196 193 2275 197 194 2276 185 182 2277 197 194 2278 198 195 2279 186 183 2280 198 195 2281 199 196 2282 187 184 2283 199 196 2284 188 197 2285 188 197 2286 200 209 2287 201 198 2288 189 186 2289 201 198 2290 202 199 2291 190 187 2292 202 199 2293 203 200 2294 191 188 2295 203 200 2296 204 201 2297 192 189 2298 204 201 2299 205 202 2300 193 190 2301 205 202 2302 206 203 2303 194 191 2304 206 203 2305 207 204 2306 195 192 2307 207 204 2308 208 205 2309 196 193 2310 208 205 2311 209 206 2312 197 194 2313 209 206 2314 210 207 2315 198 195 2316 210 207 2317 211 208 2318 199 196 2319 211 208 2320 200 209 2321 200 209 2322 212 221 2323 213 210 2324 201 198 2325 213 210 2326 214 211 2327 202 199 2328 214 211 2329 215 212 2330 203 200 2331 215 212 2332 216 213 2333 204 201 2334 216 213 2335 217 214 2336 205 202 2337 217 214 2338 218 215 2339 206 203 2340 218 215 2341 219 216 2342 207 204 2343 219 216 2344 220 217 2345 208 205 2346 220 217 2347 221 218 2348 209 206 2349 221 218 2350 222 219 2351 210 207 2352 222 219 2353 223 220 2354 211 208 2355 223 220 2356 212 221 2357 212 221 2358 224 233 2359 225 222 2360 213 210 2361 225 222 2362 226 223 2363 214 211 2364 226 223 2365 227 224 2366 215 212 2367 227 224 2368 228 225 2369 216 213 2370 228 225 2371 229 226 2372 217 214 2373 229 226 2374 230 227 2375 218 215 2376 230 227 2377 231 228 2378 219 216 2379 231 228 2380 232 229 2381 220 217 2382 232 229 2383 233 230 2384 221 218 2385 233 230 2386 234 231 2387 222 219 2388 234 231 2389 235 232 2390 223 220 2391 235 232 2392 224 233 2393 224 233 2394 236 245 2395 237 234 2396 225 222 2397 237 234 2398 238 235 2399 226 223 2400 238 235 2401 239 236 2402 227 224 2403 239 236 2404 240 237 2405 228 225 2406 240 237 2407 241 238 2408 229 226 2409 241 238 2410 242 239 2411 230 227 2412 242 239 2413 243 240 2414 231 228 2415 243 240 2416 244 241 2417 232 229 2418 244 241 2419 245 242 2420 233 230 2421 245 242 2422 246 243 2423 234 231 2424 246 243 2425 247 244 2426 235 232 2427 247 244 2428 236 245 2429 236 245 2430 248 257 2431 249 246 2432 237 234 2433 249 246 2434 250 247 2435 238 235 2436 250 247 2437 251 248 2438 239 236 2439 251 248 2440 252 249 2441 240 237 2442 252 249 2443 253 250 2444 241 238 2445 253 250 2446 254 251 2447 242 239 2448 254 251 2449 255 252 2450 243 240 2451 255 252 2452 256 253 2453 244 241 2454 256 253 2455 257 254 2456 245 242 2457 257 254 2458 258 255 2459 246 243 2460 258 255 2461 259 256 2462 247 244 2463 259 256 2464 248 257 2465 248 257 2466 260 269 2467 261 258 2468 249 246 2469 261 258 2470 262 259 2471 250 247 2472 262 259 2473 263 260 2474 251 248 2475 263 260 2476 264 261 2477 252 249 2478 264 261 2479 265 262 2480 253 250 2481 265 262 2482 266 263 2483 254 251 2484 266 263 2485 267 264 2486 255 252 2487 267 264 2488 268 265 2489 256 253 2490 268 265 2491 269 266 2492 257 254 2493 269 266 2494 270 267 2495 258 255 2496 270 267 2497 271 268 2498 259 256 2499 271 268 2500 260 269 2501 260 269 2502 272 281 2503 273 270 2504 261 258 2505 273 270 2506 274 271 2507 262 259 2508 274 271 2509 275 272 2510 263 260 2511 275 272 2512 276 273 2513 264 261 2514 276 273 2515 277 274 2516 265 262 2517 277 274 2518 278 275 2519 266 263 2520 278 275 2521 279 276 2522 267 264 2523 279 276 2524 280 277 2525 268 265 2526 280 277 2527 281 278 2528 269 266 2529 281 278 2530 282 279 2531 270 267 2532 282 279 2533 283 280 2534 271 268 2535 283 280 2536 272 281 2537 272 281 2538 284 293 2539 285 282 2540 273 270 2541 285 282 2542 286 283 2543 274 271 2544 286 283 2545 287 284 2546 275 272 2547 287 284 2548 288 285 2549 276 273 2550 288 285 2551 289 286 2552 277 274 2553 289 286 2554 290 287 2555 278 275 2556 290 287 2557 291 288 2558 279 276 2559 291 288 2560 292 289 2561 280 277 2562 292 289 2563 293 290 2564 281 278 2565 293 290 2566 294 291 2567 282 279 2568 294 291 2569 295 292 2570 283 280 2571 295 292 2572 284 293 2573 284 293 2574 296 305 2575 297 294 2576 285 282 2577 297 294 2578 298 295 2579 286 283 2580 298 295 2581 299 296 2582 287 284 2583 299 296 2584 300 297 2585 288 285 2586 300 297 2587 301 298 2588 289 286 2589 301 298 2590 302 299 2591 290 287 2592 302 299 2593 303 300 2594 291 288 2595 303 300 2596 304 301 2597 292 289 2598 304 301 2599 305 302 2600 293 290 2601 305 302 2602 306 303 2603 294 291 2604 306 303 2605 307 304 2606 295 292 2607 307 304 2608 296 305 2609 296 305 2610 308 317 2611 309 306 2612 297 294 2613 309 306 2614 310 307 2615 298 295 2616 310 307 2617 311 308 2618 299 296 2619 311 308 2620 312 309 2621 300 297 2622 312 309 2623 313 310 2624 301 298 2625 313 310 2626 314 311 2627 302 299 2628 314 311 2629 315 312 2630 303 300 2631 315 312 2632 316 313 2633 304 301 2634 316 313 2635 317 314 2636 305 302 2637 317 314 2638 318 315 2639 306 303 2640 318 315 2641 319 316 2642 307 304 2643 319 316 2644 308 317 2645 308 317 2646 320 329 2647 321 318 2648 309 306 2649 321 318 2650 322 319 2651 310 307 2652 322 319 2653 323 320 2654 311 308 2655 323 320 2656 324 321 2657 312 309 2658 324 321 2659 325 322 2660 313 310 2661 325 322 2662 326 323 2663 314 311 2664 326 323 2665 327 324 2666 315 312 2667 327 324 2668 328 325 2669 316 313 2670 328 325 2671 329 326 2672 317 314 2673 329 326 2674 330 327 2675 318 315 2676 330 327 2677 331 328 2678 319 316 2679 331 328 2680 320 329 2681 320 329 2682 332 341 2683 333 330 2684 321 318 2685 333 330 2686 334 331 2687 322 319 2688 334 331 2689 335 332 2690 323 320 2691 335 332 2692 336 333 2693 324 321 2694 336 333 2695 337 334 2696 325 322 2697 337 334 2698 338 335 2699 326 323 2700 338 335 2701 339 336 2702 327 324 2703 339 336 2704 340 337 2705 328 325 2706 340 337 2707 341 338 2708 329 326 2709 341 338 2710 342 339 2711 330 327 2712 342 339 2713 343 340 2714 331 328 2715 343 340 2716 332 341 2717 332 341 2718 344 353 2719 345 342 2720 333 330 2721 345 342 2722 346 343 2723 334 331 2724 346 343 2725 347 344 2726 335 332 2727 347 344 2728 348 345 2729 336 333 2730 348 345 2731 349 346 2732 337 334 2733 349 346 2734 350 347 2735 338 335 2736 350 347 2737 351 348 2738 339 336 2739 351 348 2740 352 349 2741 340 337 2742 352 349 2743 353 350 2744 341 338 2745 353 350 2746 354 351 2747 342 339 2748 354 351 2749 355 352 2750 343 340 2751 355 352 2752 344 353 2753 344 353 2754 356 365 2755 357 354 2756 345 342 2757 357 354 2758 358 355 2759 346 343 2760 358 355 2761 359 356 2762 347 344 2763 359 356 2764 360 357 2765 348 345 2766 360 357 2767 361 358 2768 349 346 2769 361 358 2770 362 359 2771 350 347 2772 362 359 2773 363 360 2774 351 348 2775 363 360 2776 364 361 2777 352 349 2778 364 361 2779 365 362 2780 353 350 2781 365 362 2782 366 363 2783 354 351 2784 366 363 2785 367 364 2786 355 352 2787 367 364 2788 356 365 2789 356 365 2790 368 377 2791 369 366 2792 357 354 2793 369 366 2794 370 367 2795 358 355 2796 370 367 2797 371 368 2798 359 356 2799 371 368 2800 372 369 2801 360 357 2802 372 369 2803 373 370 2804 361 358 2805 373 370 2806 374 371 2807 362 359 2808 374 371 2809 375 372 2810 363 360 2811 375 372 2812 376 373 2813 364 361 2814 376 373 2815 377 374 2816 365 362 2817 377 374 2818 378 375 2819 366 363 2820 378 375 2821 379 376 2822 367 364 2823 379 376 2824 368 377 2825 368 377 2826 380 389 2827 381 378 2828 369 366 2829 381 378 2830 382 379 2831 370 367 2832 382 379 2833 383 380 2834 371 368 2835 383 380 2836 384 381 2837 372 369 2838 384 381 2839 385 382 2840 373 370 2841 385 382 2842 386 383 2843 374 371 2844 386 383 2845 387 384 2846 375 372 2847 387 384 2848 388 385 2849 376 373 2850 388 385 2851 389 386 2852 377 374 2853 389 386 2854 390 387 2855 378 375 2856 390 387 2857 391 388 2858 379 376 2859 391 388 2860 380 389 2861 380 389 2862 392 401 2863 393 390 2864 381 378 2865 393 390 2866 394 391 2867 382 379 2868 394 391 2869 395 392 2870 383 380 2871 395 392 2872 396 393 2873 384 381 2874 396 393 2875 397 394 2876 385 382 2877 397 394 2878 398 395 2879 386 383 2880 398 395 2881 399 396 2882 387 384 2883 399 396 2884 400 397 2885 388 385 2886 400 397 2887 401 398 2888 389 386 2889 401 398 2890 402 399 2891 390 387 2892 402 399 2893 403 400 2894 391 388 2895 403 400 2896 392 401 2897 392 401 2898 404 413 2899 405 402 2900 393 390 2901 405 402 2902 406 403 2903 394 391 2904 406 403 2905 407 404 2906 395 392 2907 407 404 2908 408 405 2909 396 393 2910 408 405 2911 409 406 2912 397 394 2913 409 406 2914 410 407 2915 398 395 2916 410 407 2917 411 408 2918 399 396 2919 411 408 2920 412 409 2921 400 397 2922 412 409 2923 413 410 2924 401 398 2925 413 410 2926 414 411 2927 402 399 2928 414 411 2929 415 412 2930 403 400 2931 415 412 2932 404 413 2933 404 413 2934 416 425 2935 417 414 2936 405 402 2937 417 414 2938 418 415 2939 406 403 2940 418 415 2941 419 416 2942 407 404 2943 419 416 2944 420 417 2945 408 405 2946 420 417 2947 421 418 2948 409 406 2949 421 418 2950 422 419 2951 410 407 2952 422 419 2953 423 420 2954 411 408 2955 423 420 2956 424 421 2957 412 409 2958 424 421 2959 425 422 2960 413 410 2961 425 422 2962 426 423 2963 414 411 2964 426 423 2965 427 424 2966 415 412 2967 427 424 2968 416 425 2969 416 425 2970 428 437 2971 429 426 2972 417 414 2973 429 426 2974 430 427 2975 418 415 2976 430 427 2977 431 428 2978 419 416 2979 431 428 2980 432 429 2981 420 417 2982 432 429 2983 433 430 2984 421 418 2985 433 430 2986 434 431 2987 422 419 2988 434 431 2989 435 432 2990 423 420 2991 435 432 2992 436 433 2993 424 421 2994 436 433 2995 437 434 2996 425 422 2997 437 434 2998 438 435 2999 426 423 3000 438 435 3001 439 436 3002 427 424 3003 439 436 3004 428 437 3005 428 437 3006 440 449 3007 441 438 3008 429 426 3009 441 438 3010 442 439 3011 430 427 3012 442 439 3013 443 440 3014 431 428 3015 443 440 3016 444 441 3017 432 429 3018 444 441 3019 445 442 3020 433 430 3021 445 442 3022 446 443 3023 434 431 3024 446 443 3025 447 444 3026 435 432 3027 447 444 3028 448 445 3029 436 433 3030 448 445 3031 449 446 3032 437 434 3033 449 446 3034 450 447 3035 438 435 3036 450 447 3037 451 448 3038 439 436 3039 451 448 3040 440 449 3041 440 449 3042 452 461 3043 453 450 3044 441 438 3045 453 450 3046 454 451 3047 442 439 3048 454 451 3049 455 452 3050 443 440 3051 455 452 3052 456 453 3053 444 441 3054 456 453 3055 457 454 3056 445 442 3057 457 454 3058 458 455 3059 446 443 3060 458 455 3061 459 456 3062 447 444 3063 459 456 3064 460 457 3065 448 445 3066 460 457 3067 461 458 3068 449 446 3069 461 458 3070 462 459 3071 450 447 3072 462 459 3073 463 460 3074 451 448 3075 463 460 3076 452 461 3077 452 461 3078 464 473 3079 465 462 3080 453 450 3081 465 462 3082 466 463 3083 454 451 3084 466 463 3085 467 464 3086 455 452 3087 467 464 3088 468 465 3089 456 453 3090 468 465 3091 469 466 3092 457 454 3093 469 466 3094 470 467 3095 458 455 3096 470 467 3097 471 468 3098 459 456 3099 471 468 3100 472 469 3101 460 457 3102 472 469 3103 473 470 3104 461 458 3105 473 470 3106 474 471 3107 462 459 3108 474 471 3109 475 472 3110 463 460 3111 475 472 3112 464 473 3113 464 473 3114 476 485 3115 477 474 3116 465 462 3117 477 474 3118 478 475 3119 466 463 3120 478 475 3121 479 476 3122 467 464 3123 479 476 3124 480 477 3125 468 465 3126 480 477 3127 481 478 3128 469 466 3129 481 478 3130 482 479 3131 470 467 3132 482 479 3133 483 480 3134 471 468 3135 483 480 3136 484 481 3137 472 469 3138 484 481 3139 485 482 3140 473 470 3141 485 482 3142 486 483 3143 474 471 3144 486 483 3145 487 484 3146 475 472 3147 487 484 3148 476 485 3149 476 485 3150 488 497 3151 489 486 3152 477 474 3153 489 486 3154 490 487 3155 478 475 3156 490 487 3157 491 488 3158 479 476 3159 491 488 3160 492 489 3161 480 477 3162 492 489 3163 493 490 3164 481 478 3165 493 490 3166 494 491 3167 482 479 3168 494 491 3169 495 492 3170 483 480 3171 495 492 3172 496 493 3173 484 481 3174 496 493 3175 497 494 3176 485 482 3177 497 494 3178 498 495 3179 486 483 3180 498 495 3181 499 496 3182 487 484 3183 499 496 3184 488 497 3185 488 497 3186 500 509 3187 501 498 3188 489 486 3189 501 498 3190 502 499 3191 490 487 3192 502 499 3193 503 500 3194 491 488 3195 503 500 3196 504 501 3197 492 489 3198 504 501 3199 505 502 3200 493 490 3201 505 502 3202 506 503 3203 494 491 3204 506 503 3205 507 504 3206 495 492 3207 507 504 3208 508 505 3209 496 493 3210 508 505 3211 509 506 3212 497 494 3213 509 506 3214 510 507 3215 498 495 3216 510 507 3217 511 508 3218 499 496 3219 511 508 3220 500 509 3221 500 509 3222 512 521 3223 513 510 3224 501 498 3225 513 510 3226 514 511 3227 502 499 3228 514 511 3229 515 512 3230 503 500 3231 515 512 3232 516 513 3233 504 501 3234 516 513 3235 517 514 3236 505 502 3237 517 514 3238 518 515 3239 506 503 3240 518 515 3241 519 516 3242 507 504 3243 519 516 3244 520 517 3245 508 505 3246 520 517 3247 521 518 3248 509 506 3249 521 518 3250 522 519 3251 510 507 3252 522 519 3253 523 520 3254 511 508 3255 523 520 3256 512 521 3257 512 521 3258 524 533 3259 525 522 3260 513 510 3261 525 522 3262 526 523 3263 514 511 3264 526 523 3265 527 524 3266 515 512 3267 527 524 3268 528 525 3269 516 513 3270 528 525 3271 529 526 3272 517 514 3273 529 526 3274 530 527 3275 518 515 3276 530 527 3277 531 528 3278 519 516 3279 531 528 3280 532 529 3281 520 517 3282 532 529 3283 533 530 3284 521 518 3285 533 530 3286 534 531 3287 522 519 3288 534 531 3289 535 532 3290 523 520 3291 535 532 3292 524 533 3293 524 533 3294 536 545 3295 537 534 3296 525 522 3297 537 534 3298 538 535 3299 526 523 3300 538 535 3301 539 536 3302 527 524 3303 539 536 3304 540 537 3305 528 525 3306 540 537 3307 541 538 3308 529 526 3309 541 538 3310 542 539 3311 530 527 3312 542 539 3313 543 540 3314 531 528 3315 543 540 3316 544 541 3317 532 529 3318 544 541 3319 545 542 3320 533 530 3321 545 542 3322 546 543 3323 534 531 3324 546 543 3325 547 544 3326 535 532 3327 547 544 3328 536 545 3329 536 545 3330 548 557 3331 549 546 3332 537 534 3333 549 546 3334 550 547 3335 538 535 3336 550 547 3337 551 548 3338 539 536 3339 551 548 3340 552 549 3341 540 537 3342 552 549 3343 553 550 3344 541 538 3345 553 550 3346 554 551 3347 542 539 3348 554 551 3349 555 552 3350 543 540 3351 555 552 3352 556 553 3353 544 541 3354 556 553 3355 557 554 3356 545 542 3357 557 554 3358 558 555 3359 546 543 3360 558 555 3361 559 556 3362 547 544 3363 559 556 3364 548 557 3365 548 557 3366 560 569 3367 561 558 3368 549 546 3369 561 558 3370 562 559 3371 550 547 3372 562 559 3373 563 560 3374 551 548 3375 563 560 3376 564 561 3377 552 549 3378 564 561 3379 565 562 3380 553 550 3381 565 562 3382 566 563 3383 554 551 3384 566 563 3385 567 564 3386 555 552 3387 567 564 3388 568 565 3389 556 553 3390 568 565 3391 569 566 3392 557 554 3393 569 566 3394 570 567 3395 558 555 3396 570 567 3397 571 568 3398 559 556 3399 571 568 3400 560 569 3401 560 569 3402 572 581 3403 573 570 3404 561 558 3405 573 570 3406 574 571 3407 562 559 3408 574 571 3409 575 572 3410 563 560 3411 575 572 3412 576 573 3413 564 561 3414 576 573 3415 577 574 3416 565 562 3417 577 574 3418 578 575 3419 566 563 3420 578 575 3421 579 576 3422 567 564 3423 579 576 3424 580 577 3425 568 565 3426 580 577 3427 581 578 3428 569 566 3429 581 578 3430 582 579 3431 570 567 3432 582 579 3433 583 580 3434 571 568 3435 583 580 3436 572 581 3437 572 581 3438 8 6 3439 9 8 3440 573 570 3441 9 8 3442 10 10 3443 574 571 3444 10 10 3445 11 12 3446 575 572 3447 11 12 3448 12 14 3449 576 573 3450 12 14 3451 13 16 3452 577 574 3453 13 16 3454 14 18 3455 578 575 3456 14 18 3457 15 20 3458 579 576 3459 15 20 3460 16 22 3461 580 577 3462 16 22 3463 17 24 3464 581 578 3465 17 24 3466 18 26 3467 582 579 3468 18 26 3469 19 28 3470 583 580 3471 19 28 3472 8 6 3473 584 582 3474 587 582 3475 586 582 3476 586 583 3477 591 583 3478 590 583 3479 590 2 3480 589 2 3481 588 2 3482 588 584 3483 585 584 3484 584 584 3485 586 585 3486 588 585 3487 584 585 3488 591 586 3489 585 586 3490 589 586 3491 592 0 3492 595 0 3493 594 0 3494 594 5 3495 599 5 3496 598 5 3497 598 2 3498 597 2 3499 596 2 3500 596 4 3501 593 4 3502 592 4 3503 594 1 3504 596 1 3505 592 1 3506 599 3 3507 593 3 3508 597 3 3509 600 582 3510 603 582 3511 602 582 3512 602 587 3513 607 587 3514 606 587 3515 606 2 3516 605 2 3517 604 2 3518 604 588 3519 601 588 3520 600 588 3521 602 589 3522 604 589 3523 600 589 3524 607 590 3525 601 590 3526 605 590 3527 0 0 3528 1 0 3529 3 0 3530 2 1 3531 3 1 3532 7 1 3533 6 2 3534 7 2 3535 5 2 3536 4 3 3537 5 3 3538 1 3 3539 2 4 3540 6 4 3541 4 4 3542 7 5 3543 3 5 3544 1 5 3545 584 591 3546 585 591 3547 587 591 3548 586 583 3549 587 583 3550 591 583 3551 590 592 3552 591 592 3553 589 592 3554 588 584 3555 589 584 3556 585 584 3557 586 585 3558 590 585 3559 588 585 3560 591 586 3561 587 586 3562 585 586 3563 592 0 3564 593 0 3565 595 0 3566 594 5 3567 595 5 3568 599 5 3569 598 2 3570 599 2 3571 597 2 3572 596 4 3573 597 4 3574 593 4 3575 594 1 3576 598 1 3577 596 1 3578 599 3 3579 595 3 3580 593 3 3581 600 591 3582 601 591 3583 603 591 3584 602 587 3585 603 587 3586 607 587 3587 606 592 3588 607 592 3589 605 592 3590 604 588 3591 605 588 3592 601 588 3593 602 589 3594 606 589 3595 604 589 3596 607 590 3597 603 590 3598 601 590 3599</p>
        </triangles>
      </mesh>
    </geometry>
  </library_geometries>
  <library_visual_scenes>
    <visual_scene id="Scene" name="Scene">
      <node id="tmp_export_Cube_022" name="tmp_export_Cube.022" type="NODE">
        <matrix sid="transform">1 0 0 0 0 1 0 0 0 0 1 0 0 0 0 1</matrix>
        <instance_geometry url="#Cube_022-mesh" name="tmp_export_Cube.022"/>
      </node>
    </visual_scene>
  </library_visual_scenes>
  <scene>
    <instance_visual_scene url="#Scene"/>
  </scene>
</COLLADA>