<?xml version="1.0" encoding="utf-8"?>
<COLLADA xmlns="http://www.collada.org/2005/11/COLLADASchema" version="1.4.1" xmlns:xsi="http://www.w3.org/2001/XMLSchema-instance">
  <asset>
    <contributor>
      <author>Blender User</author>
      <authoring_tool>Blender 4.2.18 LTS commit date:2026-02-16, commit time:13:37, hash:d71e3422e438</authoring_tool>
    </contributor>
    <created>2026-03-31T10:09:09</created>
    <modified>2026-03-31T10:09:09</modified>
    <unit name="meter" meter="1"/>
    <up_axis>Z_UP</up_axis>
  </asset>
  <library_effects>
    <effect id="Material_004-effect">
      <profile_COMMON>
        <technique sid="common">
          <lambert>
            <emission>
              <color sid="emission">0 0 0 1</color>
            </emission>
            <diffuse>
              <color sid="diffuse">0 0 0 1</color>
            </diffuse>
            <index_of_refraction>
              <float sid="ior">1.5</float>
            </index_of_refraction>
          </lambert>
        </technique>
      </profile_COMMON>
    </effect>
  </library_effects>
  <library_images/>
  <library_materials>
    <material id="Material_004-material" name="Material.004">
      <instance_effect url="#Material_004-effect"/>
    </material>
  </library_materials>
  <library_geometries>
    <geometry id="Cube-mesh" name="Cube">
      <mesh>
        <source id="Cube-mesh-positions">
          <float_array id="Cube-mesh-positions-array" count="1968">-1 -5.555705 -1.876109 -1 -5.555705 0.1238913 -1 -3.555705 -1.876109 -1 -3.555705 0.1238913 1 -5.555705 -1.876109 1 -5.555705 0.1238913 1 -3.555705 -1.876109 1 -3.555705 0.1238913 0 3.170887 0.7559204 0 3.170887 17.75592 0.03901809 3.163201 0.7559204 0.03901809 3.163201 17.75592 0.07653671 3.140439 0.7559204 0.07653671 3.140439 17.75592 0.111114 3.103476 0.7559204 0.111114 3.103476 17.75592 0.1414213 3.05373 0.7559204 0.1414213 3.05373 17.75592 0.1662939 2.993115 0.7559204 0.1662939 2.993115 17.75592 0.1847759 2.923961 0.7559204 0.1847759 2.923961 17.75592 0.196157 2.848924 0.7559204 0.196157 2.848924 17.75592 0.2 2.770887 0.7559204 0.2 2.770887 17.75592 0.196157 2.692851 0.7559204 0.196157 2.692851 17.75592 0.1847759 2.617814 0.7559204 0.1847759 2.617814 17.75592 0.1662939 2.548659 0.7559204 0.1662939 2.548659 17.75592 0.1414213 2.488045 0.7559204 0.1414213 2.488045 17.75592 0.111114 2.4383 0.7559204 0.111114 2.4383 17.75592 0.07653671 2.401336 0.7559204 0.07653671 2.401336 17.75592 0.03901809 2.378573 0.7559204 0.03901809 2.378573 17.75592 0 2.370887 0.7559204 0 2.370887 17.75592 -0.03901803 2.378573 0.7559204 -0.03901803 2.378573 17.75592 -0.07653665 2.401336 0.7559204 -0.07653665 2.401336 17.75592 -0.111114 2.4383 0.7559204 -0.111114 2.4383 17.75592 -0.1414213 2.488045 0.7559204 -0.1414213 2.488045 17.75592 -0.1662939 2.548659 0.7559204 -0.1662939 2.548659 17.75592 -0.1847758 2.617814 0.7559204 -0.1847758 2.617814 17.75592 -0.196157 2.692851 0.7559204 -0.196157 2.692851 17.75592 -0.1999999 2.770887 0.7559204 -0.1999999 2.770887 17.75592 -0.196157 2.848924 0.7559204 -0.196157 2.848924 17.75592 -0.1847758 2.923961 0.7559204 -0.1847758 2.923961 17.75592 -0.1662939 2.993115 0.7559204 -0.1662939 2.993115 17.75592 -0.1414213 3.05373 0.7559204 -0.1414213 3.05373 17.75592 -0.111114 3.103476 0.7559204 -0.111114 3.103476 17.75592 -0.07653665 3.140439 0.7559204 -0.07653665 3.140439 17.75592 -0.03901803 3.163201 0.7559204 -0.03901803 3.163201 17.75592 1 -3.611247 -1.87308 1 -3.611247 0.1269195 -1 -3.611247 -1.87308 -1 -3.611247 0.1269195 0.9999999 4.388754 -1.87308 0.9999999 4.388754 0.1269195 -1 4.388754 -1.87308 -1 4.388754 0.1269195 0 4.140143 -0.1230807 0 4.140143 1.376919 0.1300602 4.114524 -0.1230807 0.1300602 4.114524 1.376919 0.2551224 4.03865 -0.1230807 0.2551224 4.03865 1.376919 0.3703802 3.915436 -0.1230807 0.3703802 3.915436 1.376919 0.4714045 3.749619 -0.1230807 0.4714045 3.749619 1.376919 0.554313 3.54757 -0.1230807 0.554313 3.54757 1.376919 0.6159196 3.317055 -0.1230807 0.6159196 3.317055 1.376919 0.6538568 3.066931 -0.1230807 0.6538568 3.066931 1.376919 0.6666666 2.80681 -0.1230807 0.6666666 2.80681 1.376919 0.6538568 2.546689 -0.1230807 0.6538568 2.546689 1.376919 0.6159196 2.296565 -0.1230807 0.6159196 2.296565 1.376919 0.554313 2.06605 -0.1230807 0.554313 2.06605 1.376919 0.4714045 1.864001 -0.1230807 0.4714045 1.864001 1.376919 0.3703802 1.698184 -0.1230807 0.3703802 1.698184 1.376919 0.2551223 1.574971 -0.1230807 0.2551223 1.574971 1.376919 0.1300602 1.499096 -0.1230807 0.1300602 1.499096 1.376919 0 1.473476 -0.1230807 0 1.473476 1.376919 -0.1300601 1.499096 -0.1230807 -0.1300601 1.499096 1.376919 -0.2551222 1.574971 -0.1230807 -0.2551222 1.574971 1.376919 -0.3703801 1.698184 -0.1230807 -0.3703801 1.698184 1.376919 -0.4714045 1.864001 -0.1230807 -0.4714045 1.864001 1.376919 -0.5543131 2.06605 -0.1230807 -0.5543131 2.06605 1.376919 -0.6159197 2.296566 -0.1230807 -0.6159197 2.296566 1.376919 -0.6538569 2.546689 -0.1230807 -0.6538569 2.546689 1.376919 -0.6666667 2.80681 -0.1230807 -0.6666667 2.80681 1.376919 -0.6538569 3.066931 -0.1230807 -0.6538569 3.066931 1.376919 -0.6159197 3.317055 -0.1230807 -0.6159197 3.317055 1.376919 -0.5543131 3.54757 -0.1230807 -0.5543131 3.54757 1.376919 -0.4714044 3.749619 -0.1230807 -0.4714044 3.749619 1.376919 -0.3703801 3.915436 -0.1230807 -0.3703801 3.915436 1.376919 -0.2551222 4.03865 -0.1230807 -0.2551222 4.03865 1.376919 -0.1300601 4.114524 -0.1230807 -0.1300601 4.114524 1.376919 -0.6666667 -3.12644 -7.925767 -0.6666668 -1.240822 -0.8547015 -0.6536607 -3.128252 -7.918974 -0.6536607 -1.242634 -0.8479074 -0.6411545 -3.133617 -7.898855 -0.6411545 -1.247999 -0.8277888 -0.6296287 -3.142329 -7.866183 -0.6296287 -1.256712 -0.7951166 -0.6195263 -3.154055 -7.822215 -0.6195263 -1.268437 -0.7511474 -0.6112354 -3.168342 -7.768639 -0.6112354 -1.282724 -0.6975713 -0.6050748 -3.184642 -7.707513 -0.6050748 -1.299024 -0.6364473 -0.6012811 -3.202328 -7.641188 -0.6012811 -1.31671 -0.5701231 -0.6 -3.220721 -7.572214 -0.6000001 -1.335103 -0.5011482 -0.6012811 -3.239115 -7.503241 -0.6012811 -1.353497 -0.4321733 -0.6050748 -3.256801 -7.436915 -0.6050748 -1.371183 -0.3658491 -0.6112354 -3.273101 -7.37579 -0.6112354 -1.387483 -0.3047241 -0.6195263 -3.287388 -7.322214 -0.6195263 -1.40177 -0.251148 -0.6296287 -3.299113 -7.278246 -0.6296287 -1.413495 -0.2071788 -0.6411545 -3.307826 -7.245574 -0.6411545 -1.422208 -0.1745076 -0.6536607 -3.313191 -7.225454 -0.6536607 -1.427573 -0.1543879 -0.6666667 -3.315002 -7.218661 -0.6666668 -1.429384 -0.1475949 -0.6796727 -3.313191 -7.225454 -0.6796728 -1.427573 -0.1543879 -0.692179 -3.307826 -7.245574 -0.692179 -1.422208 -0.1745076 -0.7037047 -3.299113 -7.278246 -0.7037047 -1.413495 -0.2071788 -0.7138072 -3.287388 -7.322214 -0.7138072 -1.40177 -0.251148 -0.722098 -3.273101 -7.37579 -0.7220981 -1.387483 -0.3047241 -0.7282587 -3.256801 -7.436915 -0.7282587 -1.371183 -0.3658491 -0.7320524 -3.239115 -7.503241 -0.7320524 -1.353497 -0.4321733 -0.7333334 -3.220721 -7.572214 -0.7333334 -1.335103 -0.5011482 -0.7320524 -3.202328 -7.641188 -0.7320524 -1.31671 -0.5701231 -0.7282587 -3.184642 -7.707513 -0.7282587 -1.299024 -0.6364473 -0.722098 -3.168342 -7.768639 -0.7220981 -1.282724 -0.6975713 -0.7138072 -3.154055 -7.822215 -0.7138072 -1.268437 -0.7511474 -0.7037047 -3.142329 -7.866183 -0.7037047 -1.256712 -0.7951166 -0.692179 -3.133617 -7.898855 -0.692179 -1.247999 -0.8277888 -0.6796727 -3.128252 -7.918974 -0.6796727 -1.242634 -0.8479074 -0.6666668 4.09251 -7.218661 -0.6666667 2.206892 -0.1475949 -0.6536607 4.090699 -7.225454 -0.6536607 2.205081 -0.1543879 -0.6411545 4.085334 -7.245574 -0.6411545 2.199716 -0.1745076 -0.6296287 4.076621 -7.278246 -0.6296288 2.191003 -0.2071788 -0.6195263 4.064897 -7.322214 -0.6195263 2.179278 -0.251148 -0.6112355 4.05061 -7.37579 -0.6112354 2.164991 -0.3047241 -0.6050748 4.034309 -7.436915 -0.6050748 2.148691 -0.3658491 -0.6012811 4.016623 -7.503241 -0.6012811 2.131005 -0.4321733 -0.6000001 3.99823 -7.572214 -0.6 2.112611 -0.5011482 -0.6012811 3.979836 -7.641188 -0.6012811 2.094218 -0.5701231 -0.6050748 3.96215 -7.707513 -0.6050748 2.076532 -0.6364473 -0.6112355 3.94585 -7.768639 -0.6112354 2.060232 -0.6975713 -0.6195263 3.931563 -7.822215 -0.6195263 2.045945 -0.7511474 -0.6296287 3.919838 -7.866183 -0.6296288 2.03422 -0.7951166 -0.6411544 3.911125 -7.898855 -0.6411545 2.025507 -0.8277888 -0.6536607 3.905761 -7.918974 -0.6536607 2.020142 -0.8479074 -0.6666667 3.903949 -7.925767 -0.6666667 2.018331 -0.8547015 -0.6796727 3.905761 -7.918974 -0.6796727 2.020142 -0.8479074 -0.6921789 3.911125 -7.898855 -0.692179 2.025507 -0.8277888 -0.7037047 3.919838 -7.866183 -0.7037047 2.03422 -0.7951166 -0.7138072 3.931563 -7.822215 -0.7138072 2.045945 -0.7511474 -0.7220981 3.94585 -7.768639 -0.722098 2.060232 -0.6975713 -0.7282587 3.96215 -7.707513 -0.7282587 2.076532 -0.6364473 -0.7320524 3.979836 -7.641188 -0.7320525 2.094218 -0.5701231 -0.7333335 3.99823 -7.572214 -0.7333334 2.112611 -0.5011482 -0.7320524 4.016623 -7.503241 -0.7320525 2.131005 -0.4321733 -0.7282587 4.034309 -7.436915 -0.7282587 2.148691 -0.3658491 -0.7220981 4.05061 -7.37579 -0.722098 2.164991 -0.3047241 -0.7138072 4.064897 -7.322214 -0.7138072 2.179278 -0.251148 -0.7037047 4.076621 -7.278246 -0.7037047 2.191003 -0.2071788 -0.692179 4.085334 -7.245574 -0.692179 2.199716 -0.1745076 -0.6796727 4.090699 -7.225454 -0.6796727 2.205081 -0.1543879 0.6666665 4.09251 -7.218661 0.6666666 2.206892 -0.1475949 0.6796725 4.090699 -7.225454 0.6796726 2.205081 -0.1543879 0.6921788 4.085334 -7.245574 0.6921788 2.199716 -0.1745076 0.7037045 4.076621 -7.278246 0.7037045 2.191003 -0.2071788 0.713807 4.064897 -7.322214 0.713807 2.179278 -0.251148 0.7220979 4.05061 -7.37579 0.7220979 2.164991 -0.3047241 0.7282585 4.034309 -7.436915 0.7282585 2.148692 -0.3658491 0.7320522 4.016623 -7.503241 0.7320522 2.131005 -0.4321733 0.7333332 3.99823 -7.572214 0.7333332 2.112612 -0.5011482 0.7320522 3.979836 -7.641188 0.7320522 2.094218 -0.5701231 0.7282585 3.96215 -7.707513 0.7282585 2.076532 -0.6364473 0.7220979 3.94585 -7.768639 0.7220979 2.060232 -0.6975713 0.713807 3.931563 -7.822215 0.713807 2.045945 -0.7511474 0.7037046 3.919838 -7.866183 0.7037045 2.03422 -0.7951166 0.6921789 3.911125 -7.898855 0.6921788 2.025507 -0.8277888 0.6796726 3.905761 -7.918974 0.6796725 2.020143 -0.8479074 0.6666666 3.903949 -7.925767 0.6666666 2.018331 -0.8547015 0.6536605 3.905761 -7.918974 0.6536605 2.020143 -0.8479074 0.6411544 3.911125 -7.898855 0.6411543 2.025507 -0.8277888 0.6296286 3.919838 -7.866183 0.6296285 2.03422 -0.7951166 0.6195261 3.931563 -7.822215 0.6195261 2.045945 -0.7511474 0.6112352 3.94585 -7.768639 0.6112353 2.060232 -0.6975713 0.6050746 3.96215 -7.707513 0.6050746 2.076532 -0.6364473 0.6012809 3.979836 -7.641188 0.6012809 2.094218 -0.5701231 0.5999999 3.99823 -7.572214 0.5999999 2.112612 -0.5011482 0.6012809 4.016623 -7.503241 0.6012809 2.131005 -0.4321733 0.6050746 4.034309 -7.436915 0.6050746 2.148692 -0.3658491 0.6112352 4.05061 -7.37579 0.6112353 2.164991 -0.3047241 0.6195261 4.064897 -7.322214 0.6195261 2.179278 -0.251148 0.6296285 4.076621 -7.278246 0.6296285 2.191003 -0.2071788 0.6411543 4.085334 -7.245574 0.6411543 2.199716 -0.1745076 0.6536605 4.090699 -7.225454 0.6536605 2.205081 -0.1543879 0.6666666 -3.12644 -7.925767 0.6666665 -1.240822 -0.8547015 0.6796726 -3.128252 -7.918974 0.6796725 -1.242634 -0.8479074 0.6921788 -3.133617 -7.898855 0.6921789 -1.247999 -0.8277888 0.7037046 -3.142329 -7.866183 0.7037046 -1.256712 -0.7951166 0.713807 -3.154055 -7.822215 0.7138071 -1.268437 -0.7511474 0.7220979 -3.168342 -7.768639 0.7220979 -1.282724 -0.6975713 0.7282585 -3.184642 -7.707513 0.7282586 -1.299024 -0.6364473 0.7320522 -3.202328 -7.641188 0.7320523 -1.31671 -0.5701231 0.7333333 -3.220721 -7.572214 0.7333332 -1.335103 -0.5011482 0.7320522 -3.239115 -7.503241 0.7320523 -1.353497 -0.4321733 0.7282585 -3.256801 -7.436915 0.7282586 -1.371183 -0.3658491 0.7220979 -3.273101 -7.37579 0.7220979 -1.387483 -0.3047241 0.713807 -3.287388 -7.322214 0.7138071 -1.40177 -0.251148 0.7037046 -3.299113 -7.278246 0.7037046 -1.413495 -0.2071788 0.6921788 -3.307826 -7.245574 0.6921789 -1.422208 -0.1745076 0.6796725 -3.313191 -7.225454 0.6796725 -1.427573 -0.1543879 0.6666666 -3.315002 -7.218661 0.6666665 -1.429384 -0.1475949 0.6536605 -3.313191 -7.225454 0.6536605 -1.427573 -0.1543879 0.6411543 -3.307826 -7.245574 0.6411543 -1.422208 -0.1745076 0.6296285 -3.299113 -7.278246 0.6296286 -1.413495 -0.2071788 0.6195262 -3.287388 -7.322214 0.6195262 -1.40177 -0.251148 0.6112353 -3.273101 -7.37579 0.6112353 -1.387483 -0.3047241 0.6050747 -3.256801 -7.436915 0.6050747 -1.371183 -0.3658491 0.6012809 -3.239115 -7.503241 0.6012809 -1.353497 -0.4321733 0.5999999 -3.220721 -7.572214 0.5999999 -1.335103 -0.5011482 0.6012809 -3.202328 -7.641188 0.6012809 -1.31671 -0.5701231 0.6050747 -3.184642 -7.707513 0.6050747 -1.299024 -0.6364473 0.6112353 -3.168342 -7.768639 0.6112353 -1.282724 -0.6975713 0.6195262 -3.154055 -7.822215 0.6195262 -1.268437 -0.7511474 0.6296285 -3.142329 -7.866183 0.6296286 -1.256712 -0.7951166 0.6411543 -3.133617 -7.898855 0.6411543 -1.247999 -0.8277888 0.6536605 -3.128252 -7.918974 0.6536605 -1.242634 -0.8479074 -1.005113 4.064652 -7.431182 -0.6051134 4.064652 -7.431182 -1.005113 4.062091 -7.528728 -0.6051134 4.062091 -7.528728 -1.005113 4.054503 -7.622524 -0.6051134 4.054503 -7.622524 -1.005113 4.042182 -7.708966 -0.6051134 4.042182 -7.708968 -1.005113 4.0256 -7.784735 -0.6051134 4.0256 -7.784735 -1.005113 4.005395 -7.846917 -0.6051134 4.005395 -7.846917 -1.005113 3.982344 -7.893122 -0.6051134 3.982344 -7.893122 -1.005113 3.957332 -7.921575 -0.6051134 3.957332 -7.921575 -1.005113 3.931319 -7.931182 -0.6051134 3.931319 -7.931182 -1.005113 3.905308 -7.921575 -0.6051134 3.905308 -7.921575 -1.005113 3.880295 -7.893122 -0.6051134 3.880295 -7.893122 -1.005113 3.857244 -7.846917 -0.6051134 3.857244 -7.846917 -1.005113 3.837038 -7.784735 -0.6051134 3.837038 -7.784735 -1.005113 3.820456 -7.708966 -0.6051134 3.820456 -7.708968 -1.005113 3.808135 -7.622524 -0.6051134 3.808135 -7.622524 -1.005113 3.800548 -7.528728 -0.6051134 3.800548 -7.528728 -1.005113 3.797986 -7.431182 -0.6051134 3.797986 -7.431182 -1.005113 3.800548 -7.333638 -0.6051134 3.800548 -7.333638 -1.005113 3.808135 -7.23984 -0.6051134 3.808135 -7.23984 -1.005113 3.820456 -7.153397 -0.6051134 3.820456 -7.153398 -1.005113 3.837038 -7.077629 -0.6051134 3.837038 -7.077629 -1.005113 3.857244 -7.015448 -0.6051134 3.857244 -7.015448 -1.005113 3.880295 -6.969243 -0.6051134 3.880295 -6.969243 -1.005113 3.905308 -6.94079 -0.6051134 3.905308 -6.94079 -1.005113 3.931319 -6.931182 -0.6051134 3.931319 -6.931182 -1.005113 3.957332 -6.94079 -0.6051134 3.957332 -6.94079 -1.005113 3.982344 -6.969243 -0.6051134 3.982344 -6.969243 -1.005113 4.005395 -7.015448 -0.6051134 4.005395 -7.015448 -1.005113 4.0256 -7.077629 -0.6051134 4.0256 -7.077629 -1.005113 4.042182 -7.153397 -0.6051134 4.042182 -7.153398 -1.005113 4.054503 -7.23984 -0.6051134 4.054503 -7.23984 -1.005113 4.062091 -7.333638 -0.6051134 4.062091 -7.333638 0.605113 4.064652 -7.431182 1.005113 4.064652 -7.431182 0.605113 4.062091 -7.528728 1.005113 4.062091 -7.528728 0.605113 4.054503 -7.622524 1.005113 4.054503 -7.622524 0.605113 4.042182 -7.708966 1.005113 4.042182 -7.708968 0.605113 4.0256 -7.784735 1.005113 4.0256 -7.784735 0.605113 4.005395 -7.846917 1.005113 4.005395 -7.846917 0.605113 3.982344 -7.893122 1.005113 3.982344 -7.893122 0.605113 3.957332 -7.921575 1.005113 3.957332 -7.921575 0.605113 3.931319 -7.931182 1.005113 3.931319 -7.931182 0.6051131 3.905308 -7.921575 1.005113 3.905308 -7.921575 0.6051131 3.880295 -7.893122 1.005113 3.880295 -7.893122 0.6051131 3.857244 -7.846917 1.005113 3.857244 -7.846917 0.6051131 3.837038 -7.784735 1.005113 3.837038 -7.784735 0.6051131 3.820456 -7.708966 1.005113 3.820456 -7.708968 0.6051131 3.808135 -7.622524 1.005113 3.808135 -7.622524 0.6051131 3.800548 -7.528728 1.005113 3.800548 -7.528728 0.6051131 3.797986 -7.431182 1.005113 3.797986 -7.431182 0.6051131 3.800548 -7.333638 1.005113 3.800548 -7.333638 0.6051131 3.808135 -7.23984 1.005113 3.808135 -7.23984 0.6051131 3.820456 -7.153397 1.005113 3.820456 -7.153398 0.6051131 3.837038 -7.077629 1.005113 3.837038 -7.077629 0.6051131 3.857244 -7.015448 1.005113 3.857244 -7.015448 0.6051131 3.880295 -6.969243 1.005113 3.880295 -6.969243 0.6051131 3.905308 -6.94079 1.005113 3.905308 -6.94079 0.605113 3.931319 -6.931182 1.005113 3.931319 -6.931182 0.605113 3.957332 -6.94079 1.005113 3.957332 -6.94079 0.605113 3.982344 -6.969243 1.005113 3.982344 -6.969243 0.605113 4.005395 -7.015448 1.005113 4.005395 -7.015448 0.605113 4.0256 -7.077629 1.005113 4.0256 -7.077629 0.605113 4.042182 -7.153397 1.005113 4.042182 -7.153398 0.605113 4.054503 -7.23984 1.005113 4.054503 -7.23984 0.605113 4.062091 -7.333638 1.005113 4.062091 -7.333638 0.6051131 -3.020472 -7.431182 1.005113 -3.020473 -7.431182 0.6051131 -3.023034 -7.528728 1.005113 -3.023034 -7.528728 0.6051131 -3.030621 -7.622524 1.005113 -3.030621 -7.622524 0.6051131 -3.042943 -7.708966 1.005113 -3.042943 -7.708968 0.6051131 -3.059524 -7.784735 1.005113 -3.059524 -7.784735 0.6051131 -3.079729 -7.846917 1.005113 -3.079729 -7.846917 0.6051131 -3.102782 -7.893122 1.005113 -3.102782 -7.893122 0.6051131 -3.127794 -7.921575 1.005113 -3.127794 -7.921575 0.6051131 -3.153805 -7.931182 1.005113 -3.153805 -7.931182 0.6051131 -3.179818 -7.921575 1.005113 -3.179818 -7.921575 0.6051131 -3.20483 -7.893122 1.005113 -3.20483 -7.893122 0.6051131 -3.227881 -7.846917 1.005113 -3.227881 -7.846917 0.6051131 -3.248086 -7.784735 1.005113 -3.248086 -7.784735 0.6051131 -3.264668 -7.708966 1.005113 -3.264668 -7.708968 0.6051131 -3.276989 -7.622524 1.005113 -3.276989 -7.622524 0.6051131 -3.284577 -7.528728 1.005113 -3.284577 -7.528728 0.6051131 -3.287139 -7.431182 1.005113 -3.287139 -7.431182 0.6051131 -3.284577 -7.333638 1.005113 -3.284577 -7.333638 0.6051131 -3.276989 -7.23984 1.005113 -3.276989 -7.23984 0.6051131 -3.264668 -7.153397 1.005113 -3.264668 -7.153398 0.6051131 -3.248086 -7.077629 1.005113 -3.248086 -7.077629 0.6051131 -3.227881 -7.015448 1.005113 -3.227881 -7.015448 0.6051131 -3.20483 -6.969243 1.005113 -3.20483 -6.969243 0.6051131 -3.179818 -6.94079 1.005113 -3.179818 -6.94079 0.6051131 -3.153805 -6.931182 1.005113 -3.153805 -6.931182 0.6051131 -3.127794 -6.94079 1.005113 -3.127794 -6.94079 0.6051131 -3.102782 -6.969243 1.005113 -3.102782 -6.969243 0.6051131 -3.079729 -7.015448 1.005113 -3.079729 -7.015448 0.6051131 -3.059524 -7.077629 1.005113 -3.059524 -7.077629 0.6051131 -3.042943 -7.153397 1.005113 -3.042943 -7.153398 0.6051131 -3.030621 -7.23984 1.005113 -3.030621 -7.23984 0.6051131 -3.023034 -7.333638 1.005113 -3.023034 -7.333638 -1.005113 -3.020472 -7.431182 -0.6051133 -3.020473 -7.431182 -1.005113 -3.023034 -7.528728 -0.6051133 -3.023034 -7.528728 -1.005113 -3.030621 -7.622524 -0.6051133 -3.030621 -7.622524 -1.005113 -3.042943 -7.708966 -0.6051133 -3.042943 -7.708968 -1.005113 -3.059524 -7.784735 -0.6051133 -3.059524 -7.784735 -1.005113 -3.079729 -7.846917 -0.6051133 -3.079729 -7.846917 -1.005113 -3.102782 -7.893122 -0.6051133 -3.102782 -7.893122 -1.005113 -3.127794 -7.921575 -0.6051133 -3.127794 -7.921575 -1.005113 -3.153805 -7.931182 -0.6051133 -3.153805 -7.931182 -1.005113 -3.179818 -7.921575 -0.6051133 -3.179818 -7.921575 -1.005113 -3.20483 -7.893122 -0.6051133 -3.20483 -7.893122 -1.005113 -3.227881 -7.846917 -0.6051133 -3.227881 -7.846917 -1.005113 -3.248086 -7.784735 -0.6051133 -3.248086 -7.784735 -1.005113 -3.264668 -7.708966 -0.6051133 -3.264668 -7.708968 -1.005113 -3.276989 -7.622524 -0.6051133 -3.276989 -7.622524 -1.005113 -3.284577 -7.528728 -0.6051133 -3.284577 -7.528728 -1.005113 -3.287139 -7.431182 -0.6051133 -3.287139 -7.431182 -1.005113 -3.284577 -7.333638 -0.6051133 -3.284577 -7.333638 -1.005113 -3.276989 -7.23984 -0.6051133 -3.276989 -7.23984 -1.005113 -3.264668 -7.153397 -0.6051133 -3.264668 -7.153398 -1.005113 -3.248086 -7.077629 -0.6051133 -3.248086 -7.077629 -1.005113 -3.227881 -7.015448 -0.6051133 -3.227881 -7.015448 -1.005113 -3.20483 -6.969243 -0.6051133 -3.20483 -6.969243 -1.005113 -3.179818 -6.94079 -0.6051133 -3.179818 -6.94079 -1.005113 -3.153805 -6.931182 -0.6051133 -3.153805 -6.931182 -1.005113 -3.127794 -6.94079 -0.6051133 -3.127794 -6.94079 -1.005113 -3.102782 -6.969243 -0.6051133 -3.102782 -6.969243 -1.005113 -3.079729 -7.015448 -0.6051133 -3.079729 -7.015448 -1.005113 -3.059524 -7.077629 -0.6051133 -3.059524 -7.077629 -1.005113 -3.042943 -7.153397 -0.6051133 -3.042943 -7.153398 -1.005113 -3.030621 -7.23984 -0.6051133 -3.030621 -7.23984 -1.005113 -3.023034 -7.333638 -0.6051133 -3.023034 -7.333638</float_array>
          <technique_common>
            <accessor source="#Cube-mesh-positions-array" count="656" stride="3">
              <param name="X" type="float"/>
              <param name="Y" type="float"/>
              <param name="Z" type="float"/>
            </accessor>
          </technique_common>
        </source>
        <source id="Cube-mesh-normals">
          <float_array id="Cube-mesh-normals-array" count="3792">-1 0 0 0 1 0 1 0 0 0 -1 0 0 0 -1 0 0 1 0.1932749 0.9811447 0 0.5186972 0.8549581 0 0.730285 0.6831427 0 0.8539896 0.5202901 0 0.9251415 0.3796223 0 0.9660933 0.2581935 0 0.9886923 0.1499587 0 0.9987896 0.04918605 0 0.9987896 -0.04918605 0 0.9886923 -0.1499587 0 0.9660933 -0.2581935 0 0.9251415 -0.3796223 0 0.8539874 -0.5202937 0 0.7302894 -0.683138 0 0.5186972 -0.8549581 0 0.1932749 -0.9811447 0 -0.1932749 -0.9811447 0 -0.5186974 -0.8549579 0 -0.7302892 -0.6831382 0 -0.8539873 -0.5202938 0 -0.9251415 -0.3796223 0 -0.9660931 -0.2581937 0 -0.9886923 -0.1499587 0 -0.9987896 -0.04918587 0 -0.9987896 0.04918587 0 -0.9886923 0.1499587 0 -0.9660931 0.2581937 0 -0.9251415 0.3796223 0 -0.8539896 0.5202901 0 -0.7302848 0.6831429 0 0 0 1 -0.5186974 0.8549579 0 -0.1932749 0.9811447 0 0 0 -1 0 -1 0 -1 0 0 0 1 0 1 0 0 0 0 -1 0 0 1 0.193268 0.981146 0 0.5186972 0.8549581 0 0.7302911 0.6831362 0 0.853988 0.5202929 0 0.9251416 0.3796222 0 0.9660931 0.2581942 0 0.9886924 0.1499583 0 0.9987897 0.04918599 0 0.9987896 -0.04918605 0 0.9886924 -0.1499581 0 0.9660931 -0.2581942 0 0.9251419 -0.3796216 0 0.8539873 -0.520294 0 0.7302898 -0.6831376 0 0.5186972 -0.8549581 0 0.1932715 -0.9811453 0 -0.1932714 -0.9811453 0 -0.5186975 -0.8549578 0 -0.7302898 -0.6831376 0 -0.853987 -0.5202944 0 -0.9251416 -0.3796221 0 -0.9660932 -0.2581937 0 -0.9886924 -0.1499583 0 -0.9987896 -0.04918605 0 -0.9987897 0.04918599 0 -0.9886924 0.1499583 0 -0.9660931 0.2581942 0 -0.9251419 0.3796215 0 -0.8539865 0.5202953 0 -0.7302911 0.6831362 0 0 0 1 -0.5186975 0.8549579 0 -0.193268 0.981146 0 0 0 -1 0.2599352 0.9330217 -0.2488058 0.6382298 0.743852 -0.1983606 0.8251623 0.545822 -0.1455525 0.9133352 0.3934592 -0.1049224 0.9577473 0.2778996 -0.07410651 0.9814063 0.1854609 -0.04945623 0.9938963 0.1065938 -0.02842503 0.9993512 0.034801 -0.009280264 0.9993512 -0.03480023 0.009280025 0.9938959 -0.106597 0.02842587 0.9814063 -0.1854609 0.04945623 0.9577504 -0.2778899 0.07410401 0.9133291 -0.3934724 0.104926 0.8251684 -0.5458134 0.1455502 0.6382327 -0.7438497 0.1983599 0.2599092 -0.9330283 0.2488076 -0.2599081 -0.9330286 0.2488077 -0.6382327 -0.7438497 0.1983599 -0.8251683 -0.5458134 0.1455503 -0.9133291 -0.3934723 0.1049259 -0.9577502 -0.2778905 0.07410413 -0.9814059 -0.1854627 0.04945665 -0.9938959 -0.1065971 0.02842587 -0.9993513 -0.0347985 0.009279549 -0.9993513 0.03479921 -0.009279787 -0.9938963 0.1065942 -0.02842509 -0.9814059 0.1854627 -0.04945671 -0.9577476 0.2778989 -0.07410639 -0.9133344 0.3934611 -0.1049229 -0.8251623 0.545822 -0.1455526 5.78989e-6 0.9662349 0.2576627 -0.6382279 0.7438535 -0.1983609 -0.2599442 0.9330193 -0.2488052 -6.28122e-5 -0.9662346 -0.257664 0.259872 0.933038 0.2488102 0.6382327 0.7438497 0.1983599 0.8251765 0.5458019 0.1455472 0.9133257 0.3934799 0.104928 0.9577496 0.2778922 0.0741046 0.9814056 0.1854644 0.04945719 0.9938961 0.1065955 0.02842545 0.9993513 0.03479897 0.009279727 0.9993513 -0.03479886 -0.009279668 0.9938964 -0.1065926 -0.02842468 0.9814046 -0.1854696 -0.04945856 0.9577496 -0.2778923 -0.0741046 0.9133327 -0.3934648 -0.1049239 0.8251745 -0.5458048 -0.1455479 0.6382042 -0.7438726 -0.1983661 0.2599442 -0.9330193 -0.2488052 -0.2599352 -0.9330216 -0.2488058 -0.638206 -0.743871 -0.1983656 -0.8251752 -0.5458038 -0.1455477 -0.9133318 -0.3934667 -0.1049245 -0.9577485 -0.2778959 -0.07410562 -0.9814054 -0.1854653 -0.04945743 -0.9938964 -0.1065926 -0.02842468 -0.9993512 -0.03480213 -0.009280562 -0.9993512 0.03480225 0.009280562 -0.9938961 0.1065955 0.02842545 -0.9814063 0.1854609 0.04945623 -0.9577489 0.2778947 0.07410526 -0.9133257 0.39348 0.104928 -0.8251765 0.5458019 0.1455472 1.95073e-5 -0.9662347 0.2576636 -0.6382327 0.7438497 0.1983599 -0.2598732 0.9330378 0.2488101 -2.15792e-5 0.966235 -0.2576625 0.259872 0.933038 0.2488102 0.6382375 0.7438459 0.1983589 0.8251765 0.5458019 0.1455472 0.9133257 0.3934799 0.104928 0.9577485 0.2778959 0.07410556 0.9814065 0.1854602 0.049456 0.9938961 0.1065955 0.02842545 0.9993513 0.03479897 0.009279727 0.9993513 -0.03479886 -0.009279668 0.9938964 -0.1065926 -0.02842468 0.9814053 -0.1854661 -0.0494576 0.9577485 -0.2778959 -0.07410556 0.9133327 -0.3934648 -0.1049239 0.8251745 -0.5458048 -0.1455479 0.6382042 -0.7438726 -0.198366 0.2599442 -0.9330193 -0.2488052 -0.2599442 -0.9330193 -0.2488052 -0.638206 -0.743871 -0.1983656 -0.8251765 -0.5458018 -0.1455472 -0.9133308 -0.3934687 -0.104925 -0.9577485 -0.2778959 -0.07410556 -0.9814054 -0.1854653 -0.04945743 -0.9938964 -0.1065926 -0.02842468 -0.9993513 -0.03479886 -0.009279668 -0.9993513 0.03479897 0.009279727 -0.9938961 0.1065955 0.02842545 -0.9814063 0.1854609 0.04945623 -0.9577489 0.2778947 0.07410526 -0.9133257 0.39348 0.104928 -0.8251745 0.5458048 0.1455479 1.54991e-5 -0.9662349 0.2576627 -0.6382327 0.7438497 0.1983599 -0.2598732 0.9330378 0.2488101 -2.15792e-5 0.966235 -0.2576625 0.2599352 0.9330217 -0.2488057 0.6382298 0.743852 -0.1983606 0.8251609 0.5458239 -0.145553 0.9133361 0.3934572 -0.1049219 0.9577473 0.2778996 -0.07410651 0.9814063 0.1854609 -0.04945623 0.9938963 0.1065938 -0.02842503 0.9993512 0.03480261 -0.009280681 0.9993512 -0.03480184 0.009280443 0.9938959 -0.1065971 0.02842587 0.9814063 -0.1854609 0.04945623 0.9577504 -0.2778899 0.07410401 0.91333 -0.3934704 0.1049255 0.8251671 -0.5458154 0.1455507 0.6382327 -0.7438497 0.1983599 0.2599092 -0.9330283 0.2488076 -0.2599081 -0.9330287 0.2488077 -0.6382327 -0.7438497 0.1983599 -0.8251684 -0.5458134 0.1455503 -0.91333 -0.3934704 0.1049255 -0.9577502 -0.2778905 0.07410413 -0.9814059 -0.1854627 0.04945665 -0.9938959 -0.1065971 0.02842587 -0.9993512 -0.03480011 0.009280025 -0.9993512 0.03480088 -0.009280204 -0.9938963 0.1065942 -0.02842509 -0.9814059 0.1854627 -0.04945671 -0.9577476 0.2778989 -0.07410639 -0.9133353 0.3934592 -0.1049224 -0.8251623 0.545822 -0.1455526 5.78989e-6 0.9662349 0.2576627 -0.6382279 0.7438535 -0.1983609 -0.2599442 0.9330193 -0.2488052 -6.28122e-5 -0.9662346 -0.257664 0 0.9996554 -0.02625113 0 0.9967442 -0.08062934 -5.0466e-7 0.9899934 -0.1411132 0 0.976881 -0.2137839 0 0.9510498 -0.3090379 0 0.8948258 -0.4464156 0 0.7510605 -0.6602334 0 0.3464607 -0.9380645 0 -0.3464719 -0.9380604 0 -0.751048 -0.6602476 0 -0.8948258 -0.4464156 0 -0.9510498 -0.3090379 -7.64551e-7 -0.9768809 -0.2137839 0 -0.9899934 -0.1411132 0 -0.9967442 -0.08062934 0 -0.9996554 -0.02625113 0 -0.9996554 0.02625155 0 -0.9967443 0.08062851 5.04652e-7 -0.9899938 0.1411109 0 -0.9768801 0.2137878 0 -0.951049 0.3090401 0 -0.8948258 0.4464156 0 -0.751048 0.6602476 0 -0.346487 0.9380548 0 0.3464758 0.9380589 0 0.7510605 0.6602334 0 0.8948258 0.4464156 0 0.951049 0.3090401 7.64565e-7 0.9768801 0.2137878 0 0.9899938 0.1411109 1 0 0 0 0.9967443 0.08062851 0 0.9996554 0.02625155 -1 0 0 0 0.9996554 -0.02625113 0 0.9967441 -0.08062928 -5.0466e-7 0.9899935 -0.1411132 0 0.9768809 -0.2137839 0 0.9510498 -0.3090379 0 0.8948258 -0.4464156 0 0.7510604 -0.6602334 0 0.3464607 -0.9380645 0 -0.3464719 -0.9380604 0 -0.751048 -0.6602476 0 -0.8948258 -0.4464156 0 -0.9510497 -0.3090379 -7.64551e-7 -0.9768809 -0.2137839 0 -0.9899935 -0.1411132 0 -0.9967442 -0.08062934 0 -0.9996554 -0.02625113 0 -0.9996554 0.02625155 0 -0.9967443 0.08062851 5.04652e-7 -0.9899938 0.1411109 0 -0.9768801 0.2137878 0 -0.951049 0.3090401 0 -0.8948258 0.4464156 0 -0.751048 0.6602476 0 -0.346487 0.9380548 0 0.3464758 0.9380589 0 0.7510604 0.6602334 0 0.8948258 0.4464156 0 0.9510491 0.3090401 7.64565e-7 0.9768801 0.2137878 0 0.9899938 0.1411109 1 0 0 0 0.9967443 0.08062851 0 0.9996554 0.02625155 -1 0 0 0 0.9996553 -0.02625602 0 0.9967442 -0.08062934 -5.0466e-7 0.9899935 -0.1411132 0 0.9768809 -0.2137839 0 0.9510518 -0.3090313 0 0.8948184 -0.4464303 0 0.7510573 -0.660237 0 0.3464719 -0.9380604 0 -0.3464607 -0.9380645 0 -0.7510542 -0.6602405 0 -0.8948258 -0.4464156 0 -0.9510518 -0.3090313 -7.64551e-7 -0.9768809 -0.2137839 0 -0.9899935 -0.1411132 0 -0.9967442 -0.08062934 0 -0.9996553 -0.02625602 0 -0.9996553 0.02625638 0 -0.9967443 0.08062851 5.04652e-7 -0.9899938 0.1411109 0 -0.9768801 0.2137878 0 -0.9510512 0.3090335 0 -0.8948258 0.4464156 0 -0.7510542 0.6602405 0 -0.3464758 0.9380589 0 0.346487 0.9380548 0 0.7510573 0.660237 0 0.8948184 0.4464303 0 0.9510512 0.3090335 7.64565e-7 0.9768801 0.2137878 0 0.9899938 0.1411109 1 0 0 0 0.9967443 0.08062851 1.78752e-6 0.9996553 0.02625638 -1 0 0 0 0.9996553 -0.02625602 0 0.9967442 -0.08062934 -5.0466e-7 0.9899935 -0.1411132 0 0.9768809 -0.2137839 0 0.9510518 -0.3090313 0 0.8948184 -0.4464303 0 0.7510573 -0.660237 0 0.3464719 -0.9380604 0 -0.3464607 -0.9380645 0 -0.7510542 -0.6602405 0 -0.8948258 -0.4464156 0 -0.9510518 -0.3090313 -7.64551e-7 -0.9768809 -0.2137839 0 -0.9899935 -0.1411132 0 -0.9967442 -0.08062934 0 -0.9996553 -0.02625602 0 -0.9996553 0.02625638 0 -0.9967443 0.08062851 5.04652e-7 -0.9899938 0.1411109 0 -0.9768801 0.2137878 0 -0.9510512 0.3090335 0 -0.8948258 0.4464156 0 -0.7510542 0.6602405 0 -0.3464758 0.9380589 0 0.346487 0.9380548 0 0.7510573 0.660237 0 0.8948184 0.4464303 0 0.9510512 0.3090335 7.64565e-7 0.9768801 0.2137878 0 0.9899938 0.1411109 1 0 0 0 0.9967443 0.08062851 1.78752e-6 0.9996553 0.02625638 -1 0 0 0.1932749 0.9811447 0 0.5186972 0.8549581 0 0.730285 0.6831427 0 0.8539896 0.5202901 0 0.9251415 0.3796223 0 0.9660933 0.2581935 0 0.9886923 0.1499587 0 0.9987896 0.04918605 0 0.9987896 -0.04918605 0 0.9886923 -0.1499587 0 0.9660933 -0.2581935 0 0.9251415 -0.3796223 0 0.8539874 -0.5202937 0 0.7302894 -0.683138 0 0.5186972 -0.8549581 0 0.1932749 -0.9811447 0 -0.1932749 -0.9811447 0 -0.5186974 -0.8549579 0 -0.7302892 -0.6831382 0 -0.8539873 -0.5202938 0 -0.9251415 -0.3796223 0 -0.9660931 -0.2581937 0 -0.9886923 -0.1499587 0 -0.9987896 -0.04918587 0 -0.9987896 0.04918587 0 -0.9886923 0.1499587 0 -0.9660931 0.2581937 0 -0.9251415 0.3796223 0 -0.8539896 0.5202901 0 -0.7302848 0.6831429 0 0 0 1 0 0 1 0 0 1 0 0 1 0 0 1 0 0 1 0 0 1 0 0 1 0 0 1 0 0 1 0 0 1 0 0 1 0 0 1 0 0 1 0 0 1 0 0 1 0 0 1 0 0 1 0 0 1 0 0 1 0 0 1 0 0 1 0 0 1 0 0 1 0 0 1 0 0 1 0 0 1 0 0 1 0 0 1 -0.5186974 0.8549579 0 -0.1932749 0.9811447 0 0 0 -1 0 0 -1 0 0 -1 0 0 -1 0 0 -1 0 0 -1 0 0 -1 0 0 -1 0 0 -1 0 0 -1 0 0 -1 0 0 -1 0 0 -1 0 0 -1 0 0 -1 0 0 -1 0 0 -1 0 0 -1 0 0 -1 0 0 -1 0 0 -1 0 0 -1 0 0 -1 0 0 -1 0 0 -1 0 0 -1 0 0 -1 0 0 -1 0 0 -1 0 -1 0 -1 0 0 0 1 0 1 0 0 0 0 -1 0 0 1 0.193268 0.981146 0 0.5186972 0.8549581 0 0.7302911 0.6831362 0 0.853988 0.5202929 0 0.9251416 0.3796222 0 0.9660931 0.2581942 0 0.9886924 0.1499583 0 0.9987897 0.04918599 0 0.9987896 -0.04918605 0 0.9886924 -0.1499581 0 0.9660931 -0.2581942 0 0.9251419 -0.3796216 0 0.8539873 -0.520294 0 0.7302898 -0.6831376 0 0.5186972 -0.8549581 0 0.1932715 -0.9811453 0 -0.1932714 -0.9811453 0 -0.5186975 -0.8549578 0 -0.7302898 -0.6831376 0 -0.853987 -0.5202944 0 -0.9251416 -0.3796221 0 -0.9660932 -0.2581937 0 -0.9886924 -0.1499583 0 -0.9987896 -0.04918605 0 -0.9987897 0.04918599 0 -0.9886924 0.1499583 0 -0.9660931 0.2581942 0 -0.9251419 0.3796215 0 -0.8539865 0.5202953 0 -0.7302911 0.6831362 0 0 0 1 0 0 1 0 0 1 0 0 1 0 0 1 0 0 1 0 0 1 0 0 1 0 0 1 0 0 1 0 0 1 0 0 1 0 0 1 0 0 1 0 0 1 0 0 1 0 0 1 0 0 1 0 0 1 0 0 1 0 0 1 0 0 1 0 0 1 0 0 1 0 0 1 0 0 1 0 0 1 0 0 1 0 0 1 -0.5186975 0.8549579 0 -0.193268 0.981146 0 0 0 -1 0 0 -1 0 0 -1 0 0 -1 0 0 -1 0 0 -1 0 0 -1 0 0 -1 0 0 -1 0 0 -1 0 0 -1 0 0 -1 0 0 -1 0 0 -1 0 0 -1 0 0 -1 0 0 -1 0 0 -1 0 0 -1 0 0 -1 0 0 -1 0 0 -1 0 0 -1 0 0 -1 0 0 -1 0 0 -1 0 0 -1 0 0 -1 0 0 -1 0.2599558 0.9330163 -0.2488044 0.6382115 0.7438666 -0.1983644 0.8251733 0.5458066 -0.1455485 0.9133322 0.3934658 -0.1049242 0.9577485 0.2778962 -0.07410562 0.9814056 0.1854642 -0.04945707 0.9938961 0.1065949 -0.02842527 0.9993513 0.03479909 -0.009279727 0.9993513 -0.03479886 0.009279668 0.9938963 -0.1065934 0.02842491 0.9814051 -0.1854667 0.04945772 0.9577498 -0.2778919 0.07410448 0.913329 -0.3934726 0.104926 0.825173 -0.545807 0.1455485 0.6382294 -0.7438523 0.1983606 0.2599048 -0.9330296 0.2488079 -0.2599059 -0.9330293 0.2488079 -0.6382294 -0.7438523 0.1983606 -0.825173 -0.545807 0.1455485 -0.9133291 -0.3934726 0.104926 -0.9577493 -0.2778937 0.07410496 -0.9814055 -0.1854649 0.04945731 -0.9938963 -0.1065934 0.02842491 -0.9993512 -0.03480046 0.009280085 -0.9993512 0.0348007 -0.009280145 -0.9938961 0.1065949 -0.02842527 -0.981406 0.1854624 -0.04945665 -0.9577479 0.277898 -0.07410609 -0.9133323 0.3934657 -0.1049242 -0.8251732 0.5458067 -0.1455484 -5.9139e-6 0.9662351 0.2576625 1.64262e-5 0.9662349 0.2576628 -1.65985e-5 0.966235 0.2576625 6.36074e-6 0.9662349 0.2576628 4.42196e-6 0.9662349 0.2576628 -8.25698e-6 0.9662351 0.2576622 3.8245e-5 0.9662351 0.2576622 2.44211e-5 0.966235 0.2576627 -7.3063e-5 0.9662349 0.2576625 3.20491e-5 0.9662349 0.2576625 -2.06338e-5 0.9662355 0.2576606 8.97499e-5 0.9662354 0.2576606 9.94922e-5 0.9662349 0.2576627 -8.33993e-5 0.9662349 0.2576628 -3.82132e-5 0.9662349 0.2576627 -8.37803e-6 0.9662349 0.2576625 2.23828e-6 0.9662349 0.2576628 -2.43177e-6 0.966235 0.2576625 8.81146e-6 0.9662349 0.2576628 -3.69294e-5 0.9662349 0.2576628 3.58308e-5 0.9662351 0.2576622 -3.18708e-6 0.9662351 0.2576622 -3.11507e-5 0.9662349 0.2576627 8.16141e-5 0.966235 0.2576625 -2.43133e-5 0.966235 0.2576625 -9.90539e-5 0.9662349 0.2576627 -8.97541e-5 0.9662355 0.2576607 2.06338e-5 0.9662355 0.2576606 7.12531e-5 0.9662349 0.2576628 -0.6382097 0.743868 -0.1983649 -0.259958 0.9330158 -0.2488042 3.74148e-5 -0.9662348 -0.2576633 -3.77985e-5 -0.966235 -0.2576627 8.55959e-6 -0.966235 -0.2576626 5.85014e-5 -0.9662349 -0.2576626 9.69256e-6 -0.966235 -0.2576626 -1.02436e-4 -0.9662351 -0.2576622 4.21334e-5 -0.9662352 -0.2576618 -2.91879e-5 -0.9662352 -0.2576618 4.93079e-5 -0.9662355 -0.2576605 4.21045e-5 -0.9662355 -0.2576605 4.08018e-4 -0.9662331 -0.2576693 -4.56528e-4 -0.966233 -0.2576693 6.62081e-5 -0.9662351 -0.2576622 2.80283e-6 -0.9662345 -0.257664 -2.27744e-5 -0.9662346 -0.257664 1.99367e-6 -0.9662348 -0.2576633 -2.38189e-6 -0.966235 -0.2576627 -9.88239e-6 -0.9662349 -0.2576626 1.85245e-5 -0.9662349 -0.2576626 -8.81142e-6 -0.966235 -0.2576626 -1.12234e-5 -0.9662351 -0.2576622 -6.89335e-5 -0.9662352 -0.2576618 -2.91877e-5 -0.9662352 -0.2576618 2.92341e-4 -0.9662355 -0.2576605 4.21041e-5 -0.9662355 -0.2576605 -4.08037e-4 -0.9662331 -0.2576692 -2.13648e-4 -0.9662331 -0.2576693 -4.4935e-5 -0.9662351 -0.2576622 9.40085e-5 -0.9662345 -0.257664 0.2599059 0.9330294 0.2488078 0.6382378 0.7438456 0.1983588 0.8251671 0.5458152 0.1455507 0.9133296 0.3934712 0.1049256 0.9577491 0.277894 0.07410508 0.9814059 0.1854627 0.04945671 0.9938961 0.1065948 0.02842527 0.9993512 0.03480023 0.009280025 0.9993512 -0.0348007 -0.009280145 0.9938961 -0.1065949 -0.02842527 0.9814056 -0.1854642 -0.04945707 0.9577491 -0.277894 -0.07410508 0.9133298 -0.3934709 -0.1049256 0.8251709 -0.5458098 -0.1455492 0.6382265 -0.7438547 -0.1983612 0.2599261 -0.933024 -0.2488065 -0.259925 -0.9330243 -0.2488065 -0.6382248 -0.743856 -0.1983616 -0.8251709 -0.5458098 -0.1455492 -0.9133297 -0.3934709 -0.1049256 -0.9577497 -0.2778921 -0.0741046 -0.9814053 -0.1854659 -0.04945755 -0.9938961 -0.1065949 -0.02842527 -0.9993513 -0.03479903 -0.009279727 -0.9993513 0.03479862 0.009279608 -0.9938961 0.1065948 0.02842527 -0.9814056 0.1854645 0.04945719 -0.9577497 0.2778921 0.0741046 -0.9133296 0.3934711 0.1049256 -0.8251671 0.5458152 0.1455507 -8.94867e-6 -0.9662349 0.2576631 -2.23828e-6 -0.9662349 0.2576628 2.0826e-6 -0.9662348 0.2576631 1.01882e-5 -0.9662349 0.2576624 -2.09148e-6 -0.9662351 0.2576624 -1.64381e-5 -0.9662349 0.2576629 2.44344e-5 -0.9662349 0.2576629 -2.71349e-6 -0.9662346 0.2576635 1.91485e-5 -0.9662347 0.2576637 3.31547e-6 -0.9662347 0.2576637 -7.45096e-6 -0.9662351 0.2576619 1.79508e-4 -0.9662351 0.2576622 8.59739e-6 -0.9662351 0.2576622 -7.96192e-5 -0.9662352 0.2576619 2.10216e-5 -0.9662347 0.2576636 -2.98286e-5 -0.9662349 0.2576631 1.9007e-5 -0.9662349 0.2576628 -1.918e-5 -0.9662348 0.2576631 3.10602e-5 -0.966235 0.2576624 -2.34246e-5 -0.9662351 0.2576624 -1.80289e-5 -0.9662349 0.2576629 3.1871e-6 -0.9662349 0.2576629 -2.71347e-6 -0.9662348 0.2576636 6.135e-5 -0.9662346 0.2576637 3.31545e-6 -0.9662347 0.2576637 -8.59739e-6 -0.9662351 0.2576622 -1.795e-4 -0.9662351 0.2576622 7.01267e-6 -0.9662351 0.2576619 -3.72459e-5 -0.9662351 0.2576619 -0.6382343 0.7438485 0.1983596 -0.2599059 0.9330293 0.2488079 3.29261e-5 0.9662351 -0.2576624 -3.28726e-5 0.966235 -0.2576623 1.04012e-5 0.9662351 -0.2576623 1.94208e-5 0.9662348 -0.2576633 6.52045e-5 0.9662348 -0.2576633 -3.43829e-5 0.9662351 -0.2576622 1.34e-5 0.9662352 -0.2576618 2.91874e-5 0.9662352 -0.2576618 -2.30322e-4 0.9662346 -0.2576637 1.41425e-4 0.9662346 -0.2576637 4.77422e-5 0.9662331 -0.2576693 9.19935e-5 0.9662331 -0.2576693 -1.06369e-5 0.966235 -0.2576622 -5.52237e-5 0.9662349 -0.2576625 -2.15792e-5 0.966235 -0.2576625 -3.79162e-5 0.966235 -0.2576624 3.79731e-5 0.966235 -0.2576623 -6.32891e-5 0.9662351 -0.2576623 1.94207e-5 0.9662348 -0.2576633 -8.81142e-6 0.9662348 -0.2576633 5.68298e-5 0.9662351 -0.2576622 1.33998e-5 0.9662352 -0.2576618 -1.20284e-4 0.9662352 -0.2576618 1.24913e-5 0.9662346 -0.2576637 -8.63682e-6 0.9662347 -0.2576637 -4.77378e-5 0.9662331 -0.2576693 3.35303e-4 0.966233 -0.2576693 -1.06367e-5 0.9662351 -0.2576622 3.59823e-5 0.966235 -0.2576625 0.2599059 0.9330294 0.2488078 0.638221 0.743859 0.1983624 0.825173 0.545807 0.1455485 0.9133306 0.3934693 0.1049251 0.9577485 0.2778958 0.07410556 0.9814057 0.1854636 0.04945695 0.9938963 0.1065934 0.02842491 0.9993512 0.0348007 0.009280145 0.9993512 -0.03480023 -0.009280025 0.9938961 -0.1065949 -0.02842527 0.9814054 -0.185465 -0.04945731 0.9577485 -0.2778958 -0.07410556 0.9133338 -0.3934624 -0.1049233 0.8251696 -0.5458117 -0.1455498 0.6382098 -0.7438681 -0.1983648 0.259958 -0.9330158 -0.2488042 -0.259957 -0.933016 -0.2488043 -0.6382097 -0.7438681 -0.1983648 -0.8251696 -0.5458117 -0.1455498 -0.9133338 -0.3934623 -0.1049233 -0.9577491 -0.277894 -0.07410508 -0.9814051 -0.1854668 -0.04945778 -0.9938961 -0.1065949 -0.02842527 -0.9993513 -0.03479862 -0.009279608 -0.9993513 0.03479909 0.009279727 -0.9938963 0.1065934 0.02842491 -0.9814054 0.1854653 0.04945737 -0.9577491 0.277894 0.07410508 -0.9133306 0.3934692 0.1049251 -0.825173 0.545807 0.1455485 2.67941e-5 -0.9662349 0.2576625 -2.23828e-6 -0.9662349 0.2576628 2.43178e-6 -0.9662349 0.2576625 -2.7811e-5 -0.9662348 0.2576631 3.59135e-5 -0.9662349 0.2576631 -1.64382e-5 -0.9662349 0.2576629 2.44343e-5 -0.9662349 0.2576629 3.25617e-6 -0.9662349 0.2576627 -4.40605e-5 -0.966235 0.2576626 -3.31545e-6 -0.966235 0.2576625 8.4152e-5 -0.9662347 0.2576635 -1.79508e-4 -0.9662351 0.2576622 8.59739e-6 -0.9662351 0.2576622 1.21454e-5 -0.9662347 0.2576636 -2.85931e-5 -0.9662349 0.2576627 5.91387e-6 -0.966235 0.2576625 -1.64263e-5 -0.9662349 0.2576628 1.65985e-5 -0.966235 0.2576625 -6.91145e-6 -0.9662348 0.2576631 -2.53964e-5 -0.9662349 0.2576631 2.75738e-5 -0.9662349 0.2576629 -3.71826e-5 -0.9662349 0.2576629 3.25614e-6 -0.966235 0.2576627 -1.6732e-6 -0.9662349 0.2576625 -3.31543e-6 -0.9662349 0.2576625 -8.59739e-6 -0.9662351 0.2576622 1.795e-4 -0.9662351 0.2576622 -8.45903e-5 -0.9662347 0.2576635 5.425e-5 -0.9662347 0.2576636 -0.6382192 0.7438605 0.1983628 -0.2599059 0.9330293 0.2488079 3.29261e-5 0.9662351 -0.2576624 -3.28726e-5 0.966235 -0.2576623 1.04012e-5 0.9662351 -0.2576623 1.94208e-5 0.9662348 -0.2576633 6.52045e-5 0.9662348 -0.2576633 -3.43829e-5 0.9662351 -0.2576622 1.33998e-5 0.9662352 -0.2576618 2.91879e-5 0.9662352 -0.2576618 -2.30322e-4 0.9662346 -0.2576637 1.41428e-4 0.9662347 -0.2576637 4.77422e-5 0.9662331 -0.2576693 9.19935e-5 0.9662331 -0.2576693 -1.06367e-5 0.9662351 -0.2576622 -5.52237e-5 0.9662349 -0.2576625 -2.15792e-5 0.966235 -0.2576625 -3.79162e-5 0.966235 -0.2576624 3.79731e-5 0.966235 -0.2576623 -6.32891e-5 0.9662351 -0.2576623 1.94208e-5 0.9662348 -0.2576633 -8.81142e-6 0.9662348 -0.2576633 5.68295e-5 0.9662351 -0.2576622 1.33998e-5 0.9662352 -0.2576618 -1.20284e-4 0.9662352 -0.2576618 1.24913e-5 0.9662346 -0.2576637 -8.63682e-6 0.9662347 -0.2576637 -4.77422e-5 0.9662331 -0.2576693 3.35303e-4 0.966233 -0.2576693 -1.06367e-5 0.9662351 -0.2576622 3.59823e-5 0.966235 -0.2576625 0.2599569 0.933016 -0.2488043 0.6382079 0.7438696 -0.1983652 0.8251733 0.5458066 -0.1455485 0.9133322 0.3934658 -0.1049242 0.9577485 0.2778961 -0.07410562 0.9814056 0.1854642 -0.04945713 0.9938961 0.1065949 -0.02842527 0.9993513 0.03479903 -0.009279727 0.9993513 -0.03479886 0.009279668 0.9938963 -0.1065934 0.02842491 0.9814051 -0.1854667 0.04945772 0.9577498 -0.2778919 0.07410448 0.913329 -0.3934726 0.104926 0.825173 -0.545807 0.1455485 0.6382259 -0.7438552 0.1983613 0.2599059 -0.9330293 0.2488079 -0.259907 -0.9330289 0.2488077 -0.6382277 -0.7438538 0.198361 -0.8251743 -0.545805 0.145548 -0.9133291 -0.3934726 0.104926 -0.9577493 -0.2778937 0.07410496 -0.9814055 -0.1854649 0.04945731 -0.9938963 -0.1065934 0.02842491 -0.9993512 -0.03480046 0.009280085 -0.9993512 0.0348007 -0.009280145 -0.9938961 0.1065949 -0.02842527 -0.981406 0.1854624 -0.04945665 -0.9577479 0.277898 -0.07410609 -0.9133323 0.3934657 -0.1049242 -0.8251745 0.5458047 -0.1455479 -5.91385e-6 0.9662349 0.2576625 1.64263e-5 0.9662349 0.2576628 -1.65985e-5 0.966235 0.2576625 6.36074e-6 0.9662349 0.2576628 4.42199e-6 0.9662349 0.2576628 -8.25698e-6 0.9662351 0.2576622 3.82452e-5 0.9662351 0.2576622 2.44211e-5 0.966235 0.2576627 -7.3063e-5 0.9662349 0.2576625 3.20491e-5 0.9662349 0.2576625 -2.06338e-5 0.9662355 0.2576606 8.97499e-5 0.9662354 0.2576606 9.94922e-5 0.9662349 0.2576627 -8.33993e-5 0.9662349 0.2576628 -3.82132e-5 0.9662349 0.2576627 -8.37799e-6 0.966235 0.2576625 2.23829e-6 0.9662349 0.2576628 -2.43178e-6 0.9662349 0.2576625 8.81137e-6 0.9662349 0.2576628 -3.69294e-5 0.9662349 0.2576628 3.58308e-5 0.9662351 0.2576622 -3.18708e-6 0.9662351 0.2576622 -3.11507e-5 0.9662349 0.2576627 8.16141e-5 0.966235 0.2576625 -2.43133e-5 0.966235 0.2576625 -9.90539e-5 0.9662349 0.2576627 -8.97541e-5 0.9662355 0.2576607 2.06338e-5 0.9662355 0.2576606 7.12531e-5 0.9662349 0.2576628 -0.6382097 0.743868 -0.1983649 -0.259958 0.9330158 -0.2488042 3.74148e-5 -0.9662348 -0.2576633 -3.77985e-5 -0.966235 -0.2576627 8.55959e-6 -0.966235 -0.2576626 5.85011e-5 -0.9662349 -0.2576626 9.69256e-6 -0.966235 -0.2576626 -1.02437e-4 -0.9662351 -0.2576622 4.21334e-5 -0.9662352 -0.2576618 -2.91879e-5 -0.9662352 -0.2576618 4.93079e-5 -0.9662355 -0.2576605 4.21045e-5 -0.9662355 -0.2576605 4.07999e-4 -0.9662331 -0.2576693 -4.56528e-4 -0.966233 -0.2576693 6.62081e-5 -0.9662351 -0.2576622 2.80285e-6 -0.9662346 -0.257664 -2.27743e-5 -0.9662346 -0.257664 1.99367e-6 -0.9662348 -0.2576633 -2.38189e-6 -0.966235 -0.2576627 -9.88239e-6 -0.9662349 -0.2576626 1.85245e-5 -0.9662349 -0.2576626 -8.81142e-6 -0.966235 -0.2576626 -1.12235e-5 -0.9662351 -0.2576622 -6.89335e-5 -0.9662352 -0.2576618 -2.91877e-5 -0.9662352 -0.2576618 2.92341e-4 -0.9662355 -0.2576605 4.21041e-5 -0.9662355 -0.2576605 -4.08018e-4 -0.9662331 -0.2576693 -2.13648e-4 -0.9662331 -0.2576693 -4.4935e-5 -0.9662351 -0.2576622 9.4009e-5 -0.9662346 -0.257664 0 0.9996554 -0.02625113 0 0.9967442 -0.08062934 0 0.9899938 -0.1411109 -7.64565e-7 0.9768801 -0.2137878 0 0.9510498 -0.3090379 0 0.8948258 -0.4464156 0 0.7510605 -0.6602334 0 0.3464607 -0.9380645 0 -0.3464719 -0.9380604 0 -0.751048 -0.6602476 0 -0.8948258 -0.4464156 0 -0.9510498 -0.3090379 0 -0.9768801 -0.2137878 -5.04652e-7 -0.9899938 -0.1411109 0 -0.9967442 -0.08062934 0 -0.9996554 -0.02625113 0 -0.9996554 0.02625155 0 -0.9967443 0.08062851 0 -0.9899934 0.1411132 7.64551e-7 -0.976881 0.2137839 0 -0.951049 0.3090401 0 -0.8948258 0.4464156 0 -0.751048 0.6602476 0 -0.346487 0.9380548 0 0.3464758 0.9380589 0 0.7510605 0.6602334 0 0.8948258 0.4464156 0 0.951049 0.3090401 0 0.976881 0.2137839 5.0466e-7 0.9899934 0.1411132 1 0 0 1 0 0 1 0 0 1 0 0 1 0 0 1 0 0 1 0 0 1 0 0 1 0 0 1 0 0 1 0 0 1 0 0 1 0 0 1 0 0 1 0 0 1 0 0 1 0 0 1 0 0 1 0 0 1 0 0 1 0 0 1 0 0 1 0 0 1 0 0 1 0 0 1 0 0 1 0 0 1 0 0 1 0 0 0 0.9967443 0.08062851 0 0.9996554 0.02625155 -1 0 0 -1 0 0 -1 0 0 -1 0 0 -1 0 0 -1 0 0 -1 0 0 -1 0 0 -1 0 0 -1 0 0 -1 0 0 -1 0 0 -1 0 0 -1 0 0 -1 0 0 -1 0 0 -1 0 0 -1 0 0 -1 0 0 -1 0 0 -1 0 0 -1 0 0 -1 0 0 -1 0 0 -1 0 0 -1 0 0 -1 0 0 -1 0 0 -1 0 0 0 0.9996554 -0.02625113 0 0.9967441 -0.08062928 0 0.9899938 -0.1411109 -7.64565e-7 0.9768801 -0.2137878 0 0.9510498 -0.3090379 0 0.8948258 -0.4464156 0 0.7510604 -0.6602334 0 0.3464607 -0.9380645 0 -0.3464719 -0.9380604 0 -0.751048 -0.6602476 0 -0.8948258 -0.4464156 0 -0.9510497 -0.3090379 0 -0.9768801 -0.2137878 -5.04652e-7 -0.9899938 -0.1411109 0 -0.9967442 -0.08062934 0 -0.9996554 -0.02625113 0 -0.9996554 0.02625155 0 -0.9967443 0.08062851 0 -0.9899935 0.1411132 7.64551e-7 -0.9768809 0.2137839 0 -0.951049 0.3090401 0 -0.8948258 0.4464156 0 -0.751048 0.6602476 0 -0.346487 0.9380548 0 0.3464758 0.9380589 0 0.7510604 0.6602334 0 0.8948258 0.4464156 0 0.9510491 0.3090401 0 0.9768809 0.2137839 5.0466e-7 0.9899935 0.1411132 1 0 0 1 0 0 1 0 0 1 0 0 1 0 0 1 0 0 1 0 0 1 0 0 1 0 0 1 0 0 1 0 0 1 0 0 1 0 0 1 0 0 1 0 0 1 0 0 1 0 0 1 0 0 1 0 0 1 0 0 1 0 0 1 0 0 1 0 0 1 0 0 1 0 0 1 0 0 1 0 0 1 0 0 1 0 0 0 0.9967443 0.08062851 0 0.9996554 0.02625155 -1 0 0 -1 0 0 -1 0 0 -1 0 0 -1 0 0 -1 0 0 -1 0 0 -1 0 0 -1 0 0 -1 0 0 -1 -2.29148e-6 0 -1 0 0 -1 0 0 -1 0 0 -1 0 0 -1 0 0 -1 0 0 -1 0 0 -1 0 0 -1 0 0 -1 0 0 -1 0 0 -1 0 0 -1 0 0 -1 -2.29148e-6 0 -1 0 0 -1 0 0 -1 0 0 -1 0 0 1.78752e-6 0.9996554 -0.02624869 0 0.9967442 -0.08062934 0 0.9899938 -0.1411109 -7.64565e-7 0.9768801 -0.2137878 0 0.9510518 -0.3090313 0 0.8948184 -0.4464303 0 0.7510573 -0.660237 0 0.3464719 -0.9380604 0 -0.3464607 -0.9380645 0 -0.7510542 -0.6602405 0 -0.8948258 -0.4464156 0 -0.9510518 -0.3090313 0 -0.9768801 -0.2137878 -5.04652e-7 -0.9899938 -0.1411109 0 -0.9967442 -0.08062934 0 -0.9996553 -0.02625602 0 -0.9996553 0.02625638 0 -0.9967443 0.08062851 0 -0.9899935 0.1411132 7.64551e-7 -0.9768809 0.2137839 0 -0.9510512 0.3090335 0 -0.8948258 0.4464156 0 -0.7510542 0.6602405 0 -0.3464758 0.9380589 0 0.346487 0.9380548 0 0.7510573 0.660237 0 0.8948184 0.4464303 0 0.9510512 0.3090335 0 0.9768809 0.2137839 5.0466e-7 0.9899935 0.1411132 1 0 0 1 0 0 1 0 0 1 0 0 1 0 0 1 0 0 1 0 0 1 0 0 1 0 0 1 0 0 1 0 0 1 0 0 1 0 0 1 0 0 1 0 0 1 0 0 1 0 0 1 0 0 1 0 0 1 0 0 1 0 0 1 0 0 1 0 0 1 0 0 1 0 0 1 0 0 1 0 0 1 0 0 1 0 0 0 0.9967443 0.08062851 0 0.9996554 0.02624911 -1 0 0 -1 0 0 -1 0 0 -1 0 0 -1 0 0 -1 0 0 -1 0 0 -1 0 0 -1 0 0 -1 0 0 -1 0 0 -1 0 0 -1 0 0 -1 0 0 -1 0 0 -1 0 0 -1 0 0 -1 0 0 -1 0 0 -1 0 0 -1 0 0 -1 0 0 -1 0 0 -1 0 0 -1 0 0 -1 0 0 -1 0 0 -1 0 0 -1 0 0 1.78752e-6 0.9996554 -0.02624869 0 0.9967442 -0.08062934 0 0.9899938 -0.1411109 -7.64565e-7 0.9768801 -0.2137878 0 0.9510518 -0.3090313 0 0.8948184 -0.4464303 0 0.7510573 -0.660237 0 0.3464719 -0.9380604 0 -0.3464607 -0.9380645 0 -0.7510542 -0.6602405 0 -0.8948258 -0.4464156 0 -0.9510518 -0.3090313 0 -0.9768801 -0.2137878 -5.04652e-7 -0.9899938 -0.1411109 0 -0.9967442 -0.08062934 0 -0.9996553 -0.02625602 0 -0.9996553 0.02625638 0 -0.9967443 0.08062851 0 -0.9899935 0.1411132 7.64551e-7 -0.9768809 0.2137839 0 -0.9510512 0.3090335 0 -0.8948258 0.4464156 0 -0.7510542 0.6602405 0 -0.3464758 0.9380589 0 0.346487 0.9380548 0 0.7510573 0.660237 0 0.8948184 0.4464303 0 0.9510512 0.3090335 0 0.9768809 0.2137839 5.0466e-7 0.9899935 0.1411132 1 0 0 1 0 0 1 0 0 1 0 0 1 0 0 1 0 0 1 0 0 1 0 0 1 0 0 1 0 0 1 0 0 1 0 0 1 0 0 1 0 0 1 0 0 1 0 0 1 0 0 1 0 0 1 0 0 1 0 0 1 0 0 1 0 0 1 0 0 1 0 0 1 0 0 1 0 0 1 0 0 1 0 0 1 0 0 0 0.9967443 0.08062851 0 0.9996554 0.02624911 -1 0 0 -1 0 0 -1 0 0 -1 0 0 -1 0 0 -1 0 0 -1 0 0 -1 0 0 -1 0 0 -1 0 0 -1 0 0 -1 0 0 -1 0 0 -1 0 0 -1 0 0 -1 0 0 -1 0 0 -1 0 0 -1 0 0 -1 0 0 -1 0 0 -1 0 0 -1 0 0 -1 0 0 -1 0 0 -1 0 0 -1 0 0 -1 0 0 -1 0 0 -1 0 0 0 1 0 1 0 0 0 -1 0 0 0 -1 0 0 1</float_array>
          <technique_common>
            <accessor source="#Cube-mesh-normals-array" count="1264" stride="3">
              <param name="X" type="float"/>
              <param name="Y" type="float"/>
              <param name="Z" type="float"/>
            </accessor>
          </technique_common>
        </source>
        <source id="Cube-mesh-map-0">
          <float_array id="Cube-mesh-map-0-array" count="7584">0.375 0 0.625 0.25 0.375 0.25 0.375 0.25 0.625 0.5 0.375 0.5 0.375 0.5 0.625 0.75 0.375 0.75 0.375 0.75 0.625 1 0.375 1 0.125 0.5 0.375 0.75 0.125 0.75 0.625 0.5 0.875 0.75 0.625 0.75 1 0.5 0.96875 1 0.96875 0.5 0.96875 0.5 0.9375 1 0.9375 0.5 0.9375 0.5 0.90625 1 0.90625 0.5 0.90625 0.5 0.875 1 0.875 0.5 0.875 0.5 0.84375 1 0.84375 0.5 0.84375 0.5 0.8125 1 0.8125 0.5 0.8125 0.5 0.78125 1 0.78125 0.5 0.78125 0.5 0.75 1 0.75 0.5 0.75 0.5 0.71875 1 0.71875 0.5 0.71875 0.5 0.6875 1 0.6875 0.5 0.6875 0.5 0.65625 1 0.65625 0.5 0.65625 0.5 0.625 1 0.625 0.5 0.625 0.5 0.59375 1 0.59375 0.5 0.59375 0.5 0.5625 1 0.5625 0.5 0.5625 0.5 0.53125 1 0.53125 0.5 0.53125 0.5 0.5 1 0.5 0.5 0.5 0.5 0.46875 1 0.46875 0.5 0.46875 0.5 0.4375 1 0.4375 0.5 0.4375 0.5 0.40625 1 0.40625 0.5 0.40625 0.5 0.375 1 0.375 0.5 0.375 0.5 0.34375 1 0.34375 0.5 0.34375 0.5 0.3125 1 0.3125 0.5 0.3125 0.5 0.28125 1 0.28125 0.5 0.28125 0.5 0.25 1 0.25 0.5 0.25 0.5 0.21875 1 0.21875 0.5 0.21875 0.5 0.1875 1 0.1875 0.5 0.1875 0.5 0.15625 1 0.15625 0.5 0.15625 0.5 0.125 1 0.125 0.5 0.125 0.5 0.09375 1 0.09375 0.5 0.09375 0.5 0.0625 1 0.0625 0.5 0.4717311 0.341844 0.341844 0.4717311 0.1581559 0.02826887 0.0625 0.5 0.03125 1 0.03125 0.5 0.03125 0.5 0 1 0 0.5 0.9853885 0.2968217 0.7968217 0.01461154 0.5146116 0.2031783 0.375 0 0.625 0.25 0.375 0.25 0.375 0.25 0.625 0.5 0.375 0.5 0.375 0.5 0.625 0.75 0.375 0.75 0.375 0.75 0.625 1 0.375 1 0.125 0.5 0.375 0.75 0.125 0.75 0.625 0.5 0.875 0.75 0.625 0.75 1 0.5 0.96875 1 0.96875 0.5 0.96875 0.5 0.9375 1 0.9375 0.5 0.9375 0.5 0.90625 1 0.90625 0.5 0.90625 0.5 0.875 1 0.875 0.5 0.875 0.5 0.84375 1 0.84375 0.5 0.84375 0.5 0.8125 1 0.8125 0.5 0.8125 0.5 0.78125 1 0.78125 0.5 0.78125 0.5 0.75 1 0.75 0.5 0.75 0.5 0.71875 1 0.71875 0.5 0.71875 0.5 0.6875 1 0.6875 0.5 0.6875 0.5 0.65625 1 0.65625 0.5 0.65625 0.5 0.625 1 0.625 0.5 0.625 0.5 0.59375 1 0.59375 0.5 0.59375 0.5 0.5625 1 0.5625 0.5 0.5625 0.5 0.53125 1 0.53125 0.5 0.53125 0.5 0.5 1 0.5 0.5 0.5 0.5 0.46875 1 0.46875 0.5 0.46875 0.5 0.4375 1 0.4375 0.5 0.4375 0.5 0.40625 1 0.40625 0.5 0.40625 0.5 0.375 1 0.375 0.5 0.375 0.5 0.34375 1 0.34375 0.5 0.34375 0.5 0.3125 1 0.3125 0.5 0.3125 0.5 0.28125 1 0.28125 0.5 0.28125 0.5 0.25 1 0.25 0.5 0.25 0.5 0.21875 1 0.21875 0.5 0.21875 0.5 0.1875 1 0.1875 0.5 0.1875 0.5 0.15625 1 0.15625 0.5 0.15625 0.5 0.125 1 0.125 0.5 0.125 0.5 0.09375 1 0.09375 0.5 0.09375 0.5 0.0625 1 0.0625 0.5 0.1581559 0.02826887 0.4717311 0.1581559 0.341844 0.4717311 0.0625 0.5 0.03125 1 0.03125 0.5 0.03125 0.5 0 1 0 0.5 0.7968217 0.01461154 0.5146116 0.2031783 0.7031784 0.4853885 1 0.5 0.96875 1 0.96875 0.5 0.96875 0.5 0.9375 1 0.9375 0.5 0.9375 0.5 0.90625 1 0.90625 0.5 0.90625 0.5 0.875 1 0.875 0.5 0.875 0.5 0.84375 1 0.84375 0.5 0.84375 0.5 0.8125 1 0.8125 0.5 0.8125 0.5 0.78125 1 0.78125 0.5 0.78125 0.5 0.75 1 0.75 0.5 0.75 0.5 0.71875 1 0.71875 0.5 0.71875 0.5 0.6875 1 0.6875 0.5 0.6875 0.5 0.65625 1 0.65625 0.5 0.65625 0.5 0.625 1 0.625 0.5 0.625 0.5 0.59375 1 0.59375 0.5 0.59375 0.5 0.5625 1 0.5625 0.5 0.5625 0.5 0.53125 1 0.53125 0.5 0.53125 0.5 0.5 1 0.5 0.5 0.5 0.5 0.46875 1 0.46875 0.5 0.46875 0.5 0.4375 1 0.4375 0.5 0.4375 0.5 0.40625 1 0.40625 0.5 0.40625 0.5 0.375 1 0.375 0.5 0.375 0.5 0.34375 1 0.34375 0.5 0.34375 0.5 0.3125 1 0.3125 0.5 0.3125 0.5 0.28125 1 0.28125 0.5 0.28125 0.5 0.25 1 0.25 0.5 0.25 0.5 0.21875 1 0.21875 0.5 0.21875 0.5 0.1875 1 0.1875 0.5 0.1875 0.5 0.15625 1 0.15625 0.5 0.15625 0.5 0.125 1 0.125 0.5 0.125 0.5 0.09375 1 0.09375 0.5 0.09375 0.5 0.0625 1 0.0625 0.5 0.4197056 0.4197056 0.3833369 0.4495527 0.4197056 0.08029437 0.0625 0.5 0.03125 1 0.03125 0.5 0.03125 0.5 0 1 0 0.5 0.6166632 0.4495527 0.658156 0.4717311 0.6166632 0.05044728 1 0.5 0.96875 1 0.96875 0.5 0.96875 0.5 0.9375 1 0.9375 0.5 0.9375 0.5 0.90625 1 0.90625 0.5 0.90625 0.5 0.875 1 0.875 0.5 0.875 0.5 0.84375 1 0.84375 0.5 0.84375 0.5 0.8125 1 0.8125 0.5 0.8125 0.5 0.78125 1 0.78125 0.5 0.78125 0.5 0.75 1 0.75 0.5 0.75 0.5 0.71875 1 0.71875 0.5 0.71875 0.5 0.6875 1 0.6875 0.5 0.6875 0.5 0.65625 1 0.65625 0.5 0.65625 0.5 0.625 1 0.625 0.5 0.625 0.5 0.59375 1 0.59375 0.5 0.59375 0.5 0.5625 1 0.5625 0.5 0.5625 0.5 0.53125 1 0.53125 0.5 0.53125 0.5 0.5 1 0.5 0.5 0.5 0.5 0.46875 1 0.46875 0.5 0.46875 0.5 0.4375 1 0.4375 0.5 0.4375 0.5 0.40625 1 0.40625 0.5 0.40625 0.5 0.375 1 0.375 0.5 0.375 0.5 0.34375 1 0.34375 0.5 0.34375 0.5 0.3125 1 0.3125 0.5 0.3125 0.5 0.28125 1 0.28125 0.5 0.28125 0.5 0.25 1 0.25 0.5 0.25 0.5 0.21875 1 0.21875 0.5 0.21875 0.5 0.1875 1 0.1875 0.5 0.1875 0.5 0.15625 1 0.15625 0.5 0.15625 0.5 0.125 1 0.125 0.5 0.125 0.5 0.09375 1 0.09375 0.5 0.09375 0.5 0.0625 1 0.0625 0.5 0.4197056 0.4197056 0.3833369 0.4495527 0.4197056 0.08029437 0.0625 0.5 0.03125 1 0.03125 0.5 0.03125 0.5 0 1 0 0.5 0.6166632 0.4495527 0.658156 0.4717311 0.6166632 0.05044728 1 0.5 0.96875 1 0.96875 0.5 0.96875 0.5 0.9375 1 0.9375 0.5 0.9375 0.5 0.90625 1 0.90625 0.5 0.90625 0.5 0.875 1 0.875 0.5 0.875 0.5 0.84375 1 0.84375 0.5 0.84375 0.5 0.8125 1 0.8125 0.5 0.8125 0.5 0.78125 1 0.78125 0.5 0.78125 0.5 0.75 1 0.75 0.5 0.75 0.5 0.71875 1 0.71875 0.5 0.71875 0.5 0.6875 1 0.6875 0.5 0.6875 0.5 0.65625 1 0.65625 0.5 0.65625 0.5 0.625 1 0.625 0.5 0.625 0.5 0.59375 1 0.59375 0.5 0.59375 0.5 0.5625 1 0.5625 0.5 0.5625 0.5 0.53125 1 0.53125 0.5 0.53125 0.5 0.5 1 0.5 0.5 0.5 0.5 0.46875 1 0.46875 0.5 0.46875 0.5 0.4375 1 0.4375 0.5 0.4375 0.5 0.40625 1 0.40625 0.5 0.40625 0.5 0.375 1 0.375 0.5 0.375 0.5 0.34375 1 0.34375 0.5 0.34375 0.5 0.3125 1 0.3125 0.5 0.3125 0.5 0.28125 1 0.28125 0.5 0.28125 0.5 0.25 1 0.25 0.5 0.25 0.5 0.21875 1 0.21875 0.5 0.21875 0.5 0.1875 1 0.1875 0.5 0.1875 0.5 0.15625 1 0.15625 0.5 0.15625 0.5 0.125 1 0.125 0.5 0.125 0.5 0.09375 1 0.09375 0.5 0.09375 0.5 0.0625 1 0.0625 0.5 0.4197056 0.4197056 0.3833369 0.4495527 0.4197056 0.08029437 0.0625 0.5 0.03125 1 0.03125 0.5 0.03125 0.5 0 1 0 0.5 0.6166632 0.4495527 0.658156 0.4717311 0.6166632 0.05044728 1 0.5 0.96875 1 0.96875 0.5 0.96875 0.5 0.9375 1 0.9375 0.5 0.9375 0.5 0.90625 1 0.90625 0.5 0.90625 0.5 0.875 1 0.875 0.5 0.875 0.5 0.84375 1 0.84375 0.5 0.84375 0.5 0.8125 1 0.8125 0.5 0.8125 0.5 0.78125 1 0.78125 0.5 0.78125 0.5 0.75 1 0.75 0.5 0.75 0.5 0.71875 1 0.71875 0.5 0.71875 0.5 0.6875 1 0.6875 0.5 0.6875 0.5 0.65625 1 0.65625 0.5 0.65625 0.5 0.625 1 0.625 0.5 0.625 0.5 0.59375 1 0.59375 0.5 0.59375 0.5 0.5625 1 0.5625 0.5 0.5625 0.5 0.53125 1 0.53125 0.5 0.53125 0.5 0.5 1 0.5 0.5 0.5 0.5 0.46875 1 0.46875 0.5 0.46875 0.5 0.4375 1 0.4375 0.5 0.4375 0.5 0.40625 1 0.40625 0.5 0.40625 0.5 0.375 1 0.375 0.5 0.375 0.5 0.34375 1 0.34375 0.5 0.34375 0.5 0.3125 1 0.3125 0.5 0.3125 0.5 0.28125 1 0.28125 0.5 0.28125 0.5 0.25 1 0.25 0.5 0.25 0.5 0.21875 1 0.21875 0.5 0.21875 0.5 0.1875 1 0.1875 0.5 0.1875 0.5 0.15625 1 0.15625 0.5 0.15625 0.5 0.125 1 0.125 0.5 0.125 0.5 0.09375 1 0.09375 0.5 0.09375 0.5 0.0625 1 0.0625 0.5 0.4197056 0.4197056 0.3833369 0.4495527 0.4197056 0.08029437 0.0625 0.5 0.03125 1 0.03125 0.5 0.03125 0.5 0 1 0 0.5 0.6166632 0.4495527 0.658156 0.4717311 0.6166632 0.05044728 1 0.5 0.96875 1 0.96875 0.5 0.96875 0.5 0.9375 1 0.9375 0.5 0.9375 0.5 0.90625 1 0.90625 0.5 0.90625 0.5 0.875 1 0.875 0.5 0.875 0.5 0.84375 1 0.84375 0.5 0.84375 0.5 0.8125 1 0.8125 0.5 0.8125 0.5 0.78125 1 0.78125 0.5 0.78125 0.5 0.75 1 0.75 0.5 0.75 0.5 0.71875 1 0.71875 0.5 0.71875 0.5 0.6875 1 0.6875 0.5 0.6875 0.5 0.65625 1 0.65625 0.5 0.65625 0.5 0.625 1 0.625 0.5 0.625 0.5 0.59375 1 0.59375 0.5 0.59375 0.5 0.5625 1 0.5625 0.5 0.5625 0.5 0.53125 1 0.53125 0.5 0.53125 0.5 0.5 1 0.5 0.5 0.5 0.5 0.46875 1 0.46875 0.5 0.46875 0.5 0.4375 1 0.4375 0.5 0.4375 0.5 0.40625 1 0.40625 0.5 0.40625 0.5 0.375 1 0.375 0.5 0.375 0.5 0.34375 1 0.34375 0.5 0.34375 0.5 0.3125 1 0.3125 0.5 0.3125 0.5 0.28125 1 0.28125 0.5 0.28125 0.5 0.25 1 0.25 0.5 0.25 0.5 0.21875 1 0.21875 0.5 0.21875 0.5 0.1875 1 0.1875 0.5 0.1875 0.5 0.15625 1 0.15625 0.5 0.15625 0.5 0.125 1 0.125 0.5 0.125 0.5 0.09375 1 0.09375 0.5 0.09375 0.5 0.0625 1 0.0625 0.5 0.4197056 0.4197056 0.3833369 0.4495527 0.08029437 0.4197056 0.0625 0.5 0.03125 1 0.03125 0.5 0.03125 0.5 0 1 0 0.5 0.6166632 0.4495527 0.658156 0.4717311 0.8833369 0.4495527 1 0.5 0.96875 1 0.96875 0.5 0.96875 0.5 0.9375 1 0.9375 0.5 0.9375 0.5 0.90625 1 0.90625 0.5 0.90625 0.5 0.875 1 0.875 0.5 0.875 0.5 0.84375 1 0.84375 0.5 0.84375 0.5 0.8125 1 0.8125 0.5 0.8125 0.5 0.78125 1 0.78125 0.5 0.78125 0.5 0.75 1 0.75 0.5 0.75 0.5 0.71875 1 0.71875 0.5 0.71875 0.5 0.6875 1 0.6875 0.5 0.6875 0.5 0.65625 1 0.65625 0.5 0.65625 0.5 0.625 1 0.625 0.5 0.625 0.5 0.59375 1 0.59375 0.5 0.59375 0.5 0.5625 1 0.5625 0.5 0.5625 0.5 0.53125 1 0.53125 0.5 0.53125 0.5 0.5 1 0.5 0.5 0.5 0.5 0.46875 1 0.46875 0.5 0.46875 0.5 0.4375 1 0.4375 0.5 0.4375 0.5 0.40625 1 0.40625 0.5 0.40625 0.5 0.375 1 0.375 0.5 0.375 0.5 0.34375 1 0.34375 0.5 0.34375 0.5 0.3125 1 0.3125 0.5 0.3125 0.5 0.28125 1 0.28125 0.5 0.28125 0.5 0.25 1 0.25 0.5 0.25 0.5 0.21875 1 0.21875 0.5 0.21875 0.5 0.1875 1 0.1875 0.5 0.1875 0.5 0.15625 1 0.15625 0.5 0.15625 0.5 0.125 1 0.125 0.5 0.125 0.5 0.09375 1 0.09375 0.5 0.09375 0.5 0.0625 1 0.0625 0.5 0.4197056 0.4197056 0.3833369 0.4495527 0.08029437 0.4197056 0.0625 0.5 0.03125 1 0.03125 0.5 0.03125 0.5 0 1 0 0.5 0.6166632 0.4495527 0.658156 0.4717311 0.8833369 0.4495527 1 0.5 0.96875 1 0.96875 0.5 0.96875 0.5 0.9375 1 0.9375 0.5 0.9375 0.5 0.90625 1 0.90625 0.5 0.90625 0.5 0.875 1 0.875 0.5 0.875 0.5 0.84375 1 0.84375 0.5 0.84375 0.5 0.8125 1 0.8125 0.5 0.8125 0.5 0.78125 1 0.78125 0.5 0.78125 0.5 0.75 1 0.75 0.5 0.75 0.5 0.71875 1 0.71875 0.5 0.71875 0.5 0.6875 1 0.6875 0.5 0.6875 0.5 0.65625 1 0.65625 0.5 0.65625 0.5 0.625 1 0.625 0.5 0.625 0.5 0.59375 1 0.59375 0.5 0.59375 0.5 0.5625 1 0.5625 0.5 0.5625 0.5 0.53125 1 0.53125 0.5 0.53125 0.5 0.5 1 0.5 0.5 0.5 0.5 0.46875 1 0.46875 0.5 0.46875 0.5 0.4375 1 0.4375 0.5 0.4375 0.5 0.40625 1 0.40625 0.5 0.40625 0.5 0.375 1 0.375 0.5 0.375 0.5 0.34375 1 0.34375 0.5 0.34375 0.5 0.3125 1 0.3125 0.5 0.3125 0.5 0.28125 1 0.28125 0.5 0.28125 0.5 0.25 1 0.25 0.5 0.25 0.5 0.21875 1 0.21875 0.5 0.21875 0.5 0.1875 1 0.1875 0.5 0.1875 0.5 0.15625 1 0.15625 0.5 0.15625 0.5 0.125 1 0.125 0.5 0.125 0.5 0.09375 1 0.09375 0.5 0.09375 0.5 0.0625 1 0.0625 0.5 0.4197056 0.4197056 0.3833369 0.4495527 0.08029437 0.4197056 0.0625 0.5 0.03125 1 0.03125 0.5 0.03125 0.5 0 1 0 0.5 0.6166632 0.4495527 0.658156 0.4717311 0.8833369 0.4495527 1 0.5 0.96875 1 0.96875 0.5 0.96875 0.5 0.9375 1 0.9375 0.5 0.9375 0.5 0.90625 1 0.90625 0.5 0.90625 0.5 0.875 1 0.875 0.5 0.875 0.5 0.84375 1 0.84375 0.5 0.84375 0.5 0.8125 1 0.8125 0.5 0.8125 0.5 0.78125 1 0.78125 0.5 0.78125 0.5 0.75 1 0.75 0.5 0.75 0.5 0.71875 1 0.71875 0.5 0.71875 0.5 0.6875 1 0.6875 0.5 0.6875 0.5 0.65625 1 0.65625 0.5 0.65625 0.5 0.625 1 0.625 0.5 0.625 0.5 0.59375 1 0.59375 0.5 0.59375 0.5 0.5625 1 0.5625 0.5 0.5625 0.5 0.53125 1 0.53125 0.5 0.53125 0.5 0.5 1 0.5 0.5 0.5 0.5 0.46875 1 0.46875 0.5 0.46875 0.5 0.4375 1 0.4375 0.5 0.4375 0.5 0.40625 1 0.40625 0.5 0.40625 0.5 0.375 1 0.375 0.5 0.375 0.5 0.34375 1 0.34375 0.5 0.34375 0.5 0.3125 1 0.3125 0.5 0.3125 0.5 0.28125 1 0.28125 0.5 0.28125 0.5 0.25 1 0.25 0.5 0.25 0.5 0.21875 1 0.21875 0.5 0.21875 0.5 0.1875 1 0.1875 0.5 0.1875 0.5 0.15625 1 0.15625 0.5 0.15625 0.5 0.125 1 0.125 0.5 0.125 0.5 0.09375 1 0.09375 0.5 0.09375 0.5 0.0625 1 0.0625 0.5 0.4197056 0.4197056 0.3833369 0.4495527 0.08029437 0.4197056 0.0625 0.5 0.03125 1 0.03125 0.5 0.03125 0.5 0 1 0 0.5 0.6166632 0.4495527 0.658156 0.4717311 0.8833369 0.4495527 1 0.5 1 1 0.96875 1 0.96875 0.5 0.96875 1 0.9375 1 0.9375 0.5 0.9375 1 0.90625 1 0.90625 0.5 0.90625 1 0.875 1 0.875 0.5 0.875 1 0.84375 1 0.84375 0.5 0.84375 1 0.8125 1 0.8125 0.5 0.8125 1 0.78125 1 0.78125 0.5 0.78125 1 0.75 1 0.75 0.5 0.75 1 0.71875 1 0.71875 0.5 0.71875 1 0.6875 1 0.6875 0.5 0.6875 1 0.65625 1 0.65625 0.5 0.65625 1 0.625 1 0.625 0.5 0.625 1 0.59375 1 0.59375 0.5 0.59375 1 0.5625 1 0.5625 0.5 0.5625 1 0.53125 1 0.53125 0.5 0.53125 1 0.5 1 0.5 0.5 0.5 1 0.46875 1 0.46875 0.5 0.46875 1 0.4375 1 0.4375 0.5 0.4375 1 0.40625 1 0.40625 0.5 0.40625 1 0.375 1 0.375 0.5 0.375 1 0.34375 1 0.34375 0.5 0.34375 1 0.3125 1 0.3125 0.5 0.3125 1 0.28125 1 0.28125 0.5 0.28125 1 0.25 1 0.25 0.5 0.25 1 0.21875 1 0.21875 0.5 0.21875 1 0.1875 1 0.1875 0.5 0.1875 1 0.15625 1 0.15625 0.5 0.15625 1 0.125 1 0.125 0.5 0.125 1 0.09375 1 0.09375 0.5 0.09375 1 0.0625 1 0.341844 0.4717311 0.2968217 0.4853885 0.25 0.49 0.25 0.49 0.2031783 0.4853885 0.1581559 0.4717311 0.1581559 0.4717311 0.1166631 0.4495527 0.08029437 0.4197056 0.08029437 0.4197056 0.05044728 0.3833369 0.02826887 0.341844 0.02826887 0.341844 0.01461154 0.2968217 0.00999999 0.25 0.00999999 0.25 0.01461154 0.2031783 0.02826887 0.1581559 0.02826887 0.1581559 0.05044728 0.1166631 0.08029437 0.08029437 0.08029437 0.08029437 0.1166631 0.05044728 0.1581559 0.02826887 0.1581559 0.02826887 0.2031783 0.01461154 0.25 0.00999999 0.25 0.00999999 0.2968217 0.01461154 0.341844 0.02826887 0.341844 0.02826887 0.3833369 0.05044728 0.4197056 0.08029437 0.4197056 0.08029437 0.4495527 0.1166631 0.4717311 0.1581559 0.4717311 0.1581559 0.4853885 0.2031783 0.49 0.25 0.49 0.25 0.4853885 0.2968217 0.4717311 0.341844 0.4717311 0.341844 0.4495527 0.3833369 0.4197056 0.4197056 0.4197056 0.4197056 0.3833369 0.4495527 0.341844 0.4717311 0.341844 0.4717311 0.25 0.49 0.1581559 0.4717311 0.1581559 0.4717311 0.08029437 0.4197056 0.341844 0.4717311 0.08029437 0.4197056 0.02826887 0.341844 0.341844 0.4717311 0.02826887 0.341844 0.00999999 0.25 0.02826887 0.1581559 0.02826887 0.1581559 0.08029437 0.08029437 0.1581559 0.02826887 0.1581559 0.02826887 0.25 0.00999999 0.341844 0.02826887 0.341844 0.02826887 0.4197056 0.08029437 0.1581559 0.02826887 0.4197056 0.08029437 0.4717311 0.1581559 0.1581559 0.02826887 0.4717311 0.1581559 0.49 0.25 0.4717311 0.341844 0.4717311 0.341844 0.4197056 0.4197056 0.341844 0.4717311 0.02826887 0.341844 0.02826887 0.1581559 0.341844 0.4717311 0.02826887 0.1581559 0.1581559 0.02826887 0.341844 0.4717311 0.4717311 0.1581559 0.4717311 0.341844 0.1581559 0.02826887 0.0625 0.5 0.0625 1 0.03125 1 0.03125 0.5 0.03125 1 0 1 0.7031784 0.4853885 0.75 0.49 0.8833369 0.4495527 0.75 0.49 0.7968217 0.4853885 0.8833369 0.4495527 0.7968217 0.4853885 0.841844 0.4717311 0.8833369 0.4495527 0.8833369 0.4495527 0.9197056 0.4197056 0.9853885 0.2968217 0.9197056 0.4197056 0.9495527 0.3833369 0.9853885 0.2968217 0.9495527 0.3833369 0.9717311 0.341844 0.9853885 0.2968217 0.9853885 0.2968217 0.99 0.25 0.9853885 0.2031783 0.9853885 0.2031783 0.9717311 0.1581559 0.9853885 0.2968217 0.9717311 0.1581559 0.9495527 0.1166631 0.9853885 0.2968217 0.9495527 0.1166631 0.9197056 0.08029437 0.8833369 0.05044728 0.8833369 0.05044728 0.841844 0.02826887 0.7968217 0.01461154 0.7968217 0.01461154 0.75 0.00999999 0.6166632 0.05044728 0.75 0.00999999 0.7031784 0.01461154 0.6166632 0.05044728 0.7031784 0.01461154 0.658156 0.02826887 0.6166632 0.05044728 0.6166632 0.05044728 0.5802944 0.08029437 0.5146116 0.2031783 0.5802944 0.08029437 0.5504473 0.1166631 0.5146116 0.2031783 0.5504473 0.1166631 0.5282689 0.1581559 0.5146116 0.2031783 0.5146116 0.2031783 0.51 0.25 0.5146116 0.2968217 0.5146116 0.2968217 0.5282689 0.341844 0.5146116 0.2031783 0.5282689 0.341844 0.5504473 0.3833369 0.5146116 0.2031783 0.5504473 0.3833369 0.5802944 0.4197056 0.7031784 0.4853885 0.5802944 0.4197056 0.6166632 0.4495527 0.7031784 0.4853885 0.6166632 0.4495527 0.658156 0.4717311 0.7031784 0.4853885 0.9495527 0.1166631 0.8833369 0.05044728 0.9853885 0.2968217 0.8833369 0.05044728 0.7968217 0.01461154 0.9853885 0.2968217 0.7031784 0.4853885 0.8833369 0.4495527 0.9853885 0.2968217 0.7968217 0.01461154 0.6166632 0.05044728 0.5146116 0.2031783 0.5146116 0.2031783 0.5504473 0.3833369 0.7031784 0.4853885 0.7031784 0.4853885 0.9853885 0.2968217 0.5146116 0.2031783 0.375 0 0.625 0 0.625 0.25 0.375 0.25 0.625 0.25 0.625 0.5 0.375 0.5 0.625 0.5 0.625 0.75 0.375 0.75 0.625 0.75 0.625 1 0.125 0.5 0.375 0.5 0.375 0.75 0.625 0.5 0.875 0.5 0.875 0.75 1 0.5 1 1 0.96875 1 0.96875 0.5 0.96875 1 0.9375 1 0.9375 0.5 0.9375 1 0.90625 1 0.90625 0.5 0.90625 1 0.875 1 0.875 0.5 0.875 1 0.84375 1 0.84375 0.5 0.84375 1 0.8125 1 0.8125 0.5 0.8125 1 0.78125 1 0.78125 0.5 0.78125 1 0.75 1 0.75 0.5 0.75 1 0.71875 1 0.71875 0.5 0.71875 1 0.6875 1 0.6875 0.5 0.6875 1 0.65625 1 0.65625 0.5 0.65625 1 0.625 1 0.625 0.5 0.625 1 0.59375 1 0.59375 0.5 0.59375 1 0.5625 1 0.5625 0.5 0.5625 1 0.53125 1 0.53125 0.5 0.53125 1 0.5 1 0.5 0.5 0.5 1 0.46875 1 0.46875 0.5 0.46875 1 0.4375 1 0.4375 0.5 0.4375 1 0.40625 1 0.40625 0.5 0.40625 1 0.375 1 0.375 0.5 0.375 1 0.34375 1 0.34375 0.5 0.34375 1 0.3125 1 0.3125 0.5 0.3125 1 0.28125 1 0.28125 0.5 0.28125 1 0.25 1 0.25 0.5 0.25 1 0.21875 1 0.21875 0.5 0.21875 1 0.1875 1 0.1875 0.5 0.1875 1 0.15625 1 0.15625 0.5 0.15625 1 0.125 1 0.125 0.5 0.125 1 0.09375 1 0.09375 0.5 0.09375 1 0.0625 1 0.341844 0.4717311 0.2968217 0.4853885 0.25 0.49 0.25 0.49 0.2031783 0.4853885 0.1581559 0.4717311 0.1581559 0.4717311 0.1166631 0.4495527 0.02826887 0.341844 0.1166631 0.4495527 0.08029437 0.4197056 0.02826887 0.341844 0.08029437 0.4197056 0.05044728 0.3833369 0.02826887 0.341844 0.02826887 0.341844 0.01461154 0.2968217 0.00999999 0.25 0.00999999 0.25 0.01461154 0.2031783 0.02826887 0.1581559 0.02826887 0.1581559 0.05044728 0.1166631 0.08029437 0.08029437 0.08029437 0.08029437 0.1166631 0.05044728 0.1581559 0.02826887 0.1581559 0.02826887 0.2031783 0.01461154 0.25 0.00999999 0.25 0.00999999 0.2968217 0.01461154 0.1581559 0.02826887 0.2968217 0.01461154 0.341844 0.02826887 0.1581559 0.02826887 0.341844 0.02826887 0.3833369 0.05044728 0.4197056 0.08029437 0.4197056 0.08029437 0.4495527 0.1166631 0.341844 0.02826887 0.4495527 0.1166631 0.4717311 0.1581559 0.341844 0.02826887 0.4717311 0.1581559 0.4853885 0.2031783 0.49 0.25 0.49 0.25 0.4853885 0.2968217 0.4717311 0.341844 0.4717311 0.341844 0.4495527 0.3833369 0.341844 0.4717311 0.4495527 0.3833369 0.4197056 0.4197056 0.341844 0.4717311 0.4197056 0.4197056 0.3833369 0.4495527 0.341844 0.4717311 0.341844 0.4717311 0.25 0.49 0.1581559 0.4717311 0.02826887 0.341844 0.00999999 0.25 0.02826887 0.1581559 0.02826887 0.1581559 0.08029437 0.08029437 0.02826887 0.341844 0.08029437 0.08029437 0.1581559 0.02826887 0.02826887 0.341844 0.4717311 0.1581559 0.49 0.25 0.4717311 0.341844 0.341844 0.4717311 0.1581559 0.4717311 0.1581559 0.02826887 0.1581559 0.4717311 0.02826887 0.341844 0.1581559 0.02826887 0.1581559 0.02826887 0.341844 0.02826887 0.4717311 0.1581559 0.4717311 0.1581559 0.4717311 0.341844 0.341844 0.4717311 0.0625 0.5 0.0625 1 0.03125 1 0.03125 0.5 0.03125 1 0 1 0.7031784 0.4853885 0.75 0.49 0.8833369 0.4495527 0.75 0.49 0.7968217 0.4853885 0.8833369 0.4495527 0.7968217 0.4853885 0.841844 0.4717311 0.8833369 0.4495527 0.8833369 0.4495527 0.9197056 0.4197056 0.9495527 0.3833369 0.9495527 0.3833369 0.9717311 0.341844 0.9853885 0.2968217 0.9853885 0.2968217 0.99 0.25 0.9495527 0.1166631 0.99 0.25 0.9853885 0.2031783 0.9495527 0.1166631 0.9853885 0.2031783 0.9717311 0.1581559 0.9495527 0.1166631 0.9495527 0.1166631 0.9197056 0.08029437 0.8833369 0.05044728 0.8833369 0.05044728 0.841844 0.02826887 0.9495527 0.1166631 0.841844 0.02826887 0.7968217 0.01461154 0.9495527 0.1166631 0.7968217 0.01461154 0.75 0.00999999 0.7031784 0.01461154 0.7031784 0.01461154 0.658156 0.02826887 0.7968217 0.01461154 0.658156 0.02826887 0.6166632 0.05044728 0.7968217 0.01461154 0.6166632 0.05044728 0.5802944 0.08029437 0.5504473 0.1166631 0.5504473 0.1166631 0.5282689 0.1581559 0.6166632 0.05044728 0.5282689 0.1581559 0.5146116 0.2031783 0.6166632 0.05044728 0.5146116 0.2031783 0.51 0.25 0.5146116 0.2968217 0.5146116 0.2968217 0.5282689 0.341844 0.5146116 0.2031783 0.5282689 0.341844 0.5504473 0.3833369 0.5146116 0.2031783 0.5504473 0.3833369 0.5802944 0.4197056 0.6166632 0.4495527 0.6166632 0.4495527 0.658156 0.4717311 0.7031784 0.4853885 0.8833369 0.4495527 0.9495527 0.3833369 0.7031784 0.4853885 0.9495527 0.3833369 0.9853885 0.2968217 0.7031784 0.4853885 0.5504473 0.3833369 0.6166632 0.4495527 0.5146116 0.2031783 0.6166632 0.4495527 0.7031784 0.4853885 0.5146116 0.2031783 0.9853885 0.2968217 0.9495527 0.1166631 0.7031784 0.4853885 0.9495527 0.1166631 0.7968217 0.01461154 0.7031784 0.4853885 0.7968217 0.01461154 0.6166632 0.05044728 0.5146116 0.2031783 1 0.5 1 1 0.96875 1 0.96875 0.5 0.96875 1 0.9375 1 0.9375 0.5 0.9375 1 0.90625 1 0.90625 0.5 0.90625 1 0.875 1 0.875 0.5 0.875 1 0.84375 1 0.84375 0.5 0.84375 1 0.8125 1 0.8125 0.5 0.8125 1 0.78125 1 0.78125 0.5 0.78125 1 0.75 1 0.75 0.5 0.75 1 0.71875 1 0.71875 0.5 0.71875 1 0.6875 1 0.6875 0.5 0.6875 1 0.65625 1 0.65625 0.5 0.65625 1 0.625 1 0.625 0.5 0.625 1 0.59375 1 0.59375 0.5 0.59375 1 0.5625 1 0.5625 0.5 0.5625 1 0.53125 1 0.53125 0.5 0.53125 1 0.5 1 0.5 0.5 0.5 1 0.46875 1 0.46875 0.5 0.46875 1 0.4375 1 0.4375 0.5 0.4375 1 0.40625 1 0.40625 0.5 0.40625 1 0.375 1 0.375 0.5 0.375 1 0.34375 1 0.34375 0.5 0.34375 1 0.3125 1 0.3125 0.5 0.3125 1 0.28125 1 0.28125 0.5 0.28125 1 0.25 1 0.25 0.5 0.25 1 0.21875 1 0.21875 0.5 0.21875 1 0.1875 1 0.1875 0.5 0.1875 1 0.15625 1 0.15625 0.5 0.15625 1 0.125 1 0.125 0.5 0.125 1 0.09375 1 0.09375 0.5 0.09375 1 0.0625 1 0.341844 0.4717311 0.2968217 0.4853885 0.2968217 0.01461154 0.2968217 0.4853885 0.25 0.49 0.25 0.00999999 0.25 0.49 0.2031783 0.4853885 0.2031783 0.01461154 0.2031783 0.4853885 0.1581559 0.4717311 0.1581559 0.02826887 0.1581559 0.4717311 0.1166631 0.4495527 0.1581559 0.02826887 0.1166631 0.4495527 0.08029437 0.4197056 0.1166631 0.05044728 0.1581559 0.02826887 0.1166631 0.4495527 0.1166631 0.05044728 0.08029437 0.4197056 0.05044728 0.3833369 0.08029437 0.08029437 0.05044728 0.3833369 0.02826887 0.341844 0.05044728 0.1166631 0.08029437 0.08029437 0.05044728 0.3833369 0.05044728 0.1166631 0.02826887 0.341844 0.01461154 0.2968217 0.01461154 0.2031783 0.01461154 0.2968217 0.00999999 0.25 0.01461154 0.2031783 0.01461154 0.2031783 0.02826887 0.1581559 0.02826887 0.341844 0.02826887 0.1581559 0.05044728 0.1166631 0.02826887 0.341844 0.08029437 0.08029437 0.1166631 0.05044728 0.08029437 0.4197056 0.1581559 0.02826887 0.2031783 0.01461154 0.2031783 0.4853885 0.2031783 0.01461154 0.25 0.00999999 0.25 0.49 0.25 0.00999999 0.2968217 0.01461154 0.2968217 0.4853885 0.2968217 0.01461154 0.341844 0.02826887 0.341844 0.4717311 0.341844 0.02826887 0.3833369 0.05044728 0.341844 0.4717311 0.3833369 0.05044728 0.4197056 0.08029437 0.3833369 0.4495527 0.341844 0.4717311 0.3833369 0.05044728 0.3833369 0.4495527 0.4197056 0.08029437 0.4495527 0.1166631 0.4197056 0.4197056 0.4495527 0.1166631 0.4717311 0.1581559 0.4495527 0.3833369 0.4197056 0.4197056 0.4495527 0.1166631 0.4495527 0.3833369 0.4717311 0.1581559 0.4853885 0.2031783 0.4717311 0.341844 0.4853885 0.2031783 0.49 0.25 0.4853885 0.2968217 0.4717311 0.341844 0.4853885 0.2031783 0.4853885 0.2968217 0.4717311 0.341844 0.4495527 0.3833369 0.4717311 0.1581559 0.0625 0.5 0.0625 1 0.03125 1 0.03125 0.5 0.03125 1 0 1 0.7031784 0.4853885 0.75 0.49 0.75 0.00999999 0.75 0.49 0.7968217 0.4853885 0.7968217 0.01461154 0.7968217 0.4853885 0.841844 0.4717311 0.7968217 0.01461154 0.841844 0.4717311 0.8833369 0.4495527 0.841844 0.02826887 0.7968217 0.01461154 0.841844 0.4717311 0.841844 0.02826887 0.8833369 0.4495527 0.9197056 0.4197056 0.9197056 0.08029437 0.9197056 0.4197056 0.9495527 0.3833369 0.9495527 0.1166631 0.9495527 0.3833369 0.9717311 0.341844 0.9495527 0.1166631 0.9717311 0.341844 0.9853885 0.2968217 0.9717311 0.1581559 0.9495527 0.1166631 0.9717311 0.341844 0.9717311 0.1581559 0.9853885 0.2968217 0.99 0.25 0.9853885 0.2031783 0.9853885 0.2031783 0.9717311 0.1581559 0.9853885 0.2968217 0.9495527 0.1166631 0.9197056 0.08029437 0.9197056 0.4197056 0.9197056 0.08029437 0.8833369 0.05044728 0.8833369 0.4495527 0.8833369 0.05044728 0.841844 0.02826887 0.8833369 0.4495527 0.7968217 0.01461154 0.75 0.00999999 0.75 0.49 0.75 0.00999999 0.7031784 0.01461154 0.7031784 0.4853885 0.7031784 0.01461154 0.658156 0.02826887 0.7031784 0.4853885 0.658156 0.02826887 0.6166632 0.05044728 0.658156 0.4717311 0.7031784 0.4853885 0.658156 0.02826887 0.658156 0.4717311 0.6166632 0.05044728 0.5802944 0.08029437 0.5802944 0.4197056 0.5802944 0.08029437 0.5504473 0.1166631 0.5504473 0.3833369 0.5504473 0.1166631 0.5282689 0.1581559 0.5504473 0.3833369 0.5282689 0.1581559 0.5146116 0.2031783 0.5282689 0.341844 0.5504473 0.3833369 0.5282689 0.1581559 0.5282689 0.341844 0.5146116 0.2031783 0.51 0.25 0.5146116 0.2968217 0.5146116 0.2968217 0.5282689 0.341844 0.5146116 0.2031783 0.5504473 0.3833369 0.5802944 0.4197056 0.5802944 0.08029437 0.5802944 0.4197056 0.6166632 0.4495527 0.6166632 0.05044728 1 0.5 1 1 0.96875 1 0.96875 0.5 0.96875 1 0.9375 1 0.9375 0.5 0.9375 1 0.90625 1 0.90625 0.5 0.90625 1 0.875 1 0.875 0.5 0.875 1 0.84375 1 0.84375 0.5 0.84375 1 0.8125 1 0.8125 0.5 0.8125 1 0.78125 1 0.78125 0.5 0.78125 1 0.75 1 0.75 0.5 0.75 1 0.71875 1 0.71875 0.5 0.71875 1 0.6875 1 0.6875 0.5 0.6875 1 0.65625 1 0.65625 0.5 0.65625 1 0.625 1 0.625 0.5 0.625 1 0.59375 1 0.59375 0.5 0.59375 1 0.5625 1 0.5625 0.5 0.5625 1 0.53125 1 0.53125 0.5 0.53125 1 0.5 1 0.5 0.5 0.5 1 0.46875 1 0.46875 0.5 0.46875 1 0.4375 1 0.4375 0.5 0.4375 1 0.40625 1 0.40625 0.5 0.40625 1 0.375 1 0.375 0.5 0.375 1 0.34375 1 0.34375 0.5 0.34375 1 0.3125 1 0.3125 0.5 0.3125 1 0.28125 1 0.28125 0.5 0.28125 1 0.25 1 0.25 0.5 0.25 1 0.21875 1 0.21875 0.5 0.21875 1 0.1875 1 0.1875 0.5 0.1875 1 0.15625 1 0.15625 0.5 0.15625 1 0.125 1 0.125 0.5 0.125 1 0.09375 1 0.09375 0.5 0.09375 1 0.0625 1 0.341844 0.4717311 0.2968217 0.4853885 0.2968217 0.01461154 0.2968217 0.4853885 0.25 0.49 0.25 0.00999999 0.25 0.49 0.2031783 0.4853885 0.2031783 0.01461154 0.2031783 0.4853885 0.1581559 0.4717311 0.1581559 0.02826887 0.1581559 0.4717311 0.1166631 0.4495527 0.1581559 0.02826887 0.1166631 0.4495527 0.08029437 0.4197056 0.1166631 0.05044728 0.1581559 0.02826887 0.1166631 0.4495527 0.1166631 0.05044728 0.08029437 0.4197056 0.05044728 0.3833369 0.08029437 0.08029437 0.05044728 0.3833369 0.02826887 0.341844 0.05044728 0.1166631 0.08029437 0.08029437 0.05044728 0.3833369 0.05044728 0.1166631 0.02826887 0.341844 0.01461154 0.2968217 0.02826887 0.1581559 0.01461154 0.2968217 0.00999999 0.25 0.01461154 0.2031783 0.02826887 0.1581559 0.01461154 0.2968217 0.01461154 0.2031783 0.02826887 0.1581559 0.05044728 0.1166631 0.02826887 0.341844 0.08029437 0.08029437 0.1166631 0.05044728 0.08029437 0.4197056 0.1581559 0.02826887 0.2031783 0.01461154 0.2031783 0.4853885 0.2031783 0.01461154 0.25 0.00999999 0.25 0.49 0.25 0.00999999 0.2968217 0.01461154 0.2968217 0.4853885 0.2968217 0.01461154 0.341844 0.02826887 0.341844 0.4717311 0.341844 0.02826887 0.3833369 0.05044728 0.341844 0.4717311 0.3833369 0.05044728 0.4197056 0.08029437 0.3833369 0.4495527 0.341844 0.4717311 0.3833369 0.05044728 0.3833369 0.4495527 0.4197056 0.08029437 0.4495527 0.1166631 0.4197056 0.4197056 0.4495527 0.1166631 0.4717311 0.1581559 0.4495527 0.3833369 0.4197056 0.4197056 0.4495527 0.1166631 0.4495527 0.3833369 0.4717311 0.1581559 0.4853885 0.2031783 0.4853885 0.2968217 0.4853885 0.2031783 0.49 0.25 0.4853885 0.2968217 0.4853885 0.2968217 0.4717311 0.341844 0.4717311 0.1581559 0.4717311 0.341844 0.4495527 0.3833369 0.4717311 0.1581559 0.0625 0.5 0.0625 1 0.03125 1 0.03125 0.5 0.03125 1 0 1 0.7031784 0.4853885 0.75 0.49 0.75 0.00999999 0.75 0.49 0.7968217 0.4853885 0.7968217 0.01461154 0.7968217 0.4853885 0.841844 0.4717311 0.7968217 0.01461154 0.841844 0.4717311 0.8833369 0.4495527 0.841844 0.02826887 0.7968217 0.01461154 0.841844 0.4717311 0.841844 0.02826887 0.8833369 0.4495527 0.9197056 0.4197056 0.9197056 0.08029437 0.9197056 0.4197056 0.9495527 0.3833369 0.9495527 0.1166631 0.9495527 0.3833369 0.9717311 0.341844 0.9495527 0.1166631 0.9717311 0.341844 0.9853885 0.2968217 0.9717311 0.1581559 0.9495527 0.1166631 0.9717311 0.341844 0.9717311 0.1581559 0.9853885 0.2968217 0.99 0.25 0.9853885 0.2031783 0.9853885 0.2031783 0.9717311 0.1581559 0.9853885 0.2968217 0.9495527 0.1166631 0.9197056 0.08029437 0.9197056 0.4197056 0.9197056 0.08029437 0.8833369 0.05044728 0.8833369 0.4495527 0.8833369 0.05044728 0.841844 0.02826887 0.8833369 0.4495527 0.7968217 0.01461154 0.75 0.00999999 0.75 0.49 0.75 0.00999999 0.7031784 0.01461154 0.7031784 0.4853885 0.7031784 0.01461154 0.658156 0.02826887 0.7031784 0.4853885 0.658156 0.02826887 0.6166632 0.05044728 0.658156 0.4717311 0.7031784 0.4853885 0.658156 0.02826887 0.658156 0.4717311 0.6166632 0.05044728 0.5802944 0.08029437 0.5802944 0.4197056 0.5802944 0.08029437 0.5504473 0.1166631 0.5504473 0.3833369 0.5504473 0.1166631 0.5282689 0.1581559 0.5504473 0.3833369 0.5282689 0.1581559 0.5146116 0.2031783 0.5282689 0.341844 0.5504473 0.3833369 0.5282689 0.1581559 0.5282689 0.341844 0.5146116 0.2031783 0.51 0.25 0.5146116 0.2968217 0.5146116 0.2968217 0.5282689 0.341844 0.5146116 0.2031783 0.5504473 0.3833369 0.5802944 0.4197056 0.5802944 0.08029437 0.5802944 0.4197056 0.6166632 0.4495527 0.6166632 0.05044728 1 0.5 1 1 0.96875 1 0.96875 0.5 0.96875 1 0.9375 1 0.9375 0.5 0.9375 1 0.90625 1 0.90625 0.5 0.90625 1 0.875 1 0.875 0.5 0.875 1 0.84375 1 0.84375 0.5 0.84375 1 0.8125 1 0.8125 0.5 0.8125 1 0.78125 1 0.78125 0.5 0.78125 1 0.75 1 0.75 0.5 0.75 1 0.71875 1 0.71875 0.5 0.71875 1 0.6875 1 0.6875 0.5 0.6875 1 0.65625 1 0.65625 0.5 0.65625 1 0.625 1 0.625 0.5 0.625 1 0.59375 1 0.59375 0.5 0.59375 1 0.5625 1 0.5625 0.5 0.5625 1 0.53125 1 0.53125 0.5 0.53125 1 0.5 1 0.5 0.5 0.5 1 0.46875 1 0.46875 0.5 0.46875 1 0.4375 1 0.4375 0.5 0.4375 1 0.40625 1 0.40625 0.5 0.40625 1 0.375 1 0.375 0.5 0.375 1 0.34375 1 0.34375 0.5 0.34375 1 0.3125 1 0.3125 0.5 0.3125 1 0.28125 1 0.28125 0.5 0.28125 1 0.25 1 0.25 0.5 0.25 1 0.21875 1 0.21875 0.5 0.21875 1 0.1875 1 0.1875 0.5 0.1875 1 0.15625 1 0.15625 0.5 0.15625 1 0.125 1 0.125 0.5 0.125 1 0.09375 1 0.09375 0.5 0.09375 1 0.0625 1 0.341844 0.4717311 0.2968217 0.4853885 0.2968217 0.01461154 0.2968217 0.4853885 0.25 0.49 0.25 0.00999999 0.25 0.49 0.2031783 0.4853885 0.2031783 0.01461154 0.2031783 0.4853885 0.1581559 0.4717311 0.1581559 0.02826887 0.1581559 0.4717311 0.1166631 0.4495527 0.1581559 0.02826887 0.1166631 0.4495527 0.08029437 0.4197056 0.1166631 0.05044728 0.1581559 0.02826887 0.1166631 0.4495527 0.1166631 0.05044728 0.08029437 0.4197056 0.05044728 0.3833369 0.08029437 0.08029437 0.05044728 0.3833369 0.02826887 0.341844 0.05044728 0.1166631 0.08029437 0.08029437 0.05044728 0.3833369 0.05044728 0.1166631 0.02826887 0.341844 0.01461154 0.2968217 0.02826887 0.1581559 0.01461154 0.2968217 0.00999999 0.25 0.01461154 0.2031783 0.02826887 0.1581559 0.01461154 0.2968217 0.01461154 0.2031783 0.02826887 0.1581559 0.05044728 0.1166631 0.02826887 0.341844 0.08029437 0.08029437 0.1166631 0.05044728 0.08029437 0.4197056 0.1581559 0.02826887 0.2031783 0.01461154 0.2031783 0.4853885 0.2031783 0.01461154 0.25 0.00999999 0.25 0.49 0.25 0.00999999 0.2968217 0.01461154 0.2968217 0.4853885 0.2968217 0.01461154 0.341844 0.02826887 0.341844 0.4717311 0.341844 0.02826887 0.3833369 0.05044728 0.341844 0.4717311 0.3833369 0.05044728 0.4197056 0.08029437 0.3833369 0.4495527 0.341844 0.4717311 0.3833369 0.05044728 0.3833369 0.4495527 0.4197056 0.08029437 0.4495527 0.1166631 0.4197056 0.4197056 0.4495527 0.1166631 0.4717311 0.1581559 0.4495527 0.3833369 0.4197056 0.4197056 0.4495527 0.1166631 0.4495527 0.3833369 0.4717311 0.1581559 0.4853885 0.2031783 0.4853885 0.2968217 0.4853885 0.2031783 0.49 0.25 0.4853885 0.2968217 0.4853885 0.2968217 0.4717311 0.341844 0.4717311 0.1581559 0.4717311 0.341844 0.4495527 0.3833369 0.4717311 0.1581559 0.0625 0.5 0.0625 1 0.03125 1 0.03125 0.5 0.03125 1 0 1 0.7031784 0.4853885 0.75 0.49 0.75 0.00999999 0.75 0.49 0.7968217 0.4853885 0.7968217 0.01461154 0.7968217 0.4853885 0.841844 0.4717311 0.7968217 0.01461154 0.841844 0.4717311 0.8833369 0.4495527 0.841844 0.02826887 0.7968217 0.01461154 0.841844 0.4717311 0.841844 0.02826887 0.8833369 0.4495527 0.9197056 0.4197056 0.9197056 0.08029437 0.9197056 0.4197056 0.9495527 0.3833369 0.9495527 0.1166631 0.9495527 0.3833369 0.9717311 0.341844 0.9495527 0.1166631 0.9717311 0.341844 0.9853885 0.2968217 0.9717311 0.1581559 0.9495527 0.1166631 0.9717311 0.341844 0.9717311 0.1581559 0.9853885 0.2968217 0.99 0.25 0.9853885 0.2031783 0.9853885 0.2031783 0.9717311 0.1581559 0.9853885 0.2968217 0.9495527 0.1166631 0.9197056 0.08029437 0.9197056 0.4197056 0.9197056 0.08029437 0.8833369 0.05044728 0.8833369 0.4495527 0.8833369 0.05044728 0.841844 0.02826887 0.8833369 0.4495527 0.7968217 0.01461154 0.75 0.00999999 0.75 0.49 0.75 0.00999999 0.7031784 0.01461154 0.7031784 0.4853885 0.7031784 0.01461154 0.658156 0.02826887 0.7031784 0.4853885 0.658156 0.02826887 0.6166632 0.05044728 0.658156 0.4717311 0.7031784 0.4853885 0.658156 0.02826887 0.658156 0.4717311 0.6166632 0.05044728 0.5802944 0.08029437 0.5802944 0.4197056 0.5802944 0.08029437 0.5504473 0.1166631 0.5504473 0.3833369 0.5504473 0.1166631 0.5282689 0.1581559 0.5504473 0.3833369 0.5282689 0.1581559 0.5146116 0.2031783 0.5282689 0.341844 0.5504473 0.3833369 0.5282689 0.1581559 0.5282689 0.341844 0.5146116 0.2031783 0.51 0.25 0.5146116 0.2968217 0.5146116 0.2968217 0.5282689 0.341844 0.5146116 0.2031783 0.5504473 0.3833369 0.5802944 0.4197056 0.5802944 0.08029437 0.5802944 0.4197056 0.6166632 0.4495527 0.6166632 0.05044728 1 0.5 1 1 0.96875 1 0.96875 0.5 0.96875 1 0.9375 1 0.9375 0.5 0.9375 1 0.90625 1 0.90625 0.5 0.90625 1 0.875 1 0.875 0.5 0.875 1 0.84375 1 0.84375 0.5 0.84375 1 0.8125 1 0.8125 0.5 0.8125 1 0.78125 1 0.78125 0.5 0.78125 1 0.75 1 0.75 0.5 0.75 1 0.71875 1 0.71875 0.5 0.71875 1 0.6875 1 0.6875 0.5 0.6875 1 0.65625 1 0.65625 0.5 0.65625 1 0.625 1 0.625 0.5 0.625 1 0.59375 1 0.59375 0.5 0.59375 1 0.5625 1 0.5625 0.5 0.5625 1 0.53125 1 0.53125 0.5 0.53125 1 0.5 1 0.5 0.5 0.5 1 0.46875 1 0.46875 0.5 0.46875 1 0.4375 1 0.4375 0.5 0.4375 1 0.40625 1 0.40625 0.5 0.40625 1 0.375 1 0.375 0.5 0.375 1 0.34375 1 0.34375 0.5 0.34375 1 0.3125 1 0.3125 0.5 0.3125 1 0.28125 1 0.28125 0.5 0.28125 1 0.25 1 0.25 0.5 0.25 1 0.21875 1 0.21875 0.5 0.21875 1 0.1875 1 0.1875 0.5 0.1875 1 0.15625 1 0.15625 0.5 0.15625 1 0.125 1 0.125 0.5 0.125 1 0.09375 1 0.09375 0.5 0.09375 1 0.0625 1 0.341844 0.4717311 0.2968217 0.4853885 0.2968217 0.01461154 0.2968217 0.4853885 0.25 0.49 0.25 0.00999999 0.25 0.49 0.2031783 0.4853885 0.2031783 0.01461154 0.2031783 0.4853885 0.1581559 0.4717311 0.1581559 0.02826887 0.1581559 0.4717311 0.1166631 0.4495527 0.1581559 0.02826887 0.1166631 0.4495527 0.08029437 0.4197056 0.1166631 0.05044728 0.1581559 0.02826887 0.1166631 0.4495527 0.1166631 0.05044728 0.08029437 0.4197056 0.05044728 0.3833369 0.08029437 0.08029437 0.05044728 0.3833369 0.02826887 0.341844 0.05044728 0.1166631 0.08029437 0.08029437 0.05044728 0.3833369 0.05044728 0.1166631 0.02826887 0.341844 0.01461154 0.2968217 0.01461154 0.2031783 0.01461154 0.2968217 0.00999999 0.25 0.01461154 0.2031783 0.01461154 0.2031783 0.02826887 0.1581559 0.02826887 0.341844 0.02826887 0.1581559 0.05044728 0.1166631 0.02826887 0.341844 0.08029437 0.08029437 0.1166631 0.05044728 0.08029437 0.4197056 0.1581559 0.02826887 0.2031783 0.01461154 0.2031783 0.4853885 0.2031783 0.01461154 0.25 0.00999999 0.25 0.49 0.25 0.00999999 0.2968217 0.01461154 0.2968217 0.4853885 0.2968217 0.01461154 0.341844 0.02826887 0.341844 0.4717311 0.341844 0.02826887 0.3833369 0.05044728 0.341844 0.4717311 0.3833369 0.05044728 0.4197056 0.08029437 0.3833369 0.4495527 0.341844 0.4717311 0.3833369 0.05044728 0.3833369 0.4495527 0.4197056 0.08029437 0.4495527 0.1166631 0.4197056 0.4197056 0.4495527 0.1166631 0.4717311 0.1581559 0.4495527 0.3833369 0.4197056 0.4197056 0.4495527 0.1166631 0.4495527 0.3833369 0.4717311 0.1581559 0.4853885 0.2031783 0.4717311 0.341844 0.4853885 0.2031783 0.49 0.25 0.4853885 0.2968217 0.4717311 0.341844 0.4853885 0.2031783 0.4853885 0.2968217 0.4717311 0.341844 0.4495527 0.3833369 0.4717311 0.1581559 0.0625 0.5 0.0625 1 0.03125 1 0.03125 0.5 0.03125 1 0 1 0.7031784 0.4853885 0.75 0.49 0.75 0.00999999 0.75 0.49 0.7968217 0.4853885 0.7968217 0.01461154 0.7968217 0.4853885 0.841844 0.4717311 0.7968217 0.01461154 0.841844 0.4717311 0.8833369 0.4495527 0.841844 0.02826887 0.7968217 0.01461154 0.841844 0.4717311 0.841844 0.02826887 0.8833369 0.4495527 0.9197056 0.4197056 0.9197056 0.08029437 0.9197056 0.4197056 0.9495527 0.3833369 0.9495527 0.1166631 0.9495527 0.3833369 0.9717311 0.341844 0.9495527 0.1166631 0.9717311 0.341844 0.9853885 0.2968217 0.9717311 0.1581559 0.9495527 0.1166631 0.9717311 0.341844 0.9717311 0.1581559 0.9853885 0.2968217 0.99 0.25 0.9853885 0.2031783 0.9853885 0.2031783 0.9717311 0.1581559 0.9853885 0.2968217 0.9495527 0.1166631 0.9197056 0.08029437 0.9197056 0.4197056 0.9197056 0.08029437 0.8833369 0.05044728 0.8833369 0.4495527 0.8833369 0.05044728 0.841844 0.02826887 0.8833369 0.4495527 0.7968217 0.01461154 0.75 0.00999999 0.75 0.49 0.75 0.00999999 0.7031784 0.01461154 0.7031784 0.4853885 0.7031784 0.01461154 0.658156 0.02826887 0.7031784 0.4853885 0.658156 0.02826887 0.6166632 0.05044728 0.658156 0.4717311 0.7031784 0.4853885 0.658156 0.02826887 0.658156 0.4717311 0.6166632 0.05044728 0.5802944 0.08029437 0.5802944 0.4197056 0.5802944 0.08029437 0.5504473 0.1166631 0.5504473 0.3833369 0.5504473 0.1166631 0.5282689 0.1581559 0.5504473 0.3833369 0.5282689 0.1581559 0.5146116 0.2031783 0.5282689 0.341844 0.5504473 0.3833369 0.5282689 0.1581559 0.5282689 0.341844 0.5146116 0.2031783 0.51 0.25 0.5146116 0.2968217 0.5146116 0.2968217 0.5282689 0.341844 0.5146116 0.2031783 0.5504473 0.3833369 0.5802944 0.4197056 0.5802944 0.08029437 0.5802944 0.4197056 0.6166632 0.4495527 0.6166632 0.05044728 1 0.5 1 1 0.96875 1 0.96875 0.5 0.96875 1 0.9375 1 0.9375 0.5 0.9375 1 0.90625 1 0.90625 0.5 0.90625 1 0.875 1 0.875 0.5 0.875 1 0.84375 1 0.84375 0.5 0.84375 1 0.8125 1 0.8125 0.5 0.8125 1 0.78125 1 0.78125 0.5 0.78125 1 0.75 1 0.75 0.5 0.75 1 0.71875 1 0.71875 0.5 0.71875 1 0.6875 1 0.6875 0.5 0.6875 1 0.65625 1 0.65625 0.5 0.65625 1 0.625 1 0.625 0.5 0.625 1 0.59375 1 0.59375 0.5 0.59375 1 0.5625 1 0.5625 0.5 0.5625 1 0.53125 1 0.53125 0.5 0.53125 1 0.5 1 0.5 0.5 0.5 1 0.46875 1 0.46875 0.5 0.46875 1 0.4375 1 0.4375 0.5 0.4375 1 0.40625 1 0.40625 0.5 0.40625 1 0.375 1 0.375 0.5 0.375 1 0.34375 1 0.34375 0.5 0.34375 1 0.3125 1 0.3125 0.5 0.3125 1 0.28125 1 0.28125 0.5 0.28125 1 0.25 1 0.25 0.5 0.25 1 0.21875 1 0.21875 0.5 0.21875 1 0.1875 1 0.1875 0.5 0.1875 1 0.15625 1 0.15625 0.5 0.15625 1 0.125 1 0.125 0.5 0.125 1 0.09375 1 0.09375 0.5 0.09375 1 0.0625 1 0.341844 0.4717311 0.2968217 0.4853885 0.2031783 0.4853885 0.2968217 0.4853885 0.25 0.49 0.2031783 0.4853885 0.2031783 0.4853885 0.1581559 0.4717311 0.341844 0.4717311 0.1581559 0.4717311 0.1166631 0.4495527 0.341844 0.4717311 0.1166631 0.4495527 0.08029437 0.4197056 0.3833369 0.4495527 0.341844 0.4717311 0.1166631 0.4495527 0.3833369 0.4495527 0.08029437 0.4197056 0.05044728 0.3833369 0.4197056 0.4197056 0.05044728 0.3833369 0.02826887 0.341844 0.4495527 0.3833369 0.4197056 0.4197056 0.05044728 0.3833369 0.4495527 0.3833369 0.02826887 0.341844 0.01461154 0.2968217 0.4853885 0.2968217 0.01461154 0.2968217 0.00999999 0.25 0.49 0.25 0.00999999 0.25 0.01461154 0.2031783 0.4853885 0.2031783 0.01461154 0.2031783 0.02826887 0.1581559 0.4717311 0.1581559 0.02826887 0.1581559 0.05044728 0.1166631 0.4717311 0.1581559 0.05044728 0.1166631 0.08029437 0.08029437 0.4495527 0.1166631 0.4717311 0.1581559 0.05044728 0.1166631 0.4495527 0.1166631 0.08029437 0.08029437 0.1166631 0.05044728 0.4197056 0.08029437 0.1166631 0.05044728 0.1581559 0.02826887 0.3833369 0.05044728 0.4197056 0.08029437 0.1166631 0.05044728 0.3833369 0.05044728 0.1581559 0.02826887 0.2031783 0.01461154 0.341844 0.02826887 0.2031783 0.01461154 0.25 0.00999999 0.2968217 0.01461154 0.341844 0.02826887 0.2031783 0.01461154 0.2968217 0.01461154 0.341844 0.02826887 0.3833369 0.05044728 0.1581559 0.02826887 0.4197056 0.08029437 0.4495527 0.1166631 0.08029437 0.08029437 0.4717311 0.1581559 0.4853885 0.2031783 0.01461154 0.2031783 0.4853885 0.2031783 0.49 0.25 0.00999999 0.25 0.49 0.25 0.4853885 0.2968217 0.01461154 0.2968217 0.4853885 0.2968217 0.4717311 0.341844 0.02826887 0.341844 0.4717311 0.341844 0.4495527 0.3833369 0.02826887 0.341844 0.0625 0.5 0.0625 1 0.03125 1 0.03125 0.5 0.03125 1 0 1 0.7031784 0.4853885 0.75 0.49 0.7968217 0.4853885 0.7968217 0.4853885 0.841844 0.4717311 0.7031784 0.4853885 0.841844 0.4717311 0.8833369 0.4495527 0.658156 0.4717311 0.7031784 0.4853885 0.841844 0.4717311 0.658156 0.4717311 0.8833369 0.4495527 0.9197056 0.4197056 0.5802944 0.4197056 0.9197056 0.4197056 0.9495527 0.3833369 0.5504473 0.3833369 0.9495527 0.3833369 0.9717311 0.341844 0.5504473 0.3833369 0.9717311 0.341844 0.9853885 0.2968217 0.5282689 0.341844 0.5504473 0.3833369 0.9717311 0.341844 0.5282689 0.341844 0.9853885 0.2968217 0.99 0.25 0.51 0.25 0.99 0.25 0.9853885 0.2031783 0.5146116 0.2031783 0.9853885 0.2031783 0.9717311 0.1581559 0.5146116 0.2031783 0.9717311 0.1581559 0.9495527 0.1166631 0.5282689 0.1581559 0.5146116 0.2031783 0.9717311 0.1581559 0.5282689 0.1581559 0.9495527 0.1166631 0.9197056 0.08029437 0.5802944 0.08029437 0.9197056 0.08029437 0.8833369 0.05044728 0.6166632 0.05044728 0.8833369 0.05044728 0.841844 0.02826887 0.6166632 0.05044728 0.841844 0.02826887 0.7968217 0.01461154 0.658156 0.02826887 0.6166632 0.05044728 0.841844 0.02826887 0.658156 0.02826887 0.7968217 0.01461154 0.75 0.00999999 0.7031784 0.01461154 0.7031784 0.01461154 0.658156 0.02826887 0.7968217 0.01461154 0.6166632 0.05044728 0.5802944 0.08029437 0.9197056 0.08029437 0.5802944 0.08029437 0.5504473 0.1166631 0.9495527 0.1166631 0.5504473 0.1166631 0.5282689 0.1581559 0.9495527 0.1166631 0.5146116 0.2031783 0.51 0.25 0.99 0.25 0.51 0.25 0.5146116 0.2968217 0.9853885 0.2968217 0.5146116 0.2968217 0.5282689 0.341844 0.9853885 0.2968217 0.5504473 0.3833369 0.5802944 0.4197056 0.9197056 0.4197056 0.5802944 0.4197056 0.6166632 0.4495527 0.8833369 0.4495527 1 0.5 1 1 0.96875 1 0.96875 0.5 0.96875 1 0.9375 1 0.9375 0.5 0.9375 1 0.90625 1 0.90625 0.5 0.90625 1 0.875 1 0.875 0.5 0.875 1 0.84375 1 0.84375 0.5 0.84375 1 0.8125 1 0.8125 0.5 0.8125 1 0.78125 1 0.78125 0.5 0.78125 1 0.75 1 0.75 0.5 0.75 1 0.71875 1 0.71875 0.5 0.71875 1 0.6875 1 0.6875 0.5 0.6875 1 0.65625 1 0.65625 0.5 0.65625 1 0.625 1 0.625 0.5 0.625 1 0.59375 1 0.59375 0.5 0.59375 1 0.5625 1 0.5625 0.5 0.5625 1 0.53125 1 0.53125 0.5 0.53125 1 0.5 1 0.5 0.5 0.5 1 0.46875 1 0.46875 0.5 0.46875 1 0.4375 1 0.4375 0.5 0.4375 1 0.40625 1 0.40625 0.5 0.40625 1 0.375 1 0.375 0.5 0.375 1 0.34375 1 0.34375 0.5 0.34375 1 0.3125 1 0.3125 0.5 0.3125 1 0.28125 1 0.28125 0.5 0.28125 1 0.25 1 0.25 0.5 0.25 1 0.21875 1 0.21875 0.5 0.21875 1 0.1875 1 0.1875 0.5 0.1875 1 0.15625 1 0.15625 0.5 0.15625 1 0.125 1 0.125 0.5 0.125 1 0.09375 1 0.09375 0.5 0.09375 1 0.0625 1 0.341844 0.4717311 0.2968217 0.4853885 0.2031783 0.4853885 0.2968217 0.4853885 0.25 0.49 0.2031783 0.4853885 0.2031783 0.4853885 0.1581559 0.4717311 0.341844 0.4717311 0.1581559 0.4717311 0.1166631 0.4495527 0.341844 0.4717311 0.1166631 0.4495527 0.08029437 0.4197056 0.3833369 0.4495527 0.341844 0.4717311 0.1166631 0.4495527 0.3833369 0.4495527 0.08029437 0.4197056 0.05044728 0.3833369 0.4197056 0.4197056 0.05044728 0.3833369 0.02826887 0.341844 0.4495527 0.3833369 0.4197056 0.4197056 0.05044728 0.3833369 0.4495527 0.3833369 0.02826887 0.341844 0.01461154 0.2968217 0.4853885 0.2968217 0.01461154 0.2968217 0.00999999 0.25 0.49 0.25 0.00999999 0.25 0.01461154 0.2031783 0.4853885 0.2031783 0.01461154 0.2031783 0.02826887 0.1581559 0.4717311 0.1581559 0.02826887 0.1581559 0.05044728 0.1166631 0.4717311 0.1581559 0.05044728 0.1166631 0.08029437 0.08029437 0.4495527 0.1166631 0.4717311 0.1581559 0.05044728 0.1166631 0.4495527 0.1166631 0.08029437 0.08029437 0.1166631 0.05044728 0.4197056 0.08029437 0.1166631 0.05044728 0.1581559 0.02826887 0.3833369 0.05044728 0.4197056 0.08029437 0.1166631 0.05044728 0.3833369 0.05044728 0.1581559 0.02826887 0.2031783 0.01461154 0.341844 0.02826887 0.2031783 0.01461154 0.25 0.00999999 0.2968217 0.01461154 0.341844 0.02826887 0.2031783 0.01461154 0.2968217 0.01461154 0.341844 0.02826887 0.3833369 0.05044728 0.1581559 0.02826887 0.4197056 0.08029437 0.4495527 0.1166631 0.08029437 0.08029437 0.4717311 0.1581559 0.4853885 0.2031783 0.01461154 0.2031783 0.4853885 0.2031783 0.49 0.25 0.00999999 0.25 0.49 0.25 0.4853885 0.2968217 0.01461154 0.2968217 0.4853885 0.2968217 0.4717311 0.341844 0.02826887 0.341844 0.4717311 0.341844 0.4495527 0.3833369 0.02826887 0.341844 0.0625 0.5 0.0625 1 0.03125 1 0.03125 0.5 0.03125 1 0 1 0.7031784 0.4853885 0.75 0.49 0.7968217 0.4853885 0.7968217 0.4853885 0.841844 0.4717311 0.7031784 0.4853885 0.841844 0.4717311 0.8833369 0.4495527 0.658156 0.4717311 0.7031784 0.4853885 0.841844 0.4717311 0.658156 0.4717311 0.8833369 0.4495527 0.9197056 0.4197056 0.5802944 0.4197056 0.9197056 0.4197056 0.9495527 0.3833369 0.5504473 0.3833369 0.9495527 0.3833369 0.9717311 0.341844 0.5504473 0.3833369 0.9717311 0.341844 0.9853885 0.2968217 0.5282689 0.341844 0.5504473 0.3833369 0.9717311 0.341844 0.5282689 0.341844 0.9853885 0.2968217 0.99 0.25 0.51 0.25 0.99 0.25 0.9853885 0.2031783 0.5146116 0.2031783 0.9853885 0.2031783 0.9717311 0.1581559 0.5146116 0.2031783 0.9717311 0.1581559 0.9495527 0.1166631 0.5282689 0.1581559 0.5146116 0.2031783 0.9717311 0.1581559 0.5282689 0.1581559 0.9495527 0.1166631 0.9197056 0.08029437 0.5802944 0.08029437 0.9197056 0.08029437 0.8833369 0.05044728 0.6166632 0.05044728 0.8833369 0.05044728 0.841844 0.02826887 0.6166632 0.05044728 0.841844 0.02826887 0.7968217 0.01461154 0.658156 0.02826887 0.6166632 0.05044728 0.841844 0.02826887 0.658156 0.02826887 0.7968217 0.01461154 0.75 0.00999999 0.7031784 0.01461154 0.7031784 0.01461154 0.658156 0.02826887 0.7968217 0.01461154 0.6166632 0.05044728 0.5802944 0.08029437 0.9197056 0.08029437 0.5802944 0.08029437 0.5504473 0.1166631 0.9495527 0.1166631 0.5504473 0.1166631 0.5282689 0.1581559 0.9495527 0.1166631 0.5146116 0.2031783 0.51 0.25 0.99 0.25 0.51 0.25 0.5146116 0.2968217 0.9853885 0.2968217 0.5146116 0.2968217 0.5282689 0.341844 0.9853885 0.2968217 0.5504473 0.3833369 0.5802944 0.4197056 0.9197056 0.4197056 0.5802944 0.4197056 0.6166632 0.4495527 0.8833369 0.4495527 1 0.5 1 1 0.96875 1 0.96875 0.5 0.96875 1 0.9375 1 0.9375 0.5 0.9375 1 0.90625 1 0.90625 0.5 0.90625 1 0.875 1 0.875 0.5 0.875 1 0.84375 1 0.84375 0.5 0.84375 1 0.8125 1 0.8125 0.5 0.8125 1 0.78125 1 0.78125 0.5 0.78125 1 0.75 1 0.75 0.5 0.75 1 0.71875 1 0.71875 0.5 0.71875 1 0.6875 1 0.6875 0.5 0.6875 1 0.65625 1 0.65625 0.5 0.65625 1 0.625 1 0.625 0.5 0.625 1 0.59375 1 0.59375 0.5 0.59375 1 0.5625 1 0.5625 0.5 0.5625 1 0.53125 1 0.53125 0.5 0.53125 1 0.5 1 0.5 0.5 0.5 1 0.46875 1 0.46875 0.5 0.46875 1 0.4375 1 0.4375 0.5 0.4375 1 0.40625 1 0.40625 0.5 0.40625 1 0.375 1 0.375 0.5 0.375 1 0.34375 1 0.34375 0.5 0.34375 1 0.3125 1 0.3125 0.5 0.3125 1 0.28125 1 0.28125 0.5 0.28125 1 0.25 1 0.25 0.5 0.25 1 0.21875 1 0.21875 0.5 0.21875 1 0.1875 1 0.1875 0.5 0.1875 1 0.15625 1 0.15625 0.5 0.15625 1 0.125 1 0.125 0.5 0.125 1 0.09375 1 0.09375 0.5 0.09375 1 0.0625 1 0.341844 0.4717311 0.2968217 0.4853885 0.2031783 0.4853885 0.2968217 0.4853885 0.25 0.49 0.2031783 0.4853885 0.2031783 0.4853885 0.1581559 0.4717311 0.341844 0.4717311 0.1581559 0.4717311 0.1166631 0.4495527 0.341844 0.4717311 0.1166631 0.4495527 0.08029437 0.4197056 0.3833369 0.4495527 0.341844 0.4717311 0.1166631 0.4495527 0.3833369 0.4495527 0.08029437 0.4197056 0.05044728 0.3833369 0.4197056 0.4197056 0.05044728 0.3833369 0.02826887 0.341844 0.4495527 0.3833369 0.4197056 0.4197056 0.05044728 0.3833369 0.4495527 0.3833369 0.02826887 0.341844 0.01461154 0.2968217 0.4853885 0.2968217 0.01461154 0.2968217 0.00999999 0.25 0.49 0.25 0.00999999 0.25 0.01461154 0.2031783 0.4853885 0.2031783 0.01461154 0.2031783 0.02826887 0.1581559 0.4717311 0.1581559 0.02826887 0.1581559 0.05044728 0.1166631 0.4717311 0.1581559 0.05044728 0.1166631 0.08029437 0.08029437 0.4495527 0.1166631 0.4717311 0.1581559 0.05044728 0.1166631 0.4495527 0.1166631 0.08029437 0.08029437 0.1166631 0.05044728 0.4197056 0.08029437 0.1166631 0.05044728 0.1581559 0.02826887 0.3833369 0.05044728 0.4197056 0.08029437 0.1166631 0.05044728 0.3833369 0.05044728 0.1581559 0.02826887 0.2031783 0.01461154 0.341844 0.02826887 0.2031783 0.01461154 0.25 0.00999999 0.2968217 0.01461154 0.341844 0.02826887 0.2031783 0.01461154 0.2968217 0.01461154 0.341844 0.02826887 0.3833369 0.05044728 0.1581559 0.02826887 0.4197056 0.08029437 0.4495527 0.1166631 0.08029437 0.08029437 0.4717311 0.1581559 0.4853885 0.2031783 0.01461154 0.2031783 0.4853885 0.2031783 0.49 0.25 0.00999999 0.25 0.49 0.25 0.4853885 0.2968217 0.01461154 0.2968217 0.4853885 0.2968217 0.4717311 0.341844 0.02826887 0.341844 0.4717311 0.341844 0.4495527 0.3833369 0.02826887 0.341844 0.0625 0.5 0.0625 1 0.03125 1 0.03125 0.5 0.03125 1 0 1 0.7031784 0.4853885 0.75 0.49 0.7968217 0.4853885 0.7968217 0.4853885 0.841844 0.4717311 0.7031784 0.4853885 0.841844 0.4717311 0.8833369 0.4495527 0.658156 0.4717311 0.7031784 0.4853885 0.841844 0.4717311 0.658156 0.4717311 0.8833369 0.4495527 0.9197056 0.4197056 0.5802944 0.4197056 0.9197056 0.4197056 0.9495527 0.3833369 0.5504473 0.3833369 0.9495527 0.3833369 0.9717311 0.341844 0.5504473 0.3833369 0.9717311 0.341844 0.9853885 0.2968217 0.5282689 0.341844 0.5504473 0.3833369 0.9717311 0.341844 0.5282689 0.341844 0.9853885 0.2968217 0.99 0.25 0.51 0.25 0.99 0.25 0.9853885 0.2031783 0.5146116 0.2031783 0.9853885 0.2031783 0.9717311 0.1581559 0.5146116 0.2031783 0.9717311 0.1581559 0.9495527 0.1166631 0.5282689 0.1581559 0.5146116 0.2031783 0.9717311 0.1581559 0.5282689 0.1581559 0.9495527 0.1166631 0.9197056 0.08029437 0.5802944 0.08029437 0.9197056 0.08029437 0.8833369 0.05044728 0.6166632 0.05044728 0.8833369 0.05044728 0.841844 0.02826887 0.6166632 0.05044728 0.841844 0.02826887 0.7968217 0.01461154 0.658156 0.02826887 0.6166632 0.05044728 0.841844 0.02826887 0.658156 0.02826887 0.7968217 0.01461154 0.75 0.00999999 0.7031784 0.01461154 0.7031784 0.01461154 0.658156 0.02826887 0.7968217 0.01461154 0.6166632 0.05044728 0.5802944 0.08029437 0.9197056 0.08029437 0.5802944 0.08029437 0.5504473 0.1166631 0.9495527 0.1166631 0.5504473 0.1166631 0.5282689 0.1581559 0.9495527 0.1166631 0.5146116 0.2031783 0.51 0.25 0.99 0.25 0.51 0.25 0.5146116 0.2968217 0.9853885 0.2968217 0.5146116 0.2968217 0.5282689 0.341844 0.9853885 0.2968217 0.5504473 0.3833369 0.5802944 0.4197056 0.9197056 0.4197056 0.5802944 0.4197056 0.6166632 0.4495527 0.8833369 0.4495527 1 0.5 1 1 0.96875 1 0.96875 0.5 0.96875 1 0.9375 1 0.9375 0.5 0.9375 1 0.90625 1 0.90625 0.5 0.90625 1 0.875 1 0.875 0.5 0.875 1 0.84375 1 0.84375 0.5 0.84375 1 0.8125 1 0.8125 0.5 0.8125 1 0.78125 1 0.78125 0.5 0.78125 1 0.75 1 0.75 0.5 0.75 1 0.71875 1 0.71875 0.5 0.71875 1 0.6875 1 0.6875 0.5 0.6875 1 0.65625 1 0.65625 0.5 0.65625 1 0.625 1 0.625 0.5 0.625 1 0.59375 1 0.59375 0.5 0.59375 1 0.5625 1 0.5625 0.5 0.5625 1 0.53125 1 0.53125 0.5 0.53125 1 0.5 1 0.5 0.5 0.5 1 0.46875 1 0.46875 0.5 0.46875 1 0.4375 1 0.4375 0.5 0.4375 1 0.40625 1 0.40625 0.5 0.40625 1 0.375 1 0.375 0.5 0.375 1 0.34375 1 0.34375 0.5 0.34375 1 0.3125 1 0.3125 0.5 0.3125 1 0.28125 1 0.28125 0.5 0.28125 1 0.25 1 0.25 0.5 0.25 1 0.21875 1 0.21875 0.5 0.21875 1 0.1875 1 0.1875 0.5 0.1875 1 0.15625 1 0.15625 0.5 0.15625 1 0.125 1 0.125 0.5 0.125 1 0.09375 1 0.09375 0.5 0.09375 1 0.0625 1 0.341844 0.4717311 0.2968217 0.4853885 0.2031783 0.4853885 0.2968217 0.4853885 0.25 0.49 0.2031783 0.4853885 0.2031783 0.4853885 0.1581559 0.4717311 0.341844 0.4717311 0.1581559 0.4717311 0.1166631 0.4495527 0.341844 0.4717311 0.1166631 0.4495527 0.08029437 0.4197056 0.3833369 0.4495527 0.341844 0.4717311 0.1166631 0.4495527 0.3833369 0.4495527 0.08029437 0.4197056 0.05044728 0.3833369 0.4197056 0.4197056 0.05044728 0.3833369 0.02826887 0.341844 0.4495527 0.3833369 0.4197056 0.4197056 0.05044728 0.3833369 0.4495527 0.3833369 0.02826887 0.341844 0.01461154 0.2968217 0.4853885 0.2968217 0.01461154 0.2968217 0.00999999 0.25 0.49 0.25 0.00999999 0.25 0.01461154 0.2031783 0.4853885 0.2031783 0.01461154 0.2031783 0.02826887 0.1581559 0.4717311 0.1581559 0.02826887 0.1581559 0.05044728 0.1166631 0.4717311 0.1581559 0.05044728 0.1166631 0.08029437 0.08029437 0.4495527 0.1166631 0.4717311 0.1581559 0.05044728 0.1166631 0.4495527 0.1166631 0.08029437 0.08029437 0.1166631 0.05044728 0.4197056 0.08029437 0.1166631 0.05044728 0.1581559 0.02826887 0.3833369 0.05044728 0.4197056 0.08029437 0.1166631 0.05044728 0.3833369 0.05044728 0.1581559 0.02826887 0.2031783 0.01461154 0.341844 0.02826887 0.2031783 0.01461154 0.25 0.00999999 0.2968217 0.01461154 0.341844 0.02826887 0.2031783 0.01461154 0.2968217 0.01461154 0.341844 0.02826887 0.3833369 0.05044728 0.1581559 0.02826887 0.4197056 0.08029437 0.4495527 0.1166631 0.08029437 0.08029437 0.4717311 0.1581559 0.4853885 0.2031783 0.01461154 0.2031783 0.4853885 0.2031783 0.49 0.25 0.00999999 0.25 0.49 0.25 0.4853885 0.2968217 0.01461154 0.2968217 0.4853885 0.2968217 0.4717311 0.341844 0.02826887 0.341844 0.4717311 0.341844 0.4495527 0.3833369 0.02826887 0.341844 0.0625 0.5 0.0625 1 0.03125 1 0.03125 0.5 0.03125 1 0 1 0.7031784 0.4853885 0.75 0.49 0.7968217 0.4853885 0.7968217 0.4853885 0.841844 0.4717311 0.7031784 0.4853885 0.841844 0.4717311 0.8833369 0.4495527 0.658156 0.4717311 0.7031784 0.4853885 0.841844 0.4717311 0.658156 0.4717311 0.8833369 0.4495527 0.9197056 0.4197056 0.5802944 0.4197056 0.9197056 0.4197056 0.9495527 0.3833369 0.5504473 0.3833369 0.9495527 0.3833369 0.9717311 0.341844 0.5504473 0.3833369 0.9717311 0.341844 0.9853885 0.2968217 0.5282689 0.341844 0.5504473 0.3833369 0.9717311 0.341844 0.5282689 0.341844 0.9853885 0.2968217 0.99 0.25 0.51 0.25 0.99 0.25 0.9853885 0.2031783 0.5146116 0.2031783 0.9853885 0.2031783 0.9717311 0.1581559 0.5146116 0.2031783 0.9717311 0.1581559 0.9495527 0.1166631 0.5282689 0.1581559 0.5146116 0.2031783 0.9717311 0.1581559 0.5282689 0.1581559 0.9495527 0.1166631 0.9197056 0.08029437 0.5802944 0.08029437 0.9197056 0.08029437 0.8833369 0.05044728 0.6166632 0.05044728 0.8833369 0.05044728 0.841844 0.02826887 0.6166632 0.05044728 0.841844 0.02826887 0.7968217 0.01461154 0.658156 0.02826887 0.6166632 0.05044728 0.841844 0.02826887 0.658156 0.02826887 0.7968217 0.01461154 0.75 0.00999999 0.7031784 0.01461154 0.7031784 0.01461154 0.658156 0.02826887 0.7968217 0.01461154 0.6166632 0.05044728 0.5802944 0.08029437 0.9197056 0.08029437 0.5802944 0.08029437 0.5504473 0.1166631 0.9495527 0.1166631 0.5504473 0.1166631 0.5282689 0.1581559 0.9495527 0.1166631 0.5146116 0.2031783 0.51 0.25 0.99 0.25 0.51 0.25 0.5146116 0.2968217 0.9853885 0.2968217 0.5146116 0.2968217 0.5282689 0.341844 0.9853885 0.2968217 0.5504473 0.3833369 0.5802944 0.4197056 0.9197056 0.4197056 0.5802944 0.4197056 0.6166632 0.4495527 0.8833369 0.4495527 0.375 0 0.625 0 0.625 0.25 0.375 0.25 0.625 0.25 0.625 0.5 0.375 0.5 0.625 0.5 0.625 0.75 0.375 0.75 0.625 0.75 0.625 1 0.125 0.5 0.375 0.5 0.375 0.75 0.625 0.5 0.875 0.5 0.875 0.75</float_array>
          <technique_common>
            <accessor source="#Cube-mesh-map-0-array" count="3792" stride="2">
              <param name="S" type="float"/>
              <param name="T" type="float"/>
            </accessor>
          </technique_common>
        </source>
        <vertices id="Cube-mesh-vertices">
          <input semantic="POSITION" source="#Cube-mesh-positions"/>
        </vertices>
        <triangles material="Material_004-material" count="1264">
          <input semantic="VERTEX" source="#Cube-mesh-vertices" offset="0"/>
          <input semantic="NORMAL" source="#Cube-mesh-normals" offset="1"/>
          <input semantic="TEXCOORD" source="#Cube-mesh-map-0" offset="2" set="0"/>
          <p>0 0 0 3 0 1 2 0 2 2 1 3 7 1 4 6 1 5 6 2 6 5 2 7 4 2 8 4 3 9 1 3 10 0 3 11 2 4 12 4 4 13 0 4 14 7 5 15 1 5 16 5 5 17 8 6 18 11 6 19 10 6 20 10 7 21 13 7 22 12 7 23 12 8 24 15 8 25 14 8 26 14 9 27 17 9 28 16 9 29 16 10 30 19 10 31 18 10 32 18 11 33 21 11 34 20 11 35 20 12 36 23 12 37 22 12 38 22 13 39 25 13 40 24 13 41 24 14 42 27 14 43 26 14 44 26 15 45 29 15 46 28 15 47 28 16 48 31 16 49 30 16 50 30 17 51 33 17 52 32 17 53 32 18 54 35 18 55 34 18 56 34 19 57 37 19 58 36 19 59 36 20 60 39 20 61 38 20 62 38 21 63 41 21 64 40 21 65 40 22 66 43 22 67 42 22 68 42 23 69 45 23 70 44 23 71 44 24 72 47 24 73 46 24 74 46 25 75 49 25 76 48 25 77 48 26 78 51 26 79 50 26 80 50 27 81 53 27 82 52 27 83 52 28 84 55 28 85 54 28 86 54 29 87 57 29 88 56 29 89 56 30 90 59 30 91 58 30 92 58 31 93 61 31 94 60 31 95 60 32 96 63 32 97 62 32 98 62 33 99 65 33 100 64 33 101 64 34 102 67 34 103 66 34 104 66 35 105 69 35 106 68 35 107 21 36 108 13 36 109 45 36 110 68 37 111 71 37 112 70 37 113 70 38 114 9 38 115 8 38 116 22 39 117 38 39 118 54 39 119 72 40 120 75 40 121 74 40 122 74 41 123 79 41 124 78 41 125 78 42 126 77 42 127 76 42 128 76 43 129 73 43 130 72 43 131 74 44 132 76 44 133 72 44 134 79 45 135 73 45 136 77 45 137 80 46 138 83 46 139 82 46 140 82 47 141 85 47 142 84 47 143 84 48 144 87 48 145 86 48 146 86 49 147 89 49 148 88 49 149 88 50 150 91 50 151 90 50 152 90 51 153 93 51 154 92 51 155 92 52 156 95 52 157 94 52 158 94 53 159 97 53 160 96 53 161 96 54 162 99 54 163 98 54 164 98 55 165 101 55 166 100 55 167 100 56 168 103 56 169 102 56 170 102 57 171 105 57 172 104 57 173 104 58 174 107 58 175 106 58 176 106 59 177 109 59 178 108 59 179 108 60 180 111 60 181 110 60 182 110 61 183 113 61 184 112 61 185 112 62 186 115 62 187 114 62 188 114 63 189 117 63 190 116 63 191 116 64 192 119 64 193 118 64 194 118 65 195 121 65 196 120 65 197 120 66 198 123 66 199 122 66 200 122 67 201 125 67 202 124 67 203 124 68 204 127 68 205 126 68 206 126 69 207 129 69 208 128 69 209 128 70 210 131 70 211 130 70 212 130 71 213 133 71 214 132 71 215 132 72 216 135 72 217 134 72 218 134 73 219 137 73 220 136 73 221 136 74 222 139 74 223 138 74 224 138 75 225 141 75 226 140 75 227 117 76 228 101 76 229 85 76 230 140 77 231 143 77 232 142 77 233 142 78 234 81 78 235 80 78 236 110 79 237 126 79 238 142 79 239 144 80 240 147 80 241 146 80 242 146 81 243 149 81 244 148 81 245 148 82 246 151 82 247 150 82 248 150 83 249 153 83 250 152 83 251 152 84 252 155 84 253 154 84 254 154 85 255 157 85 256 156 85 257 156 86 258 159 86 259 158 86 260 158 87 261 161 87 262 160 87 263 160 88 264 163 88 265 162 88 266 162 89 267 165 89 268 164 89 269 164 90 270 167 90 271 166 90 272 166 91 273 169 91 274 168 91 275 168 92 276 171 92 277 170 92 278 170 93 279 173 93 280 172 93 281 172 94 282 175 94 283 174 94 284 174 95 285 177 95 286 176 95 287 176 96 288 179 96 289 178 96 290 178 97 291 181 97 292 180 97 293 180 98 294 183 98 295 182 98 296 182 99 297 185 99 298 184 99 299 184 100 300 187 100 301 186 100 302 186 101 303 189 101 304 188 101 305 188 102 306 191 102 307 190 102 308 190 103 309 193 103 310 192 103 311 192 104 312 195 104 313 194 104 314 194 105 315 197 105 316 196 105 317 196 106 318 199 106 319 198 106 320 198 107 321 201 107 322 200 107 323 200 108 324 203 108 325 202 108 326 202 109 327 205 109 328 204 109 329 153 110 330 151 110 331 169 110 332 204 111 333 207 111 334 206 111 335 206 112 336 145 112 337 144 112 338 202 113 339 204 113 340 182 113 341 208 114 342 211 114 343 210 114 344 210 115 345 213 115 346 212 115 347 212 116 348 215 116 349 214 116 350 214 117 351 217 117 352 216 117 353 216 118 354 219 118 355 218 118 356 218 119 357 221 119 358 220 119 359 220 120 360 223 120 361 222 120 362 222 121 363 225 121 364 224 121 365 224 122 366 227 122 367 226 122 368 226 123 369 229 123 370 228 123 371 228 124 372 231 124 373 230 124 374 230 125 375 233 125 376 232 125 377 232 126 378 235 126 379 234 126 380 234 127 381 237 127 382 236 127 383 236 128 384 239 128 385 238 128 386 238 129 387 241 129 388 240 129 389 240 130 390 243 130 391 242 130 392 242 131 393 245 131 394 244 131 395 244 132 396 247 132 397 246 132 398 246 133 399 249 133 400 248 133 401 248 134 402 251 134 403 250 134 404 250 135 405 253 135 406 252 135 407 252 136 408 255 136 409 254 136 410 254 137 411 257 137 412 256 137 413 256 138 414 259 138 415 258 138 416 258 139 417 261 139 418 260 139 419 260 140 420 263 140 421 262 140 422 262 141 423 265 141 424 264 141 425 264 142 426 267 142 427 266 142 428 266 143 429 269 143 430 268 143 431 217 144 432 215 144 433 233 144 434 268 145 435 271 145 436 270 145 437 270 146 438 209 146 439 208 146 440 266 147 441 268 147 442 246 147 443 272 148 444 275 148 445 274 148 446 274 149 447 277 149 448 276 149 449 276 150 450 279 150 451 278 150 452 278 151 453 281 151 454 280 151 455 280 152 456 283 152 457 282 152 458 282 153 459 285 153 460 284 153 461 284 154 462 287 154 463 286 154 464 286 155 465 289 155 466 288 155 467 288 156 468 291 156 469 290 156 470 290 157 471 293 157 472 292 157 473 292 158 474 295 158 475 294 158 476 294 159 477 297 159 478 296 159 479 296 160 480 299 160 481 298 160 482 298 161 483 301 161 484 300 161 485 300 162 486 303 162 487 302 162 488 302 163 489 305 163 490 304 163 491 304 164 492 307 164 493 306 164 494 306 165 495 309 165 496 308 165 497 308 166 498 311 166 499 310 166 500 310 167 501 313 167 502 312 167 503 312 168 504 315 168 505 314 168 506 314 169 507 317 169 508 316 169 509 316 170 510 319 170 511 318 170 512 318 171 513 321 171 514 320 171 515 320 172 516 323 172 517 322 172 518 322 173 519 325 173 520 324 173 521 324 174 522 327 174 523 326 174 524 326 175 525 329 175 526 328 175 527 328 176 528 331 176 529 330 176 530 330 177 531 333 177 532 332 177 533 281 178 534 279 178 535 297 178 536 332 179 537 335 179 538 334 179 539 334 180 540 273 180 541 272 180 542 330 181 543 332 181 544 310 181 545 336 182 546 339 182 547 338 182 548 338 183 549 341 183 550 340 183 551 340 184 552 343 184 553 342 184 554 342 185 555 345 185 556 344 185 557 344 186 558 347 186 559 346 186 560 346 187 561 349 187 562 348 187 563 348 188 564 351 188 565 350 188 566 350 189 567 353 189 568 352 189 569 352 190 570 355 190 571 354 190 572 354 191 573 357 191 574 356 191 575 356 192 576 359 192 577 358 192 578 358 193 579 361 193 580 360 193 581 360 194 582 363 194 583 362 194 584 362 195 585 365 195 586 364 195 587 364 196 588 367 196 589 366 196 590 366 197 591 369 197 592 368 197 593 368 198 594 371 198 595 370 198 596 370 199 597 373 199 598 372 199 599 372 200 600 375 200 601 374 200 602 374 201 603 377 201 604 376 201 605 376 202 606 379 202 607 378 202 608 378 203 609 381 203 610 380 203 611 380 204 612 383 204 613 382 204 614 382 205 615 385 205 616 384 205 617 384 206 618 387 206 619 386 206 620 386 207 621 389 207 622 388 207 623 388 208 624 391 208 625 390 208 626 390 209 627 393 209 628 392 209 629 392 210 630 395 210 631 394 210 632 394 211 633 397 211 634 396 211 635 345 212 636 343 212 637 361 212 638 396 213 639 399 213 640 398 213 641 398 214 642 337 214 643 336 214 644 394 215 645 396 215 646 374 215 647 400 216 648 403 216 649 402 216 650 402 217 651 405 217 652 404 217 653 404 218 654 407 218 655 406 218 656 406 219 657 409 219 658 408 219 659 408 220 660 411 220 661 410 220 662 410 221 663 413 221 664 412 221 665 412 222 666 415 222 667 414 222 668 414 223 669 417 223 670 416 223 671 416 224 672 419 224 673 418 224 674 418 225 675 421 225 676 420 225 677 420 226 678 423 226 679 422 226 680 422 227 681 425 227 682 424 227 683 424 228 684 427 228 685 426 228 686 426 229 687 429 229 688 428 229 689 428 230 690 431 230 691 430 230 692 430 231 693 433 231 694 432 231 695 432 232 696 435 232 697 434 232 698 434 233 699 437 233 700 436 233 701 436 234 702 439 234 703 438 234 704 438 235 705 441 235 706 440 235 707 440 236 708 443 236 709 442 236 710 442 237 711 445 237 712 444 237 713 444 238 714 447 238 715 446 238 716 446 239 717 449 239 718 448 239 719 448 240 720 451 240 721 450 240 722 450 241 723 453 241 724 452 241 725 452 242 726 455 242 727 454 242 728 454 243 729 457 243 730 456 243 731 456 244 732 459 244 733 458 244 734 458 245 735 461 245 736 460 245 737 409 246 738 407 246 739 457 246 740 460 247 741 463 247 742 462 247 743 462 248 744 401 248 745 400 248 746 458 249 747 460 249 748 406 249 749 464 250 750 467 250 751 466 250 752 466 251 753 469 251 754 468 251 755 468 252 756 471 252 757 470 252 758 470 253 759 473 253 760 472 253 761 472 254 762 475 254 763 474 254 764 474 255 765 477 255 766 476 255 767 476 256 768 479 256 769 478 256 770 478 257 771 481 257 772 480 257 773 480 258 774 483 258 775 482 258 776 482 259 777 485 259 778 484 259 779 484 260 780 487 260 781 486 260 782 486 261 783 489 261 784 488 261 785 488 262 786 491 262 787 490 262 788 490 263 789 493 263 790 492 263 791 492 264 792 495 264 793 494 264 794 494 265 795 497 265 796 496 265 797 496 266 798 499 266 799 498 266 800 498 267 801 501 267 802 500 267 803 500 268 804 503 268 805 502 268 806 502 269 807 505 269 808 504 269 809 504 270 810 507 270 811 506 270 812 506 271 813 509 271 814 508 271 815 508 272 816 511 272 817 510 272 818 510 273 819 513 273 820 512 273 821 512 274 822 515 274 823 514 274 824 514 275 825 517 275 826 516 275 827 516 276 828 519 276 829 518 276 830 518 277 831 521 277 832 520 277 833 520 278 834 523 278 835 522 278 836 522 279 837 525 279 838 524 279 839 473 280 840 471 280 841 521 280 842 524 281 843 527 281 844 526 281 845 526 282 846 465 282 847 464 282 848 522 283 849 524 283 850 470 283 851 528 284 852 531 284 853 530 284 854 530 285 855 533 285 856 532 285 857 532 286 858 535 286 859 534 286 860 534 287 861 537 287 862 536 287 863 536 288 864 539 288 865 538 288 866 538 289 867 541 289 868 540 289 869 540 290 870 543 290 871 542 290 872 542 291 873 545 291 874 544 291 875 544 292 876 547 292 877 546 292 878 546 293 879 549 293 880 548 293 881 548 294 882 551 294 883 550 294 884 550 295 885 553 295 886 552 295 887 552 296 888 555 296 889 554 296 890 554 297 891 557 297 892 556 297 893 556 298 894 559 298 895 558 298 896 558 299 897 561 299 898 560 299 899 560 300 900 563 300 901 562 300 902 562 301 903 565 301 904 564 301 905 564 302 906 567 302 907 566 302 908 566 303 909 569 303 910 568 303 911 568 304 912 571 304 913 570 304 914 570 305 915 573 305 916 572 305 917 572 306 918 575 306 919 574 306 920 574 307 921 577 307 922 576 307 923 576 308 924 579 308 925 578 308 926 578 309 927 581 309 928 580 309 929 580 310 930 583 310 931 582 310 932 582 311 933 585 311 934 584 311 935 584 312 936 587 312 937 586 312 938 586 313 939 589 313 940 588 313 941 537 314 942 535 314 943 585 314 944 588 315 945 591 315 946 590 315 947 590 316 948 529 316 949 528 316 950 586 317 951 588 317 952 534 317 953 592 318 954 595 318 955 594 318 956 594 319 957 597 319 958 596 319 959 596 320 960 599 320 961 598 320 962 598 321 963 601 321 964 600 321 965 600 322 966 603 322 967 602 322 968 602 323 969 605 323 970 604 323 971 604 324 972 607 324 973 606 324 974 606 325 975 609 325 976 608 325 977 608 326 978 611 326 979 610 326 980 610 327 981 613 327 982 612 327 983 612 328 984 615 328 985 614 328 986 614 329 987 617 329 988 616 329 989 616 330 990 619 330 991 618 330 992 618 331 993 621 331 994 620 331 995 620 332 996 623 332 997 622 332 998 622 333 999 625 333 1000 624 333 1001 624 334 1002 627 334 1003 626 334 1004 626 335 1005 629 335 1006 628 335 1007 628 336 1008 631 336 1009 630 336 1010 630 337 1011 633 337 1012 632 337 1013 632 338 1014 635 338 1015 634 338 1016 634 339 1017 637 339 1018 636 339 1019 636 340 1020 639 340 1021 638 340 1022 638 341 1023 641 341 1024 640 341 1025 640 342 1026 643 342 1027 642 342 1028 642 343 1029 645 343 1030 644 343 1031 644 344 1032 647 344 1033 646 344 1034 646 345 1035 649 345 1036 648 345 1037 648 346 1038 651 346 1039 650 346 1040 650 347 1041 653 347 1042 652 347 1043 601 348 1044 599 348 1045 649 348 1046 652 349 1047 655 349 1048 654 349 1049 654 350 1050 593 350 1051 592 350 1052 650 351 1053 652 351 1054 598 351 1055 8 352 1056 9 352 1057 11 352 1058 10 353 1059 11 353 1060 13 353 1061 12 354 1062 13 354 1063 15 354 1064 14 355 1065 15 355 1066 17 355 1067 16 356 1068 17 356 1069 19 356 1070 18 357 1071 19 357 1072 21 357 1073 20 358 1074 21 358 1075 23 358 1076 22 359 1077 23 359 1078 25 359 1079 24 360 1080 25 360 1081 27 360 1082 26 361 1083 27 361 1084 29 361 1085 28 362 1086 29 362 1087 31 362 1088 30 363 1089 31 363 1090 33 363 1091 32 364 1092 33 364 1093 35 364 1094 34 365 1095 35 365 1096 37 365 1097 36 366 1098 37 366 1099 39 366 1100 38 367 1101 39 367 1102 41 367 1103 40 368 1104 41 368 1105 43 368 1106 42 369 1107 43 369 1108 45 369 1109 44 370 1110 45 370 1111 47 370 1112 46 371 1113 47 371 1114 49 371 1115 48 372 1116 49 372 1117 51 372 1118 50 373 1119 51 373 1120 53 373 1121 52 374 1122 53 374 1123 55 374 1124 54 375 1125 55 375 1126 57 375 1127 56 376 1128 57 376 1129 59 376 1130 58 377 1131 59 377 1132 61 377 1133 60 378 1134 61 378 1135 63 378 1136 62 379 1137 63 379 1138 65 379 1139 64 380 1140 65 380 1141 67 380 1142 66 381 1143 67 381 1144 69 381 1145 13 382 1146 11 382 1147 9 382 1148 9 383 1149 71 383 1150 69 383 1151 69 384 1152 67 384 1153 65 384 1154 65 385 1155 63 385 1156 61 385 1157 61 386 1158 59 386 1159 57 386 1160 57 387 1161 55 387 1162 53 387 1163 53 388 1164 51 388 1165 49 388 1166 49 389 1167 47 389 1168 45 389 1169 45 390 1170 43 390 1171 41 390 1172 41 391 1173 39 391 1174 37 391 1175 37 392 1176 35 392 1177 33 392 1178 33 393 1179 31 393 1180 29 393 1181 29 394 1182 27 394 1183 25 394 1184 25 395 1185 23 395 1186 21 395 1187 21 396 1188 19 396 1189 17 396 1190 17 397 1191 15 397 1192 13 397 1193 13 398 1194 9 398 1195 69 398 1196 69 399 1197 65 399 1198 13 399 1199 65 400 1200 61 400 1201 13 400 1202 61 401 1203 57 401 1204 53 401 1205 53 402 1206 49 402 1207 45 402 1208 45 403 1209 41 403 1210 37 403 1211 37 404 1212 33 404 1213 45 404 1214 33 405 1215 29 405 1216 45 405 1217 29 406 1218 25 406 1219 21 406 1220 21 407 1221 17 407 1222 13 407 1223 61 408 1224 53 408 1225 13 408 1226 53 409 1227 45 409 1228 13 409 1229 29 410 1230 21 410 1231 45 410 1232 68 411 1233 69 411 1234 71 411 1235 70 412 1236 71 412 1237 9 412 1238 70 413 1239 8 413 1240 14 413 1241 8 414 1242 10 414 1243 14 414 1244 10 415 1245 12 415 1246 14 415 1247 14 416 1248 16 416 1249 22 416 1250 16 417 1251 18 417 1252 22 417 1253 18 418 1254 20 418 1255 22 418 1256 22 419 1257 24 419 1258 26 419 1259 26 420 1260 28 420 1261 22 420 1262 28 421 1263 30 421 1264 22 421 1265 30 422 1266 32 422 1267 34 422 1268 34 423 1269 36 423 1270 38 423 1271 38 424 1272 40 424 1273 46 424 1274 40 425 1275 42 425 1276 46 425 1277 42 426 1278 44 426 1279 46 426 1280 46 427 1281 48 427 1282 54 427 1283 48 428 1284 50 428 1285 54 428 1286 50 429 1287 52 429 1288 54 429 1289 54 430 1290 56 430 1291 58 430 1292 58 431 1293 60 431 1294 54 431 1295 60 432 1296 62 432 1297 54 432 1298 62 433 1299 64 433 1300 70 433 1301 64 434 1302 66 434 1303 70 434 1304 66 435 1305 68 435 1306 70 435 1307 30 436 1308 34 436 1309 22 436 1310 34 437 1311 38 437 1312 22 437 1313 70 438 1314 14 438 1315 22 438 1316 38 439 1317 46 439 1318 54 439 1319 54 440 1320 62 440 1321 70 440 1322 70 441 1323 22 441 1324 54 441 1325 72 442 1326 73 442 1327 75 442 1328 74 443 1329 75 443 1330 79 443 1331 78 444 1332 79 444 1333 77 444 1334 76 445 1335 77 445 1336 73 445 1337 74 446 1338 78 446 1339 76 446 1340 79 447 1341 75 447 1342 73 447 1343 80 448 1344 81 448 1345 83 448 1346 82 449 1347 83 449 1348 85 449 1349 84 450 1350 85 450 1351 87 450 1352 86 451 1353 87 451 1354 89 451 1355 88 452 1356 89 452 1357 91 452 1358 90 453 1359 91 453 1360 93 453 1361 92 454 1362 93 454 1363 95 454 1364 94 455 1365 95 455 1366 97 455 1367 96 456 1368 97 456 1369 99 456 1370 98 457 1371 99 457 1372 101 457 1373 100 458 1374 101 458 1375 103 458 1376 102 459 1377 103 459 1378 105 459 1379 104 460 1380 105 460 1381 107 460 1382 106 461 1383 107 461 1384 109 461 1385 108 462 1386 109 462 1387 111 462 1388 110 463 1389 111 463 1390 113 463 1391 112 464 1392 113 464 1393 115 464 1394 114 465 1395 115 465 1396 117 465 1397 116 466 1398 117 466 1399 119 466 1400 118 467 1401 119 467 1402 121 467 1403 120 468 1404 121 468 1405 123 468 1406 122 469 1407 123 469 1408 125 469 1409 124 470 1410 125 470 1411 127 470 1412 126 471 1413 127 471 1414 129 471 1415 128 472 1416 129 472 1417 131 472 1418 130 473 1419 131 473 1420 133 473 1421 132 474 1422 133 474 1423 135 474 1424 134 475 1425 135 475 1426 137 475 1427 136 476 1428 137 476 1429 139 476 1430 138 477 1431 139 477 1432 141 477 1433 85 478 1434 83 478 1435 81 478 1436 81 479 1437 143 479 1438 141 479 1439 141 480 1440 139 480 1441 133 480 1442 139 481 1443 137 481 1444 133 481 1445 137 482 1446 135 482 1447 133 482 1448 133 483 1449 131 483 1450 129 483 1451 129 484 1452 127 484 1453 125 484 1454 125 485 1455 123 485 1456 121 485 1457 121 486 1458 119 486 1459 117 486 1460 117 487 1461 115 487 1462 113 487 1463 113 488 1464 111 488 1465 117 488 1466 111 489 1467 109 489 1468 117 489 1469 109 490 1470 107 490 1471 105 490 1472 105 491 1473 103 491 1474 109 491 1475 103 492 1476 101 492 1477 109 492 1478 101 493 1479 99 493 1480 97 493 1481 97 494 1482 95 494 1483 93 494 1484 93 495 1485 91 495 1486 85 495 1487 91 496 1488 89 496 1489 85 496 1490 89 497 1491 87 497 1492 85 497 1493 85 498 1494 81 498 1495 141 498 1496 133 499 1497 129 499 1498 125 499 1499 125 500 1500 121 500 1501 133 500 1502 121 501 1503 117 501 1504 133 501 1505 101 502 1506 97 502 1507 93 502 1508 85 503 1509 141 503 1510 117 503 1511 141 504 1512 133 504 1513 117 504 1514 117 505 1515 109 505 1516 101 505 1517 101 506 1518 93 506 1519 85 506 1520 140 507 1521 141 507 1522 143 507 1523 142 508 1524 143 508 1525 81 508 1526 142 509 1527 80 509 1528 86 509 1529 80 510 1530 82 510 1531 86 510 1532 82 511 1533 84 511 1534 86 511 1535 86 512 1536 88 512 1537 90 512 1538 90 513 1539 92 513 1540 94 513 1541 94 514 1542 96 514 1543 102 514 1544 96 515 1545 98 515 1546 102 515 1547 98 516 1548 100 516 1549 102 516 1550 102 517 1551 104 517 1552 106 517 1553 106 518 1554 108 518 1555 102 518 1556 108 519 1557 110 519 1558 102 519 1559 110 520 1560 112 520 1561 114 520 1562 114 521 1563 116 521 1564 110 521 1565 116 522 1566 118 522 1567 110 522 1568 118 523 1569 120 523 1570 122 523 1571 122 524 1572 124 524 1573 118 524 1574 124 525 1575 126 525 1576 118 525 1577 126 526 1578 128 526 1579 130 526 1580 130 527 1581 132 527 1582 126 527 1583 132 528 1584 134 528 1585 126 528 1586 134 529 1587 136 529 1588 138 529 1589 138 530 1590 140 530 1591 142 530 1592 86 531 1593 90 531 1594 142 531 1595 90 532 1596 94 532 1597 142 532 1598 134 533 1599 138 533 1600 126 533 1601 138 534 1602 142 534 1603 126 534 1604 94 535 1605 102 535 1606 142 535 1607 102 536 1608 110 536 1609 142 536 1610 110 537 1611 118 537 1612 126 537 1613 144 538 1614 145 538 1615 147 538 1616 146 539 1617 147 539 1618 149 539 1619 148 540 1620 149 540 1621 151 540 1622 150 541 1623 151 541 1624 153 541 1625 152 542 1626 153 542 1627 155 542 1628 154 543 1629 155 543 1630 157 543 1631 156 544 1632 157 544 1633 159 544 1634 158 545 1635 159 545 1636 161 545 1637 160 546 1638 161 546 1639 163 546 1640 162 547 1641 163 547 1642 165 547 1643 164 548 1644 165 548 1645 167 548 1646 166 549 1647 167 549 1648 169 549 1649 168 550 1650 169 550 1651 171 550 1652 170 551 1653 171 551 1654 173 551 1655 172 552 1656 173 552 1657 175 552 1658 174 553 1659 175 553 1660 177 553 1661 176 554 1662 177 554 1663 179 554 1664 178 555 1665 179 555 1666 181 555 1667 180 556 1668 181 556 1669 183 556 1670 182 557 1671 183 557 1672 185 557 1673 184 558 1674 185 558 1675 187 558 1676 186 559 1677 187 559 1678 189 559 1679 188 560 1680 189 560 1681 191 560 1682 190 561 1683 191 561 1684 193 561 1685 192 562 1686 193 562 1687 195 562 1688 194 563 1689 195 563 1690 197 563 1691 196 564 1692 197 564 1693 199 564 1694 198 565 1695 199 565 1696 201 565 1697 200 566 1698 201 566 1699 203 566 1700 202 567 1701 203 567 1702 205 567 1703 149 568 1704 147 568 1705 175 568 1706 147 569 1707 145 569 1708 177 569 1709 145 570 1710 207 570 1711 179 570 1712 207 571 1713 205 571 1714 181 571 1715 205 572 1716 203 572 1717 181 572 1718 203 573 1719 201 573 1720 183 573 1721 181 574 1722 203 574 1723 183 574 1724 201 575 1725 199 575 1726 185 575 1727 199 576 1728 197 576 1729 187 576 1730 185 577 1731 199 577 1732 187 577 1733 197 578 1734 195 578 1735 191 578 1736 195 579 1737 193 579 1738 191 579 1739 191 580 1740 189 580 1741 197 580 1742 189 581 1743 187 581 1744 197 581 1745 185 582 1746 183 582 1747 201 582 1748 181 583 1749 179 583 1750 207 583 1751 179 584 1752 177 584 1753 145 584 1754 177 585 1755 175 585 1756 147 585 1757 175 586 1758 173 586 1759 149 586 1760 173 587 1761 171 587 1762 149 587 1763 171 588 1764 169 588 1765 151 588 1766 149 589 1767 171 589 1768 151 589 1769 169 590 1770 167 590 1771 153 590 1772 167 591 1773 165 591 1774 155 591 1775 153 592 1776 167 592 1777 155 592 1778 165 593 1779 163 593 1780 157 593 1781 163 594 1782 161 594 1783 159 594 1784 157 595 1785 163 595 1786 159 595 1787 157 596 1788 155 596 1789 165 596 1790 204 597 1791 205 597 1792 207 597 1793 206 598 1794 207 598 1795 145 598 1796 206 599 1797 144 599 1798 176 599 1799 144 600 1800 146 600 1801 174 600 1802 146 601 1803 148 601 1804 174 601 1805 148 602 1806 150 602 1807 172 602 1808 174 603 1809 148 603 1810 172 603 1811 150 604 1812 152 604 1813 168 604 1814 152 605 1815 154 605 1816 166 605 1817 154 606 1818 156 606 1819 166 606 1820 156 607 1821 158 607 1822 164 607 1823 166 608 1824 156 608 1825 164 608 1826 158 609 1827 160 609 1828 162 609 1829 162 610 1830 164 610 1831 158 610 1832 166 611 1833 168 611 1834 152 611 1835 168 612 1836 170 612 1837 150 612 1838 170 613 1839 172 613 1840 150 613 1841 174 614 1842 176 614 1843 144 614 1844 176 615 1845 178 615 1846 206 615 1847 178 616 1848 180 616 1849 206 616 1850 180 617 1851 182 617 1852 204 617 1853 206 618 1854 180 618 1855 204 618 1856 182 619 1857 184 619 1858 200 619 1859 184 620 1860 186 620 1861 198 620 1862 186 621 1863 188 621 1864 198 621 1865 188 622 1866 190 622 1867 196 622 1868 198 623 1869 188 623 1870 196 623 1871 190 624 1872 192 624 1873 194 624 1874 194 625 1875 196 625 1876 190 625 1877 198 626 1878 200 626 1879 184 626 1880 200 627 1881 202 627 1882 182 627 1883 208 628 1884 209 628 1885 211 628 1886 210 629 1887 211 629 1888 213 629 1889 212 630 1890 213 630 1891 215 630 1892 214 631 1893 215 631 1894 217 631 1895 216 632 1896 217 632 1897 219 632 1898 218 633 1899 219 633 1900 221 633 1901 220 634 1902 221 634 1903 223 634 1904 222 635 1905 223 635 1906 225 635 1907 224 636 1908 225 636 1909 227 636 1910 226 637 1911 227 637 1912 229 637 1913 228 638 1914 229 638 1915 231 638 1916 230 639 1917 231 639 1918 233 639 1919 232 640 1920 233 640 1921 235 640 1922 234 641 1923 235 641 1924 237 641 1925 236 642 1926 237 642 1927 239 642 1928 238 643 1929 239 643 1930 241 643 1931 240 644 1932 241 644 1933 243 644 1934 242 645 1935 243 645 1936 245 645 1937 244 646 1938 245 646 1939 247 646 1940 246 647 1941 247 647 1942 249 647 1943 248 648 1944 249 648 1945 251 648 1946 250 649 1947 251 649 1948 253 649 1949 252 650 1950 253 650 1951 255 650 1952 254 651 1953 255 651 1954 257 651 1955 256 652 1956 257 652 1957 259 652 1958 258 653 1959 259 653 1960 261 653 1961 260 654 1962 261 654 1963 263 654 1964 262 655 1965 263 655 1966 265 655 1967 264 656 1968 265 656 1969 267 656 1970 266 657 1971 267 657 1972 269 657 1973 213 658 1974 211 658 1975 239 658 1976 211 659 1977 209 659 1978 241 659 1979 209 660 1980 271 660 1981 243 660 1982 271 661 1983 269 661 1984 245 661 1985 269 662 1986 267 662 1987 245 662 1988 267 663 1989 265 663 1990 247 663 1991 245 664 1992 267 664 1993 247 664 1994 265 665 1995 263 665 1996 249 665 1997 263 666 1998 261 666 1999 251 666 2000 249 667 2001 263 667 2002 251 667 2003 261 668 2004 259 668 2005 253 668 2006 259 669 2007 257 669 2008 255 669 2009 253 670 2010 259 670 2011 255 670 2012 253 671 2013 251 671 2014 261 671 2015 249 672 2016 247 672 2017 265 672 2018 245 673 2019 243 673 2020 271 673 2021 243 674 2022 241 674 2023 209 674 2024 241 675 2025 239 675 2026 211 675 2027 239 676 2028 237 676 2029 213 676 2030 237 677 2031 235 677 2032 213 677 2033 235 678 2034 233 678 2035 215 678 2036 213 679 2037 235 679 2038 215 679 2039 233 680 2040 231 680 2041 217 680 2042 231 681 2043 229 681 2044 219 681 2045 217 682 2046 231 682 2047 219 682 2048 229 683 2049 227 683 2050 223 683 2051 227 684 2052 225 684 2053 223 684 2054 223 685 2055 221 685 2056 229 685 2057 221 686 2058 219 686 2059 229 686 2060 268 687 2061 269 687 2062 271 687 2063 270 688 2064 271 688 2065 209 688 2066 270 689 2067 208 689 2068 240 689 2069 208 690 2070 210 690 2071 238 690 2072 210 691 2073 212 691 2074 238 691 2075 212 692 2076 214 692 2077 236 692 2078 238 693 2079 212 693 2080 236 693 2081 214 694 2082 216 694 2083 232 694 2084 216 695 2085 218 695 2086 230 695 2087 218 696 2088 220 696 2089 230 696 2090 220 697 2091 222 697 2092 228 697 2093 230 698 2094 220 698 2095 228 698 2096 222 699 2097 224 699 2098 226 699 2099 226 700 2100 228 700 2101 222 700 2102 230 701 2103 232 701 2104 216 701 2105 232 702 2106 234 702 2107 214 702 2108 234 703 2109 236 703 2110 214 703 2111 238 704 2112 240 704 2113 208 704 2114 240 705 2115 242 705 2116 270 705 2117 242 706 2118 244 706 2119 270 706 2120 244 707 2121 246 707 2122 268 707 2123 270 708 2124 244 708 2125 268 708 2126 246 709 2127 248 709 2128 264 709 2129 248 710 2130 250 710 2131 262 710 2132 250 711 2133 252 711 2134 262 711 2135 252 712 2136 254 712 2137 260 712 2138 262 713 2139 252 713 2140 260 713 2141 254 714 2142 256 714 2143 258 714 2144 258 715 2145 260 715 2146 254 715 2147 262 716 2148 264 716 2149 248 716 2150 264 717 2151 266 717 2152 246 717 2153 272 718 2154 273 718 2155 275 718 2156 274 719 2157 275 719 2158 277 719 2159 276 720 2160 277 720 2161 279 720 2162 278 721 2163 279 721 2164 281 721 2165 280 722 2166 281 722 2167 283 722 2168 282 723 2169 283 723 2170 285 723 2171 284 724 2172 285 724 2173 287 724 2174 286 725 2175 287 725 2176 289 725 2177 288 726 2178 289 726 2179 291 726 2180 290 727 2181 291 727 2182 293 727 2183 292 728 2184 293 728 2185 295 728 2186 294 729 2187 295 729 2188 297 729 2189 296 730 2190 297 730 2191 299 730 2192 298 731 2193 299 731 2194 301 731 2195 300 732 2196 301 732 2197 303 732 2198 302 733 2199 303 733 2200 305 733 2201 304 734 2202 305 734 2203 307 734 2204 306 735 2205 307 735 2206 309 735 2207 308 736 2208 309 736 2209 311 736 2210 310 737 2211 311 737 2212 313 737 2213 312 738 2214 313 738 2215 315 738 2216 314 739 2217 315 739 2218 317 739 2219 316 740 2220 317 740 2221 319 740 2222 318 741 2223 319 741 2224 321 741 2225 320 742 2226 321 742 2227 323 742 2228 322 743 2229 323 743 2230 325 743 2231 324 744 2232 325 744 2233 327 744 2234 326 745 2235 327 745 2236 329 745 2237 328 746 2238 329 746 2239 331 746 2240 330 747 2241 331 747 2242 333 747 2243 277 748 2244 275 748 2245 303 748 2246 275 749 2247 273 749 2248 305 749 2249 273 750 2250 335 750 2251 307 750 2252 335 751 2253 333 751 2254 309 751 2255 333 752 2256 331 752 2257 309 752 2258 331 753 2259 329 753 2260 311 753 2261 309 754 2262 331 754 2263 311 754 2264 329 755 2265 327 755 2266 313 755 2267 327 756 2268 325 756 2269 315 756 2270 313 757 2271 327 757 2272 315 757 2273 325 758 2274 323 758 2275 317 758 2276 323 759 2277 321 759 2278 319 759 2279 317 760 2280 323 760 2281 319 760 2282 317 761 2283 315 761 2284 325 761 2285 313 762 2286 311 762 2287 329 762 2288 309 763 2289 307 763 2290 335 763 2291 307 764 2292 305 764 2293 273 764 2294 305 765 2295 303 765 2296 275 765 2297 303 766 2298 301 766 2299 277 766 2300 301 767 2301 299 767 2302 277 767 2303 299 768 2304 297 768 2305 279 768 2306 277 769 2307 299 769 2308 279 769 2309 297 770 2310 295 770 2311 281 770 2312 295 771 2313 293 771 2314 283 771 2315 281 772 2316 295 772 2317 283 772 2318 293 773 2319 291 773 2320 287 773 2321 291 774 2322 289 774 2323 287 774 2324 287 775 2325 285 775 2326 293 775 2327 285 776 2328 283 776 2329 293 776 2330 332 777 2331 333 777 2332 335 777 2333 334 778 2334 335 778 2335 273 778 2336 334 779 2337 272 779 2338 304 779 2339 272 780 2340 274 780 2341 302 780 2342 274 781 2343 276 781 2344 302 781 2345 276 782 2346 278 782 2347 300 782 2348 302 783 2349 276 783 2350 300 783 2351 278 784 2352 280 784 2353 296 784 2354 280 785 2355 282 785 2356 294 785 2357 282 786 2358 284 786 2359 294 786 2360 284 787 2361 286 787 2362 292 787 2363 294 788 2364 284 788 2365 292 788 2366 286 789 2367 288 789 2368 290 789 2369 290 790 2370 292 790 2371 286 790 2372 294 791 2373 296 791 2374 280 791 2375 296 792 2376 298 792 2377 278 792 2378 298 793 2379 300 793 2380 278 793 2381 302 794 2382 304 794 2383 272 794 2384 304 795 2385 306 795 2386 334 795 2387 306 796 2388 308 796 2389 334 796 2390 308 797 2391 310 797 2392 332 797 2393 334 798 2394 308 798 2395 332 798 2396 310 799 2397 312 799 2398 328 799 2399 312 800 2400 314 800 2401 326 800 2402 314 801 2403 316 801 2404 326 801 2405 316 802 2406 318 802 2407 324 802 2408 326 803 2409 316 803 2410 324 803 2411 318 804 2412 320 804 2413 322 804 2414 322 805 2415 324 805 2416 318 805 2417 326 806 2418 328 806 2419 312 806 2420 328 807 2421 330 807 2422 310 807 2423 336 808 2424 337 808 2425 339 808 2426 338 809 2427 339 809 2428 341 809 2429 340 810 2430 341 810 2431 343 810 2432 342 811 2433 343 811 2434 345 811 2435 344 812 2436 345 812 2437 347 812 2438 346 813 2439 347 813 2440 349 813 2441 348 814 2442 349 814 2443 351 814 2444 350 815 2445 351 815 2446 353 815 2447 352 816 2448 353 816 2449 355 816 2450 354 817 2451 355 817 2452 357 817 2453 356 818 2454 357 818 2455 359 818 2456 358 819 2457 359 819 2458 361 819 2459 360 820 2460 361 820 2461 363 820 2462 362 821 2463 363 821 2464 365 821 2465 364 822 2466 365 822 2467 367 822 2468 366 823 2469 367 823 2470 369 823 2471 368 824 2472 369 824 2473 371 824 2474 370 825 2475 371 825 2476 373 825 2477 372 826 2478 373 826 2479 375 826 2480 374 827 2481 375 827 2482 377 827 2483 376 828 2484 377 828 2485 379 828 2486 378 829 2487 379 829 2488 381 829 2489 380 830 2490 381 830 2491 383 830 2492 382 831 2493 383 831 2494 385 831 2495 384 832 2496 385 832 2497 387 832 2498 386 833 2499 387 833 2500 389 833 2501 388 834 2502 389 834 2503 391 834 2504 390 835 2505 391 835 2506 393 835 2507 392 836 2508 393 836 2509 395 836 2510 394 837 2511 395 837 2512 397 837 2513 341 838 2514 339 838 2515 367 838 2516 339 839 2517 337 839 2518 369 839 2519 337 840 2520 399 840 2521 371 840 2522 399 841 2523 397 841 2524 373 841 2525 397 842 2526 395 842 2527 373 842 2528 395 843 2529 393 843 2530 375 843 2531 373 844 2532 395 844 2533 375 844 2534 393 845 2535 391 845 2536 377 845 2537 391 846 2538 389 846 2539 379 846 2540 377 847 2541 391 847 2542 379 847 2543 389 848 2544 387 848 2545 383 848 2546 387 849 2547 385 849 2548 383 849 2549 383 850 2550 381 850 2551 389 850 2552 381 851 2553 379 851 2554 389 851 2555 377 852 2556 375 852 2557 393 852 2558 373 853 2559 371 853 2560 399 853 2561 371 854 2562 369 854 2563 337 854 2564 369 855 2565 367 855 2566 339 855 2567 367 856 2568 365 856 2569 341 856 2570 365 857 2571 363 857 2572 341 857 2573 363 858 2574 361 858 2575 343 858 2576 341 859 2577 363 859 2578 343 859 2579 361 860 2580 359 860 2581 345 860 2582 359 861 2583 357 861 2584 347 861 2585 345 862 2586 359 862 2587 347 862 2588 357 863 2589 355 863 2590 349 863 2591 355 864 2592 353 864 2593 351 864 2594 349 865 2595 355 865 2596 351 865 2597 349 866 2598 347 866 2599 357 866 2600 396 867 2601 397 867 2602 399 867 2603 398 868 2604 399 868 2605 337 868 2606 398 869 2607 336 869 2608 368 869 2609 336 870 2610 338 870 2611 366 870 2612 338 871 2613 340 871 2614 366 871 2615 340 872 2616 342 872 2617 364 872 2618 366 873 2619 340 873 2620 364 873 2621 342 874 2622 344 874 2623 360 874 2624 344 875 2625 346 875 2626 358 875 2627 346 876 2628 348 876 2629 358 876 2630 348 877 2631 350 877 2632 356 877 2633 358 878 2634 348 878 2635 356 878 2636 350 879 2637 352 879 2638 354 879 2639 354 880 2640 356 880 2641 350 880 2642 358 881 2643 360 881 2644 344 881 2645 360 882 2646 362 882 2647 342 882 2648 362 883 2649 364 883 2650 342 883 2651 366 884 2652 368 884 2653 336 884 2654 368 885 2655 370 885 2656 398 885 2657 370 886 2658 372 886 2659 398 886 2660 372 887 2661 374 887 2662 396 887 2663 398 888 2664 372 888 2665 396 888 2666 374 889 2667 376 889 2668 392 889 2669 376 890 2670 378 890 2671 390 890 2672 378 891 2673 380 891 2674 390 891 2675 380 892 2676 382 892 2677 388 892 2678 390 893 2679 380 893 2680 388 893 2681 382 894 2682 384 894 2683 386 894 2684 386 895 2685 388 895 2686 382 895 2687 390 896 2688 392 896 2689 376 896 2690 392 897 2691 394 897 2692 374 897 2693 400 898 2694 401 898 2695 403 898 2696 402 899 2697 403 899 2698 405 899 2699 404 900 2700 405 900 2701 407 900 2702 406 901 2703 407 901 2704 409 901 2705 408 902 2706 409 902 2707 411 902 2708 410 903 2709 411 903 2710 413 903 2711 412 904 2712 413 904 2713 415 904 2714 414 905 2715 415 905 2716 417 905 2717 416 906 2718 417 906 2719 419 906 2720 418 907 2721 419 907 2722 421 907 2723 420 908 2724 421 908 2725 423 908 2726 422 909 2727 423 909 2728 425 909 2729 424 910 2730 425 910 2731 427 910 2732 426 911 2733 427 911 2734 429 911 2735 428 912 2736 429 912 2737 431 912 2738 430 913 2739 431 913 2740 433 913 2741 432 914 2742 433 914 2743 435 914 2744 434 915 2745 435 915 2746 437 915 2747 436 916 2748 437 916 2749 439 916 2750 438 917 2751 439 917 2752 441 917 2753 440 918 2754 441 918 2755 443 918 2756 442 919 2757 443 919 2758 445 919 2759 444 920 2760 445 920 2761 447 920 2762 446 921 2763 447 921 2764 449 921 2765 448 922 2766 449 922 2767 451 922 2768 450 923 2769 451 923 2770 453 923 2771 452 924 2772 453 924 2773 455 924 2774 454 925 2775 455 925 2776 457 925 2777 456 926 2778 457 926 2779 459 926 2780 458 927 2781 459 927 2782 461 927 2783 405 928 2784 403 928 2785 463 928 2786 403 929 2787 401 929 2788 463 929 2789 463 930 2790 461 930 2791 405 930 2792 461 931 2793 459 931 2794 405 931 2795 459 932 2796 457 932 2797 407 932 2798 405 933 2799 459 933 2800 407 933 2801 457 934 2802 455 934 2803 409 934 2804 455 935 2805 453 935 2806 411 935 2807 409 936 2808 455 936 2809 411 936 2810 453 937 2811 451 937 2812 415 937 2813 451 938 2814 449 938 2815 417 938 2816 449 939 2817 447 939 2818 419 939 2819 447 940 2820 445 940 2821 421 940 2822 445 941 2823 443 941 2824 421 941 2825 443 942 2826 441 942 2827 423 942 2828 421 943 2829 443 943 2830 423 943 2831 441 944 2832 439 944 2833 425 944 2834 439 945 2835 437 945 2836 427 945 2837 425 946 2838 439 946 2839 427 946 2840 437 947 2841 435 947 2842 429 947 2843 435 948 2844 433 948 2845 431 948 2846 429 949 2847 435 949 2848 431 949 2849 429 950 2850 427 950 2851 437 950 2852 425 951 2853 423 951 2854 441 951 2855 421 952 2856 419 952 2857 447 952 2858 419 953 2859 417 953 2860 449 953 2861 417 954 2862 415 954 2863 451 954 2864 415 955 2865 413 955 2866 453 955 2867 413 956 2868 411 956 2869 453 956 2870 460 957 2871 461 957 2872 463 957 2873 462 958 2874 463 958 2875 401 958 2876 462 959 2877 400 959 2878 402 959 2879 402 960 2880 404 960 2881 462 960 2882 404 961 2883 406 961 2884 460 961 2885 462 962 2886 404 962 2887 460 962 2888 406 963 2889 408 963 2890 456 963 2891 408 964 2892 410 964 2893 454 964 2894 410 965 2895 412 965 2896 454 965 2897 412 966 2898 414 966 2899 452 966 2900 454 967 2901 412 967 2902 452 967 2903 414 968 2904 416 968 2905 448 968 2906 416 969 2907 418 969 2908 446 969 2909 418 970 2910 420 970 2911 446 970 2912 420 971 2913 422 971 2914 444 971 2915 446 972 2916 420 972 2917 444 972 2918 422 973 2919 424 973 2920 440 973 2921 424 974 2922 426 974 2923 438 974 2924 426 975 2925 428 975 2926 438 975 2927 428 976 2928 430 976 2929 436 976 2930 438 977 2931 428 977 2932 436 977 2933 430 978 2934 432 978 2935 434 978 2936 434 979 2937 436 979 2938 430 979 2939 438 980 2940 440 980 2941 424 980 2942 440 981 2943 442 981 2944 422 981 2945 442 982 2946 444 982 2947 422 982 2948 446 983 2949 448 983 2950 416 983 2951 448 984 2952 450 984 2953 414 984 2954 450 985 2955 452 985 2956 414 985 2957 454 986 2958 456 986 2959 408 986 2960 456 987 2961 458 987 2962 406 987 2963 464 988 2964 465 988 2965 467 988 2966 466 989 2967 467 989 2968 469 989 2969 468 990 2970 469 990 2971 471 990 2972 470 991 2973 471 991 2974 473 991 2975 472 992 2976 473 992 2977 475 992 2978 474 993 2979 475 993 2980 477 993 2981 476 994 2982 477 994 2983 479 994 2984 478 995 2985 479 995 2986 481 995 2987 480 996 2988 481 996 2989 483 996 2990 482 997 2991 483 997 2992 485 997 2993 484 998 2994 485 998 2995 487 998 2996 486 999 2997 487 999 2998 489 999 2999 488 1000 3000 489 1000 3001 491 1000 3002 490 1001 3003 491 1001 3004 493 1001 3005 492 1002 3006 493 1002 3007 495 1002 3008 494 1003 3009 495 1003 3010 497 1003 3011 496 1004 3012 497 1004 3013 499 1004 3014 498 1005 3015 499 1005 3016 501 1005 3017 500 1006 3018 501 1006 3019 503 1006 3020 502 1007 3021 503 1007 3022 505 1007 3023 504 1008 3024 505 1008 3025 507 1008 3026 506 1009 3027 507 1009 3028 509 1009 3029 508 1010 3030 509 1010 3031 511 1010 3032 510 1011 3033 511 1011 3034 513 1011 3035 512 1012 3036 513 1012 3037 515 1012 3038 514 1013 3039 515 1013 3040 517 1013 3041 516 1014 3042 517 1014 3043 519 1014 3044 518 1015 3045 519 1015 3046 521 1015 3047 520 1016 3048 521 1016 3049 523 1016 3050 522 1017 3051 523 1017 3052 525 1017 3053 469 1018 3054 467 1018 3055 527 1018 3056 467 1019 3057 465 1019 3058 527 1019 3059 527 1020 3060 525 1020 3061 469 1020 3062 525 1021 3063 523 1021 3064 469 1021 3065 523 1022 3066 521 1022 3067 471 1022 3068 469 1023 3069 523 1023 3070 471 1023 3071 521 1024 3072 519 1024 3073 473 1024 3074 519 1025 3075 517 1025 3076 475 1025 3077 473 1026 3078 519 1026 3079 475 1026 3080 517 1027 3081 515 1027 3082 479 1027 3083 515 1028 3084 513 1028 3085 481 1028 3086 513 1029 3087 511 1029 3088 483 1029 3089 511 1030 3090 509 1030 3091 485 1030 3092 509 1031 3093 507 1031 3094 485 1031 3095 507 1032 3096 505 1032 3097 487 1032 3098 485 1033 3099 507 1033 3100 487 1033 3101 505 1034 3102 503 1034 3103 489 1034 3104 503 1035 3105 501 1035 3106 491 1035 3107 489 1036 3108 503 1036 3109 491 1036 3110 501 1037 3111 499 1037 3112 493 1037 3113 499 1038 3114 497 1038 3115 495 1038 3116 493 1039 3117 499 1039 3118 495 1039 3119 493 1040 3120 491 1040 3121 501 1040 3122 489 1041 3123 487 1041 3124 505 1041 3125 485 1042 3126 483 1042 3127 511 1042 3128 483 1043 3129 481 1043 3130 513 1043 3131 481 1044 3132 479 1044 3133 515 1044 3134 479 1045 3135 477 1045 3136 517 1045 3137 477 1046 3138 475 1046 3139 517 1046 3140 524 1047 3141 525 1047 3142 527 1047 3143 526 1048 3144 527 1048 3145 465 1048 3146 526 1049 3147 464 1049 3148 466 1049 3149 466 1050 3150 468 1050 3151 526 1050 3152 468 1051 3153 470 1051 3154 524 1051 3155 526 1052 3156 468 1052 3157 524 1052 3158 470 1053 3159 472 1053 3160 520 1053 3161 472 1054 3162 474 1054 3163 518 1054 3164 474 1055 3165 476 1055 3166 518 1055 3167 476 1056 3168 478 1056 3169 516 1056 3170 518 1057 3171 476 1057 3172 516 1057 3173 478 1058 3174 480 1058 3175 512 1058 3176 480 1059 3177 482 1059 3178 510 1059 3179 482 1060 3180 484 1060 3181 510 1060 3182 484 1061 3183 486 1061 3184 508 1061 3185 510 1062 3186 484 1062 3187 508 1062 3188 486 1063 3189 488 1063 3190 504 1063 3191 488 1064 3192 490 1064 3193 502 1064 3194 490 1065 3195 492 1065 3196 502 1065 3197 492 1066 3198 494 1066 3199 500 1066 3200 502 1067 3201 492 1067 3202 500 1067 3203 494 1068 3204 496 1068 3205 498 1068 3206 498 1069 3207 500 1069 3208 494 1069 3209 502 1070 3210 504 1070 3211 488 1070 3212 504 1071 3213 506 1071 3214 486 1071 3215 506 1072 3216 508 1072 3217 486 1072 3218 510 1073 3219 512 1073 3220 480 1073 3221 512 1074 3222 514 1074 3223 478 1074 3224 514 1075 3225 516 1075 3226 478 1075 3227 518 1076 3228 520 1076 3229 472 1076 3230 520 1077 3231 522 1077 3232 470 1077 3233 528 1078 3234 529 1078 3235 531 1078 3236 530 1079 3237 531 1079 3238 533 1079 3239 532 1080 3240 533 1080 3241 535 1080 3242 534 1081 3243 535 1081 3244 537 1081 3245 536 1082 3246 537 1082 3247 539 1082 3248 538 1083 3249 539 1083 3250 541 1083 3251 540 1084 3252 541 1084 3253 543 1084 3254 542 1085 3255 543 1085 3256 545 1085 3257 544 1086 3258 545 1086 3259 547 1086 3260 546 1087 3261 547 1087 3262 549 1087 3263 548 1088 3264 549 1088 3265 551 1088 3266 550 1089 3267 551 1089 3268 553 1089 3269 552 1090 3270 553 1090 3271 555 1090 3272 554 1091 3273 555 1091 3274 557 1091 3275 556 1092 3276 557 1092 3277 559 1092 3278 558 1093 3279 559 1093 3280 561 1093 3281 560 1094 3282 561 1094 3283 563 1094 3284 562 1095 3285 563 1095 3286 565 1095 3287 564 1096 3288 565 1096 3289 567 1096 3290 566 1097 3291 567 1097 3292 569 1097 3293 568 1098 3294 569 1098 3295 571 1098 3296 570 1099 3297 571 1099 3298 573 1099 3299 572 1100 3300 573 1100 3301 575 1100 3302 574 1101 3303 575 1101 3304 577 1101 3305 576 1102 3306 577 1102 3307 579 1102 3308 578 1103 3309 579 1103 3310 581 1103 3311 580 1104 3312 581 1104 3313 583 1104 3314 582 1105 3315 583 1105 3316 585 1105 3317 584 1106 3318 585 1106 3319 587 1106 3320 586 1107 3321 587 1107 3322 589 1107 3323 533 1108 3324 531 1108 3325 591 1108 3326 531 1109 3327 529 1109 3328 591 1109 3329 591 1110 3330 589 1110 3331 533 1110 3332 589 1111 3333 587 1111 3334 533 1111 3335 587 1112 3336 585 1112 3337 535 1112 3338 533 1113 3339 587 1113 3340 535 1113 3341 585 1114 3342 583 1114 3343 537 1114 3344 583 1115 3345 581 1115 3346 539 1115 3347 537 1116 3348 583 1116 3349 539 1116 3350 581 1117 3351 579 1117 3352 543 1117 3353 579 1118 3354 577 1118 3355 545 1118 3356 577 1119 3357 575 1119 3358 547 1119 3359 575 1120 3360 573 1120 3361 549 1120 3362 573 1121 3363 571 1121 3364 549 1121 3365 571 1122 3366 569 1122 3367 551 1122 3368 549 1123 3369 571 1123 3370 551 1123 3371 569 1124 3372 567 1124 3373 553 1124 3374 567 1125 3375 565 1125 3376 555 1125 3377 553 1126 3378 567 1126 3379 555 1126 3380 565 1127 3381 563 1127 3382 557 1127 3383 563 1128 3384 561 1128 3385 559 1128 3386 557 1129 3387 563 1129 3388 559 1129 3389 557 1130 3390 555 1130 3391 565 1130 3392 553 1131 3393 551 1131 3394 569 1131 3395 549 1132 3396 547 1132 3397 575 1132 3398 547 1133 3399 545 1133 3400 577 1133 3401 545 1134 3402 543 1134 3403 579 1134 3404 543 1135 3405 541 1135 3406 581 1135 3407 541 1136 3408 539 1136 3409 581 1136 3410 588 1137 3411 589 1137 3412 591 1137 3413 590 1138 3414 591 1138 3415 529 1138 3416 590 1139 3417 528 1139 3418 530 1139 3419 530 1140 3420 532 1140 3421 590 1140 3422 532 1141 3423 534 1141 3424 588 1141 3425 590 1142 3426 532 1142 3427 588 1142 3428 534 1143 3429 536 1143 3430 584 1143 3431 536 1144 3432 538 1144 3433 582 1144 3434 538 1145 3435 540 1145 3436 582 1145 3437 540 1146 3438 542 1146 3439 580 1146 3440 582 1147 3441 540 1147 3442 580 1147 3443 542 1148 3444 544 1148 3445 576 1148 3446 544 1149 3447 546 1149 3448 574 1149 3449 546 1150 3450 548 1150 3451 574 1150 3452 548 1151 3453 550 1151 3454 572 1151 3455 574 1152 3456 548 1152 3457 572 1152 3458 550 1153 3459 552 1153 3460 568 1153 3461 552 1154 3462 554 1154 3463 566 1154 3464 554 1155 3465 556 1155 3466 566 1155 3467 556 1156 3468 558 1156 3469 564 1156 3470 566 1157 3471 556 1157 3472 564 1157 3473 558 1158 3474 560 1158 3475 562 1158 3476 562 1159 3477 564 1159 3478 558 1159 3479 566 1160 3480 568 1160 3481 552 1160 3482 568 1161 3483 570 1161 3484 550 1161 3485 570 1162 3486 572 1162 3487 550 1162 3488 574 1163 3489 576 1163 3490 544 1163 3491 576 1164 3492 578 1164 3493 542 1164 3494 578 1165 3495 580 1165 3496 542 1165 3497 582 1166 3498 584 1166 3499 536 1166 3500 584 1167 3501 586 1167 3502 534 1167 3503 592 1168 3504 593 1168 3505 595 1168 3506 594 1169 3507 595 1169 3508 597 1169 3509 596 1170 3510 597 1170 3511 599 1170 3512 598 1171 3513 599 1171 3514 601 1171 3515 600 1172 3516 601 1172 3517 603 1172 3518 602 1173 3519 603 1173 3520 605 1173 3521 604 1174 3522 605 1174 3523 607 1174 3524 606 1175 3525 607 1175 3526 609 1175 3527 608 1176 3528 609 1176 3529 611 1176 3530 610 1177 3531 611 1177 3532 613 1177 3533 612 1178 3534 613 1178 3535 615 1178 3536 614 1179 3537 615 1179 3538 617 1179 3539 616 1180 3540 617 1180 3541 619 1180 3542 618 1181 3543 619 1181 3544 621 1181 3545 620 1182 3546 621 1182 3547 623 1182 3548 622 1183 3549 623 1183 3550 625 1183 3551 624 1184 3552 625 1184 3553 627 1184 3554 626 1185 3555 627 1185 3556 629 1185 3557 628 1186 3558 629 1186 3559 631 1186 3560 630 1187 3561 631 1187 3562 633 1187 3563 632 1188 3564 633 1188 3565 635 1188 3566 634 1189 3567 635 1189 3568 637 1189 3569 636 1190 3570 637 1190 3571 639 1190 3572 638 1191 3573 639 1191 3574 641 1191 3575 640 1192 3576 641 1192 3577 643 1192 3578 642 1193 3579 643 1193 3580 645 1193 3581 644 1194 3582 645 1194 3583 647 1194 3584 646 1195 3585 647 1195 3586 649 1195 3587 648 1196 3588 649 1196 3589 651 1196 3590 650 1197 3591 651 1197 3592 653 1197 3593 597 1198 3594 595 1198 3595 655 1198 3596 595 1199 3597 593 1199 3598 655 1199 3599 655 1200 3600 653 1200 3601 597 1200 3602 653 1201 3603 651 1201 3604 597 1201 3605 651 1202 3606 649 1202 3607 599 1202 3608 597 1203 3609 651 1203 3610 599 1203 3611 649 1204 3612 647 1204 3613 601 1204 3614 647 1205 3615 645 1205 3616 603 1205 3617 601 1206 3618 647 1206 3619 603 1206 3620 645 1207 3621 643 1207 3622 607 1207 3623 643 1208 3624 641 1208 3625 609 1208 3626 641 1209 3627 639 1209 3628 611 1209 3629 639 1210 3630 637 1210 3631 613 1210 3632 637 1211 3633 635 1211 3634 613 1211 3635 635 1212 3636 633 1212 3637 615 1212 3638 613 1213 3639 635 1213 3640 615 1213 3641 633 1214 3642 631 1214 3643 617 1214 3644 631 1215 3645 629 1215 3646 619 1215 3647 617 1216 3648 631 1216 3649 619 1216 3650 629 1217 3651 627 1217 3652 621 1217 3653 627 1218 3654 625 1218 3655 623 1218 3656 621 1219 3657 627 1219 3658 623 1219 3659 621 1220 3660 619 1220 3661 629 1220 3662 617 1221 3663 615 1221 3664 633 1221 3665 613 1222 3666 611 1222 3667 639 1222 3668 611 1223 3669 609 1223 3670 641 1223 3671 609 1224 3672 607 1224 3673 643 1224 3674 607 1225 3675 605 1225 3676 645 1225 3677 605 1226 3678 603 1226 3679 645 1226 3680 652 1227 3681 653 1227 3682 655 1227 3683 654 1228 3684 655 1228 3685 593 1228 3686 654 1229 3687 592 1229 3688 594 1229 3689 594 1230 3690 596 1230 3691 654 1230 3692 596 1231 3693 598 1231 3694 652 1231 3695 654 1232 3696 596 1232 3697 652 1232 3698 598 1233 3699 600 1233 3700 648 1233 3701 600 1234 3702 602 1234 3703 646 1234 3704 602 1235 3705 604 1235 3706 646 1235 3707 604 1236 3708 606 1236 3709 644 1236 3710 646 1237 3711 604 1237 3712 644 1237 3713 606 1238 3714 608 1238 3715 640 1238 3716 608 1239 3717 610 1239 3718 638 1239 3719 610 1240 3720 612 1240 3721 638 1240 3722 612 1241 3723 614 1241 3724 636 1241 3725 638 1242 3726 612 1242 3727 636 1242 3728 614 1243 3729 616 1243 3730 632 1243 3731 616 1244 3732 618 1244 3733 630 1244 3734 618 1245 3735 620 1245 3736 630 1245 3737 620 1246 3738 622 1246 3739 628 1246 3740 630 1247 3741 620 1247 3742 628 1247 3743 622 1248 3744 624 1248 3745 626 1248 3746 626 1249 3747 628 1249 3748 622 1249 3749 630 1250 3750 632 1250 3751 616 1250 3752 632 1251 3753 634 1251 3754 614 1251 3755 634 1252 3756 636 1252 3757 614 1252 3758 638 1253 3759 640 1253 3760 608 1253 3761 640 1254 3762 642 1254 3763 606 1254 3764 642 1255 3765 644 1255 3766 606 1255 3767 646 1256 3768 648 1256 3769 600 1256 3770 648 1257 3771 650 1257 3772 598 1257 3773 0 1258 3774 1 1258 3775 3 1258 3776 2 1259 3777 3 1259 3778 7 1259 3779 6 1260 3780 7 1260 3781 5 1260 3782 4 1261 3783 5 1261 3784 1 1261 3785 2 1262 3786 6 1262 3787 4 1262 3788 7 1263 3789 3 1263 3790 1 1263 3791</p>
        </triangles>
      </mesh>
    </geometry>
  </library_geometries>
  <library_visual_scenes>
    <visual_scene id="Scene" name="Scene">
      <node id="tmp_export_Cube" name="tmp_export_Cube" type="NODE">
        <matrix sid="transform">1 0 0 0 0 1 0 0 0 0 1 0 0 0 0 1</matrix>
        <instance_geometry url="#Cube-mesh" name="tmp_export_Cube">
          <bind_material>
            <technique_common>
              <instance_material symbol="Material_004-material" target="#Material_004-material">
                <bind_vertex_input semantic="UVMap" input_semantic="TEXCOORD" input_set="0"/>
              </instance_material>
            </technique_common>
          </bind_material>
        </instance_geometry>
      </node>
    </visual_scene>
  </library_visual_scenes>
  <scene>
    <instance_visual_scene url="#Scene"/>
  </scene>
</COLLADA>