<?xml version="1.0" encoding="utf-8"?>
<COLLADA xmlns="http://www.collada.org/2005/11/COLLADASchema" version="1.4.1" xmlns:xsi="http://www.w3.org/2001/XMLSchema-instance">
  <asset>
    <contributor>
      <author>Blender User</author>
      <authoring_tool>Blender 4.2.18 LTS commit date:2026-02-16, commit time:13:37, hash:d71e3422e438</authoring_tool>
    </contributor>
    <created>2026-03-31T10:09:10</created>
    <modified>2026-03-31T10:09:10</modified>
    <unit name="meter" meter="1"/>
    <up_axis>Z_UP</up_axis>
  </asset>
  <library_effects>
    <effect id="Material-effect">
      <profile_COMMON>
        <technique sid="common">
          <lambert>
            <emission>
              <color sid="emission">0 0 0 1</color>
            </emission>
            <diffuse>
              <color sid="diffuse">0.4264428 0.4264428 0.4264428 1</color>
            </diffuse>
            <index_of_refraction>
              <float sid="ior">1.5</float>
            </index_of_refraction>
          </lambert>
        </technique>
      </profile_COMMON>
    </effect>
  </library_effects>
  <library_images/>
  <library_materials>
    <material id="Material-material" name="Material">
      <instance_effect url="#Material-effect"/>
    </material>
  </library_materials>
  <library_geometries>
    <geometry id="Cube_012-mesh" name="Cube.012">
      <mesh>
        <source id="Cube_012-mesh-positions">
          <float_array id="Cube_012-mesh-positions-array" count="1824">-1.000016 -1.000016 -1 -1.000016 -1.000016 1 -1.000016 0.9999837 -1 -1.000016 0.9999837 1 0.9999843 -1.000016 -1 0.9999843 -1.000016 1 0.9999843 0.9999837 -1 0.9999843 0.9999837 1 -2.59553e-6 35.35534 -0.7856742 12.5 34.408 -0.7646221 21.65063 31.8198 -0.7071068 25 28.28427 -0.6285393 21.65063 24.74874 -0.5499719 12.5 22.16055 -0.4924566 -1.7213e-6 21.2132 -0.4714045 -12.5 22.16055 -0.4924566 -21.65064 24.74874 -0.5499719 -25 28.28427 -0.6285393 -21.65064 31.8198 -0.7071068 -12.5 34.408 -0.7646221 -2.57683e-6 39.66766 -0.6764016 12.5 38.60477 -0.6582775 21.65063 35.7009 -0.6087614 25 31.73413 -0.5411213 21.65063 27.76737 -0.4734811 12.5 24.86349 -0.423965 -1.71008e-6 23.8006 -0.4058409 -12.5 24.86349 -0.423965 -21.65064 27.76737 -0.4734811 -25 31.73413 -0.5411213 -21.65064 35.7009 -0.6087614 -12.5 38.60477 -0.6582775 -2.52106e-6 43.30127 -0.5555556 12.5 42.14101 -0.5406695 21.65063 38.97114 -0.5 25 34.64101 -0.4444444 21.65063 30.31089 -0.3888889 12.5 27.14101 -0.3482193 -1.67662e-6 25.98076 -0.3333333 -12.5 27.14101 -0.3482193 -21.65064 30.31089 -0.3888889 -25 34.64101 -0.4444444 -21.65064 38.97114 -0.5 -12.5 42.14101 -0.5406695 -2.42916e-6 46.19397 -0.4252038 12.5 44.95621 -0.4138106 21.65063 41.57458 -0.3826835 25 36.95518 -0.3401631 21.65063 32.33578 -0.2976427 12.5 28.95415 -0.2665156 -1.62148e-6 27.71638 -0.2551223 -12.5 28.95415 -0.2665156 -21.65064 32.33578 -0.2976427 -25 36.95518 -0.340163 -21.65064 41.57458 -0.3826835 -12.5 44.95621 -0.4138106 -2.30272e-6 48.29629 -0.2875765 12.5 47.0022 -0.2798709 21.65063 43.46666 -0.2588189 25 38.63703 -0.2300612 21.65063 33.8074 -0.2013035 12.5 30.27187 -0.1802515 -1.54562e-6 28.97777 -0.1725459 -12.5 30.27187 -0.1802514 -21.65064 33.8074 -0.2013035 -25 38.63703 -0.2300611 -21.65064 43.46666 -0.2588189 -12.5 47.0022 -0.2798709 -2.14389e-6 49.57224 -0.1450292 12.5 48.24396 -0.1411432 21.65063 44.61502 -0.1305263 25 39.65779 -0.1160234 21.65063 34.70057 -0.1015204 12.5 31.07163 -0.09090352 -1.45032e-6 29.74334 -0.08701747 -12.5 31.07163 -0.09090352 -21.65064 34.70057 -0.1015204 -25 39.65779 -0.1160233 -21.65064 44.61502 -0.1305263 -12.5 48.24396 -0.1411431 -1.95539e-6 50 1.71805e-7 12.5 48.66025 1.63219e-7 21.65063 45 1.27132e-7 25 40 0 21.65063 35 1.27132e-7 12.5 31.33974 1.33417e-7 -1.33722e-6 30 0 -12.5 31.33974 1.50588e-7 -21.65064 35 1.56873e-7 -25 40 1.29372e-7 -21.65064 45 1.56873e-7 -12.5 48.66025 1.80391e-7 -1.74045e-6 49.57224 0.1450289 12.5 48.24396 0.1411429 21.65063 44.61502 0.130526 25 39.65779 0.1160231 21.65063 34.70057 0.1015203 12.5 31.07163 0.09090334 -1.20825e-6 29.74334 0.08701741 -12.5 31.07163 0.0909034 -21.65063 34.70057 0.1015203 -25 39.65779 0.1160232 -21.65064 44.61502 0.1305261 -12.5 48.24396 0.1411429 -1.50274e-6 48.29629 0.2875769 12.5 47.0022 0.2798712 21.65063 43.46666 0.2588192 25 38.63703 0.2300614 21.65063 33.8074 0.2013038 12.5 30.27187 0.1802517 -1.06563e-6 28.97777 0.1725461 -12.5 30.27187 0.1802517 -21.65063 33.8074 0.2013038 -25 38.63703 0.2300615 -21.65064 43.46666 0.2588192 -12.5 47.0022 0.2798712 -1.24634e-6 46.19398 0.4252036 12.5 44.95621 0.4138103 21.65063 41.57458 0.3826832 25 36.95518 0.3401629 21.65063 32.33578 0.2976425 12.5 28.95415 0.2665155 -9.11789e-7 27.71639 0.2551222 -12.5 28.95415 0.2665155 -21.65063 32.33578 0.2976425 -25 36.95518 0.3401629 -21.65063 41.57458 0.3826832 -12.5 44.95621 0.4138103 -9.75628e-7 43.30127 0.5555557 12.5 42.14102 0.5406696 21.65063 38.97114 0.5000001 25 34.64101 0.4444445 21.65063 30.31089 0.388889 12.5 27.14101 0.3482195 -7.4936e-7 25.98076 0.3333334 -12.5 27.14101 0.3482195 -21.65063 30.31089 0.388889 -25 34.64101 0.4444445 -21.65063 38.97114 0.5000001 -12.5 42.14102 0.5406696 -6.95234e-7 39.66766 0.6764018 12.5 38.60477 0.6582777 21.65063 35.7009 0.6087617 25 31.73413 0.5411215 21.65063 27.76736 0.4734813 12.5 24.86349 0.4239652 -5.81124e-7 23.8006 0.4058411 -12.5 24.86349 0.4239652 -21.65063 27.76736 0.4734813 -25 31.73413 0.5411215 -21.65063 35.7009 0.6087617 -12.5 38.60477 0.6582777 -4.0996e-7 35.35534 0.7856742 12.5 34.408 0.7646222 21.65063 31.81981 0.7071068 25 28.28427 0.6285394 21.65063 24.74874 0.5499719 12.5 22.16055 0.4924566 -4.0996e-7 21.2132 0.4714046 -12.5 22.16055 0.4924566 -21.65063 24.74874 0.5499719 -25 28.28427 0.6285394 -21.65063 31.81981 0.7071068 -12.5 34.408 0.7646222 -1.24686e-7 30.43806 0.8815038 12.5 29.62248 0.8578841 21.65063 27.39426 0.7933535 25 24.35045 0.7052031 21.65063 21.30665 0.6170527 12.5 19.07843 0.5525222 -2.38795e-7 18.26284 0.5289024 -12.5 19.07843 0.5525222 -21.65063 21.30665 0.6170527 -25 24.35045 0.7052031 -21.65063 27.39426 0.7933535 -12.5 29.62248 0.8578841 1.55707e-7 25.00001 0.9622505 12.5 24.33013 0.9364671 21.65063 22.5 0.8660254 25 20 0.7698004 21.65063 17.5 0.6735754 12.5 15.66987 0.6031337 0 15 0.5773503 -12.5 15.66987 0.6031337 -21.65063 17.5 0.6735754 -25 20 0.7698004 -21.65063 22.5 0.8660254 -12.5 24.33013 0.9364671 4.26422e-7 19.13417 1.026533 12.5 18.62147 0.9990271 21.65063 17.22075 0.9238797 25 15.30733 0.8212264 21.65063 13.39392 0.7185731 12.5 11.9932 0.6434257 0 11.4805 0.6159198 -12.5 11.9932 0.6434257 -21.65063 13.39391 0.7185731 -25 15.30733 0.8212264 -21.65063 17.22075 0.9238797 -12.5 18.62147 0.9990271 6.82825e-7 12.94096 1.073251 12.5 12.59421 1.044493 21.65064 11.64686 0.9659259 25 10.35277 0.8586008 21.65063 9.058674 0.7512757 12.5 8.111327 0.6727083 2.45711e-7 7.764577 0.6439507 -12.5 8.111327 0.6727083 -21.65063 9.058672 0.7512757 -25 10.35277 0.8586008 -21.65063 11.64686 0.9659259 -12.5 12.59421 1.044493 9.2053e-7 6.526309 1.101605 12.5 6.351436 1.072088 21.65064 5.873676 0.9914449 25 5.221046 0.8812844 21.65063 4.568415 0.7711239 12.5 4.090656 0.6904808 3.88334e-7 3.915784 0.6609634 -12.5 4.090655 0.6904808 -21.65063 4.568414 0.7711239 -25 5.221045 0.8812844 -21.65063 5.873675 0.9914449 -12.5 6.351435 1.072088 1.13547e-6 -1.63266e-5 1.111111 12.5 -1.21256e-5 1.081339 21.65064 -1.18428e-5 1 25 -9.83189e-6 0.888889 21.65064 -8.02806e-6 0.7777779 12.5 -9.26457e-6 0.6964389 5.17299e-7 -7.74358e-6 0.6666667 -12.5 -1.00373e-5 0.6964389 -21.65063 -9.36645e-6 0.7777779 -25 -1.13773e-5 0.888889 -21.65063 -1.31811e-5 1 -12.5 -1.28983e-5 1.081339 1.32397e-6 -6.526311 1.101605 12.5 -6.351437 1.072088 21.65064 -5.873677 0.9914449 25 -5.221046 0.8812844 21.65064 -4.568416 0.7711239 12.5 -4.090657 0.6904808 6.30396e-7 -3.915786 0.6609634 -12.5 -4.090658 0.6904808 -21.65063 -4.568417 0.7711239 -25 -5.221048 0.8812844 -21.65063 -5.873678 0.9914449 -12.5 -6.351438 1.072088 1.4828e-6 -12.94094 1.073251 12.5 -12.59419 1.044493 21.65064 -11.64685 0.965926 25 -10.35275 0.8586009 21.65064 -9.058657 0.7512758 12.5 -8.111316 0.6727083 7.25695e-7 -7.764564 0.6439507 -12.5 -8.111316 0.6727083 -21.65063 -9.058659 0.7512758 -25 -10.35275 0.8586009 -21.65063 -11.64685 0.965926 -12.5 -12.59419 1.044493 1.60924e-6 -19.13417 1.026533 12.5 -18.62147 0.9990271 21.65064 -17.22076 0.9238797 25 -15.30733 0.8212264 21.65064 -13.39392 0.7185731 12.5 -11.9932 0.6434257 8.01561e-7 -11.4805 0.6159198 -12.5 -11.9932 0.6434257 -21.65063 -13.39392 0.7185731 -25 -15.30734 0.8212264 -21.65063 -17.22076 0.9238797 -12.5 -18.62147 0.9990271 1.70114e-6 -25.00001 0.9622505 12.5 -24.33014 0.9364671 21.65064 -22.50001 0.8660254 25 -20.00001 0.7698004 21.65064 -17.50001 0.6735754 12.5 -15.66988 0.6031337 8.56698e-7 -15 0.5773503 -12.5 -15.66988 0.6031337 -21.65063 -17.50001 0.6735754 -25 -20.00001 0.7698004 -21.65063 -22.50001 0.8660254 -12.5 -24.33014 0.9364671 1.75691e-6 -30.43807 0.8815038 12.5 -29.62248 0.8578841 21.65064 -27.39426 0.7933535 25 -24.35046 0.7052031 21.65064 -21.30665 0.6170527 12.5 -19.07843 0.5525222 8.90162e-7 -18.26284 0.5289024 -12.5 -19.07843 0.5525222 -21.65063 -21.30665 0.6170527 -25 -24.35046 0.7052031 -21.65063 -27.39426 0.7933535 -12.5 -29.62248 0.8578841 1.77561e-6 -35.35533 0.7856743 12.5 -34.40799 0.7646223 21.65064 -31.81981 0.707107 25 -28.28427 0.6285395 21.65064 -24.74874 0.5499721 12.5 -22.16055 0.4924567 9.01382e-7 -21.2132 0.4714046 -12.5 -22.16055 0.4924567 -21.65063 -24.74874 0.5499721 -25 -28.28427 0.6285395 -21.65063 -31.81981 0.707107 -12.5 -34.40799 0.7646223 1.75691e-6 -39.66767 0.6764015 12.5 -38.60478 0.6582774 21.65064 -35.7009 0.6087614 25 -31.73414 0.5411212 21.65064 -27.76737 0.4734811 12.5 -24.8635 0.4239651 8.90162e-7 -23.8006 0.4058409 -12.5 -24.8635 0.4239651 -21.65063 -27.76737 0.4734811 -25 -31.73414 0.5411212 -21.65063 -35.7009 0.6087614 -12.5 -38.60478 0.6582774 1.70114e-6 -43.30127 0.5555558 12.5 -42.14102 0.5406697 21.65064 -38.97114 0.5000002 25 -34.64101 0.4444446 21.65064 -30.31089 0.3888891 12.5 -27.14102 0.3482195 8.56698e-7 -25.98076 0.3333334 -12.5 -27.14102 0.3482195 -21.65063 -30.31089 0.3888891 -25 -34.64101 0.4444447 -21.65063 -38.97114 0.5000002 -12.5 -42.14102 0.5406697 1.60924e-6 -46.19397 0.4252043 12.5 -44.95621 0.413811 21.65064 -41.57457 0.3826839 25 -36.95518 0.3401634 21.65064 -32.33578 0.297643 12.5 -28.95415 0.2665159 8.01561e-7 -27.71638 0.2551226 -12.5 -28.95415 0.2665159 -21.65063 -32.33578 0.297643 -25 -36.95518 0.3401635 -21.65063 -41.57457 0.3826839 -12.5 -44.95621 0.413811 1.4828e-6 -48.29629 0.287577 12.5 -47.00219 0.2798715 21.65064 -43.46666 0.2588193 25 -38.63703 0.2300616 21.65064 -33.8074 0.2013039 12.5 -30.27187 0.1802518 7.25695e-7 -28.97778 0.1725462 -12.5 -30.27187 0.1802518 -21.65063 -33.8074 0.2013039 -25 -38.63703 0.2300616 -21.65063 -43.46666 0.2588193 -12.5 -47.00219 0.2798715 1.32397e-6 -49.57224 0.1450291 12.5 -48.24396 0.1411431 21.65064 -44.61502 0.1305262 25 -39.65779 0.1160233 21.65064 -34.70057 0.1015204 12.5 -31.07163 0.09090352 6.30396e-7 -29.74335 0.08701747 -12.5 -31.07163 0.09090352 -21.65063 -34.70057 0.1015204 -25 -39.65779 0.1160233 -21.65063 -44.61502 0.1305262 -12.5 -48.24396 0.1411432 1.13547e-6 -50 3.50619e-7 12.5 -48.66025 2.82428e-7 21.65064 -45 2.76143e-7 25 -40 2.73843e-7 21.65064 -35 2.16539e-7 12.5 -31.33975 2.22824e-7 5.17299e-7 -30 2.01607e-7 -12.5 -31.33975 2.39995e-7 -21.65063 -35 2.4628e-7 -25 -40 3.08186e-7 -21.65063 -45 3.05885e-7 -12.5 -48.66025 2.996e-7 9.2053e-7 -49.57225 -0.1450284 12.5 -48.24396 -0.1411424 21.65064 -44.61502 -0.1305256 25 -39.6578 -0.1160228 21.65063 -34.70057 -0.1015199 12.5 -31.07164 -0.09090304 3.88334e-7 -29.74335 -0.08701699 -12.5 -31.07164 -0.09090304 -21.65063 -34.70057 -0.1015199 -25 -39.6578 -0.1160227 -21.65063 -44.61502 -0.1305256 -12.5 -48.24396 -0.1411424 6.82825e-7 -48.29629 -0.2875769 12.5 -47.0022 -0.2798713 21.65064 -43.46666 -0.2588192 25 -38.63703 -0.2300615 21.65063 -33.8074 -0.2013038 12.5 -30.27187 -0.1802517 2.45711e-7 -28.97778 -0.1725461 -12.5 -30.27187 -0.1802516 -21.65063 -33.8074 -0.2013037 -25 -38.63703 -0.2300614 -21.65063 -43.46666 -0.2588192 -12.5 -47.0022 -0.2798713 4.26422e-7 -46.19398 -0.4252037 12.5 -44.95621 -0.4138104 21.65063 -41.57458 -0.3826833 25 -36.95518 -0.3401629 21.65063 -32.33578 -0.2976426 12.5 -28.95415 -0.2665155 0 -27.71639 -0.2551222 -12.5 -28.95415 -0.2665155 -21.65063 -32.33578 -0.2976426 -25 -36.95518 -0.3401629 -21.65063 -41.57458 -0.3826833 -12.5 -44.95621 -0.4138104 1.55707e-7 -43.30128 -0.5555553 12.5 -42.14102 -0.5406691 21.65063 -38.97115 -0.4999997 25 -34.64102 -0.4444441 21.65063 -30.3109 -0.3888886 12.5 -27.14102 -0.3482192 0 -25.98077 -0.3333331 -12.5 -27.14102 -0.3482192 -21.65063 -30.3109 -0.3888886 -25 -34.64102 -0.4444441 -21.65063 -38.97115 -0.4999997 -12.5 -42.14102 -0.5406691 -1.24684e-7 -39.66769 -0.676401 12.5 -38.60479 -0.6582769 21.65063 -35.70092 -0.608761 25 -31.73415 -0.5411208 21.65063 -27.76738 -0.4734807 12.5 -24.86351 -0.4239647 -2.38795e-7 -23.80061 -0.4058406 -12.5 -24.86351 -0.4239647 -21.65063 -27.76738 -0.4734807 -25 -31.73415 -0.5411208 -21.65063 -35.70092 -0.608761 -12.5 -38.60479 -0.6582769 -4.0996e-7 -35.35533 -0.7856742 12.5 -34.40799 -0.7646222 21.65063 -31.81981 -0.7071068 25 -28.28427 -0.6285394 21.65063 -24.74874 -0.5499719 12.5 -22.16055 -0.4924566 -4.0996e-7 -21.2132 -0.4714045 -12.5 -22.16055 -0.4924566 -21.65063 -24.74874 -0.5499719 -25 -28.28427 -0.6285394 -21.65063 -31.81981 -0.7071068 -12.5 -34.40799 -0.7646222 -6.95234e-7 -30.43808 -0.8815035 12.5 -29.6225 -0.8578838 21.65063 -27.39427 -0.7933532 25 -24.35046 -0.7052028 21.65063 -21.30666 -0.6170524 12.5 -19.07844 -0.5525219 -5.81124e-7 -18.26285 -0.5289021 -12.5 -19.07844 -0.5525219 -21.65063 -21.30666 -0.6170524 -25 -24.35046 -0.7052028 -21.65063 -27.39427 -0.7933532 -12.5 -29.6225 -0.8578838 -9.75626e-7 -25.00003 -0.9622502 12.5 -24.33015 -0.9364668 21.65063 -22.50002 -0.8660252 25 -20.00002 -0.7698001 21.65063 -17.50002 -0.6735751 12.5 -15.66989 -0.6031335 -7.4936e-7 -15.00001 -0.5773501 -12.5 -15.66989 -0.6031335 -21.65063 -17.50002 -0.6735751 -25 -20.00002 -0.7698001 -21.65063 -22.50002 -0.8660252 -12.5 -24.33015 -0.9364668 -1.24634e-6 -19.13416 -1.026533 12.5 -18.62146 -0.9990271 21.65063 -17.22075 -0.9238796 25 -15.30733 -0.8212263 21.65063 -13.39391 -0.718573 12.5 -11.99319 -0.6434256 -9.11789e-7 -11.4805 -0.6159198 -12.5 -11.99319 -0.6434256 -21.65063 -13.39391 -0.718573 -25 -15.30733 -0.8212263 -21.65063 -17.22075 -0.9238796 -12.5 -18.62146 -0.9990271 -1.50274e-6 -12.94096 -1.073251 12.5 -12.5942 -1.044493 21.65063 -11.64686 -0.9659258 25 -10.35276 -0.8586007 21.65063 -9.05867 -0.7512756 12.5 -8.111326 -0.6727082 -1.06563e-6 -7.764574 -0.6439505 -12.5 -8.111326 -0.6727082 -21.65063 -9.058671 -0.7512756 -25 -10.35276 -0.8586007 -21.65064 -11.64686 -0.9659258 -12.5 -12.5942 -1.044493 -1.74045e-6 -6.526324 -1.101605 12.5 -6.351452 -1.072088 21.65063 -5.873692 -0.9914448 25 -5.22106 -0.8812842 21.65063 -4.568427 -0.7711237 12.5 -4.090666 -0.6904805 -1.20825e-6 -3.915794 -0.6609631 -12.5 -4.090667 -0.6904805 -21.65063 -4.568428 -0.7711237 -25 -5.221062 -0.8812842 -21.65064 -5.873693 -0.9914448 -12.5 -6.351453 -1.072088 -1.95539e-6 -2.77707e-5 -1.111111 12.5 -2.73844e-5 -1.081339 21.65063 -2.51942e-5 -1 25 -2.1276e-5 -0.8888889 21.65063 -1.94722e-5 -0.7777777 12.5 -1.6894e-5 -0.6964387 -1.33722e-6 -1.8234e-5 -0.6666667 -12.5 -1.76667e-5 -0.6964387 -21.65064 -2.08105e-5 -0.7777777 -25 -2.28214e-5 -0.8888889 -21.65064 -2.65326e-5 -1 -12.5 -2.81571e-5 -1.081339 -2.14389e-6 6.526317 -1.101605 12.5 6.351444 -1.072088 21.65063 5.873685 -0.9914448 25 5.221054 -0.8812843 21.65063 4.568421 -0.7711237 12.5 4.090662 -0.6904807 -1.45032e-6 3.915789 -0.6609632 -12.5 4.090662 -0.6904807 -21.65064 4.56842 -0.7711237 -25 5.221052 -0.8812843 -21.65064 5.873684 -0.9914448 -12.5 6.351443 -1.072088 -2.30272e-6 12.94095 -1.073251 12.5 12.5942 -1.044493 21.65063 11.64685 -0.9659258 25 10.35276 -0.8586007 21.65063 9.058661 -0.7512756 12.5 8.111319 -0.6727082 -1.54562e-6 7.764564 -0.6439505 -12.5 8.111319 -0.6727082 -21.65064 9.058659 -0.7512756 -25 10.35275 -0.8586007 -21.65064 11.64685 -0.9659258 -12.5 12.5942 -1.044493 -2.42916e-6 19.13415 -1.026533 12.5 18.62145 -0.9990272 21.65063 17.22074 -0.9238797 25 15.30732 -0.8212264 21.65063 13.39391 -0.718573 12.5 11.99319 -0.6434257 -1.62148e-6 11.48049 -0.6159198 -12.5 11.99319 -0.6434257 -21.65064 13.3939 -0.718573 -25 15.30732 -0.8212264 -21.65064 17.22074 -0.9238797 -12.5 18.62145 -0.9990272 -2.52106e-6 25.00001 -0.9622503 12.5 24.33014 -0.9364669 21.65063 22.50001 -0.8660252 25 20.00001 -0.7698003 21.65063 17.50001 -0.6735752 12.5 15.66988 -0.6031335 -1.67662e-6 15 -0.5773501 -12.5 15.66988 -0.6031335 -21.65064 17.50001 -0.6735752 -25 20.00001 -0.7698003 -21.65064 22.50001 -0.8660252 -12.5 24.33014 -0.9364669 -2.57683e-6 30.43807 -0.8815037 12.5 29.62249 -0.8578839 21.65063 27.39427 -0.7933533 25 24.35046 -0.7052029 21.65063 21.30665 -0.6170526 12.5 19.07843 -0.552522 -1.71008e-6 18.26284 -0.5289022 -12.5 19.07843 -0.552522 -21.65064 21.30665 -0.6170526 -25 24.35046 -0.7052029 -21.65064 27.39427 -0.7933533 -12.5 29.62249 -0.8578839 -1 31.1127 -0.7228202 -1 -32.52691 0.6913933 -1 32.52691 -0.6913932 -1 -31.1127 0.7228204 0.9999995 31.1127 -0.7228202 0.9999995 -32.52691 0.6913933 0.9999995 32.52691 -0.6913932 0.9999995 -31.1127 0.7228204 -1 45 -0.02222216 -1 -45 -0.02222216 -1 45 0.02222228 -1 -45 0.02222228 0.9999995 45 -0.02222216 0.9999995 -45 -0.02222216 0.9999995 45 0.02222228 0.9999995 -45 0.02222228 -1 32.52691 0.6913934 -1 -31.1127 -0.7228202 -1 31.11269 0.7228204 -1 -32.52691 -0.6913933 0.9999995 32.52691 0.6913934 0.9999995 -31.1127 -0.7228202 0.9999995 31.11269 0.7228204 0.9999995 -32.52691 -0.6913933</float_array>
          <technique_common>
            <accessor source="#Cube_012-mesh-positions-array" count="608" stride="3">
              <param name="X" type="float"/>
              <param name="Y" type="float"/>
              <param name="Z" type="float"/>
            </accessor>
          </technique_common>
        </source>
        <source id="Cube_012-mesh-normals">
          <float_array id="Cube_012-mesh-normals-array" count="1809">-1 0 0 0 1 0 1 0 0 0 -1 0 0 0 -1 0 0 1 0 0.02254879 -0.9997459 0.009433627 0.02956414 -0.9995184 0.008068501 0.02259337 -0.9997122 0.03591603 0.02997142 -0.9989054 0.03056257 0.02289551 -0.9992706 0.999194 -0.03965741 -0.006207764 0.9994809 -0.03197103 -0.003975689 0.03358638 -0.02856355 0.9990276 0.02912026 -0.02190035 0.9993361 0.009206831 -0.02900469 0.9995369 0.007934331 -0.02222144 0.9997217 0 -0.0290724 0.9995774 0 -0.02226746 0.9997521 -0.00920701 -0.02900469 0.9995369 -0.007934451 -0.02222144 0.9997217 -0.03358548 -0.02856355 0.9990277 -0.02911961 -0.02190035 0.999336 -0.9991937 -0.0396595 -0.00624603 -0.9994802 -0.03197014 -0.004154801 -0.03591525 0.02997136 -0.9989053 -0.03056198 0.02289557 -0.9992706 -0.009433746 0.02956402 -0.9995184 -0.008068621 0.02259331 -0.9997122 0 0.02949899 -0.9995648 0.01160699 0.03957682 -0.9991492 0.04448604 0.04016774 -0.9982022 0.9986733 -0.05043983 -0.01036447 0.04053848 -0.03801566 0.9984546 0.01120758 -0.03867518 0.999189 0 -0.03878217 0.9992478 -0.01120781 -0.03867518 0.999189 -0.04053741 -0.03801566 0.9984546 -0.9986754 -0.05045354 -0.01010376 -0.04448556 0.0401678 -0.9982023 -0.01160728 0.03957682 -0.9991492 0 0.03947514 -0.9992206 0.01546555 0.05598974 -0.9983116 0.05983978 0.05695593 -0.9965818 0.9975447 -0.06751829 -0.01859992 0.05240273 -0.05320411 0.9972078 0.01468735 -0.05434393 0.9984143 0 -0.05453675 0.9985119 -0.01468759 -0.05434393 0.9984143 -0.0524019 -0.05320399 0.9972078 -0.997546 -0.06752884 -0.01849061 -0.05983936 0.05695611 -0.9965819 -0.01546585 0.05598962 -0.9983116 1.7552e-7 0.05581009 -0.9984414 0.02399277 0.09009164 -0.9956445 0.09418416 0.09199821 -0.991295 0.9941447 -0.09918093 -0.04289138 0.07671445 -0.08365142 0.9935378 0.02209788 -0.08625334 0.9960282 0 -0.08670544 0.9962341 -0.022098 -0.08625328 0.9960282 -0.07671386 -0.08365112 0.9935379 -0.9941425 -0.09918808 -0.04292303 -0.0941832 0.09199798 -0.9912952 -0.02399319 0.0900917 -0.9956445 1.54226e-7 0.08969312 -0.9959695 0.05947798 0.2255465 -0.9724152 0.2312097 0.2267951 -0.9461005 0.9698634 -0.1598974 -0.1838423 0.1615049 -0.1945988 0.9674956 0.05079406 -0.208051 0.9767982 1.92968e-7 -0.2103971 0.977616 -0.05079418 -0.208051 0.9767982 -0.1615027 -0.1945973 0.9674962 -0.969857 -0.1598974 -0.1838756 -0.2312092 0.226795 -0.9461006 -0.05947834 0.2255468 -0.9724151 0 0.2242044 -0.9745422 0.2238377 0.9746265 6.29874e-7 0.5512534 0.8343379 2.30992e-6 0.9328481 0.3602699 1.09123e-5 0.7431221 -0.6691558 -8.35443e-6 0.2632486 -0.9647281 -4.76378e-7 5.20781e-7 -1 1.38875e-6 -0.2632486 -0.9647281 -1.85258e-6 -0.7431224 -0.6691555 1.30199e-6 -0.9328487 0.3602687 -7.86175e-6 -0.5512534 0.8343379 -1.78634e-6 -0.2238366 0.9746267 -1.88962e-6 5.39073e-7 1 1.39014e-6 0.05947887 0.225548 0.9724147 0.2312089 0.2267947 0.9461008 0.9698582 -0.1598954 0.183871 0.1615029 -0.194597 -0.9674962 0.05079406 -0.2080506 -0.9767983 0 -0.2103984 -0.9776158 -0.050794 -0.2080506 -0.9767984 -0.1615035 -0.1945981 -0.9674959 -0.9698639 -0.1598976 0.183839 -0.2312092 0.2267948 0.9461007 -0.05947774 0.225547 0.9724151 1.48185e-7 0.2242049 0.9745422 0.02399319 0.09009158 0.9956445 0.09418344 0.09199821 0.991295 0.9941428 -0.09918504 0.04292327 0.07671386 -0.08365118 -0.9935379 0.02209806 -0.08625334 -0.9960282 0 -0.0867055 -0.9962341 -0.02209788 -0.0862534 -0.9960282 -0.07671427 -0.0836513 -0.9935378 -0.9941442 -0.09918546 0.04289263 -0.0941841 0.09199827 0.991295 -0.02399283 0.09009176 0.9956445 0 0.08969306 0.9959695 0.01546585 0.05598956 0.9983116 0.05983936 0.05695611 0.9965819 0.997546 -0.06752908 0.01849102 0.05240201 -0.05320405 -0.9972078 0.01468759 -0.05434381 -0.9984143 0 -0.05453675 -0.9985119 -0.01468735 -0.05434393 -0.9984143 -0.05240273 -0.05320405 -0.9972078 -0.9975447 -0.06751847 0.01860076 -0.0598399 0.05695611 0.9965818 -0.01546549 0.0559895 0.9983116 -1.71666e-7 0.05581015 0.9984414 0.01160734 0.03957688 0.9991492 0.04448562 0.0401678 0.9982023 0.9986754 -0.05045324 0.01010209 0.04053741 -0.03801572 -0.9984546 0.01120781 -0.03867518 -0.999189 0 -0.03878217 -0.9992478 -0.01120758 -0.03867524 -0.9991891 -0.04053854 -0.03801572 -0.9984545 -0.9986733 -0.05043941 0.01036304 -0.04448604 0.04016774 0.9982022 -0.01160699 0.03957688 0.9991492 -1.2422e-7 0.0394752 0.9992206 0.009433746 0.02956402 0.9995184 0.03591531 0.02997142 0.9989054 0.9991937 -0.03965991 0.006245315 0.03358548 -0.02856355 -0.9990276 0.00920701 -0.02900469 -0.9995369 0 -0.0290724 -0.9995774 -0.009206831 -0.02900475 -0.9995369 -0.03358638 -0.02856355 -0.9990276 -0.9991942 -0.03965729 0.006206393 -0.03591597 0.02997136 0.9989054 -0.009433567 0.02956414 0.9995184 0 0.02949899 0.9995648 0.008068621 0.02259331 0.9997122 0.03056198 0.02289557 0.9992706 0.9994802 -0.03197032 0.004152834 0.02911955 -0.02190035 -0.999336 0.007934451 -0.02222144 -0.9997217 0 -0.02226746 -0.9997521 -0.007934331 -0.02222144 -0.9997217 -0.02912026 -0.02190035 -0.9993361 -0.9994809 -0.03197103 0.003974497 -0.03056257 0.02289551 0.9992706 -0.008068501 0.02259337 0.9997122 0 0.02254879 0.9997459 0.00715959 0.01729339 0.9998248 0.02700626 0.01752668 0.9994817 0.9996603 -0.02590423 0.002899527 0.02610719 -0.01679247 -0.9995181 0.007080137 -0.01703715 -0.9998299 0 -0.01706963 -0.9998544 -0.007080078 -0.01703715 -0.9998299 -0.02610737 -0.01679253 -0.9995181 -0.9996615 -0.02591121 0.002375423 -0.02700662 0.01752668 0.9994817 -0.007159471 0.01729345 0.9998248 0 0.0172618 0.9998511 0.006538331 0.01299113 0.9998943 0.02457594 0.01317262 0.9996113 0.9997848 -0.02064377 0.002100288 0.02403521 -0.01262456 -0.9996315 0.006493091 -0.01281321 -0.9998969 0 -0.01283621 -0.9999177 -0.006493031 -0.01281321 -0.9998969 -0.02403521 -0.01262462 -0.9996315 -0.9997842 -0.0206387 0.00238806 -0.024576 0.01317262 0.9996111 -0.006538212 0.01299118 0.9998943 0 0.01296865 0.9999159 0.006115376 0.009310722 0.999938 0.02291786 0.009447395 0.9996928 0.9998761 -0.01567184 0.001551032 0.02262258 -0.009049117 -0.9997032 0.006092011 -0.009190261 -0.9999392 0 -0.009206116 -0.9999577 -0.006091952 -0.009190261 -0.9999392 -0.02262234 -0.009049057 -0.9997032 -0.9998756 -0.01566898 0.001862227 -0.02291768 0.009447336 0.9996928 -0.006115317 0.009310722 0.999938 0 0.009295165 0.9999569 0.005840539 0.006019055 0.9999649 0.02183616 0.006112039 0.999743 0.9999427 -0.01065087 0.001139879 0.02170628 -0.005848526 -0.9997473 0.005830764 -0.005944132 -0.9999654 0 -0.005954146 -0.9999824 -0.005830764 -0.005944132 -0.9999654 -0.02170586 -0.005848526 -0.9997473 -0.9999426 -0.01065194 0.001188576 -0.02183574 0.006111979 0.999743 -0.005840539 0.006019055 0.9999649 0 0.006009221 0.9999819 0.005685329 0.002956271 0.9999795 0.02122247 0.003003716 0.9997703 0.9999851 -0.005416393 8.03853e-4 0.02119046 -0.002871632 -0.9997714 0.005683004 -0.002920329 -0.9999797 0 -0.002925157 -0.9999958 -0.005683004 -0.002920329 -0.9999797 -0.02119028 -0.002871632 -0.9997714 -0.9999852 -0.005417168 7.2387e-4 -0.02122229 0.003003716 0.9997703 -0.005685389 0.002956271 0.9999796 0 0.002951502 0.9999957 0.005635142 0 0.9999842 0.02102327 0 0.999779 0.9999999 2.21293e-7 6.07711e-4 0.02102392 0 -0.999779 0.005635201 0 -0.9999842 0 0 -1 -0.005635201 0 -0.9999842 -0.02102392 0 -0.9997791 -0.9999999 0 6.06567e-4 -0.02102327 0 0.999779 -0.005635142 0 0.9999842 0 0 1 0.005685389 -0.00295633 0.9999795 0.02122229 -0.003003716 0.9997703 0.9999852 0.005417406 7.25004e-4 0.02119028 0.002871632 -0.9997714 0.005683004 0.002920329 -0.9999797 0 0.002925157 -0.9999958 -0.005683004 0.002920329 -0.9999797 -0.02119046 0.002871632 -0.9997714 -0.9999851 0.005416631 8.06121e-4 -0.02122253 -0.003003716 0.9997703 -0.005685389 -0.002956271 0.9999795 0 -0.002951562 0.9999957 0.005840539 -0.006019055 0.9999649 0.02183574 -0.006111979 0.999743 0.9999426 0.01065182 0.001188576 0.02170586 0.005848526 -0.9997473 0.005830764 0.005944132 -0.9999654 0 0.005954146 -0.9999824 -0.005830764 0.005944132 -0.9999654 -0.02170628 0.005848526 -0.9997473 -0.9999427 0.01065111 0.001141011 -0.02183616 -0.006111979 0.9997429 -0.005840539 -0.006019055 0.9999649 0 -0.006009221 0.9999819 0.006115317 -0.009310722 0.999938 0.02291768 -0.009447336 0.9996928 0.9998756 0.01566874 0.001859605 0.02262234 0.009049057 -0.9997032 0.006091952 0.009190261 -0.9999392 0 0.009206116 -0.9999577 -0.006092011 0.009190261 -0.9999392 -0.02262258 0.009049117 -0.9997032 -0.9998761 0.01567125 0.001551032 -0.02291786 -0.009447395 0.9996928 -0.006115376 -0.009310662 0.999938 0 -0.009295165 0.9999569 0.006538212 -0.01299118 0.9998943 0.024576 -0.01317256 0.9996113 0.9997842 0.02063882 0.002385854 0.02403521 0.01262456 -0.9996315 0.006493031 0.01281321 -0.9998969 0 0.01283621 -0.9999177 -0.006493091 0.01281321 -0.9998969 -0.02403521 0.01262456 -0.9996315 -0.9997848 0.02064371 0.002100288 -0.02457594 -0.01317262 0.9996113 -0.006538331 -0.01299113 0.9998943 0 -0.01296865 0.9999159 0.007159471 -0.01729345 0.9998248 0.02700662 -0.01752668 0.9994817 0.9996615 0.02591115 0.002376794 0.02610737 0.01679253 -0.9995181 0.007080078 0.01703715 -0.9998299 0 0.01706963 -0.9998544 -0.007080137 0.01703715 -0.9998299 -0.02610725 0.01679253 -0.9995181 -0.9996603 0.02590399 0.002900421 -0.0270062 -0.01752668 0.9994817 -0.00715959 -0.01729339 0.9998248 0 -0.01726186 0.9998511 0.008068501 -0.02259343 0.9997122 0.03056257 -0.02289551 0.9992706 0.9994809 0.03197115 0.003976106 0.02912026 0.02190029 -0.9993361 0.007934331 0.02222144 -0.9997217 0 0.02226746 -0.9997521 -0.007934451 0.02222144 -0.9997217 -0.02911955 0.02190035 -0.999336 -0.9994802 0.03197067 0.004154443 -0.03056198 -0.02289557 0.9992706 -0.008068621 -0.02259331 0.9997122 0 -0.02254879 0.9997459 0.009433627 -0.02956414 0.9995184 0.03591597 -0.02997142 0.9989054 0.9991942 0.03965753 0.006205558 0.03358638 0.02856355 -0.9990276 0.009206831 0.02900469 -0.9995369 0 0.0290724 -0.9995774 -0.00920701 0.02900469 -0.9995369 -0.03358542 0.02856355 -0.9990277 -0.9991937 0.03965961 0.006245315 -0.03591531 -0.02997142 0.9989054 -0.009433746 -0.02956402 0.9995184 0 -0.02949893 0.9995648 0.01160705 -0.03957688 0.9991492 0.04448592 -0.04016762 0.9982022 0.9986733 0.05043977 0.01036334 0.04053848 0.03801566 -0.9984545 0.01120758 0.03867524 -0.999189 0 0.03878217 -0.9992478 -0.01120781 0.03867512 -0.999189 -0.04053747 0.03801578 -0.9984546 -0.9986753 0.05045384 0.01010322 -0.04448544 -0.04016774 0.9982023 -0.01160734 -0.03957682 0.9991492 0 -0.03947514 0.9992206 0.01546549 -0.0559895 0.9983116 0.0598399 -0.05695599 0.9965818 0.9975446 0.06751823 0.01860201 0.05240261 0.05320399 -0.9972078 0.01468735 0.05434399 -0.9984143 1.20066e-7 0.0545367 -0.9985119 -0.01468759 0.05434381 -0.9984143 -0.0524019 0.05320399 -0.9972078 -0.997546 0.06752997 0.01849102 -0.05983948 -0.05695617 0.9965819 -0.01546585 -0.05598962 0.9983116 1.8145e-7 -0.05581015 0.9984414 0.02399271 -0.09009122 0.9956446 0.09418404 -0.09199833 0.991295 0.9941444 0.099182 0.04289203 0.07671415 0.08365124 -0.9935379 0.02209776 0.0862528 -0.9960282 0 0.08670544 -0.9962341 -0.02209794 0.08625286 -0.9960282 -0.07671368 0.08365106 -0.993538 -0.9941425 0.09918767 0.04292321 -0.09418392 -0.09199851 0.991295 -0.02399319 -0.0900917 0.9956445 1.19229e-7 -0.08969295 0.9959695 0.05947732 -0.2255444 0.9724157 0.2312092 -0.226795 0.9461007 0.9698636 0.1598968 0.1838412 0.1615042 0.1945983 -0.9674957 0.05079466 0.2080512 -0.9767981 3.31441e-7 0.2103984 -0.9776158 -0.05079466 0.2080529 -0.9767978 -0.1615027 0.1945971 -0.9674962 -0.9698568 0.1598993 0.1838756 -0.2312085 -0.2267937 0.9461012 -0.05947822 -0.2255463 0.9724152 2.4319e-7 -0.2242012 0.9745429 0.2238366 -0.9746268 1.70067e-6 0.5512523 -0.8343386 -3.4803e-6 0.9328476 -0.3602716 -1.82211e-6 0.7431225 0.6691555 -5.09937e-6 0.2632509 0.9647274 6.35161e-7 1.8366e-6 1 -3.66626e-6 -0.26325 0.9647278 5.82227e-7 -0.7431215 0.6691566 -2.24231e-6 -0.9328491 -0.3602673 9.58152e-6 -0.5512534 -0.8343378 5.72862e-6 -0.2238363 -0.9746268 1.38573e-6 1.01497e-6 -1 1.26378e-7 0.0594784 -0.2255477 -0.9724148 0.2312054 -0.2267924 -0.9461022 0.9698597 0.1598899 -0.1838682 0.1615061 0.1946024 0.9674946 0.05079442 0.2080515 0.9767981 2.06667e-7 0.2104004 0.9776153 -0.05079489 0.2080528 0.9767978 -0.1615047 0.1945996 0.9674953 -0.9698626 0.1598997 -0.1838439 -0.2312097 -0.2267959 -0.9461002 -0.0594778 -0.2255471 -0.9724151 0 -0.2242021 -0.9745427 0.02399319 -0.09009182 -0.9956445 0.09418368 -0.09199839 -0.991295 0.9941427 0.09918642 -0.04292279 0.07671386 0.08365118 0.9935379 0.02209794 0.08625298 0.9960282 0 0.08670526 0.996234 -0.02209782 0.0862531 0.9960282 -0.07671427 0.0836513 0.9935378 -0.9941446 0.099182 -0.0428912 -0.09418463 -0.09199869 -0.9912949 -0.02399277 -0.09009164 -0.9956445 -1.31092e-7 -0.08969312 -0.9959695 0.01546579 -0.05598944 -0.9983116 0.05983918 -0.05695599 -0.9965818 0.9975461 0.06752836 -0.01849013 0.05240195 0.05320399 0.9972078 0.01468759 0.05434393 0.9984143 0 0.05453675 0.9985119 -0.01468735 0.05434411 0.9984143 -0.05240261 0.05320405 0.9972078 -0.9975447 0.06751859 -0.01859879 -0.0598399 -0.05695605 -0.9965818 -0.01546549 -0.05598944 -0.9983116 -1.46761e-7 -0.05581009 -0.9984414 0.01160734 -0.03957688 -0.9991492 0.04448544 -0.04016774 -0.9982023 0.9986754 0.05045258 -0.01010262 0.04053747 0.03801578 0.9984546 0.01120781 0.03867518 0.999189 0 0.03878223 0.9992478 -0.01120758 0.03867524 0.999189 -0.04053854 0.03801572 0.9984545 -0.9986734 0.05043923 -0.01036459 -0.04448604 -0.04016774 -0.9982022 -0.01160705 -0.03957688 -0.9991492 -1.22589e-7 -0.0394752 -0.9992206 0.009433746 -0.02956408 -0.9995184 0.03591531 -0.02997142 -0.9989053 0.9991937 0.03966039 -0.006245315 0.03358554 0.02856361 0.9990276 0.00920701 0.02900475 0.9995369 0 0.0290724 0.9995774 -0.009206831 0.02900475 0.9995369 -0.03358644 0.02856355 0.9990276 -0.999194 0.03965801 -0.006205379 -0.03591603 -0.02997142 -0.9989054 -0.009433627 -0.02956414 -0.9995184 0 -0.02949899 -0.9995648 0.008068621 -0.02259337 -0.9997122 0.03056198 -0.02289557 -0.9992706 0.9994802 0.0319699 -0.004155218 0.02911961 0.02190035 0.999336 0.007934451 0.02222144 0.9997217 0 0.02226746 0.9997521 -0.007934331 0.02222144 0.9997217 -0.02912026 0.02190029 0.9993361 -0.9994809 0.03197097 -0.003976106 -0.03056257 -0.02289557 -0.9992706 -0.008068501 -0.02259343 -0.9997122 0 -0.02254879 -0.9997459 0.00715959 -0.01729339 -0.9998248 0.02700626 -0.01752668 -0.9994817 0.9996602 0.02590388 -0.002899527 0.02610725 0.01679253 0.9995181 0.007080137 0.01703715 0.9998299 0 0.01706963 0.9998544 -0.007080078 0.01703715 0.9998299 -0.02610737 0.01679253 0.9995181 -0.9996615 0.02591115 -0.00237745 -0.02700662 -0.01752668 -0.9994817 -0.007159471 -0.01729345 -0.9998248 0 -0.01726186 -0.9998511 0.006538331 -0.01299113 -0.9998943 0.02457594 -0.01317262 -0.9996113 0.9997848 0.02064329 -0.002099335 0.02403521 0.01262462 0.9996315 0.006493091 0.01281321 0.9998969 0 0.01283627 0.9999177 -0.006493031 0.01281321 0.9998969 -0.02403521 0.01262462 0.9996315 -0.9997842 0.02063882 -0.002386093 -0.024576 -0.01317256 -0.9996113 -0.006538212 -0.01299118 -0.9998943 0 -0.01296865 -0.9999159 0.006115376 -0.009310722 -0.999938 0.02291786 -0.009447336 -0.9996928 0.9998761 0.01567125 -0.001551032 0.02262258 0.009049117 0.9997032 0.006092011 0.009190261 0.9999392 0 0.009206116 0.9999577 -0.006091952 0.009190261 0.9999392 -0.02262234 0.009049057 0.9997032 -0.9998756 0.01566857 -0.001858532 -0.02291768 -0.009447395 -0.9996928 -0.006115376 -0.009310722 -0.999938 0 -0.009295165 -0.9999569 0.005840539 -0.006019055 -0.9999649 0.02183616 -0.006112039 -0.999743 0.9999427 0.01065111 -0.001140415 0.02170628 0.005848526 0.9997473 0.005830705 0.005944132 0.9999654 0 0.005954146 0.9999824 -0.005830764 0.005944132 0.9999654 -0.02170586 0.005848526 0.9997473 -0.9999426 0.01065164 -0.001188576 -0.0218358 -0.006112039 -0.999743 -0.005840539 -0.006019055 -0.9999648 0 -0.006009221 -0.9999819 0.005685389 -0.002956271 -0.9999796 0.02122253 -0.003003716 -0.9997703 0.9999851 0.005416691 -8.03285e-4 0.02119046 0.002871692 0.9997714 0.005683004 0.002920329 0.9999797 0 0.002925157 0.9999958 -0.005683004 0.002920329 0.9999797 -0.02119028 0.002871632 0.9997714 -0.9999851 0.005417227 -7.25572e-4 -0.02122235 -0.003003716 -0.9997703 -0.005685389 -0.00295633 -0.9999795 0 -0.002951562 -0.9999957 0.005635142 0 -0.9999842 0.02102327 0 -0.999779 0.9999999 -1.4194e-7 -6.09428e-4 0.02102398 0 0.9997791 0.005635201 0 0.9999842 0 0 1 -0.005635201 0 0.9999842 -0.02102398 0 0.9997791 -0.9999999 0 -6.07139e-4 -0.02102327 0 -0.999779 -0.005635142 0 -0.9999842 0 0 -1 0.005685389 0.00295633 -0.9999795 0.02122229 0.003003716 -0.9997703 0.9999852 -0.005417406 -7.2387e-4 0.02119028 -0.002871632 0.9997714 0.005683004 -0.002920329 0.9999797 0 -0.002925157 0.9999958 -0.005683004 -0.002920329 0.9999797 -0.02119052 -0.002871632 0.9997714 -0.9999851 -0.005416393 -8.04419e-4 -0.02122247 0.003003716 -0.9997703 -0.005685389 0.002956271 -0.9999796 0 0.002951502 -0.9999957 0.005840539 0.006019055 -0.9999648 0.02183574 0.006111979 -0.999743 0.9999426 -0.0106517 -0.00118637 0.02170586 -0.005848526 0.9997473 0.005830764 -0.005944132 0.9999654 0 -0.005954146 0.9999824 -0.005830764 -0.005944132 0.9999654 -0.02170628 -0.005848526 0.9997473 -0.9999427 -0.01065087 -0.001141548 -0.0218361 0.006111979 -0.999743 -0.005840539 0.006019055 -0.9999648 0 0.006009221 -0.9999819 0.006115376 0.009310722 -0.999938 0.02291768 0.009447336 -0.9996928 0.9998756 -0.01566874 -0.001860082 0.02262234 -0.009049057 0.9997032 0.006091952 -0.009190261 0.9999392 0 -0.009206116 0.9999577 -0.006092011 -0.009190261 0.9999392 -0.02262252 -0.009049117 0.9997032 -0.9998761 -0.01567113 -0.001551032 -0.02291786 0.009447395 -0.9996928 -0.006115376 0.009310722 -0.999938 0 0.009295165 -0.9999569 0.006538212 0.01299118 -0.9998943 0.024576 0.01317256 -0.9996113 0.9997842 -0.02063882 -0.002386808 0.02403521 -0.01262456 0.9996315 0.006493031 -0.01281321 0.9998969 0 -0.01283621 0.9999177 -0.006493091 -0.01281321 0.9998969 -0.02403521 -0.01262456 0.9996315 -0.9997848 -0.02064365 -0.002098321 -0.02457594 0.01317262 -0.9996113 -0.006538331 0.01299113 -0.9998943 0 0.01296865 -0.9999159 0.007159471 0.01729345 -0.9998248 0.02700662 0.01752668 -0.9994817 0.9996615 -0.02591127 -0.002374947 0.02610737 -0.01679253 0.9995181 0.007080078 -0.01703715 0.9998299 0 -0.01706963 0.9998544 -0.007080137 -0.01703715 0.9998299 -0.02610725 -0.01679253 0.9995181 -0.9996603 -0.02590399 -0.002900421 -0.02700626 0.01752668 -0.9994816 -0.00715959 0.01729339 -0.9998248 0 0.01726186 -0.9998511 0 0.02221673 0.9997532 0 -0.02221673 -0.9997532 0 0.02221667 -0.9997532 0 -0.02221673 0.9997532 0 -0.02221673 0.9997532 1 0 0 0 0.02221673 -0.9997532 0 0.02221661 0.9997532 0 -0.02221667 -0.9997532 -1 0 0 0 0.02221673 0.9997532 1 0 0 0 -0.02221673 -0.9997532 0 0.02221673 -0.9997532 0 -0.02221679 0.9997532 -1 0 0 0 -0.02221673 0.9997532 1 0 0 0 0.02221673 -0.9997532 0 0.02221661 0.9997532 0 -0.02221667 -0.9997532</float_array>
          <technique_common>
            <accessor source="#Cube_012-mesh-normals-array" count="603" stride="3">
              <param name="X" type="float"/>
              <param name="Y" type="float"/>
              <param name="Z" type="float"/>
            </accessor>
          </technique_common>
        </source>
        <source id="Cube_012-mesh-map-0">
          <float_array id="Cube_012-mesh-map-0-array" count="7200">0.375 0 0.625 0.25 0.375 0.25 0.375 0.25 0.625 0.5 0.375 0.5 0.375 0.5 0.625 0.75 0.375 0.75 0.375 0.75 0.625 1 0.375 1 0.125 0.5 0.375 0.75 0.125 0.75 0.625 0.5 0.875 0.75 0.625 0.75 0.5 0.5 0.5208333 0.5833333 0.5 0.5833333 0.5 0.5833333 0.5208333 0.6666667 0.5 0.6666667 0.5 0.6666667 0.5208333 0.75 0.5 0.75 0.5 0.75 0.5208333 0.8333333 0.5 0.8333333 0.5 0.8333333 0.5208333 0.9166667 0.5 0.9166667 0.5 0.9166667 0.5208333 1 0.5 1 0.5 0 0.5208333 0.08333331 0.5 0.08333331 0.5 0.08333331 0.5208333 0.1666666 0.5 0.1666666 0.5 0.1666666 0.5208333 0.25 0.5 0.25 0.5 0.25 0.5208333 0.3333333 0.5 0.3333333 0.5 0.3333333 0.5208333 0.4166666 0.5 0.4166666 0.5 0.4166666 0.5208333 0.5 0.5 0.5 0.5208333 0.5 0.5416667 0.5833333 0.5208333 0.5833333 0.5208333 0.5833333 0.5416667 0.6666667 0.5208333 0.6666667 0.5208333 0.6666667 0.5416667 0.75 0.5208333 0.75 0.5208333 0.75 0.5416667 0.8333333 0.5208333 0.8333333 0.5208333 0.8333333 0.5416667 0.9166667 0.5208333 0.9166667 0.5208333 0.9166667 0.5416667 1 0.5208333 1 0.5208333 0 0.5416667 0.08333331 0.5208333 0.08333331 0.5208333 0.08333331 0.5416667 0.1666666 0.5208333 0.1666666 0.5208333 0.1666666 0.5416667 0.25 0.5208333 0.25 0.5208333 0.25 0.5416667 0.3333333 0.5208333 0.3333333 0.5208333 0.3333333 0.5416667 0.4166666 0.5208333 0.4166666 0.5208333 0.4166666 0.5416667 0.5 0.5208333 0.5 0.5416667 0.5 0.5625 0.5833333 0.5416667 0.5833333 0.5416667 0.5833333 0.5625 0.6666667 0.5416667 0.6666667 0.5416667 0.6666667 0.5625 0.75 0.5416667 0.75 0.5416667 0.75 0.5625 0.8333333 0.5416667 0.8333333 0.5416667 0.8333333 0.5625 0.9166667 0.5416667 0.9166667 0.5416667 0.9166667 0.5625 1 0.5416667 1 0.5416667 0 0.5625 0.08333331 0.5416667 0.08333331 0.5416667 0.08333331 0.5625 0.1666666 0.5416667 0.1666666 0.5416667 0.1666666 0.5625 0.25 0.5416667 0.25 0.5416667 0.25 0.5625 0.3333333 0.5416667 0.3333333 0.5416667 0.3333333 0.5625 0.4166666 0.5416667 0.4166666 0.5416667 0.4166666 0.5625 0.5 0.5416667 0.5 0.5625 0.5 0.5833333 0.5833333 0.5625 0.5833333 0.5625 0.5833333 0.5833333 0.6666667 0.5625 0.6666667 0.5625 0.6666667 0.5833333 0.75 0.5625 0.75 0.5625 0.75 0.5833333 0.8333333 0.5625 0.8333333 0.5625 0.8333333 0.5833333 0.9166667 0.5625 0.9166667 0.5625 0.9166667 0.5833333 1 0.5625 1 0.5625 0 0.5833333 0.08333331 0.5625 0.08333331 0.5625 0.08333331 0.5833333 0.1666666 0.5625 0.1666666 0.5625 0.1666666 0.5833333 0.25 0.5625 0.25 0.5625 0.25 0.5833333 0.3333333 0.5625 0.3333333 0.5625 0.3333333 0.5833333 0.4166666 0.5625 0.4166666 0.5625 0.4166666 0.5833333 0.5 0.5625 0.5 0.5833333 0.5 0.6041667 0.5833333 0.5833333 0.5833333 0.5833333 0.5833333 0.6041667 0.6666667 0.5833333 0.6666667 0.5833333 0.6666667 0.6041667 0.75 0.5833333 0.75 0.5833333 0.75 0.6041667 0.8333333 0.5833333 0.8333333 0.5833333 0.8333333 0.6041667 0.9166667 0.5833333 0.9166667 0.5833333 0.9166667 0.6041667 1 0.5833333 1 0.5833333 0 0.6041667 0.08333331 0.5833333 0.08333331 0.5833333 0.08333331 0.6041667 0.1666666 0.5833333 0.1666666 0.5833333 0.1666666 0.6041667 0.25 0.5833333 0.25 0.5833333 0.25 0.6041667 0.3333333 0.5833333 0.3333333 0.5833333 0.3333333 0.6041667 0.4166666 0.5833333 0.4166666 0.5833333 0.4166666 0.6041667 0.5 0.5833333 0.5 0.6041667 0.5 0.625 0.5833333 0.6041667 0.5833333 0.6041667 0.5833333 0.625 0.6666667 0.6041667 0.6666667 0.6041667 0.6666667 0.625 0.75 0.6041667 0.75 0.6041667 0.75 0.625 0.8333333 0.6041667 0.8333333 0.6041667 0.8333333 0.625 0.9166667 0.6041667 0.9166667 0.6041667 0.9166667 0.625 1 0.6041667 1 0.6041667 0 0.625 0.08333331 0.6041667 0.08333331 0.6041667 0.08333331 0.625 0.1666666 0.6041667 0.1666666 0.6041667 0.1666666 0.625 0.25 0.6041667 0.25 0.6041667 0.25 0.625 0.3333333 0.6041667 0.3333333 0.6041667 0.3333333 0.625 0.4166666 0.6041667 0.4166666 0.6041667 0.4166666 0.625 0.5 0.6041667 0.5 0.625 0.5 0.6458333 0.5833333 0.625 0.5833333 0.625 0.5833333 0.6458333 0.6666667 0.625 0.6666667 0.625 0.6666667 0.6458333 0.75 0.625 0.75 0.625 0.75 0.6458333 0.8333333 0.625 0.8333333 0.625 0.8333333 0.6458333 0.9166667 0.625 0.9166667 0.625 0.9166667 0.6458333 1 0.625 1 0.625 0 0.6458333 0.08333331 0.625 0.08333331 0.625 0.08333331 0.6458333 0.1666666 0.625 0.1666666 0.625 0.1666666 0.6458333 0.25 0.625 0.25 0.625 0.25 0.6458333 0.3333333 0.625 0.3333333 0.625 0.3333333 0.6458333 0.4166666 0.625 0.4166666 0.625 0.4166666 0.6458333 0.5 0.625 0.5 0.6458333 0.5 0.6666667 0.5833333 0.6458333 0.5833333 0.6458333 0.5833333 0.6666667 0.6666667 0.6458333 0.6666667 0.6458333 0.6666667 0.6666667 0.75 0.6458333 0.75 0.6458333 0.75 0.6666667 0.8333333 0.6458333 0.8333333 0.6458333 0.8333333 0.6666667 0.9166667 0.6458333 0.9166667 0.6458333 0.9166667 0.6666667 1 0.6458333 1 0.6458333 0 0.6666667 0.08333331 0.6458333 0.08333331 0.6458333 0.08333331 0.6666667 0.1666666 0.6458333 0.1666666 0.6458333 0.1666666 0.6666667 0.25 0.6458333 0.25 0.6458333 0.25 0.6666667 0.3333333 0.6458333 0.3333333 0.6458333 0.3333333 0.6666667 0.4166666 0.6458333 0.4166666 0.6458333 0.4166666 0.6666667 0.5 0.6458333 0.5 0.6666667 0.5 0.6875 0.5833333 0.6666667 0.5833333 0.6666667 0.5833333 0.6875 0.6666667 0.6666667 0.6666667 0.6666667 0.6666667 0.6875 0.75 0.6666667 0.75 0.6666667 0.75 0.6875 0.8333333 0.6666667 0.8333333 0.6666667 0.8333333 0.6875 0.9166667 0.6666667 0.9166667 0.6666667 0.9166667 0.6875 1 0.6666667 1 0.6666667 0 0.6875 0.08333331 0.6666667 0.08333331 0.6666667 0.08333331 0.6875 0.1666666 0.6666667 0.1666666 0.6666667 0.1666666 0.6875 0.25 0.6666667 0.25 0.6666667 0.25 0.6875 0.3333333 0.6666667 0.3333333 0.6666667 0.3333333 0.6875 0.4166666 0.6666667 0.4166666 0.6666667 0.4166666 0.6875 0.5 0.6666667 0.5 0.6875 0.5 0.7083333 0.5833333 0.6875 0.5833333 0.6875 0.5833333 0.7083333 0.6666667 0.6875 0.6666667 0.6875 0.6666667 0.7083333 0.75 0.6875 0.75 0.6875 0.75 0.7083333 0.8333333 0.6875 0.8333333 0.6875 0.8333333 0.7083333 0.9166667 0.6875 0.9166667 0.6875 0.9166667 0.7083333 1 0.6875 1 0.6875 0 0.7083333 0.08333331 0.6875 0.08333331 0.6875 0.08333331 0.7083333 0.1666666 0.6875 0.1666666 0.6875 0.1666666 0.7083333 0.25 0.6875 0.25 0.6875 0.25 0.7083333 0.3333333 0.6875 0.3333333 0.6875 0.3333333 0.7083333 0.4166666 0.6875 0.4166666 0.6875 0.4166666 0.7083333 0.5 0.6875 0.5 0.7083333 0.5 0.7291667 0.5833333 0.7083333 0.5833333 0.7083333 0.5833333 0.7291667 0.6666667 0.7083333 0.6666667 0.7083333 0.6666667 0.7291667 0.75 0.7083333 0.75 0.7083333 0.75 0.7291667 0.8333333 0.7083333 0.8333333 0.7083333 0.8333333 0.7291667 0.9166667 0.7083333 0.9166667 0.7083333 0.9166667 0.7291667 1 0.7083333 1 0.7083333 0 0.7291667 0.08333331 0.7083333 0.08333331 0.7083333 0.08333331 0.7291667 0.1666666 0.7083333 0.1666666 0.7083333 0.1666666 0.7291667 0.25 0.7083333 0.25 0.7083333 0.25 0.7291667 0.3333333 0.7083333 0.3333333 0.7083333 0.3333333 0.7291667 0.4166666 0.7083333 0.4166666 0.7083333 0.4166666 0.7291667 0.5 0.7083333 0.5 0.7291667 0.5 0.75 0.5833333 0.7291667 0.5833333 0.7291667 0.5833333 0.75 0.6666667 0.7291667 0.6666667 0.7291667 0.6666667 0.75 0.75 0.7291667 0.75 0.7291667 0.75 0.75 0.8333333 0.7291667 0.8333333 0.7291667 0.8333333 0.75 0.9166667 0.7291667 0.9166667 0.7291667 0.9166667 0.75 1 0.7291667 1 0.7291667 0 0.75 0.08333331 0.7291667 0.08333331 0.7291667 0.08333331 0.75 0.1666666 0.7291667 0.1666666 0.7291667 0.1666666 0.75 0.25 0.7291667 0.25 0.7291667 0.25 0.75 0.3333333 0.7291667 0.3333333 0.7291667 0.3333333 0.75 0.4166666 0.7291667 0.4166666 0.7291667 0.4166666 0.75 0.5 0.7291667 0.5 0.75 0.5 0.7708333 0.5833333 0.75 0.5833333 0.75 0.5833333 0.7708333 0.6666667 0.75 0.6666667 0.75 0.6666667 0.7708333 0.75 0.75 0.75 0.75 0.75 0.7708333 0.8333333 0.75 0.8333333 0.75 0.8333333 0.7708333 0.9166667 0.75 0.9166667 0.75 0.9166667 0.7708333 1 0.75 1 0.75 0 0.7708333 0.08333331 0.75 0.08333331 0.75 0.08333331 0.7708333 0.1666666 0.75 0.1666666 0.75 0.1666666 0.7708333 0.25 0.75 0.25 0.75 0.25 0.7708333 0.3333333 0.75 0.3333333 0.75 0.3333333 0.7708333 0.4166666 0.75 0.4166666 0.75 0.4166666 0.7708333 0.5 0.75 0.5 0.7708333 0.5 0.7916667 0.5833333 0.7708333 0.5833333 0.7708333 0.5833333 0.7916667 0.6666667 0.7708333 0.6666667 0.7708333 0.6666667 0.7916667 0.75 0.7708333 0.75 0.7708333 0.75 0.7916667 0.8333333 0.7708333 0.8333333 0.7708333 0.8333333 0.7916667 0.9166667 0.7708333 0.9166667 0.7708333 0.9166667 0.7916667 1 0.7708333 1 0.7708333 0 0.7916667 0.08333331 0.7708333 0.08333331 0.7708333 0.08333331 0.7916667 0.1666666 0.7708333 0.1666666 0.7708333 0.1666666 0.7916667 0.25 0.7708333 0.25 0.7708333 0.25 0.7916667 0.3333333 0.7708333 0.3333333 0.7708333 0.3333333 0.7916667 0.4166666 0.7708333 0.4166666 0.7708333 0.4166666 0.7916667 0.5 0.7708333 0.5 0.7916667 0.5 0.8125 0.5833333 0.7916667 0.5833333 0.7916667 0.5833333 0.8125 0.6666667 0.7916667 0.6666667 0.7916667 0.6666667 0.8125 0.75 0.7916667 0.75 0.7916667 0.75 0.8125 0.8333333 0.7916667 0.8333333 0.7916667 0.8333333 0.8125 0.9166667 0.7916667 0.9166667 0.7916667 0.9166667 0.8125 1 0.7916667 1 0.7916667 0 0.8125 0.08333331 0.7916667 0.08333331 0.7916667 0.08333331 0.8125 0.1666666 0.7916667 0.1666666 0.7916667 0.1666666 0.8125 0.25 0.7916667 0.25 0.7916667 0.25 0.8125 0.3333333 0.7916667 0.3333333 0.7916667 0.3333333 0.8125 0.4166666 0.7916667 0.4166666 0.7916667 0.4166666 0.8125 0.5 0.7916667 0.5 0.8125 0.5 0.8333333 0.5833333 0.8125 0.5833333 0.8125 0.5833333 0.8333333 0.6666667 0.8125 0.6666667 0.8125 0.6666667 0.8333333 0.75 0.8125 0.75 0.8125 0.75 0.8333333 0.8333333 0.8125 0.8333333 0.8125 0.8333333 0.8333333 0.9166667 0.8125 0.9166667 0.8125 0.9166667 0.8333333 1 0.8125 1 0.8125 0 0.8333333 0.08333331 0.8125 0.08333331 0.8125 0.08333331 0.8333333 0.1666666 0.8125 0.1666666 0.8125 0.1666666 0.8333333 0.25 0.8125 0.25 0.8125 0.25 0.8333333 0.3333333 0.8125 0.3333333 0.8125 0.3333333 0.8333333 0.4166666 0.8125 0.4166666 0.8125 0.4166666 0.8333333 0.5 0.8125 0.5 0.8333333 0.5 0.8541667 0.5833333 0.8333333 0.5833333 0.8333333 0.5833333 0.8541667 0.6666667 0.8333333 0.6666667 0.8333333 0.6666667 0.8541667 0.75 0.8333333 0.75 0.8333333 0.75 0.8541667 0.8333333 0.8333333 0.8333333 0.8333333 0.8333333 0.8541667 0.9166667 0.8333333 0.9166667 0.8333333 0.9166667 0.8541667 1 0.8333333 1 0.8333333 0 0.8541667 0.08333331 0.8333333 0.08333331 0.8333333 0.08333331 0.8541667 0.1666666 0.8333333 0.1666666 0.8333333 0.1666666 0.8541667 0.25 0.8333333 0.25 0.8333333 0.25 0.8541667 0.3333333 0.8333333 0.3333333 0.8333333 0.3333333 0.8541667 0.4166666 0.8333333 0.4166666 0.8333333 0.4166666 0.8541667 0.5 0.8333333 0.5 0.8541667 0.5 0.875 0.5833333 0.8541667 0.5833333 0.8541667 0.5833333 0.875 0.6666667 0.8541667 0.6666667 0.8541667 0.6666667 0.875 0.75 0.8541667 0.75 0.8541667 0.75 0.875 0.8333333 0.8541667 0.8333333 0.8541667 0.8333333 0.875 0.9166667 0.8541667 0.9166667 0.8541667 0.9166667 0.875 1 0.8541667 1 0.8541667 0 0.875 0.08333331 0.8541667 0.08333331 0.8541667 0.08333331 0.875 0.1666666 0.8541667 0.1666666 0.8541667 0.1666666 0.875 0.25 0.8541667 0.25 0.8541667 0.25 0.875 0.3333333 0.8541667 0.3333333 0.8541667 0.3333333 0.875 0.4166666 0.8541667 0.4166666 0.8541667 0.4166666 0.875 0.5 0.8541667 0.5 0.875 0.5 0.8958333 0.5833333 0.875 0.5833333 0.875 0.5833333 0.8958333 0.6666667 0.875 0.6666667 0.875 0.6666667 0.8958333 0.75 0.875 0.75 0.875 0.75 0.8958333 0.8333333 0.875 0.8333333 0.875 0.8333333 0.8958333 0.9166667 0.875 0.9166667 0.875 0.9166667 0.8958333 1 0.875 1 0.875 0 0.8958333 0.08333331 0.875 0.08333331 0.875 0.08333331 0.8958333 0.1666666 0.875 0.1666666 0.875 0.1666666 0.8958333 0.25 0.875 0.25 0.875 0.25 0.8958333 0.3333333 0.875 0.3333333 0.875 0.3333333 0.8958333 0.4166666 0.875 0.4166666 0.875 0.4166666 0.8958333 0.5 0.875 0.5 0.8958333 0.5 0.9166667 0.5833333 0.8958333 0.5833333 0.8958333 0.5833333 0.9166667 0.6666667 0.8958333 0.6666667 0.8958333 0.6666667 0.9166667 0.75 0.8958333 0.75 0.8958333 0.75 0.9166667 0.8333333 0.8958333 0.8333333 0.8958333 0.8333333 0.9166667 0.9166667 0.8958333 0.9166667 0.8958333 0.9166667 0.9166667 1 0.8958333 1 0.8958333 0 0.9166667 0.08333331 0.8958333 0.08333331 0.8958333 0.08333331 0.9166667 0.1666666 0.8958333 0.1666666 0.8958333 0.1666666 0.9166667 0.25 0.8958333 0.25 0.8958333 0.25 0.9166667 0.3333333 0.8958333 0.3333333 0.8958333 0.3333333 0.9166667 0.4166666 0.8958333 0.4166666 0.8958333 0.4166666 0.9166667 0.5 0.8958333 0.5 0.9166667 0.5 0.9375 0.5833333 0.9166667 0.5833333 0.9166667 0.5833333 0.9375 0.6666667 0.9166667 0.6666667 0.9166667 0.6666667 0.9375 0.75 0.9166667 0.75 0.9166667 0.75 0.9375 0.8333333 0.9166667 0.8333333 0.9166667 0.8333333 0.9375 0.9166667 0.9166667 0.9166667 0.9166667 0.9166667 0.9375 1 0.9166667 1 0.9166667 0 0.9375 0.08333331 0.9166667 0.08333331 0.9166667 0.08333331 0.9375 0.1666666 0.9166667 0.1666666 0.9166667 0.1666666 0.9375 0.25 0.9166667 0.25 0.9166667 0.25 0.9375 0.3333333 0.9166667 0.3333333 0.9166667 0.3333333 0.9375 0.4166666 0.9166667 0.4166666 0.9166667 0.4166666 0.9375 0.5 0.9166667 0.5 0.9375 0.5 0.9583333 0.5833333 0.9375 0.5833333 0.9375 0.5833333 0.9583333 0.6666667 0.9375 0.6666667 0.9375 0.6666667 0.9583333 0.75 0.9375 0.75 0.9375 0.75 0.9583333 0.8333333 0.9375 0.8333333 0.9375 0.8333333 0.9583333 0.9166667 0.9375 0.9166667 0.9375 0.9166667 0.9583333 1 0.9375 1 0.9375 0 0.9583333 0.08333331 0.9375 0.08333331 0.9375 0.08333331 0.9583333 0.1666666 0.9375 0.1666666 0.9375 0.1666666 0.9583333 0.25 0.9375 0.25 0.9375 0.25 0.9583333 0.3333333 0.9375 0.3333333 0.9375 0.3333333 0.9583333 0.4166666 0.9375 0.4166666 0.9375 0.4166666 0.9583333 0.5 0.9375 0.5 0.9583333 0.5 0.9791667 0.5833333 0.9583333 0.5833333 0.9583333 0.5833333 0.9791667 0.6666667 0.9583333 0.6666667 0.9583333 0.6666667 0.9791667 0.75 0.9583333 0.75 0.9583333 0.75 0.9791667 0.8333333 0.9583333 0.8333333 0.9583333 0.8333333 0.9791667 0.9166667 0.9583333 0.9166667 0.9583333 0.9166667 0.9791667 1 0.9583333 1 0.9583333 0 0.9791667 0.08333331 0.9583333 0.08333331 0.9583333 0.08333331 0.9791667 0.1666666 0.9583333 0.1666666 0.9583333 0.1666666 0.9791667 0.25 0.9583333 0.25 0.9583333 0.25 0.9791667 0.3333333 0.9583333 0.3333333 0.9583333 0.3333333 0.9791667 0.4166666 0.9583333 0.4166666 0.9583333 0.4166666 0.9791667 0.5 0.9583333 0.5 0.9791667 0.5 1 0.5833333 0.9791667 0.5833333 0.9791667 0.5833333 1 0.6666667 0.9791667 0.6666667 0.9791667 0.6666667 1 0.75 0.9791667 0.75 0.9791667 0.75 1 0.8333333 0.9791667 0.8333333 0.9791667 0.8333333 1 0.9166667 0.9791667 0.9166667 0.9791667 0.9166667 1 1 0.9791667 1 0.9791667 0 1 0.08333331 0.9791667 0.08333331 0.9791667 0.08333331 1 0.1666666 0.9791667 0.1666666 0.9791667 0.1666666 1 0.25 0.9791667 0.25 0.9791667 0.25 1 0.3333333 0.9791667 0.3333333 0.9791667 0.3333333 1 0.4166666 0.9791667 0.4166666 0.9791667 0.4166666 1 0.5 0.9791667 0.5 0 0.5 0.02083331 0.5833333 0 0.5833333 0 0.5833333 0.02083331 0.6666667 0 0.6666667 0 0.6666667 0.02083331 0.75 0 0.75 0 0.75 0.02083331 0.8333333 0 0.8333333 0 0.8333333 0.02083331 0.9166667 0 0.9166667 0 0.9166667 0.02083331 1 0 1 0 0 0.02083331 0.08333331 0 0.08333331 0 0.08333331 0.02083331 0.1666666 0 0.1666666 0 0.1666666 0.02083331 0.25 0 0.25 0 0.25 0.02083331 0.3333333 0 0.3333333 0 0.3333333 0.02083331 0.4166666 0 0.4166666 0 0.4166666 0.02083331 0.5 0 0.5 0.02083331 0.5 0.04166662 0.5833333 0.02083331 0.5833333 0.02083331 0.5833333 0.04166662 0.6666667 0.02083331 0.6666667 0.02083331 0.6666667 0.04166662 0.75 0.02083331 0.75 0.02083331 0.75 0.04166662 0.8333333 0.02083331 0.8333333 0.02083331 0.8333333 0.04166662 0.9166667 0.02083331 0.9166667 0.02083331 0.9166667 0.04166662 1 0.02083331 1 0.02083331 0 0.04166662 0.08333331 0.02083331 0.08333331 0.02083331 0.08333331 0.04166662 0.1666666 0.02083331 0.1666666 0.02083331 0.1666666 0.04166662 0.25 0.02083331 0.25 0.02083331 0.25 0.04166662 0.3333333 0.02083331 0.3333333 0.02083331 0.3333333 0.04166662 0.4166666 0.02083331 0.4166666 0.02083331 0.4166666 0.04166662 0.5 0.02083331 0.5 0.04166662 0.5 0.0625 0.5833333 0.04166662 0.5833333 0.04166662 0.5833333 0.0625 0.6666667 0.04166662 0.6666667 0.04166662 0.6666667 0.0625 0.75 0.04166662 0.75 0.04166662 0.75 0.0625 0.8333333 0.04166662 0.8333333 0.04166662 0.8333333 0.0625 0.9166667 0.04166662 0.9166667 0.04166662 0.9166667 0.0625 1 0.04166662 1 0.04166662 0 0.0625 0.08333331 0.04166662 0.08333331 0.04166662 0.08333331 0.0625 0.1666666 0.04166662 0.1666666 0.04166662 0.1666666 0.0625 0.25 0.04166662 0.25 0.04166662 0.25 0.0625 0.3333333 0.04166662 0.3333333 0.04166662 0.3333333 0.0625 0.4166666 0.04166662 0.4166666 0.04166662 0.4166666 0.0625 0.5 0.04166662 0.5 0.0625 0.5 0.08333331 0.5833333 0.0625 0.5833333 0.0625 0.5833333 0.08333331 0.6666667 0.0625 0.6666667 0.0625 0.6666667 0.08333331 0.75 0.0625 0.75 0.0625 0.75 0.08333331 0.8333333 0.0625 0.8333333 0.0625 0.8333333 0.08333331 0.9166667 0.0625 0.9166667 0.0625 0.9166667 0.08333331 1 0.0625 1 0.0625 0 0.08333331 0.08333331 0.0625 0.08333331 0.0625 0.08333331 0.08333331 0.1666666 0.0625 0.1666666 0.0625 0.1666666 0.08333331 0.25 0.0625 0.25 0.0625 0.25 0.08333331 0.3333333 0.0625 0.3333333 0.0625 0.3333333 0.08333331 0.4166666 0.0625 0.4166666 0.0625 0.4166666 0.08333331 0.5 0.0625 0.5 0.08333331 0.5 0.1041666 0.5833333 0.08333331 0.5833333 0.08333331 0.5833333 0.1041666 0.6666667 0.08333331 0.6666667 0.08333331 0.6666667 0.1041666 0.75 0.08333331 0.75 0.08333331 0.75 0.1041666 0.8333333 0.08333331 0.8333333 0.08333331 0.8333333 0.1041666 0.9166667 0.08333331 0.9166667 0.08333331 0.9166667 0.1041666 1 0.08333331 1 0.08333331 0 0.1041666 0.08333331 0.08333331 0.08333331 0.08333331 0.08333331 0.1041666 0.1666666 0.08333331 0.1666666 0.08333331 0.1666666 0.1041666 0.25 0.08333331 0.25 0.08333331 0.25 0.1041666 0.3333333 0.08333331 0.3333333 0.08333331 0.3333333 0.1041666 0.4166666 0.08333331 0.4166666 0.08333331 0.4166666 0.1041666 0.5 0.08333331 0.5 0.1041666 0.5 0.125 0.5833333 0.1041666 0.5833333 0.1041666 0.5833333 0.125 0.6666667 0.1041666 0.6666667 0.1041666 0.6666667 0.125 0.75 0.1041666 0.75 0.1041666 0.75 0.125 0.8333333 0.1041666 0.8333333 0.1041666 0.8333333 0.125 0.9166667 0.1041666 0.9166667 0.1041666 0.9166667 0.125 1 0.1041666 1 0.1041666 0 0.125 0.08333331 0.1041666 0.08333331 0.1041666 0.08333331 0.125 0.1666666 0.1041666 0.1666666 0.1041666 0.1666666 0.125 0.25 0.1041666 0.25 0.1041666 0.25 0.125 0.3333333 0.1041666 0.3333333 0.1041666 0.3333333 0.125 0.4166666 0.1041666 0.4166666 0.1041666 0.4166666 0.125 0.5 0.1041666 0.5 0.125 0.5 0.1458333 0.5833333 0.125 0.5833333 0.125 0.5833333 0.1458333 0.6666667 0.125 0.6666667 0.125 0.6666667 0.1458333 0.75 0.125 0.75 0.125 0.75 0.1458333 0.8333333 0.125 0.8333333 0.125 0.8333333 0.1458333 0.9166667 0.125 0.9166667 0.125 0.9166667 0.1458333 1 0.125 1 0.125 0 0.1458333 0.08333331 0.125 0.08333331 0.125 0.08333331 0.1458333 0.1666666 0.125 0.1666666 0.125 0.1666666 0.1458333 0.25 0.125 0.25 0.125 0.25 0.1458333 0.3333333 0.125 0.3333333 0.125 0.3333333 0.1458333 0.4166666 0.125 0.4166666 0.125 0.4166666 0.1458333 0.5 0.125 0.5 0.1458333 0.5 0.1666666 0.5833333 0.1458333 0.5833333 0.1458333 0.5833333 0.1666666 0.6666667 0.1458333 0.6666667 0.1458333 0.6666667 0.1666666 0.75 0.1458333 0.75 0.1458333 0.75 0.1666666 0.8333333 0.1458333 0.8333333 0.1458333 0.8333333 0.1666666 0.9166667 0.1458333 0.9166667 0.1458333 0.9166667 0.1666666 1 0.1458333 1 0.1458333 0 0.1666666 0.08333331 0.1458333 0.08333331 0.1458333 0.08333331 0.1666666 0.1666666 0.1458333 0.1666666 0.1458333 0.1666666 0.1666666 0.25 0.1458333 0.25 0.1458333 0.25 0.1666666 0.3333333 0.1458333 0.3333333 0.1458333 0.3333333 0.1666666 0.4166666 0.1458333 0.4166666 0.1458333 0.4166666 0.1666666 0.5 0.1458333 0.5 0.1666666 0.5 0.1875 0.5833333 0.1666666 0.5833333 0.1666666 0.5833333 0.1875 0.6666667 0.1666666 0.6666667 0.1666666 0.6666667 0.1875 0.75 0.1666666 0.75 0.1666666 0.75 0.1875 0.8333333 0.1666666 0.8333333 0.1666666 0.8333333 0.1875 0.9166667 0.1666666 0.9166667 0.1666666 0.9166667 0.1875 1 0.1666666 1 0.1666666 0 0.1875 0.08333331 0.1666666 0.08333331 0.1666666 0.08333331 0.1875 0.1666666 0.1666666 0.1666666 0.1666666 0.1666666 0.1875 0.25 0.1666666 0.25 0.1666666 0.25 0.1875 0.3333333 0.1666666 0.3333333 0.1666666 0.3333333 0.1875 0.4166666 0.1666666 0.4166666 0.1666666 0.4166666 0.1875 0.5 0.1666666 0.5 0.1875 0.5 0.2083333 0.5833333 0.1875 0.5833333 0.1875 0.5833333 0.2083333 0.6666667 0.1875 0.6666667 0.1875 0.6666667 0.2083333 0.75 0.1875 0.75 0.1875 0.75 0.2083333 0.8333333 0.1875 0.8333333 0.1875 0.8333333 0.2083333 0.9166667 0.1875 0.9166667 0.1875 0.9166667 0.2083333 1 0.1875 1 0.1875 0 0.2083333 0.08333331 0.1875 0.08333331 0.1875 0.08333331 0.2083333 0.1666666 0.1875 0.1666666 0.1875 0.1666666 0.2083333 0.25 0.1875 0.25 0.1875 0.25 0.2083333 0.3333333 0.1875 0.3333333 0.1875 0.3333333 0.2083333 0.4166666 0.1875 0.4166666 0.1875 0.4166666 0.2083333 0.5 0.1875 0.5 0.2083333 0.5 0.2291666 0.5833333 0.2083333 0.5833333 0.2083333 0.5833333 0.2291666 0.6666667 0.2083333 0.6666667 0.2083333 0.6666667 0.2291666 0.75 0.2083333 0.75 0.2083333 0.75 0.2291666 0.8333333 0.2083333 0.8333333 0.2083333 0.8333333 0.2291666 0.9166667 0.2083333 0.9166667 0.2083333 0.9166667 0.2291666 1 0.2083333 1 0.2083333 0 0.2291666 0.08333331 0.2083333 0.08333331 0.2083333 0.08333331 0.2291666 0.1666666 0.2083333 0.1666666 0.2083333 0.1666666 0.2291666 0.25 0.2083333 0.25 0.2083333 0.25 0.2291666 0.3333333 0.2083333 0.3333333 0.2083333 0.3333333 0.2291666 0.4166666 0.2083333 0.4166666 0.2083333 0.4166666 0.2291666 0.5 0.2083333 0.5 0.2291666 0.5 0.25 0.5833333 0.2291666 0.5833333 0.2291666 0.5833333 0.25 0.6666667 0.2291666 0.6666667 0.2291666 0.6666667 0.25 0.75 0.2291666 0.75 0.2291666 0.75 0.25 0.8333333 0.2291666 0.8333333 0.2291666 0.8333333 0.25 0.9166667 0.2291666 0.9166667 0.2291666 0.9166667 0.25 1 0.2291666 1 0.2291666 0 0.25 0.08333331 0.2291666 0.08333331 0.2291666 0.08333331 0.25 0.1666666 0.2291666 0.1666666 0.2291666 0.1666666 0.25 0.25 0.2291666 0.25 0.2291666 0.25 0.25 0.3333333 0.2291666 0.3333333 0.2291666 0.3333333 0.25 0.4166666 0.2291666 0.4166666 0.2291666 0.4166666 0.25 0.5 0.2291666 0.5 0.25 0.5 0.2708333 0.5833333 0.25 0.5833333 0.25 0.5833333 0.2708333 0.6666667 0.25 0.6666667 0.25 0.6666667 0.2708333 0.75 0.25 0.75 0.25 0.75 0.2708333 0.8333333 0.25 0.8333333 0.25 0.8333333 0.2708333 0.9166667 0.25 0.9166667 0.25 0.9166667 0.2708333 1 0.25 1 0.25 0 0.2708333 0.08333331 0.25 0.08333331 0.25 0.08333331 0.2708333 0.1666666 0.25 0.1666666 0.25 0.1666666 0.2708333 0.25 0.25 0.25 0.25 0.25 0.2708333 0.3333333 0.25 0.3333333 0.25 0.3333333 0.2708333 0.4166666 0.25 0.4166666 0.25 0.4166666 0.2708333 0.5 0.25 0.5 0.2708333 0.5 0.2916666 0.5833333 0.2708333 0.5833333 0.2708333 0.5833333 0.2916666 0.6666667 0.2708333 0.6666667 0.2708333 0.6666667 0.2916666 0.75 0.2708333 0.75 0.2708333 0.75 0.2916666 0.8333333 0.2708333 0.8333333 0.2708333 0.8333333 0.2916666 0.9166667 0.2708333 0.9166667 0.2708333 0.9166667 0.2916666 1 0.2708333 1 0.2708333 0 0.2916666 0.08333331 0.2708333 0.08333331 0.2708333 0.08333331 0.2916666 0.1666666 0.2708333 0.1666666 0.2708333 0.1666666 0.2916666 0.25 0.2708333 0.25 0.2708333 0.25 0.2916666 0.3333333 0.2708333 0.3333333 0.2708333 0.3333333 0.2916666 0.4166666 0.2708333 0.4166666 0.2708333 0.4166666 0.2916666 0.5 0.2708333 0.5 0.2916666 0.5 0.3125 0.5833333 0.2916666 0.5833333 0.2916666 0.5833333 0.3125 0.6666667 0.2916666 0.6666667 0.2916666 0.6666667 0.3125 0.75 0.2916666 0.75 0.2916666 0.75 0.3125 0.8333333 0.2916666 0.8333333 0.2916666 0.8333333 0.3125 0.9166667 0.2916666 0.9166667 0.2916666 0.9166667 0.3125 1 0.2916666 1 0.2916666 0 0.3125 0.08333331 0.2916666 0.08333331 0.2916666 0.08333331 0.3125 0.1666666 0.2916666 0.1666666 0.2916666 0.1666666 0.3125 0.25 0.2916666 0.25 0.2916666 0.25 0.3125 0.3333333 0.2916666 0.3333333 0.2916666 0.3333333 0.3125 0.4166666 0.2916666 0.4166666 0.2916666 0.4166666 0.3125 0.5 0.2916666 0.5 0.3125 0.5 0.3333333 0.5833333 0.3125 0.5833333 0.3125 0.5833333 0.3333333 0.6666667 0.3125 0.6666667 0.3125 0.6666667 0.3333333 0.75 0.3125 0.75 0.3125 0.75 0.3333333 0.8333333 0.3125 0.8333333 0.3125 0.8333333 0.3333333 0.9166667 0.3125 0.9166667 0.3125 0.9166667 0.3333333 1 0.3125 1 0.3125 0 0.3333333 0.08333331 0.3125 0.08333331 0.3125 0.08333331 0.3333333 0.1666666 0.3125 0.1666666 0.3125 0.1666666 0.3333333 0.25 0.3125 0.25 0.3125 0.25 0.3333333 0.3333333 0.3125 0.3333333 0.3125 0.3333333 0.3333333 0.4166666 0.3125 0.4166666 0.3125 0.4166666 0.3333333 0.5 0.3125 0.5 0.3333333 0.5 0.3541666 0.5833333 0.3333333 0.5833333 0.3333333 0.5833333 0.3541666 0.6666667 0.3333333 0.6666667 0.3333333 0.6666667 0.3541666 0.75 0.3333333 0.75 0.3333333 0.75 0.3541666 0.8333333 0.3333333 0.8333333 0.3333333 0.8333333 0.3541666 0.9166667 0.3333333 0.9166667 0.3333333 0.9166667 0.3541666 1 0.3333333 1 0.3333333 0 0.3541666 0.08333331 0.3333333 0.08333331 0.3333333 0.08333331 0.3541666 0.1666666 0.3333333 0.1666666 0.3333333 0.1666666 0.3541666 0.25 0.3333333 0.25 0.3333333 0.25 0.3541666 0.3333333 0.3333333 0.3333333 0.3333333 0.3333333 0.3541666 0.4166666 0.3333333 0.4166666 0.3333333 0.4166666 0.3541666 0.5 0.3333333 0.5 0.3541666 0.5 0.375 0.5833333 0.3541666 0.5833333 0.3541666 0.5833333 0.375 0.6666667 0.3541666 0.6666667 0.3541666 0.6666667 0.375 0.75 0.3541666 0.75 0.3541666 0.75 0.375 0.8333333 0.3541666 0.8333333 0.3541666 0.8333333 0.375 0.9166667 0.3541666 0.9166667 0.3541666 0.9166667 0.375 1 0.3541666 1 0.3541666 0 0.375 0.08333331 0.3541666 0.08333331 0.3541666 0.08333331 0.375 0.1666666 0.3541666 0.1666666 0.3541666 0.1666666 0.375 0.25 0.3541666 0.25 0.3541666 0.25 0.375 0.3333333 0.3541666 0.3333333 0.3541666 0.3333333 0.375 0.4166666 0.3541666 0.4166666 0.3541666 0.4166666 0.375 0.5 0.3541666 0.5 0.375 0.5 0.3958333 0.5833333 0.375 0.5833333 0.375 0.5833333 0.3958333 0.6666667 0.375 0.6666667 0.375 0.6666667 0.3958333 0.75 0.375 0.75 0.375 0.75 0.3958333 0.8333333 0.375 0.8333333 0.375 0.8333333 0.3958333 0.9166667 0.375 0.9166667 0.375 0.9166667 0.3958333 1 0.375 1 0.375 0 0.3958333 0.08333331 0.375 0.08333331 0.375 0.08333331 0.3958333 0.1666666 0.375 0.1666666 0.375 0.1666666 0.3958333 0.25 0.375 0.25 0.375 0.25 0.3958333 0.3333333 0.375 0.3333333 0.375 0.3333333 0.3958333 0.4166666 0.375 0.4166666 0.375 0.4166666 0.3958333 0.5 0.375 0.5 0.3958333 0.5 0.4166666 0.5833333 0.3958333 0.5833333 0.3958333 0.5833333 0.4166666 0.6666667 0.3958333 0.6666667 0.3958333 0.6666667 0.4166666 0.75 0.3958333 0.75 0.3958333 0.75 0.4166666 0.8333333 0.3958333 0.8333333 0.3958333 0.8333333 0.4166666 0.9166667 0.3958333 0.9166667 0.3958333 0.9166667 0.4166666 1 0.3958333 1 0.3958333 0 0.4166666 0.08333331 0.3958333 0.08333331 0.3958333 0.08333331 0.4166666 0.1666666 0.3958333 0.1666666 0.3958333 0.1666666 0.4166666 0.25 0.3958333 0.25 0.3958333 0.25 0.4166666 0.3333333 0.3958333 0.3333333 0.3958333 0.3333333 0.4166666 0.4166666 0.3958333 0.4166666 0.3958333 0.4166666 0.4166666 0.5 0.3958333 0.5 0.4166666 0.5 0.4375 0.5833333 0.4166666 0.5833333 0.4166666 0.5833333 0.4375 0.6666667 0.4166666 0.6666667 0.4166666 0.6666667 0.4375 0.75 0.4166666 0.75 0.4166666 0.75 0.4375 0.8333333 0.4166666 0.8333333 0.4166666 0.8333333 0.4375 0.9166667 0.4166666 0.9166667 0.4166666 0.9166667 0.4375 1 0.4166666 1 0.4166666 0 0.4375 0.08333331 0.4166666 0.08333331 0.4166666 0.08333331 0.4375 0.1666666 0.4166666 0.1666666 0.4166666 0.1666666 0.4375 0.25 0.4166666 0.25 0.4166666 0.25 0.4375 0.3333333 0.4166666 0.3333333 0.4166666 0.3333333 0.4375 0.4166666 0.4166666 0.4166666 0.4166666 0.4166666 0.4375 0.5 0.4166666 0.5 0.4375 0.5 0.4583333 0.5833333 0.4375 0.5833333 0.4375 0.5833333 0.4583333 0.6666667 0.4375 0.6666667 0.4375 0.6666667 0.4583333 0.75 0.4375 0.75 0.4375 0.75 0.4583333 0.8333333 0.4375 0.8333333 0.4375 0.8333333 0.4583333 0.9166667 0.4375 0.9166667 0.4375 0.9166667 0.4583333 1 0.4375 1 0.4375 0 0.4583333 0.08333331 0.4375 0.08333331 0.4375 0.08333331 0.4583333 0.1666666 0.4375 0.1666666 0.4375 0.1666666 0.4583333 0.25 0.4375 0.25 0.4375 0.25 0.4583333 0.3333333 0.4375 0.3333333 0.4375 0.3333333 0.4583333 0.4166666 0.4375 0.4166666 0.4375 0.4166666 0.4583333 0.5 0.4375 0.5 0.4583333 0.5 0.4791666 0.5833333 0.4583333 0.5833333 0.4583333 0.5833333 0.4791666 0.6666667 0.4583333 0.6666667 0.4583333 0.6666667 0.4791666 0.75 0.4583333 0.75 0.4583333 0.75 0.4791666 0.8333333 0.4583333 0.8333333 0.4583333 0.8333333 0.4791666 0.9166667 0.4583333 0.9166667 0.4583333 0.9166667 0.4791666 1 0.4583333 1 0.4583333 0 0.4791666 0.08333331 0.4583333 0.08333331 0.4583333 0.08333331 0.4791666 0.1666666 0.4583333 0.1666666 0.4583333 0.1666666 0.4791666 0.25 0.4583333 0.25 0.4583333 0.25 0.4791666 0.3333333 0.4583333 0.3333333 0.4583333 0.3333333 0.4791666 0.4166666 0.4583333 0.4166666 0.4583333 0.4166666 0.4791666 0.5 0.4583333 0.5 0.4791666 0.5 0.5 0.5833333 0.4791666 0.5833333 0.4791666 0.5833333 0.5 0.6666667 0.4791666 0.6666667 0.4791666 0.6666667 0.5 0.75 0.4791666 0.75 0.4791666 0.75 0.5 0.8333333 0.4791666 0.8333333 0.4791666 0.8333333 0.5 0.9166667 0.4791666 0.9166667 0.4791666 0.9166667 0.5 1 0.4791666 1 0.4791666 0 0.5 0.08333331 0.4791666 0.08333331 0.4791666 0.08333331 0.5 0.1666666 0.4791666 0.1666666 0.4791666 0.1666666 0.5 0.25 0.4791666 0.25 0.4791666 0.25 0.5 0.3333333 0.4791666 0.3333333 0.4791666 0.3333333 0.5 0.4166666 0.4791666 0.4166666 0.4791666 0.4166666 0.5 0.5 0.4791666 0.5 0.375 0 0.625 0.25 0.375 0.25 0.375 0.25 0.625 0.5 0.375 0.5 0.375 0.5 0.625 0.75 0.375 0.75 0.375 0.75 0.625 1 0.375 1 0.125 0.5 0.375 0.75 0.125 0.75 0.625 0.5 0.875 0.75 0.625 0.75 0.375 0 0.625 0.25 0.375 0.25 0.375 0.25 0.625 0.5 0.375 0.5 0.375 0.5 0.625 0.75 0.375 0.75 0.375 0.75 0.625 1 0.375 1 0.125 0.5 0.375 0.75 0.125 0.75 0.625 0.5 0.875 0.75 0.625 0.75 0.375 0 0.625 0.25 0.375 0.25 0.375 0.25 0.625 0.5 0.375 0.5 0.375 0.5 0.625 0.75 0.375 0.75 0.375 0.75 0.625 1 0.375 1 0.125 0.5 0.375 0.75 0.125 0.75 0.625 0.5 0.875 0.75 0.625 0.75 0.375 0 0.625 0 0.625 0.25 0.375 0.25 0.625 0.25 0.625 0.5 0.375 0.5 0.625 0.5 0.625 0.75 0.375 0.75 0.625 0.75 0.625 1 0.125 0.5 0.375 0.5 0.375 0.75 0.625 0.5 0.875 0.5 0.875 0.75 0.5 0.5 0.5208333 0.5 0.5208333 0.5833333 0.5 0.5833333 0.5208333 0.5833333 0.5208333 0.6666667 0.5 0.6666667 0.5208333 0.6666667 0.5208333 0.75 0.5 0.75 0.5208333 0.75 0.5208333 0.8333333 0.5 0.8333333 0.5208333 0.8333333 0.5208333 0.9166667 0.5 0.9166667 0.5208333 0.9166667 0.5208333 1 0.5 0 0.5208333 0 0.5208333 0.08333331 0.5 0.08333331 0.5208333 0.08333331 0.5208333 0.1666666 0.5 0.1666666 0.5208333 0.1666666 0.5208333 0.25 0.5 0.25 0.5208333 0.25 0.5208333 0.3333333 0.5 0.3333333 0.5208333 0.3333333 0.5208333 0.4166666 0.5 0.4166666 0.5208333 0.4166666 0.5208333 0.5 0.5208333 0.5 0.5416667 0.5 0.5416667 0.5833333 0.5208333 0.5833333 0.5416667 0.5833333 0.5416667 0.6666667 0.5208333 0.6666667 0.5416667 0.6666667 0.5416667 0.75 0.5208333 0.75 0.5416667 0.75 0.5416667 0.8333333 0.5208333 0.8333333 0.5416667 0.8333333 0.5416667 0.9166667 0.5208333 0.9166667 0.5416667 0.9166667 0.5416667 1 0.5208333 0 0.5416667 0 0.5416667 0.08333331 0.5208333 0.08333331 0.5416667 0.08333331 0.5416667 0.1666666 0.5208333 0.1666666 0.5416667 0.1666666 0.5416667 0.25 0.5208333 0.25 0.5416667 0.25 0.5416667 0.3333333 0.5208333 0.3333333 0.5416667 0.3333333 0.5416667 0.4166666 0.5208333 0.4166666 0.5416667 0.4166666 0.5416667 0.5 0.5416667 0.5 0.5625 0.5 0.5625 0.5833333 0.5416667 0.5833333 0.5625 0.5833333 0.5625 0.6666667 0.5416667 0.6666667 0.5625 0.6666667 0.5625 0.75 0.5416667 0.75 0.5625 0.75 0.5625 0.8333333 0.5416667 0.8333333 0.5625 0.8333333 0.5625 0.9166667 0.5416667 0.9166667 0.5625 0.9166667 0.5625 1 0.5416667 0 0.5625 0 0.5625 0.08333331 0.5416667 0.08333331 0.5625 0.08333331 0.5625 0.1666666 0.5416667 0.1666666 0.5625 0.1666666 0.5625 0.25 0.5416667 0.25 0.5625 0.25 0.5625 0.3333333 0.5416667 0.3333333 0.5625 0.3333333 0.5625 0.4166666 0.5416667 0.4166666 0.5625 0.4166666 0.5625 0.5 0.5625 0.5 0.5833333 0.5 0.5833333 0.5833333 0.5625 0.5833333 0.5833333 0.5833333 0.5833333 0.6666667 0.5625 0.6666667 0.5833333 0.6666667 0.5833333 0.75 0.5625 0.75 0.5833333 0.75 0.5833333 0.8333333 0.5625 0.8333333 0.5833333 0.8333333 0.5833333 0.9166667 0.5625 0.9166667 0.5833333 0.9166667 0.5833333 1 0.5625 0 0.5833333 0 0.5833333 0.08333331 0.5625 0.08333331 0.5833333 0.08333331 0.5833333 0.1666666 0.5625 0.1666666 0.5833333 0.1666666 0.5833333 0.25 0.5625 0.25 0.5833333 0.25 0.5833333 0.3333333 0.5625 0.3333333 0.5833333 0.3333333 0.5833333 0.4166666 0.5625 0.4166666 0.5833333 0.4166666 0.5833333 0.5 0.5833333 0.5 0.6041667 0.5 0.6041667 0.5833333 0.5833333 0.5833333 0.6041667 0.5833333 0.6041667 0.6666667 0.5833333 0.6666667 0.6041667 0.6666667 0.6041667 0.75 0.5833333 0.75 0.6041667 0.75 0.6041667 0.8333333 0.5833333 0.8333333 0.6041667 0.8333333 0.6041667 0.9166667 0.5833333 0.9166667 0.6041667 0.9166667 0.6041667 1 0.5833333 0 0.6041667 0 0.6041667 0.08333331 0.5833333 0.08333331 0.6041667 0.08333331 0.6041667 0.1666666 0.5833333 0.1666666 0.6041667 0.1666666 0.6041667 0.25 0.5833333 0.25 0.6041667 0.25 0.6041667 0.3333333 0.5833333 0.3333333 0.6041667 0.3333333 0.6041667 0.4166666 0.5833333 0.4166666 0.6041667 0.4166666 0.6041667 0.5 0.6041667 0.5 0.625 0.5 0.625 0.5833333 0.6041667 0.5833333 0.625 0.5833333 0.625 0.6666667 0.6041667 0.6666667 0.625 0.6666667 0.625 0.75 0.6041667 0.75 0.625 0.75 0.625 0.8333333 0.6041667 0.8333333 0.625 0.8333333 0.625 0.9166667 0.6041667 0.9166667 0.625 0.9166667 0.625 1 0.6041667 0 0.625 0 0.625 0.08333331 0.6041667 0.08333331 0.625 0.08333331 0.625 0.1666666 0.6041667 0.1666666 0.625 0.1666666 0.625 0.25 0.6041667 0.25 0.625 0.25 0.625 0.3333333 0.6041667 0.3333333 0.625 0.3333333 0.625 0.4166666 0.6041667 0.4166666 0.625 0.4166666 0.625 0.5 0.625 0.5 0.6458333 0.5 0.6458333 0.5833333 0.625 0.5833333 0.6458333 0.5833333 0.6458333 0.6666667 0.625 0.6666667 0.6458333 0.6666667 0.6458333 0.75 0.625 0.75 0.6458333 0.75 0.6458333 0.8333333 0.625 0.8333333 0.6458333 0.8333333 0.6458333 0.9166667 0.625 0.9166667 0.6458333 0.9166667 0.6458333 1 0.625 0 0.6458333 0 0.6458333 0.08333331 0.625 0.08333331 0.6458333 0.08333331 0.6458333 0.1666666 0.625 0.1666666 0.6458333 0.1666666 0.6458333 0.25 0.625 0.25 0.6458333 0.25 0.6458333 0.3333333 0.625 0.3333333 0.6458333 0.3333333 0.6458333 0.4166666 0.625 0.4166666 0.6458333 0.4166666 0.6458333 0.5 0.6458333 0.5 0.6666667 0.5 0.6666667 0.5833333 0.6458333 0.5833333 0.6666667 0.5833333 0.6666667 0.6666667 0.6458333 0.6666667 0.6666667 0.6666667 0.6666667 0.75 0.6458333 0.75 0.6666667 0.75 0.6666667 0.8333333 0.6458333 0.8333333 0.6666667 0.8333333 0.6666667 0.9166667 0.6458333 0.9166667 0.6666667 0.9166667 0.6666667 1 0.6458333 0 0.6666667 0 0.6666667 0.08333331 0.6458333 0.08333331 0.6666667 0.08333331 0.6666667 0.1666666 0.6458333 0.1666666 0.6666667 0.1666666 0.6666667 0.25 0.6458333 0.25 0.6666667 0.25 0.6666667 0.3333333 0.6458333 0.3333333 0.6666667 0.3333333 0.6666667 0.4166666 0.6458333 0.4166666 0.6666667 0.4166666 0.6666667 0.5 0.6666667 0.5 0.6875 0.5 0.6875 0.5833333 0.6666667 0.5833333 0.6875 0.5833333 0.6875 0.6666667 0.6666667 0.6666667 0.6875 0.6666667 0.6875 0.75 0.6666667 0.75 0.6875 0.75 0.6875 0.8333333 0.6666667 0.8333333 0.6875 0.8333333 0.6875 0.9166667 0.6666667 0.9166667 0.6875 0.9166667 0.6875 1 0.6666667 0 0.6875 0 0.6875 0.08333331 0.6666667 0.08333331 0.6875 0.08333331 0.6875 0.1666666 0.6666667 0.1666666 0.6875 0.1666666 0.6875 0.25 0.6666667 0.25 0.6875 0.25 0.6875 0.3333333 0.6666667 0.3333333 0.6875 0.3333333 0.6875 0.4166666 0.6666667 0.4166666 0.6875 0.4166666 0.6875 0.5 0.6875 0.5 0.7083333 0.5 0.7083333 0.5833333 0.6875 0.5833333 0.7083333 0.5833333 0.7083333 0.6666667 0.6875 0.6666667 0.7083333 0.6666667 0.7083333 0.75 0.6875 0.75 0.7083333 0.75 0.7083333 0.8333333 0.6875 0.8333333 0.7083333 0.8333333 0.7083333 0.9166667 0.6875 0.9166667 0.7083333 0.9166667 0.7083333 1 0.6875 0 0.7083333 0 0.7083333 0.08333331 0.6875 0.08333331 0.7083333 0.08333331 0.7083333 0.1666666 0.6875 0.1666666 0.7083333 0.1666666 0.7083333 0.25 0.6875 0.25 0.7083333 0.25 0.7083333 0.3333333 0.6875 0.3333333 0.7083333 0.3333333 0.7083333 0.4166666 0.6875 0.4166666 0.7083333 0.4166666 0.7083333 0.5 0.7083333 0.5 0.7291667 0.5 0.7291667 0.5833333 0.7083333 0.5833333 0.7291667 0.5833333 0.7291667 0.6666667 0.7083333 0.6666667 0.7291667 0.6666667 0.7291667 0.75 0.7083333 0.75 0.7291667 0.75 0.7291667 0.8333333 0.7083333 0.8333333 0.7291667 0.8333333 0.7291667 0.9166667 0.7083333 0.9166667 0.7291667 0.9166667 0.7291667 1 0.7083333 0 0.7291667 0 0.7291667 0.08333331 0.7083333 0.08333331 0.7291667 0.08333331 0.7291667 0.1666666 0.7083333 0.1666666 0.7291667 0.1666666 0.7291667 0.25 0.7083333 0.25 0.7291667 0.25 0.7291667 0.3333333 0.7083333 0.3333333 0.7291667 0.3333333 0.7291667 0.4166666 0.7083333 0.4166666 0.7291667 0.4166666 0.7291667 0.5 0.7291667 0.5 0.75 0.5 0.75 0.5833333 0.7291667 0.5833333 0.75 0.5833333 0.75 0.6666667 0.7291667 0.6666667 0.75 0.6666667 0.75 0.75 0.7291667 0.75 0.75 0.75 0.75 0.8333333 0.7291667 0.8333333 0.75 0.8333333 0.75 0.9166667 0.7291667 0.9166667 0.75 0.9166667 0.75 1 0.7291667 0 0.75 0 0.75 0.08333331 0.7291667 0.08333331 0.75 0.08333331 0.75 0.1666666 0.7291667 0.1666666 0.75 0.1666666 0.75 0.25 0.7291667 0.25 0.75 0.25 0.75 0.3333333 0.7291667 0.3333333 0.75 0.3333333 0.75 0.4166666 0.7291667 0.4166666 0.75 0.4166666 0.75 0.5 0.75 0.5 0.7708333 0.5 0.7708333 0.5833333 0.75 0.5833333 0.7708333 0.5833333 0.7708333 0.6666667 0.75 0.6666667 0.7708333 0.6666667 0.7708333 0.75 0.75 0.75 0.7708333 0.75 0.7708333 0.8333333 0.75 0.8333333 0.7708333 0.8333333 0.7708333 0.9166667 0.75 0.9166667 0.7708333 0.9166667 0.7708333 1 0.75 0 0.7708333 0 0.7708333 0.08333331 0.75 0.08333331 0.7708333 0.08333331 0.7708333 0.1666666 0.75 0.1666666 0.7708333 0.1666666 0.7708333 0.25 0.75 0.25 0.7708333 0.25 0.7708333 0.3333333 0.75 0.3333333 0.7708333 0.3333333 0.7708333 0.4166666 0.75 0.4166666 0.7708333 0.4166666 0.7708333 0.5 0.7708333 0.5 0.7916667 0.5 0.7916667 0.5833333 0.7708333 0.5833333 0.7916667 0.5833333 0.7916667 0.6666667 0.7708333 0.6666667 0.7916667 0.6666667 0.7916667 0.75 0.7708333 0.75 0.7916667 0.75 0.7916667 0.8333333 0.7708333 0.8333333 0.7916667 0.8333333 0.7916667 0.9166667 0.7708333 0.9166667 0.7916667 0.9166667 0.7916667 1 0.7708333 0 0.7916667 0 0.7916667 0.08333331 0.7708333 0.08333331 0.7916667 0.08333331 0.7916667 0.1666666 0.7708333 0.1666666 0.7916667 0.1666666 0.7916667 0.25 0.7708333 0.25 0.7916667 0.25 0.7916667 0.3333333 0.7708333 0.3333333 0.7916667 0.3333333 0.7916667 0.4166666 0.7708333 0.4166666 0.7916667 0.4166666 0.7916667 0.5 0.7916667 0.5 0.8125 0.5 0.8125 0.5833333 0.7916667 0.5833333 0.8125 0.5833333 0.8125 0.6666667 0.7916667 0.6666667 0.8125 0.6666667 0.8125 0.75 0.7916667 0.75 0.8125 0.75 0.8125 0.8333333 0.7916667 0.8333333 0.8125 0.8333333 0.8125 0.9166667 0.7916667 0.9166667 0.8125 0.9166667 0.8125 1 0.7916667 0 0.8125 0 0.8125 0.08333331 0.7916667 0.08333331 0.8125 0.08333331 0.8125 0.1666666 0.7916667 0.1666666 0.8125 0.1666666 0.8125 0.25 0.7916667 0.25 0.8125 0.25 0.8125 0.3333333 0.7916667 0.3333333 0.8125 0.3333333 0.8125 0.4166666 0.7916667 0.4166666 0.8125 0.4166666 0.8125 0.5 0.8125 0.5 0.8333333 0.5 0.8333333 0.5833333 0.8125 0.5833333 0.8333333 0.5833333 0.8333333 0.6666667 0.8125 0.6666667 0.8333333 0.6666667 0.8333333 0.75 0.8125 0.75 0.8333333 0.75 0.8333333 0.8333333 0.8125 0.8333333 0.8333333 0.8333333 0.8333333 0.9166667 0.8125 0.9166667 0.8333333 0.9166667 0.8333333 1 0.8125 0 0.8333333 0 0.8333333 0.08333331 0.8125 0.08333331 0.8333333 0.08333331 0.8333333 0.1666666 0.8125 0.1666666 0.8333333 0.1666666 0.8333333 0.25 0.8125 0.25 0.8333333 0.25 0.8333333 0.3333333 0.8125 0.3333333 0.8333333 0.3333333 0.8333333 0.4166666 0.8125 0.4166666 0.8333333 0.4166666 0.8333333 0.5 0.8333333 0.5 0.8541667 0.5 0.8541667 0.5833333 0.8333333 0.5833333 0.8541667 0.5833333 0.8541667 0.6666667 0.8333333 0.6666667 0.8541667 0.6666667 0.8541667 0.75 0.8333333 0.75 0.8541667 0.75 0.8541667 0.8333333 0.8333333 0.8333333 0.8541667 0.8333333 0.8541667 0.9166667 0.8333333 0.9166667 0.8541667 0.9166667 0.8541667 1 0.8333333 0 0.8541667 0 0.8541667 0.08333331 0.8333333 0.08333331 0.8541667 0.08333331 0.8541667 0.1666666 0.8333333 0.1666666 0.8541667 0.1666666 0.8541667 0.25 0.8333333 0.25 0.8541667 0.25 0.8541667 0.3333333 0.8333333 0.3333333 0.8541667 0.3333333 0.8541667 0.4166666 0.8333333 0.4166666 0.8541667 0.4166666 0.8541667 0.5 0.8541667 0.5 0.875 0.5 0.875 0.5833333 0.8541667 0.5833333 0.875 0.5833333 0.875 0.6666667 0.8541667 0.6666667 0.875 0.6666667 0.875 0.75 0.8541667 0.75 0.875 0.75 0.875 0.8333333 0.8541667 0.8333333 0.875 0.8333333 0.875 0.9166667 0.8541667 0.9166667 0.875 0.9166667 0.875 1 0.8541667 0 0.875 0 0.875 0.08333331 0.8541667 0.08333331 0.875 0.08333331 0.875 0.1666666 0.8541667 0.1666666 0.875 0.1666666 0.875 0.25 0.8541667 0.25 0.875 0.25 0.875 0.3333333 0.8541667 0.3333333 0.875 0.3333333 0.875 0.4166666 0.8541667 0.4166666 0.875 0.4166666 0.875 0.5 0.875 0.5 0.8958333 0.5 0.8958333 0.5833333 0.875 0.5833333 0.8958333 0.5833333 0.8958333 0.6666667 0.875 0.6666667 0.8958333 0.6666667 0.8958333 0.75 0.875 0.75 0.8958333 0.75 0.8958333 0.8333333 0.875 0.8333333 0.8958333 0.8333333 0.8958333 0.9166667 0.875 0.9166667 0.8958333 0.9166667 0.8958333 1 0.875 0 0.8958333 0 0.8958333 0.08333331 0.875 0.08333331 0.8958333 0.08333331 0.8958333 0.1666666 0.875 0.1666666 0.8958333 0.1666666 0.8958333 0.25 0.875 0.25 0.8958333 0.25 0.8958333 0.3333333 0.875 0.3333333 0.8958333 0.3333333 0.8958333 0.4166666 0.875 0.4166666 0.8958333 0.4166666 0.8958333 0.5 0.8958333 0.5 0.9166667 0.5 0.9166667 0.5833333 0.8958333 0.5833333 0.9166667 0.5833333 0.9166667 0.6666667 0.8958333 0.6666667 0.9166667 0.6666667 0.9166667 0.75 0.8958333 0.75 0.9166667 0.75 0.9166667 0.8333333 0.8958333 0.8333333 0.9166667 0.8333333 0.9166667 0.9166667 0.8958333 0.9166667 0.9166667 0.9166667 0.9166667 1 0.8958333 0 0.9166667 0 0.9166667 0.08333331 0.8958333 0.08333331 0.9166667 0.08333331 0.9166667 0.1666666 0.8958333 0.1666666 0.9166667 0.1666666 0.9166667 0.25 0.8958333 0.25 0.9166667 0.25 0.9166667 0.3333333 0.8958333 0.3333333 0.9166667 0.3333333 0.9166667 0.4166666 0.8958333 0.4166666 0.9166667 0.4166666 0.9166667 0.5 0.9166667 0.5 0.9375 0.5 0.9375 0.5833333 0.9166667 0.5833333 0.9375 0.5833333 0.9375 0.6666667 0.9166667 0.6666667 0.9375 0.6666667 0.9375 0.75 0.9166667 0.75 0.9375 0.75 0.9375 0.8333333 0.9166667 0.8333333 0.9375 0.8333333 0.9375 0.9166667 0.9166667 0.9166667 0.9375 0.9166667 0.9375 1 0.9166667 0 0.9375 0 0.9375 0.08333331 0.9166667 0.08333331 0.9375 0.08333331 0.9375 0.1666666 0.9166667 0.1666666 0.9375 0.1666666 0.9375 0.25 0.9166667 0.25 0.9375 0.25 0.9375 0.3333333 0.9166667 0.3333333 0.9375 0.3333333 0.9375 0.4166666 0.9166667 0.4166666 0.9375 0.4166666 0.9375 0.5 0.9375 0.5 0.9583333 0.5 0.9583333 0.5833333 0.9375 0.5833333 0.9583333 0.5833333 0.9583333 0.6666667 0.9375 0.6666667 0.9583333 0.6666667 0.9583333 0.75 0.9375 0.75 0.9583333 0.75 0.9583333 0.8333333 0.9375 0.8333333 0.9583333 0.8333333 0.9583333 0.9166667 0.9375 0.9166667 0.9583333 0.9166667 0.9583333 1 0.9375 0 0.9583333 0 0.9583333 0.08333331 0.9375 0.08333331 0.9583333 0.08333331 0.9583333 0.1666666 0.9375 0.1666666 0.9583333 0.1666666 0.9583333 0.25 0.9375 0.25 0.9583333 0.25 0.9583333 0.3333333 0.9375 0.3333333 0.9583333 0.3333333 0.9583333 0.4166666 0.9375 0.4166666 0.9583333 0.4166666 0.9583333 0.5 0.9583333 0.5 0.9791667 0.5 0.9791667 0.5833333 0.9583333 0.5833333 0.9791667 0.5833333 0.9791667 0.6666667 0.9583333 0.6666667 0.9791667 0.6666667 0.9791667 0.75 0.9583333 0.75 0.9791667 0.75 0.9791667 0.8333333 0.9583333 0.8333333 0.9791667 0.8333333 0.9791667 0.9166667 0.9583333 0.9166667 0.9791667 0.9166667 0.9791667 1 0.9583333 0 0.9791667 0 0.9791667 0.08333331 0.9583333 0.08333331 0.9791667 0.08333331 0.9791667 0.1666666 0.9583333 0.1666666 0.9791667 0.1666666 0.9791667 0.25 0.9583333 0.25 0.9791667 0.25 0.9791667 0.3333333 0.9583333 0.3333333 0.9791667 0.3333333 0.9791667 0.4166666 0.9583333 0.4166666 0.9791667 0.4166666 0.9791667 0.5 0.9791667 0.5 1 0.5 1 0.5833333 0.9791667 0.5833333 1 0.5833333 1 0.6666667 0.9791667 0.6666667 1 0.6666667 1 0.75 0.9791667 0.75 1 0.75 1 0.8333333 0.9791667 0.8333333 1 0.8333333 1 0.9166667 0.9791667 0.9166667 1 0.9166667 1 1 0.9791667 0 1 0 1 0.08333331 0.9791667 0.08333331 1 0.08333331 1 0.1666666 0.9791667 0.1666666 1 0.1666666 1 0.25 0.9791667 0.25 1 0.25 1 0.3333333 0.9791667 0.3333333 1 0.3333333 1 0.4166666 0.9791667 0.4166666 1 0.4166666 1 0.5 0 0.5 0.02083331 0.5 0.02083331 0.5833333 0 0.5833333 0.02083331 0.5833333 0.02083331 0.6666667 0 0.6666667 0.02083331 0.6666667 0.02083331 0.75 0 0.75 0.02083331 0.75 0.02083331 0.8333333 0 0.8333333 0.02083331 0.8333333 0.02083331 0.9166667 0 0.9166667 0.02083331 0.9166667 0.02083331 1 0 0 0.02083331 0 0.02083331 0.08333331 0 0.08333331 0.02083331 0.08333331 0.02083331 0.1666666 0 0.1666666 0.02083331 0.1666666 0.02083331 0.25 0 0.25 0.02083331 0.25 0.02083331 0.3333333 0 0.3333333 0.02083331 0.3333333 0.02083331 0.4166666 0 0.4166666 0.02083331 0.4166666 0.02083331 0.5 0.02083331 0.5 0.04166662 0.5 0.04166662 0.5833333 0.02083331 0.5833333 0.04166662 0.5833333 0.04166662 0.6666667 0.02083331 0.6666667 0.04166662 0.6666667 0.04166662 0.75 0.02083331 0.75 0.04166662 0.75 0.04166662 0.8333333 0.02083331 0.8333333 0.04166662 0.8333333 0.04166662 0.9166667 0.02083331 0.9166667 0.04166662 0.9166667 0.04166662 1 0.02083331 0 0.04166662 0 0.04166662 0.08333331 0.02083331 0.08333331 0.04166662 0.08333331 0.04166662 0.1666666 0.02083331 0.1666666 0.04166662 0.1666666 0.04166662 0.25 0.02083331 0.25 0.04166662 0.25 0.04166662 0.3333333 0.02083331 0.3333333 0.04166662 0.3333333 0.04166662 0.4166666 0.02083331 0.4166666 0.04166662 0.4166666 0.04166662 0.5 0.04166662 0.5 0.0625 0.5 0.0625 0.5833333 0.04166662 0.5833333 0.0625 0.5833333 0.0625 0.6666667 0.04166662 0.6666667 0.0625 0.6666667 0.0625 0.75 0.04166662 0.75 0.0625 0.75 0.0625 0.8333333 0.04166662 0.8333333 0.0625 0.8333333 0.0625 0.9166667 0.04166662 0.9166667 0.0625 0.9166667 0.0625 1 0.04166662 0 0.0625 0 0.0625 0.08333331 0.04166662 0.08333331 0.0625 0.08333331 0.0625 0.1666666 0.04166662 0.1666666 0.0625 0.1666666 0.0625 0.25 0.04166662 0.25 0.0625 0.25 0.0625 0.3333333 0.04166662 0.3333333 0.0625 0.3333333 0.0625 0.4166666 0.04166662 0.4166666 0.0625 0.4166666 0.0625 0.5 0.0625 0.5 0.08333331 0.5 0.08333331 0.5833333 0.0625 0.5833333 0.08333331 0.5833333 0.08333331 0.6666667 0.0625 0.6666667 0.08333331 0.6666667 0.08333331 0.75 0.0625 0.75 0.08333331 0.75 0.08333331 0.8333333 0.0625 0.8333333 0.08333331 0.8333333 0.08333331 0.9166667 0.0625 0.9166667 0.08333331 0.9166667 0.08333331 1 0.0625 0 0.08333331 0 0.08333331 0.08333331 0.0625 0.08333331 0.08333331 0.08333331 0.08333331 0.1666666 0.0625 0.1666666 0.08333331 0.1666666 0.08333331 0.25 0.0625 0.25 0.08333331 0.25 0.08333331 0.3333333 0.0625 0.3333333 0.08333331 0.3333333 0.08333331 0.4166666 0.0625 0.4166666 0.08333331 0.4166666 0.08333331 0.5 0.08333331 0.5 0.1041666 0.5 0.1041666 0.5833333 0.08333331 0.5833333 0.1041666 0.5833333 0.1041666 0.6666667 0.08333331 0.6666667 0.1041666 0.6666667 0.1041666 0.75 0.08333331 0.75 0.1041666 0.75 0.1041666 0.8333333 0.08333331 0.8333333 0.1041666 0.8333333 0.1041666 0.9166667 0.08333331 0.9166667 0.1041666 0.9166667 0.1041666 1 0.08333331 0 0.1041666 0 0.1041666 0.08333331 0.08333331 0.08333331 0.1041666 0.08333331 0.1041666 0.1666666 0.08333331 0.1666666 0.1041666 0.1666666 0.1041666 0.25 0.08333331 0.25 0.1041666 0.25 0.1041666 0.3333333 0.08333331 0.3333333 0.1041666 0.3333333 0.1041666 0.4166666 0.08333331 0.4166666 0.1041666 0.4166666 0.1041666 0.5 0.1041666 0.5 0.125 0.5 0.125 0.5833333 0.1041666 0.5833333 0.125 0.5833333 0.125 0.6666667 0.1041666 0.6666667 0.125 0.6666667 0.125 0.75 0.1041666 0.75 0.125 0.75 0.125 0.8333333 0.1041666 0.8333333 0.125 0.8333333 0.125 0.9166667 0.1041666 0.9166667 0.125 0.9166667 0.125 1 0.1041666 0 0.125 0 0.125 0.08333331 0.1041666 0.08333331 0.125 0.08333331 0.125 0.1666666 0.1041666 0.1666666 0.125 0.1666666 0.125 0.25 0.1041666 0.25 0.125 0.25 0.125 0.3333333 0.1041666 0.3333333 0.125 0.3333333 0.125 0.4166666 0.1041666 0.4166666 0.125 0.4166666 0.125 0.5 0.125 0.5 0.1458333 0.5 0.1458333 0.5833333 0.125 0.5833333 0.1458333 0.5833333 0.1458333 0.6666667 0.125 0.6666667 0.1458333 0.6666667 0.1458333 0.75 0.125 0.75 0.1458333 0.75 0.1458333 0.8333333 0.125 0.8333333 0.1458333 0.8333333 0.1458333 0.9166667 0.125 0.9166667 0.1458333 0.9166667 0.1458333 1 0.125 0 0.1458333 0 0.1458333 0.08333331 0.125 0.08333331 0.1458333 0.08333331 0.1458333 0.1666666 0.125 0.1666666 0.1458333 0.1666666 0.1458333 0.25 0.125 0.25 0.1458333 0.25 0.1458333 0.3333333 0.125 0.3333333 0.1458333 0.3333333 0.1458333 0.4166666 0.125 0.4166666 0.1458333 0.4166666 0.1458333 0.5 0.1458333 0.5 0.1666666 0.5 0.1666666 0.5833333 0.1458333 0.5833333 0.1666666 0.5833333 0.1666666 0.6666667 0.1458333 0.6666667 0.1666666 0.6666667 0.1666666 0.75 0.1458333 0.75 0.1666666 0.75 0.1666666 0.8333333 0.1458333 0.8333333 0.1666666 0.8333333 0.1666666 0.9166667 0.1458333 0.9166667 0.1666666 0.9166667 0.1666666 1 0.1458333 0 0.1666666 0 0.1666666 0.08333331 0.1458333 0.08333331 0.1666666 0.08333331 0.1666666 0.1666666 0.1458333 0.1666666 0.1666666 0.1666666 0.1666666 0.25 0.1458333 0.25 0.1666666 0.25 0.1666666 0.3333333 0.1458333 0.3333333 0.1666666 0.3333333 0.1666666 0.4166666 0.1458333 0.4166666 0.1666666 0.4166666 0.1666666 0.5 0.1666666 0.5 0.1875 0.5 0.1875 0.5833333 0.1666666 0.5833333 0.1875 0.5833333 0.1875 0.6666667 0.1666666 0.6666667 0.1875 0.6666667 0.1875 0.75 0.1666666 0.75 0.1875 0.75 0.1875 0.8333333 0.1666666 0.8333333 0.1875 0.8333333 0.1875 0.9166667 0.1666666 0.9166667 0.1875 0.9166667 0.1875 1 0.1666666 0 0.1875 0 0.1875 0.08333331 0.1666666 0.08333331 0.1875 0.08333331 0.1875 0.1666666 0.1666666 0.1666666 0.1875 0.1666666 0.1875 0.25 0.1666666 0.25 0.1875 0.25 0.1875 0.3333333 0.1666666 0.3333333 0.1875 0.3333333 0.1875 0.4166666 0.1666666 0.4166666 0.1875 0.4166666 0.1875 0.5 0.1875 0.5 0.2083333 0.5 0.2083333 0.5833333 0.1875 0.5833333 0.2083333 0.5833333 0.2083333 0.6666667 0.1875 0.6666667 0.2083333 0.6666667 0.2083333 0.75 0.1875 0.75 0.2083333 0.75 0.2083333 0.8333333 0.1875 0.8333333 0.2083333 0.8333333 0.2083333 0.9166667 0.1875 0.9166667 0.2083333 0.9166667 0.2083333 1 0.1875 0 0.2083333 0 0.2083333 0.08333331 0.1875 0.08333331 0.2083333 0.08333331 0.2083333 0.1666666 0.1875 0.1666666 0.2083333 0.1666666 0.2083333 0.25 0.1875 0.25 0.2083333 0.25 0.2083333 0.3333333 0.1875 0.3333333 0.2083333 0.3333333 0.2083333 0.4166666 0.1875 0.4166666 0.2083333 0.4166666 0.2083333 0.5 0.2083333 0.5 0.2291666 0.5 0.2291666 0.5833333 0.2083333 0.5833333 0.2291666 0.5833333 0.2291666 0.6666667 0.2083333 0.6666667 0.2291666 0.6666667 0.2291666 0.75 0.2083333 0.75 0.2291666 0.75 0.2291666 0.8333333 0.2083333 0.8333333 0.2291666 0.8333333 0.2291666 0.9166667 0.2083333 0.9166667 0.2291666 0.9166667 0.2291666 1 0.2083333 0 0.2291666 0 0.2291666 0.08333331 0.2083333 0.08333331 0.2291666 0.08333331 0.2291666 0.1666666 0.2083333 0.1666666 0.2291666 0.1666666 0.2291666 0.25 0.2083333 0.25 0.2291666 0.25 0.2291666 0.3333333 0.2083333 0.3333333 0.2291666 0.3333333 0.2291666 0.4166666 0.2083333 0.4166666 0.2291666 0.4166666 0.2291666 0.5 0.2291666 0.5 0.25 0.5 0.25 0.5833333 0.2291666 0.5833333 0.25 0.5833333 0.25 0.6666667 0.2291666 0.6666667 0.25 0.6666667 0.25 0.75 0.2291666 0.75 0.25 0.75 0.25 0.8333333 0.2291666 0.8333333 0.25 0.8333333 0.25 0.9166667 0.2291666 0.9166667 0.25 0.9166667 0.25 1 0.2291666 0 0.25 0 0.25 0.08333331 0.2291666 0.08333331 0.25 0.08333331 0.25 0.1666666 0.2291666 0.1666666 0.25 0.1666666 0.25 0.25 0.2291666 0.25 0.25 0.25 0.25 0.3333333 0.2291666 0.3333333 0.25 0.3333333 0.25 0.4166666 0.2291666 0.4166666 0.25 0.4166666 0.25 0.5 0.25 0.5 0.2708333 0.5 0.2708333 0.5833333 0.25 0.5833333 0.2708333 0.5833333 0.2708333 0.6666667 0.25 0.6666667 0.2708333 0.6666667 0.2708333 0.75 0.25 0.75 0.2708333 0.75 0.2708333 0.8333333 0.25 0.8333333 0.2708333 0.8333333 0.2708333 0.9166667 0.25 0.9166667 0.2708333 0.9166667 0.2708333 1 0.25 0 0.2708333 0 0.2708333 0.08333331 0.25 0.08333331 0.2708333 0.08333331 0.2708333 0.1666666 0.25 0.1666666 0.2708333 0.1666666 0.2708333 0.25 0.25 0.25 0.2708333 0.25 0.2708333 0.3333333 0.25 0.3333333 0.2708333 0.3333333 0.2708333 0.4166666 0.25 0.4166666 0.2708333 0.4166666 0.2708333 0.5 0.2708333 0.5 0.2916666 0.5 0.2916666 0.5833333 0.2708333 0.5833333 0.2916666 0.5833333 0.2916666 0.6666667 0.2708333 0.6666667 0.2916666 0.6666667 0.2916666 0.75 0.2708333 0.75 0.2916666 0.75 0.2916666 0.8333333 0.2708333 0.8333333 0.2916666 0.8333333 0.2916666 0.9166667 0.2708333 0.9166667 0.2916666 0.9166667 0.2916666 1 0.2708333 0 0.2916666 0 0.2916666 0.08333331 0.2708333 0.08333331 0.2916666 0.08333331 0.2916666 0.1666666 0.2708333 0.1666666 0.2916666 0.1666666 0.2916666 0.25 0.2708333 0.25 0.2916666 0.25 0.2916666 0.3333333 0.2708333 0.3333333 0.2916666 0.3333333 0.2916666 0.4166666 0.2708333 0.4166666 0.2916666 0.4166666 0.2916666 0.5 0.2916666 0.5 0.3125 0.5 0.3125 0.5833333 0.2916666 0.5833333 0.3125 0.5833333 0.3125 0.6666667 0.2916666 0.6666667 0.3125 0.6666667 0.3125 0.75 0.2916666 0.75 0.3125 0.75 0.3125 0.8333333 0.2916666 0.8333333 0.3125 0.8333333 0.3125 0.9166667 0.2916666 0.9166667 0.3125 0.9166667 0.3125 1 0.2916666 0 0.3125 0 0.3125 0.08333331 0.2916666 0.08333331 0.3125 0.08333331 0.3125 0.1666666 0.2916666 0.1666666 0.3125 0.1666666 0.3125 0.25 0.2916666 0.25 0.3125 0.25 0.3125 0.3333333 0.2916666 0.3333333 0.3125 0.3333333 0.3125 0.4166666 0.2916666 0.4166666 0.3125 0.4166666 0.3125 0.5 0.3125 0.5 0.3333333 0.5 0.3333333 0.5833333 0.3125 0.5833333 0.3333333 0.5833333 0.3333333 0.6666667 0.3125 0.6666667 0.3333333 0.6666667 0.3333333 0.75 0.3125 0.75 0.3333333 0.75 0.3333333 0.8333333 0.3125 0.8333333 0.3333333 0.8333333 0.3333333 0.9166667 0.3125 0.9166667 0.3333333 0.9166667 0.3333333 1 0.3125 0 0.3333333 0 0.3333333 0.08333331 0.3125 0.08333331 0.3333333 0.08333331 0.3333333 0.1666666 0.3125 0.1666666 0.3333333 0.1666666 0.3333333 0.25 0.3125 0.25 0.3333333 0.25 0.3333333 0.3333333 0.3125 0.3333333 0.3333333 0.3333333 0.3333333 0.4166666 0.3125 0.4166666 0.3333333 0.4166666 0.3333333 0.5 0.3333333 0.5 0.3541666 0.5 0.3541666 0.5833333 0.3333333 0.5833333 0.3541666 0.5833333 0.3541666 0.6666667 0.3333333 0.6666667 0.3541666 0.6666667 0.3541666 0.75 0.3333333 0.75 0.3541666 0.75 0.3541666 0.8333333 0.3333333 0.8333333 0.3541666 0.8333333 0.3541666 0.9166667 0.3333333 0.9166667 0.3541666 0.9166667 0.3541666 1 0.3333333 0 0.3541666 0 0.3541666 0.08333331 0.3333333 0.08333331 0.3541666 0.08333331 0.3541666 0.1666666 0.3333333 0.1666666 0.3541666 0.1666666 0.3541666 0.25 0.3333333 0.25 0.3541666 0.25 0.3541666 0.3333333 0.3333333 0.3333333 0.3541666 0.3333333 0.3541666 0.4166666 0.3333333 0.4166666 0.3541666 0.4166666 0.3541666 0.5 0.3541666 0.5 0.375 0.5 0.375 0.5833333 0.3541666 0.5833333 0.375 0.5833333 0.375 0.6666667 0.3541666 0.6666667 0.375 0.6666667 0.375 0.75 0.3541666 0.75 0.375 0.75 0.375 0.8333333 0.3541666 0.8333333 0.375 0.8333333 0.375 0.9166667 0.3541666 0.9166667 0.375 0.9166667 0.375 1 0.3541666 0 0.375 0 0.375 0.08333331 0.3541666 0.08333331 0.375 0.08333331 0.375 0.1666666 0.3541666 0.1666666 0.375 0.1666666 0.375 0.25 0.3541666 0.25 0.375 0.25 0.375 0.3333333 0.3541666 0.3333333 0.375 0.3333333 0.375 0.4166666 0.3541666 0.4166666 0.375 0.4166666 0.375 0.5 0.375 0.5 0.3958333 0.5 0.3958333 0.5833333 0.375 0.5833333 0.3958333 0.5833333 0.3958333 0.6666667 0.375 0.6666667 0.3958333 0.6666667 0.3958333 0.75 0.375 0.75 0.3958333 0.75 0.3958333 0.8333333 0.375 0.8333333 0.3958333 0.8333333 0.3958333 0.9166667 0.375 0.9166667 0.3958333 0.9166667 0.3958333 1 0.375 0 0.3958333 0 0.3958333 0.08333331 0.375 0.08333331 0.3958333 0.08333331 0.3958333 0.1666666 0.375 0.1666666 0.3958333 0.1666666 0.3958333 0.25 0.375 0.25 0.3958333 0.25 0.3958333 0.3333333 0.375 0.3333333 0.3958333 0.3333333 0.3958333 0.4166666 0.375 0.4166666 0.3958333 0.4166666 0.3958333 0.5 0.3958333 0.5 0.4166666 0.5 0.4166666 0.5833333 0.3958333 0.5833333 0.4166666 0.5833333 0.4166666 0.6666667 0.3958333 0.6666667 0.4166666 0.6666667 0.4166666 0.75 0.3958333 0.75 0.4166666 0.75 0.4166666 0.8333333 0.3958333 0.8333333 0.4166666 0.8333333 0.4166666 0.9166667 0.3958333 0.9166667 0.4166666 0.9166667 0.4166666 1 0.3958333 0 0.4166666 0 0.4166666 0.08333331 0.3958333 0.08333331 0.4166666 0.08333331 0.4166666 0.1666666 0.3958333 0.1666666 0.4166666 0.1666666 0.4166666 0.25 0.3958333 0.25 0.4166666 0.25 0.4166666 0.3333333 0.3958333 0.3333333 0.4166666 0.3333333 0.4166666 0.4166666 0.3958333 0.4166666 0.4166666 0.4166666 0.4166666 0.5 0.4166666 0.5 0.4375 0.5 0.4375 0.5833333 0.4166666 0.5833333 0.4375 0.5833333 0.4375 0.6666667 0.4166666 0.6666667 0.4375 0.6666667 0.4375 0.75 0.4166666 0.75 0.4375 0.75 0.4375 0.8333333 0.4166666 0.8333333 0.4375 0.8333333 0.4375 0.9166667 0.4166666 0.9166667 0.4375 0.9166667 0.4375 1 0.4166666 0 0.4375 0 0.4375 0.08333331 0.4166666 0.08333331 0.4375 0.08333331 0.4375 0.1666666 0.4166666 0.1666666 0.4375 0.1666666 0.4375 0.25 0.4166666 0.25 0.4375 0.25 0.4375 0.3333333 0.4166666 0.3333333 0.4375 0.3333333 0.4375 0.4166666 0.4166666 0.4166666 0.4375 0.4166666 0.4375 0.5 0.4375 0.5 0.4583333 0.5 0.4583333 0.5833333 0.4375 0.5833333 0.4583333 0.5833333 0.4583333 0.6666667 0.4375 0.6666667 0.4583333 0.6666667 0.4583333 0.75 0.4375 0.75 0.4583333 0.75 0.4583333 0.8333333 0.4375 0.8333333 0.4583333 0.8333333 0.4583333 0.9166667 0.4375 0.9166667 0.4583333 0.9166667 0.4583333 1 0.4375 0 0.4583333 0 0.4583333 0.08333331 0.4375 0.08333331 0.4583333 0.08333331 0.4583333 0.1666666 0.4375 0.1666666 0.4583333 0.1666666 0.4583333 0.25 0.4375 0.25 0.4583333 0.25 0.4583333 0.3333333 0.4375 0.3333333 0.4583333 0.3333333 0.4583333 0.4166666 0.4375 0.4166666 0.4583333 0.4166666 0.4583333 0.5 0.4583333 0.5 0.4791666 0.5 0.4791666 0.5833333 0.4583333 0.5833333 0.4791666 0.5833333 0.4791666 0.6666667 0.4583333 0.6666667 0.4791666 0.6666667 0.4791666 0.75 0.4583333 0.75 0.4791666 0.75 0.4791666 0.8333333 0.4583333 0.8333333 0.4791666 0.8333333 0.4791666 0.9166667 0.4583333 0.9166667 0.4791666 0.9166667 0.4791666 1 0.4583333 0 0.4791666 0 0.4791666 0.08333331 0.4583333 0.08333331 0.4791666 0.08333331 0.4791666 0.1666666 0.4583333 0.1666666 0.4791666 0.1666666 0.4791666 0.25 0.4583333 0.25 0.4791666 0.25 0.4791666 0.3333333 0.4583333 0.3333333 0.4791666 0.3333333 0.4791666 0.4166666 0.4583333 0.4166666 0.4791666 0.4166666 0.4791666 0.5 0.4791666 0.5 0.5 0.5 0.5 0.5833333 0.4791666 0.5833333 0.5 0.5833333 0.5 0.6666667 0.4791666 0.6666667 0.5 0.6666667 0.5 0.75 0.4791666 0.75 0.5 0.75 0.5 0.8333333 0.4791666 0.8333333 0.5 0.8333333 0.5 0.9166667 0.4791666 0.9166667 0.5 0.9166667 0.5 1 0.4791666 0 0.5 0 0.5 0.08333331 0.4791666 0.08333331 0.5 0.08333331 0.5 0.1666666 0.4791666 0.1666666 0.5 0.1666666 0.5 0.25 0.4791666 0.25 0.5 0.25 0.5 0.3333333 0.4791666 0.3333333 0.5 0.3333333 0.5 0.4166666 0.4791666 0.4166666 0.5 0.4166666 0.5 0.5 0.375 0 0.625 0 0.625 0.25 0.375 0.25 0.625 0.25 0.625 0.5 0.375 0.5 0.625 0.5 0.625 0.75 0.375 0.75 0.625 0.75 0.625 1 0.125 0.5 0.375 0.5 0.375 0.75 0.625 0.5 0.875 0.5 0.875 0.75 0.375 0 0.625 0 0.625 0.25 0.375 0.25 0.625 0.25 0.625 0.5 0.375 0.5 0.625 0.5 0.625 0.75 0.375 0.75 0.625 0.75 0.625 1 0.125 0.5 0.375 0.5 0.375 0.75 0.625 0.5 0.875 0.5 0.875 0.75 0.375 0 0.625 0 0.625 0.25 0.375 0.25 0.625 0.25 0.625 0.5 0.375 0.5 0.625 0.5 0.625 0.75 0.375 0.75 0.625 0.75 0.625 1 0.125 0.5 0.375 0.5 0.375 0.75 0.625 0.5 0.875 0.5 0.875 0.75</float_array>
          <technique_common>
            <accessor source="#Cube_012-mesh-map-0-array" count="3600" stride="2">
              <param name="S" type="float"/>
              <param name="T" type="float"/>
            </accessor>
          </technique_common>
        </source>
        <vertices id="Cube_012-mesh-vertices">
          <input semantic="POSITION" source="#Cube_012-mesh-positions"/>
        </vertices>
        <triangles material="Material-material" count="1200">
          <input semantic="VERTEX" source="#Cube_012-mesh-vertices" offset="0"/>
          <input semantic="NORMAL" source="#Cube_012-mesh-normals" offset="1"/>
          <input semantic="TEXCOORD" source="#Cube_012-mesh-map-0" offset="2" set="0"/>
          <p>0 0 0 3 0 1 2 0 2 2 1 3 7 1 4 6 1 5 6 2 6 5 2 7 4 2 8 4 3 9 1 3 10 0 3 11 2 4 12 4 4 13 0 4 14 7 5 15 1 5 16 5 5 17 8 6 18 21 7 19 9 8 20 9 8 21 22 9 22 10 10 23 10 10 24 23 11 25 11 12 26 11 12 27 24 13 28 12 14 29 12 14 30 25 15 31 13 16 32 13 16 33 26 17 34 14 18 35 14 18 36 27 19 37 15 20 38 15 20 39 28 21 40 16 22 41 16 22 42 29 23 43 17 24 44 17 24 45 30 25 46 18 26 47 18 26 48 31 27 49 19 28 50 19 28 51 20 29 52 8 6 53 20 29 54 33 30 55 21 7 56 21 7 57 34 31 58 22 9 59 22 9 60 35 32 61 23 11 62 23 11 63 36 33 64 24 13 65 24 13 66 37 34 67 25 15 68 25 15 69 38 35 70 26 17 71 26 17 72 39 36 73 27 19 74 27 19 75 40 37 76 28 21 77 28 21 78 41 38 79 29 23 80 29 23 81 42 39 82 30 25 83 30 25 84 43 40 85 31 27 86 31 27 87 32 41 88 20 29 89 32 41 90 45 42 91 33 30 92 33 30 93 46 43 94 34 31 95 34 31 96 47 44 97 35 32 98 35 32 99 48 45 100 36 33 101 36 33 102 49 46 103 37 34 104 37 34 105 50 47 106 38 35 107 38 35 108 51 48 109 39 36 110 39 36 111 52 49 112 40 37 113 40 37 114 53 50 115 41 38 116 41 38 117 54 51 118 42 39 119 42 39 120 55 52 121 43 40 122 43 40 123 44 53 124 32 41 125 44 53 126 57 54 127 45 42 128 45 42 129 58 55 130 46 43 131 46 43 132 59 56 133 47 44 134 47 44 135 60 57 136 48 45 137 48 45 138 61 58 139 49 46 140 49 46 141 62 59 142 50 47 143 50 47 144 63 60 145 51 48 146 51 48 147 64 61 148 52 49 149 52 49 150 65 62 151 53 50 152 53 50 153 66 63 154 54 51 155 54 51 156 67 64 157 55 52 158 55 52 159 56 65 160 44 53 161 56 65 162 69 66 163 57 54 164 57 54 165 70 67 166 58 55 167 58 55 168 71 68 169 59 56 170 59 56 171 72 69 172 60 57 173 60 57 174 73 70 175 61 58 176 61 58 177 74 71 178 62 59 179 62 59 180 75 72 181 63 60 182 63 60 183 76 73 184 64 61 185 64 61 186 77 74 187 65 62 188 65 62 189 78 75 190 66 63 191 66 63 192 79 76 193 67 64 194 67 64 195 68 77 196 56 65 197 68 77 198 81 78 199 69 66 200 69 66 201 82 79 202 70 67 203 70 67 204 83 80 205 71 68 206 71 68 207 84 81 208 72 69 209 72 69 210 85 82 211 73 70 212 73 70 213 86 83 214 74 71 215 74 71 216 87 84 217 75 72 218 75 72 219 88 85 220 76 73 221 76 73 222 89 86 223 77 74 224 77 74 225 90 87 226 78 75 227 78 75 228 91 88 229 79 76 230 79 76 231 80 89 232 68 77 233 80 89 234 93 90 235 81 78 236 81 78 237 94 91 238 82 79 239 82 79 240 95 92 241 83 80 242 83 80 243 96 93 244 84 81 245 84 81 246 97 94 247 85 82 248 85 82 249 98 95 250 86 83 251 86 83 252 99 96 253 87 84 254 87 84 255 100 97 256 88 85 257 88 85 258 101 98 259 89 86 260 89 86 261 102 99 262 90 87 263 90 87 264 103 100 265 91 88 266 91 88 267 92 101 268 80 89 269 92 101 270 105 102 271 93 90 272 93 90 273 106 103 274 94 91 275 94 91 276 107 104 277 95 92 278 95 92 279 108 105 280 96 93 281 96 93 282 109 106 283 97 94 284 97 94 285 110 107 286 98 95 287 98 95 288 111 108 289 99 96 290 99 96 291 112 109 292 100 97 293 100 97 294 113 110 295 101 98 296 101 98 297 114 111 298 102 99 299 102 99 300 115 112 301 103 100 302 103 100 303 104 113 304 92 101 305 104 113 306 117 114 307 105 102 308 105 102 309 118 115 310 106 103 311 106 103 312 119 116 313 107 104 314 107 104 315 120 117 316 108 105 317 108 105 318 121 118 319 109 106 320 109 106 321 122 119 322 110 107 323 110 107 324 123 120 325 111 108 326 111 108 327 124 121 328 112 109 329 112 109 330 125 122 331 113 110 332 113 110 333 126 123 334 114 111 335 114 111 336 127 124 337 115 112 338 115 112 339 116 125 340 104 113 341 116 125 342 129 126 343 117 114 344 117 114 345 130 127 346 118 115 347 118 115 348 131 128 349 119 116 350 119 116 351 132 129 352 120 117 353 120 117 354 133 130 355 121 118 356 121 118 357 134 131 358 122 119 359 122 119 360 135 132 361 123 120 362 123 120 363 136 133 364 124 121 365 124 121 366 137 134 367 125 122 368 125 122 369 138 135 370 126 123 371 126 123 372 139 136 373 127 124 374 127 124 375 128 137 376 116 125 377 128 137 378 141 138 379 129 126 380 129 126 381 142 139 382 130 127 383 130 127 384 143 140 385 131 128 386 131 128 387 144 141 388 132 129 389 132 129 390 145 142 391 133 130 392 133 130 393 146 143 394 134 131 395 134 131 396 147 144 397 135 132 398 135 132 399 148 145 400 136 133 401 136 133 402 149 146 403 137 134 404 137 134 405 150 147 406 138 135 407 138 135 408 151 148 409 139 136 410 139 136 411 140 149 412 128 137 413 140 149 414 153 150 415 141 138 416 141 138 417 154 151 418 142 139 419 142 139 420 155 152 421 143 140 422 143 140 423 156 153 424 144 141 425 144 141 426 157 154 427 145 142 428 145 142 429 158 155 430 146 143 431 146 143 432 159 156 433 147 144 434 147 144 435 160 157 436 148 145 437 148 145 438 161 158 439 149 146 440 149 146 441 162 159 442 150 147 443 150 147 444 163 160 445 151 148 446 151 148 447 152 161 448 140 149 449 152 161 450 165 162 451 153 150 452 153 150 453 166 163 454 154 151 455 154 151 456 167 164 457 155 152 458 155 152 459 168 165 460 156 153 461 156 153 462 169 166 463 157 154 464 157 154 465 170 167 466 158 155 467 158 155 468 171 168 469 159 156 470 159 156 471 172 169 472 160 157 473 160 157 474 173 170 475 161 158 476 161 158 477 174 171 478 162 159 479 162 159 480 175 172 481 163 160 482 163 160 483 164 173 484 152 161 485 164 173 486 177 174 487 165 162 488 165 162 489 178 175 490 166 163 491 166 163 492 179 176 493 167 164 494 167 164 495 180 177 496 168 165 497 168 165 498 181 178 499 169 166 500 169 166 501 182 179 502 170 167 503 170 167 504 183 180 505 171 168 506 171 168 507 184 181 508 172 169 509 172 169 510 185 182 511 173 170 512 173 170 513 186 183 514 174 171 515 174 171 516 187 184 517 175 172 518 175 172 519 176 185 520 164 173 521 176 185 522 189 186 523 177 174 524 177 174 525 190 187 526 178 175 527 178 175 528 191 188 529 179 176 530 179 176 531 192 189 532 180 177 533 180 177 534 193 190 535 181 178 536 181 178 537 194 191 538 182 179 539 182 179 540 195 192 541 183 180 542 183 180 543 196 193 544 184 181 545 184 181 546 197 194 547 185 182 548 185 182 549 198 195 550 186 183 551 186 183 552 199 196 553 187 184 554 187 184 555 188 197 556 176 185 557 188 197 558 201 198 559 189 186 560 189 186 561 202 199 562 190 187 563 190 187 564 203 200 565 191 188 566 191 188 567 204 201 568 192 189 569 192 189 570 205 202 571 193 190 572 193 190 573 206 203 574 194 191 575 194 191 576 207 204 577 195 192 578 195 192 579 208 205 580 196 193 581 196 193 582 209 206 583 197 194 584 197 194 585 210 207 586 198 195 587 198 195 588 211 208 589 199 196 590 199 196 591 200 209 592 188 197 593 200 209 594 213 210 595 201 198 596 201 198 597 214 211 598 202 199 599 202 199 600 215 212 601 203 200 602 203 200 603 216 213 604 204 201 605 204 201 606 217 214 607 205 202 608 205 202 609 218 215 610 206 203 611 206 203 612 219 216 613 207 204 614 207 204 615 220 217 616 208 205 617 208 205 618 221 218 619 209 206 620 209 206 621 222 219 622 210 207 623 210 207 624 223 220 625 211 208 626 211 208 627 212 221 628 200 209 629 212 221 630 225 222 631 213 210 632 213 210 633 226 223 634 214 211 635 214 211 636 227 224 637 215 212 638 215 212 639 228 225 640 216 213 641 216 213 642 229 226 643 217 214 644 217 214 645 230 227 646 218 215 647 218 215 648 231 228 649 219 216 650 219 216 651 232 229 652 220 217 653 220 217 654 233 230 655 221 218 656 221 218 657 234 231 658 222 219 659 222 219 660 235 232 661 223 220 662 223 220 663 224 233 664 212 221 665 224 233 666 237 234 667 225 222 668 225 222 669 238 235 670 226 223 671 226 223 672 239 236 673 227 224 674 227 224 675 240 237 676 228 225 677 228 225 678 241 238 679 229 226 680 229 226 681 242 239 682 230 227 683 230 227 684 243 240 685 231 228 686 231 228 687 244 241 688 232 229 689 232 229 690 245 242 691 233 230 692 233 230 693 246 243 694 234 231 695 234 231 696 247 244 697 235 232 698 235 232 699 236 245 700 224 233 701 236 245 702 249 246 703 237 234 704 237 234 705 250 247 706 238 235 707 238 235 708 251 248 709 239 236 710 239 236 711 252 249 712 240 237 713 240 237 714 253 250 715 241 238 716 241 238 717 254 251 718 242 239 719 242 239 720 255 252 721 243 240 722 243 240 723 256 253 724 244 241 725 244 241 726 257 254 727 245 242 728 245 242 729 258 255 730 246 243 731 246 243 732 259 256 733 247 244 734 247 244 735 248 257 736 236 245 737 248 257 738 261 258 739 249 246 740 249 246 741 262 259 742 250 247 743 250 247 744 263 260 745 251 248 746 251 248 747 264 261 748 252 249 749 252 249 750 265 262 751 253 250 752 253 250 753 266 263 754 254 251 755 254 251 756 267 264 757 255 252 758 255 252 759 268 265 760 256 253 761 256 253 762 269 266 763 257 254 764 257 254 765 270 267 766 258 255 767 258 255 768 271 268 769 259 256 770 259 256 771 260 269 772 248 257 773 260 269 774 273 270 775 261 258 776 261 258 777 274 271 778 262 259 779 262 259 780 275 272 781 263 260 782 263 260 783 276 273 784 264 261 785 264 261 786 277 274 787 265 262 788 265 262 789 278 275 790 266 263 791 266 263 792 279 276 793 267 264 794 267 264 795 280 277 796 268 265 797 268 265 798 281 278 799 269 266 800 269 266 801 282 279 802 270 267 803 270 267 804 283 280 805 271 268 806 271 268 807 272 281 808 260 269 809 272 281 810 285 282 811 273 270 812 273 270 813 286 283 814 274 271 815 274 271 816 287 284 817 275 272 818 275 272 819 288 285 820 276 273 821 276 273 822 289 286 823 277 274 824 277 274 825 290 287 826 278 275 827 278 275 828 291 288 829 279 276 830 279 276 831 292 289 832 280 277 833 280 277 834 293 290 835 281 278 836 281 278 837 294 291 838 282 279 839 282 279 840 295 292 841 283 280 842 283 280 843 284 293 844 272 281 845 284 293 846 297 294 847 285 282 848 285 282 849 298 295 850 286 283 851 286 283 852 299 296 853 287 284 854 287 284 855 300 297 856 288 285 857 288 285 858 301 298 859 289 286 860 289 286 861 302 299 862 290 287 863 290 287 864 303 300 865 291 288 866 291 288 867 304 301 868 292 289 869 292 289 870 305 302 871 293 290 872 293 290 873 306 303 874 294 291 875 294 291 876 307 304 877 295 292 878 295 292 879 296 305 880 284 293 881 296 305 882 309 306 883 297 294 884 297 294 885 310 307 886 298 295 887 298 295 888 311 308 889 299 296 890 299 296 891 312 309 892 300 297 893 300 297 894 313 310 895 301 298 896 301 298 897 314 311 898 302 299 899 302 299 900 315 312 901 303 300 902 303 300 903 316 313 904 304 301 905 304 301 906 317 314 907 305 302 908 305 302 909 318 315 910 306 303 911 306 303 912 319 316 913 307 304 914 307 304 915 308 317 916 296 305 917 308 317 918 321 318 919 309 306 920 309 306 921 322 319 922 310 307 923 310 307 924 323 320 925 311 308 926 311 308 927 324 321 928 312 309 929 312 309 930 325 322 931 313 310 932 313 310 933 326 323 934 314 311 935 314 311 936 327 324 937 315 312 938 315 312 939 328 325 940 316 313 941 316 313 942 329 326 943 317 314 944 317 314 945 330 327 946 318 315 947 318 315 948 331 328 949 319 316 950 319 316 951 320 329 952 308 317 953 320 329 954 333 330 955 321 318 956 321 318 957 334 331 958 322 319 959 322 319 960 335 332 961 323 320 962 323 320 963 336 333 964 324 321 965 324 321 966 337 334 967 325 322 968 325 322 969 338 335 970 326 323 971 326 323 972 339 336 973 327 324 974 327 324 975 340 337 976 328 325 977 328 325 978 341 338 979 329 326 980 329 326 981 342 339 982 330 327 983 330 327 984 343 340 985 331 328 986 331 328 987 332 341 988 320 329 989 332 341 990 345 342 991 333 330 992 333 330 993 346 343 994 334 331 995 334 331 996 347 344 997 335 332 998 335 332 999 348 345 1000 336 333 1001 336 333 1002 349 346 1003 337 334 1004 337 334 1005 350 347 1006 338 335 1007 338 335 1008 351 348 1009 339 336 1010 339 336 1011 352 349 1012 340 337 1013 340 337 1014 353 350 1015 341 338 1016 341 338 1017 354 351 1018 342 339 1019 342 339 1020 355 352 1021 343 340 1022 343 340 1023 344 353 1024 332 341 1025 344 353 1026 357 354 1027 345 342 1028 345 342 1029 358 355 1030 346 343 1031 346 343 1032 359 356 1033 347 344 1034 347 344 1035 360 357 1036 348 345 1037 348 345 1038 361 358 1039 349 346 1040 349 346 1041 362 359 1042 350 347 1043 350 347 1044 363 360 1045 351 348 1046 351 348 1047 364 361 1048 352 349 1049 352 349 1050 365 362 1051 353 350 1052 353 350 1053 366 363 1054 354 351 1055 354 351 1056 367 364 1057 355 352 1058 355 352 1059 356 365 1060 344 353 1061 356 365 1062 369 366 1063 357 354 1064 357 354 1065 370 367 1066 358 355 1067 358 355 1068 371 368 1069 359 356 1070 359 356 1071 372 369 1072 360 357 1073 360 357 1074 373 370 1075 361 358 1076 361 358 1077 374 371 1078 362 359 1079 362 359 1080 375 372 1081 363 360 1082 363 360 1083 376 373 1084 364 361 1085 364 361 1086 377 374 1087 365 362 1088 365 362 1089 378 375 1090 366 363 1091 366 363 1092 379 376 1093 367 364 1094 367 364 1095 368 377 1096 356 365 1097 368 377 1098 381 378 1099 369 366 1100 369 366 1101 382 379 1102 370 367 1103 370 367 1104 383 380 1105 371 368 1106 371 368 1107 384 381 1108 372 369 1109 372 369 1110 385 382 1111 373 370 1112 373 370 1113 386 383 1114 374 371 1115 374 371 1116 387 384 1117 375 372 1118 375 372 1119 388 385 1120 376 373 1121 376 373 1122 389 386 1123 377 374 1124 377 374 1125 390 387 1126 378 375 1127 378 375 1128 391 388 1129 379 376 1130 379 376 1131 380 389 1132 368 377 1133 380 389 1134 393 390 1135 381 378 1136 381 378 1137 394 391 1138 382 379 1139 382 379 1140 395 392 1141 383 380 1142 383 380 1143 396 393 1144 384 381 1145 384 381 1146 397 394 1147 385 382 1148 385 382 1149 398 395 1150 386 383 1151 386 383 1152 399 396 1153 387 384 1154 387 384 1155 400 397 1156 388 385 1157 388 385 1158 401 398 1159 389 386 1160 389 386 1161 402 399 1162 390 387 1163 390 387 1164 403 400 1165 391 388 1166 391 388 1167 392 401 1168 380 389 1169 392 401 1170 405 402 1171 393 390 1172 393 390 1173 406 403 1174 394 391 1175 394 391 1176 407 404 1177 395 392 1178 395 392 1179 408 405 1180 396 393 1181 396 393 1182 409 406 1183 397 394 1184 397 394 1185 410 407 1186 398 395 1187 398 395 1188 411 408 1189 399 396 1190 399 396 1191 412 409 1192 400 397 1193 400 397 1194 413 410 1195 401 398 1196 401 398 1197 414 411 1198 402 399 1199 402 399 1200 415 412 1201 403 400 1202 403 400 1203 404 413 1204 392 401 1205 404 413 1206 417 414 1207 405 402 1208 405 402 1209 418 415 1210 406 403 1211 406 403 1212 419 416 1213 407 404 1214 407 404 1215 420 417 1216 408 405 1217 408 405 1218 421 418 1219 409 406 1220 409 406 1221 422 419 1222 410 407 1223 410 407 1224 423 420 1225 411 408 1226 411 408 1227 424 421 1228 412 409 1229 412 409 1230 425 422 1231 413 410 1232 413 410 1233 426 423 1234 414 411 1235 414 411 1236 427 424 1237 415 412 1238 415 412 1239 416 425 1240 404 413 1241 416 425 1242 429 426 1243 417 414 1244 417 414 1245 430 427 1246 418 415 1247 418 415 1248 431 428 1249 419 416 1250 419 416 1251 432 429 1252 420 417 1253 420 417 1254 433 430 1255 421 418 1256 421 418 1257 434 431 1258 422 419 1259 422 419 1260 435 432 1261 423 420 1262 423 420 1263 436 433 1264 424 421 1265 424 421 1266 437 434 1267 425 422 1268 425 422 1269 438 435 1270 426 423 1271 426 423 1272 439 436 1273 427 424 1274 427 424 1275 428 437 1276 416 425 1277 428 437 1278 441 438 1279 429 426 1280 429 426 1281 442 439 1282 430 427 1283 430 427 1284 443 440 1285 431 428 1286 431 428 1287 444 441 1288 432 429 1289 432 429 1290 445 442 1291 433 430 1292 433 430 1293 446 443 1294 434 431 1295 434 431 1296 447 444 1297 435 432 1298 435 432 1299 448 445 1300 436 433 1301 436 433 1302 449 446 1303 437 434 1304 437 434 1305 450 447 1306 438 435 1307 438 435 1308 451 448 1309 439 436 1310 439 436 1311 440 449 1312 428 437 1313 440 449 1314 453 450 1315 441 438 1316 441 438 1317 454 451 1318 442 439 1319 442 439 1320 455 452 1321 443 440 1322 443 440 1323 456 453 1324 444 441 1325 444 441 1326 457 454 1327 445 442 1328 445 442 1329 458 455 1330 446 443 1331 446 443 1332 459 456 1333 447 444 1334 447 444 1335 460 457 1336 448 445 1337 448 445 1338 461 458 1339 449 446 1340 449 446 1341 462 459 1342 450 447 1343 450 447 1344 463 460 1345 451 448 1346 451 448 1347 452 461 1348 440 449 1349 452 461 1350 465 462 1351 453 450 1352 453 450 1353 466 463 1354 454 451 1355 454 451 1356 467 464 1357 455 452 1358 455 452 1359 468 465 1360 456 453 1361 456 453 1362 469 466 1363 457 454 1364 457 454 1365 470 467 1366 458 455 1367 458 455 1368 471 468 1369 459 456 1370 459 456 1371 472 469 1372 460 457 1373 460 457 1374 473 470 1375 461 458 1376 461 458 1377 474 471 1378 462 459 1379 462 459 1380 475 472 1381 463 460 1382 463 460 1383 464 473 1384 452 461 1385 464 473 1386 477 474 1387 465 462 1388 465 462 1389 478 475 1390 466 463 1391 466 463 1392 479 476 1393 467 464 1394 467 464 1395 480 477 1396 468 465 1397 468 465 1398 481 478 1399 469 466 1400 469 466 1401 482 479 1402 470 467 1403 470 467 1404 483 480 1405 471 468 1406 471 468 1407 484 481 1408 472 469 1409 472 469 1410 485 482 1411 473 470 1412 473 470 1413 486 483 1414 474 471 1415 474 471 1416 487 484 1417 475 472 1418 475 472 1419 476 485 1420 464 473 1421 476 485 1422 489 486 1423 477 474 1424 477 474 1425 490 487 1426 478 475 1427 478 475 1428 491 488 1429 479 476 1430 479 476 1431 492 489 1432 480 477 1433 480 477 1434 493 490 1435 481 478 1436 481 478 1437 494 491 1438 482 479 1439 482 479 1440 495 492 1441 483 480 1442 483 480 1443 496 493 1444 484 481 1445 484 481 1446 497 494 1447 485 482 1448 485 482 1449 498 495 1450 486 483 1451 486 483 1452 499 496 1453 487 484 1454 487 484 1455 488 497 1456 476 485 1457 488 497 1458 501 498 1459 489 486 1460 489 486 1461 502 499 1462 490 487 1463 490 487 1464 503 500 1465 491 488 1466 491 488 1467 504 501 1468 492 489 1469 492 489 1470 505 502 1471 493 490 1472 493 490 1473 506 503 1474 494 491 1475 494 491 1476 507 504 1477 495 492 1478 495 492 1479 508 505 1480 496 493 1481 496 493 1482 509 506 1483 497 494 1484 497 494 1485 510 507 1486 498 495 1487 498 495 1488 511 508 1489 499 496 1490 499 496 1491 500 509 1492 488 497 1493 500 509 1494 513 510 1495 501 498 1496 501 498 1497 514 511 1498 502 499 1499 502 499 1500 515 512 1501 503 500 1502 503 500 1503 516 513 1504 504 501 1505 504 501 1506 517 514 1507 505 502 1508 505 502 1509 518 515 1510 506 503 1511 506 503 1512 519 516 1513 507 504 1514 507 504 1515 520 517 1516 508 505 1517 508 505 1518 521 518 1519 509 506 1520 509 506 1521 522 519 1522 510 507 1523 510 507 1524 523 520 1525 511 508 1526 511 508 1527 512 521 1528 500 509 1529 512 521 1530 525 522 1531 513 510 1532 513 510 1533 526 523 1534 514 511 1535 514 511 1536 527 524 1537 515 512 1538 515 512 1539 528 525 1540 516 513 1541 516 513 1542 529 526 1543 517 514 1544 517 514 1545 530 527 1546 518 515 1547 518 515 1548 531 528 1549 519 516 1550 519 516 1551 532 529 1552 520 517 1553 520 517 1554 533 530 1555 521 518 1556 521 518 1557 534 531 1558 522 519 1559 522 519 1560 535 532 1561 523 520 1562 523 520 1563 524 533 1564 512 521 1565 524 533 1566 537 534 1567 525 522 1568 525 522 1569 538 535 1570 526 523 1571 526 523 1572 539 536 1573 527 524 1574 527 524 1575 540 537 1576 528 525 1577 528 525 1578 541 538 1579 529 526 1580 529 526 1581 542 539 1582 530 527 1583 530 527 1584 543 540 1585 531 528 1586 531 528 1587 544 541 1588 532 529 1589 532 529 1590 545 542 1591 533 530 1592 533 530 1593 546 543 1594 534 531 1595 534 531 1596 547 544 1597 535 532 1598 535 532 1599 536 545 1600 524 533 1601 536 545 1602 549 546 1603 537 534 1604 537 534 1605 550 547 1606 538 535 1607 538 535 1608 551 548 1609 539 536 1610 539 536 1611 552 549 1612 540 537 1613 540 537 1614 553 550 1615 541 538 1616 541 538 1617 554 551 1618 542 539 1619 542 539 1620 555 552 1621 543 540 1622 543 540 1623 556 553 1624 544 541 1625 544 541 1626 557 554 1627 545 542 1628 545 542 1629 558 555 1630 546 543 1631 546 543 1632 559 556 1633 547 544 1634 547 544 1635 548 557 1636 536 545 1637 548 557 1638 561 558 1639 549 546 1640 549 546 1641 562 559 1642 550 547 1643 550 547 1644 563 560 1645 551 548 1646 551 548 1647 564 561 1648 552 549 1649 552 549 1650 565 562 1651 553 550 1652 553 550 1653 566 563 1654 554 551 1655 554 551 1656 567 564 1657 555 552 1658 555 552 1659 568 565 1660 556 553 1661 556 553 1662 569 566 1663 557 554 1664 557 554 1665 570 567 1666 558 555 1667 558 555 1668 571 568 1669 559 556 1670 559 556 1671 560 569 1672 548 557 1673 560 569 1674 573 570 1675 561 558 1676 561 558 1677 574 571 1678 562 559 1679 562 559 1680 575 572 1681 563 560 1682 563 560 1683 576 573 1684 564 561 1685 564 561 1686 577 574 1687 565 562 1688 565 562 1689 578 575 1690 566 563 1691 566 563 1692 579 576 1693 567 564 1694 567 564 1695 580 577 1696 568 565 1697 568 565 1698 581 578 1699 569 566 1700 569 566 1701 582 579 1702 570 567 1703 570 567 1704 583 580 1705 571 568 1706 571 568 1707 572 581 1708 560 569 1709 572 581 1710 9 8 1711 573 570 1712 573 570 1713 10 10 1714 574 571 1715 574 571 1716 11 12 1717 575 572 1718 575 572 1719 12 14 1720 576 573 1721 576 573 1722 13 16 1723 577 574 1724 577 574 1725 14 18 1726 578 575 1727 578 575 1728 15 20 1729 579 576 1730 579 576 1731 16 22 1732 580 577 1733 580 577 1734 17 24 1735 581 578 1736 581 578 1737 18 26 1738 582 579 1739 582 579 1740 19 28 1741 583 580 1742 583 580 1743 8 6 1744 572 581 1745 584 0 1746 587 0 1747 586 0 1748 586 582 1749 591 582 1750 590 582 1751 590 2 1752 589 2 1753 588 2 1754 588 583 1755 585 583 1756 584 583 1757 586 584 1758 588 584 1759 584 584 1760 591 585 1761 585 585 1762 589 585 1763 592 0 1764 595 0 1765 594 0 1766 594 5 1767 599 5 1768 598 5 1769 598 2 1770 597 2 1771 596 2 1772 596 4 1773 593 4 1774 592 4 1775 594 1 1776 596 1 1777 592 1 1778 599 3 1779 593 3 1780 597 3 1781 600 0 1782 603 0 1783 602 0 1784 602 586 1785 607 586 1786 606 586 1787 606 587 1788 605 587 1789 604 587 1790 604 588 1791 601 588 1792 600 588 1793 602 589 1794 604 589 1795 600 589 1796 607 590 1797 601 590 1798 605 590 1799 0 0 1800 1 0 1801 3 0 1802 2 1 1803 3 1 1804 7 1 1805 6 2 1806 7 2 1807 5 2 1808 4 3 1809 5 3 1810 1 3 1811 2 4 1812 6 4 1813 4 4 1814 7 5 1815 3 5 1816 1 5 1817 8 6 1818 20 29 1819 21 7 1820 9 8 1821 21 7 1822 22 9 1823 10 10 1824 22 9 1825 23 11 1826 11 12 1827 23 11 1828 24 13 1829 12 14 1830 24 13 1831 25 15 1832 13 16 1833 25 15 1834 26 17 1835 14 18 1836 26 17 1837 27 19 1838 15 20 1839 27 19 1840 28 21 1841 16 22 1842 28 21 1843 29 23 1844 17 24 1845 29 23 1846 30 25 1847 18 26 1848 30 25 1849 31 27 1850 19 28 1851 31 27 1852 20 29 1853 20 29 1854 32 41 1855 33 30 1856 21 7 1857 33 30 1858 34 31 1859 22 9 1860 34 31 1861 35 32 1862 23 11 1863 35 32 1864 36 33 1865 24 13 1866 36 33 1867 37 34 1868 25 15 1869 37 34 1870 38 35 1871 26 17 1872 38 35 1873 39 36 1874 27 19 1875 39 36 1876 40 37 1877 28 21 1878 40 37 1879 41 38 1880 29 23 1881 41 38 1882 42 39 1883 30 25 1884 42 39 1885 43 40 1886 31 27 1887 43 40 1888 32 41 1889 32 41 1890 44 53 1891 45 42 1892 33 30 1893 45 42 1894 46 43 1895 34 31 1896 46 43 1897 47 44 1898 35 32 1899 47 44 1900 48 45 1901 36 33 1902 48 45 1903 49 46 1904 37 34 1905 49 46 1906 50 47 1907 38 35 1908 50 47 1909 51 48 1910 39 36 1911 51 48 1912 52 49 1913 40 37 1914 52 49 1915 53 50 1916 41 38 1917 53 50 1918 54 51 1919 42 39 1920 54 51 1921 55 52 1922 43 40 1923 55 52 1924 44 53 1925 44 53 1926 56 65 1927 57 54 1928 45 42 1929 57 54 1930 58 55 1931 46 43 1932 58 55 1933 59 56 1934 47 44 1935 59 56 1936 60 57 1937 48 45 1938 60 57 1939 61 58 1940 49 46 1941 61 58 1942 62 59 1943 50 47 1944 62 59 1945 63 60 1946 51 48 1947 63 60 1948 64 61 1949 52 49 1950 64 61 1951 65 62 1952 53 50 1953 65 62 1954 66 63 1955 54 51 1956 66 63 1957 67 64 1958 55 52 1959 67 64 1960 56 65 1961 56 65 1962 68 77 1963 69 66 1964 57 54 1965 69 66 1966 70 67 1967 58 55 1968 70 67 1969 71 68 1970 59 56 1971 71 68 1972 72 69 1973 60 57 1974 72 69 1975 73 70 1976 61 58 1977 73 70 1978 74 71 1979 62 59 1980 74 71 1981 75 72 1982 63 60 1983 75 72 1984 76 73 1985 64 61 1986 76 73 1987 77 74 1988 65 62 1989 77 74 1990 78 75 1991 66 63 1992 78 75 1993 79 76 1994 67 64 1995 79 76 1996 68 77 1997 68 77 1998 80 89 1999 81 78 2000 69 66 2001 81 78 2002 82 79 2003 70 67 2004 82 79 2005 83 80 2006 71 68 2007 83 80 2008 84 81 2009 72 69 2010 84 81 2011 85 82 2012 73 70 2013 85 82 2014 86 83 2015 74 71 2016 86 83 2017 87 84 2018 75 72 2019 87 84 2020 88 85 2021 76 73 2022 88 85 2023 89 86 2024 77 74 2025 89 86 2026 90 87 2027 78 75 2028 90 87 2029 91 88 2030 79 76 2031 91 88 2032 80 89 2033 80 89 2034 92 101 2035 93 90 2036 81 78 2037 93 90 2038 94 91 2039 82 79 2040 94 91 2041 95 92 2042 83 80 2043 95 92 2044 96 93 2045 84 81 2046 96 93 2047 97 94 2048 85 82 2049 97 94 2050 98 95 2051 86 83 2052 98 95 2053 99 96 2054 87 84 2055 99 96 2056 100 97 2057 88 85 2058 100 97 2059 101 98 2060 89 86 2061 101 98 2062 102 99 2063 90 87 2064 102 99 2065 103 100 2066 91 88 2067 103 100 2068 92 101 2069 92 101 2070 104 113 2071 105 102 2072 93 90 2073 105 102 2074 106 103 2075 94 91 2076 106 103 2077 107 104 2078 95 92 2079 107 104 2080 108 105 2081 96 93 2082 108 105 2083 109 106 2084 97 94 2085 109 106 2086 110 107 2087 98 95 2088 110 107 2089 111 108 2090 99 96 2091 111 108 2092 112 109 2093 100 97 2094 112 109 2095 113 110 2096 101 98 2097 113 110 2098 114 111 2099 102 99 2100 114 111 2101 115 112 2102 103 100 2103 115 112 2104 104 113 2105 104 113 2106 116 125 2107 117 114 2108 105 102 2109 117 114 2110 118 115 2111 106 103 2112 118 115 2113 119 116 2114 107 104 2115 119 116 2116 120 117 2117 108 105 2118 120 117 2119 121 118 2120 109 106 2121 121 118 2122 122 119 2123 110 107 2124 122 119 2125 123 120 2126 111 108 2127 123 120 2128 124 121 2129 112 109 2130 124 121 2131 125 122 2132 113 110 2133 125 122 2134 126 123 2135 114 111 2136 126 123 2137 127 124 2138 115 112 2139 127 124 2140 116 125 2141 116 125 2142 128 137 2143 129 126 2144 117 114 2145 129 126 2146 130 127 2147 118 115 2148 130 127 2149 131 128 2150 119 116 2151 131 128 2152 132 129 2153 120 117 2154 132 129 2155 133 130 2156 121 118 2157 133 130 2158 134 131 2159 122 119 2160 134 131 2161 135 132 2162 123 120 2163 135 132 2164 136 133 2165 124 121 2166 136 133 2167 137 134 2168 125 122 2169 137 134 2170 138 135 2171 126 123 2172 138 135 2173 139 136 2174 127 124 2175 139 136 2176 128 137 2177 128 137 2178 140 149 2179 141 138 2180 129 126 2181 141 138 2182 142 139 2183 130 127 2184 142 139 2185 143 140 2186 131 128 2187 143 140 2188 144 141 2189 132 129 2190 144 141 2191 145 142 2192 133 130 2193 145 142 2194 146 143 2195 134 131 2196 146 143 2197 147 144 2198 135 132 2199 147 144 2200 148 145 2201 136 133 2202 148 145 2203 149 146 2204 137 134 2205 149 146 2206 150 147 2207 138 135 2208 150 147 2209 151 148 2210 139 136 2211 151 148 2212 140 149 2213 140 149 2214 152 161 2215 153 150 2216 141 138 2217 153 150 2218 154 151 2219 142 139 2220 154 151 2221 155 152 2222 143 140 2223 155 152 2224 156 153 2225 144 141 2226 156 153 2227 157 154 2228 145 142 2229 157 154 2230 158 155 2231 146 143 2232 158 155 2233 159 156 2234 147 144 2235 159 156 2236 160 157 2237 148 145 2238 160 157 2239 161 158 2240 149 146 2241 161 158 2242 162 159 2243 150 147 2244 162 159 2245 163 160 2246 151 148 2247 163 160 2248 152 161 2249 152 161 2250 164 173 2251 165 162 2252 153 150 2253 165 162 2254 166 163 2255 154 151 2256 166 163 2257 167 164 2258 155 152 2259 167 164 2260 168 165 2261 156 153 2262 168 165 2263 169 166 2264 157 154 2265 169 166 2266 170 167 2267 158 155 2268 170 167 2269 171 168 2270 159 156 2271 171 168 2272 172 169 2273 160 157 2274 172 169 2275 173 170 2276 161 158 2277 173 170 2278 174 171 2279 162 159 2280 174 171 2281 175 172 2282 163 160 2283 175 172 2284 164 173 2285 164 173 2286 176 185 2287 177 174 2288 165 162 2289 177 174 2290 178 175 2291 166 163 2292 178 175 2293 179 176 2294 167 164 2295 179 176 2296 180 177 2297 168 165 2298 180 177 2299 181 178 2300 169 166 2301 181 178 2302 182 179 2303 170 167 2304 182 179 2305 183 180 2306 171 168 2307 183 180 2308 184 181 2309 172 169 2310 184 181 2311 185 182 2312 173 170 2313 185 182 2314 186 183 2315 174 171 2316 186 183 2317 187 184 2318 175 172 2319 187 184 2320 176 185 2321 176 185 2322 188 197 2323 189 186 2324 177 174 2325 189 186 2326 190 187 2327 178 175 2328 190 187 2329 191 188 2330 179 176 2331 191 188 2332 192 189 2333 180 177 2334 192 189 2335 193 190 2336 181 178 2337 193 190 2338 194 191 2339 182 179 2340 194 191 2341 195 192 2342 183 180 2343 195 192 2344 196 193 2345 184 181 2346 196 193 2347 197 194 2348 185 182 2349 197 194 2350 198 195 2351 186 183 2352 198 195 2353 199 196 2354 187 184 2355 199 196 2356 188 197 2357 188 197 2358 200 209 2359 201 198 2360 189 186 2361 201 198 2362 202 199 2363 190 187 2364 202 199 2365 203 200 2366 191 188 2367 203 200 2368 204 201 2369 192 189 2370 204 201 2371 205 202 2372 193 190 2373 205 202 2374 206 203 2375 194 191 2376 206 203 2377 207 204 2378 195 192 2379 207 204 2380 208 205 2381 196 193 2382 208 205 2383 209 206 2384 197 194 2385 209 206 2386 210 207 2387 198 195 2388 210 207 2389 211 208 2390 199 196 2391 211 208 2392 200 209 2393 200 209 2394 212 221 2395 213 210 2396 201 198 2397 213 210 2398 214 211 2399 202 199 2400 214 211 2401 215 212 2402 203 200 2403 215 212 2404 216 213 2405 204 201 2406 216 213 2407 217 214 2408 205 202 2409 217 214 2410 218 215 2411 206 203 2412 218 215 2413 219 216 2414 207 204 2415 219 216 2416 220 217 2417 208 205 2418 220 217 2419 221 218 2420 209 206 2421 221 218 2422 222 219 2423 210 207 2424 222 219 2425 223 220 2426 211 208 2427 223 220 2428 212 221 2429 212 221 2430 224 233 2431 225 222 2432 213 210 2433 225 222 2434 226 223 2435 214 211 2436 226 223 2437 227 224 2438 215 212 2439 227 224 2440 228 225 2441 216 213 2442 228 225 2443 229 226 2444 217 214 2445 229 226 2446 230 227 2447 218 215 2448 230 227 2449 231 228 2450 219 216 2451 231 228 2452 232 229 2453 220 217 2454 232 229 2455 233 230 2456 221 218 2457 233 230 2458 234 231 2459 222 219 2460 234 231 2461 235 232 2462 223 220 2463 235 232 2464 224 233 2465 224 233 2466 236 245 2467 237 234 2468 225 222 2469 237 234 2470 238 235 2471 226 223 2472 238 235 2473 239 236 2474 227 224 2475 239 236 2476 240 237 2477 228 225 2478 240 237 2479 241 238 2480 229 226 2481 241 238 2482 242 239 2483 230 227 2484 242 239 2485 243 240 2486 231 228 2487 243 240 2488 244 241 2489 232 229 2490 244 241 2491 245 242 2492 233 230 2493 245 242 2494 246 243 2495 234 231 2496 246 243 2497 247 244 2498 235 232 2499 247 244 2500 236 245 2501 236 245 2502 248 257 2503 249 246 2504 237 234 2505 249 246 2506 250 247 2507 238 235 2508 250 247 2509 251 248 2510 239 236 2511 251 248 2512 252 249 2513 240 237 2514 252 249 2515 253 250 2516 241 238 2517 253 250 2518 254 251 2519 242 239 2520 254 251 2521 255 252 2522 243 240 2523 255 252 2524 256 253 2525 244 241 2526 256 253 2527 257 254 2528 245 242 2529 257 254 2530 258 255 2531 246 243 2532 258 255 2533 259 256 2534 247 244 2535 259 256 2536 248 257 2537 248 257 2538 260 269 2539 261 258 2540 249 246 2541 261 258 2542 262 259 2543 250 247 2544 262 259 2545 263 260 2546 251 248 2547 263 260 2548 264 261 2549 252 249 2550 264 261 2551 265 262 2552 253 250 2553 265 262 2554 266 263 2555 254 251 2556 266 263 2557 267 264 2558 255 252 2559 267 264 2560 268 265 2561 256 253 2562 268 265 2563 269 266 2564 257 254 2565 269 266 2566 270 267 2567 258 255 2568 270 267 2569 271 268 2570 259 256 2571 271 268 2572 260 269 2573 260 269 2574 272 281 2575 273 270 2576 261 258 2577 273 270 2578 274 271 2579 262 259 2580 274 271 2581 275 272 2582 263 260 2583 275 272 2584 276 273 2585 264 261 2586 276 273 2587 277 274 2588 265 262 2589 277 274 2590 278 275 2591 266 263 2592 278 275 2593 279 276 2594 267 264 2595 279 276 2596 280 277 2597 268 265 2598 280 277 2599 281 278 2600 269 266 2601 281 278 2602 282 279 2603 270 267 2604 282 279 2605 283 280 2606 271 268 2607 283 280 2608 272 281 2609 272 281 2610 284 293 2611 285 282 2612 273 270 2613 285 282 2614 286 283 2615 274 271 2616 286 283 2617 287 284 2618 275 272 2619 287 284 2620 288 285 2621 276 273 2622 288 285 2623 289 286 2624 277 274 2625 289 286 2626 290 287 2627 278 275 2628 290 287 2629 291 288 2630 279 276 2631 291 288 2632 292 289 2633 280 277 2634 292 289 2635 293 290 2636 281 278 2637 293 290 2638 294 291 2639 282 279 2640 294 291 2641 295 292 2642 283 280 2643 295 292 2644 284 293 2645 284 293 2646 296 305 2647 297 294 2648 285 282 2649 297 294 2650 298 295 2651 286 283 2652 298 295 2653 299 296 2654 287 284 2655 299 296 2656 300 297 2657 288 285 2658 300 297 2659 301 298 2660 289 286 2661 301 298 2662 302 299 2663 290 287 2664 302 299 2665 303 300 2666 291 288 2667 303 300 2668 304 301 2669 292 289 2670 304 301 2671 305 302 2672 293 290 2673 305 302 2674 306 303 2675 294 291 2676 306 303 2677 307 304 2678 295 292 2679 307 304 2680 296 305 2681 296 305 2682 308 317 2683 309 306 2684 297 294 2685 309 306 2686 310 307 2687 298 295 2688 310 307 2689 311 308 2690 299 296 2691 311 308 2692 312 309 2693 300 297 2694 312 309 2695 313 310 2696 301 298 2697 313 310 2698 314 311 2699 302 299 2700 314 311 2701 315 312 2702 303 300 2703 315 312 2704 316 313 2705 304 301 2706 316 313 2707 317 314 2708 305 302 2709 317 314 2710 318 315 2711 306 303 2712 318 315 2713 319 316 2714 307 304 2715 319 316 2716 308 317 2717 308 317 2718 320 329 2719 321 318 2720 309 306 2721 321 318 2722 322 319 2723 310 307 2724 322 319 2725 323 320 2726 311 308 2727 323 320 2728 324 321 2729 312 309 2730 324 321 2731 325 322 2732 313 310 2733 325 322 2734 326 323 2735 314 311 2736 326 323 2737 327 324 2738 315 312 2739 327 324 2740 328 325 2741 316 313 2742 328 325 2743 329 326 2744 317 314 2745 329 326 2746 330 327 2747 318 315 2748 330 327 2749 331 328 2750 319 316 2751 331 328 2752 320 329 2753 320 329 2754 332 341 2755 333 330 2756 321 318 2757 333 330 2758 334 331 2759 322 319 2760 334 331 2761 335 332 2762 323 320 2763 335 332 2764 336 333 2765 324 321 2766 336 333 2767 337 334 2768 325 322 2769 337 334 2770 338 335 2771 326 323 2772 338 335 2773 339 336 2774 327 324 2775 339 336 2776 340 337 2777 328 325 2778 340 337 2779 341 338 2780 329 326 2781 341 338 2782 342 339 2783 330 327 2784 342 339 2785 343 340 2786 331 328 2787 343 340 2788 332 341 2789 332 341 2790 344 353 2791 345 342 2792 333 330 2793 345 342 2794 346 343 2795 334 331 2796 346 343 2797 347 344 2798 335 332 2799 347 344 2800 348 345 2801 336 333 2802 348 345 2803 349 346 2804 337 334 2805 349 346 2806 350 347 2807 338 335 2808 350 347 2809 351 348 2810 339 336 2811 351 348 2812 352 349 2813 340 337 2814 352 349 2815 353 350 2816 341 338 2817 353 350 2818 354 351 2819 342 339 2820 354 351 2821 355 352 2822 343 340 2823 355 352 2824 344 353 2825 344 353 2826 356 365 2827 357 354 2828 345 342 2829 357 354 2830 358 355 2831 346 343 2832 358 355 2833 359 356 2834 347 344 2835 359 356 2836 360 357 2837 348 345 2838 360 357 2839 361 358 2840 349 346 2841 361 358 2842 362 359 2843 350 347 2844 362 359 2845 363 360 2846 351 348 2847 363 360 2848 364 361 2849 352 349 2850 364 361 2851 365 362 2852 353 350 2853 365 362 2854 366 363 2855 354 351 2856 366 363 2857 367 364 2858 355 352 2859 367 364 2860 356 365 2861 356 365 2862 368 377 2863 369 366 2864 357 354 2865 369 366 2866 370 367 2867 358 355 2868 370 367 2869 371 368 2870 359 356 2871 371 368 2872 372 369 2873 360 357 2874 372 369 2875 373 370 2876 361 358 2877 373 370 2878 374 371 2879 362 359 2880 374 371 2881 375 372 2882 363 360 2883 375 372 2884 376 373 2885 364 361 2886 376 373 2887 377 374 2888 365 362 2889 377 374 2890 378 375 2891 366 363 2892 378 375 2893 379 376 2894 367 364 2895 379 376 2896 368 377 2897 368 377 2898 380 389 2899 381 378 2900 369 366 2901 381 378 2902 382 379 2903 370 367 2904 382 379 2905 383 380 2906 371 368 2907 383 380 2908 384 381 2909 372 369 2910 384 381 2911 385 382 2912 373 370 2913 385 382 2914 386 383 2915 374 371 2916 386 383 2917 387 384 2918 375 372 2919 387 384 2920 388 385 2921 376 373 2922 388 385 2923 389 386 2924 377 374 2925 389 386 2926 390 387 2927 378 375 2928 390 387 2929 391 388 2930 379 376 2931 391 388 2932 380 389 2933 380 389 2934 392 401 2935 393 390 2936 381 378 2937 393 390 2938 394 391 2939 382 379 2940 394 391 2941 395 392 2942 383 380 2943 395 392 2944 396 393 2945 384 381 2946 396 393 2947 397 394 2948 385 382 2949 397 394 2950 398 395 2951 386 383 2952 398 395 2953 399 396 2954 387 384 2955 399 396 2956 400 397 2957 388 385 2958 400 397 2959 401 398 2960 389 386 2961 401 398 2962 402 399 2963 390 387 2964 402 399 2965 403 400 2966 391 388 2967 403 400 2968 392 401 2969 392 401 2970 404 413 2971 405 402 2972 393 390 2973 405 402 2974 406 403 2975 394 391 2976 406 403 2977 407 404 2978 395 392 2979 407 404 2980 408 405 2981 396 393 2982 408 405 2983 409 406 2984 397 394 2985 409 406 2986 410 407 2987 398 395 2988 410 407 2989 411 408 2990 399 396 2991 411 408 2992 412 409 2993 400 397 2994 412 409 2995 413 410 2996 401 398 2997 413 410 2998 414 411 2999 402 399 3000 414 411 3001 415 412 3002 403 400 3003 415 412 3004 404 413 3005 404 413 3006 416 425 3007 417 414 3008 405 402 3009 417 414 3010 418 415 3011 406 403 3012 418 415 3013 419 416 3014 407 404 3015 419 416 3016 420 417 3017 408 405 3018 420 417 3019 421 418 3020 409 406 3021 421 418 3022 422 419 3023 410 407 3024 422 419 3025 423 420 3026 411 408 3027 423 420 3028 424 421 3029 412 409 3030 424 421 3031 425 422 3032 413 410 3033 425 422 3034 426 423 3035 414 411 3036 426 423 3037 427 424 3038 415 412 3039 427 424 3040 416 425 3041 416 425 3042 428 437 3043 429 426 3044 417 414 3045 429 426 3046 430 427 3047 418 415 3048 430 427 3049 431 428 3050 419 416 3051 431 428 3052 432 429 3053 420 417 3054 432 429 3055 433 430 3056 421 418 3057 433 430 3058 434 431 3059 422 419 3060 434 431 3061 435 432 3062 423 420 3063 435 432 3064 436 433 3065 424 421 3066 436 433 3067 437 434 3068 425 422 3069 437 434 3070 438 435 3071 426 423 3072 438 435 3073 439 436 3074 427 424 3075 439 436 3076 428 437 3077 428 437 3078 440 449 3079 441 438 3080 429 426 3081 441 438 3082 442 439 3083 430 427 3084 442 439 3085 443 440 3086 431 428 3087 443 440 3088 444 441 3089 432 429 3090 444 441 3091 445 442 3092 433 430 3093 445 442 3094 446 443 3095 434 431 3096 446 443 3097 447 444 3098 435 432 3099 447 444 3100 448 445 3101 436 433 3102 448 445 3103 449 446 3104 437 434 3105 449 446 3106 450 447 3107 438 435 3108 450 447 3109 451 448 3110 439 436 3111 451 448 3112 440 449 3113 440 449 3114 452 461 3115 453 450 3116 441 438 3117 453 450 3118 454 451 3119 442 439 3120 454 451 3121 455 452 3122 443 440 3123 455 452 3124 456 453 3125 444 441 3126 456 453 3127 457 454 3128 445 442 3129 457 454 3130 458 455 3131 446 443 3132 458 455 3133 459 456 3134 447 444 3135 459 456 3136 460 457 3137 448 445 3138 460 457 3139 461 458 3140 449 446 3141 461 458 3142 462 459 3143 450 447 3144 462 459 3145 463 460 3146 451 448 3147 463 460 3148 452 461 3149 452 461 3150 464 473 3151 465 462 3152 453 450 3153 465 462 3154 466 463 3155 454 451 3156 466 463 3157 467 464 3158 455 452 3159 467 464 3160 468 465 3161 456 453 3162 468 465 3163 469 466 3164 457 454 3165 469 466 3166 470 467 3167 458 455 3168 470 467 3169 471 468 3170 459 456 3171 471 468 3172 472 469 3173 460 457 3174 472 469 3175 473 470 3176 461 458 3177 473 470 3178 474 471 3179 462 459 3180 474 471 3181 475 472 3182 463 460 3183 475 472 3184 464 473 3185 464 473 3186 476 485 3187 477 474 3188 465 462 3189 477 474 3190 478 475 3191 466 463 3192 478 475 3193 479 476 3194 467 464 3195 479 476 3196 480 477 3197 468 465 3198 480 477 3199 481 478 3200 469 466 3201 481 478 3202 482 479 3203 470 467 3204 482 479 3205 483 480 3206 471 468 3207 483 480 3208 484 481 3209 472 469 3210 484 481 3211 485 482 3212 473 470 3213 485 482 3214 486 483 3215 474 471 3216 486 483 3217 487 484 3218 475 472 3219 487 484 3220 476 485 3221 476 485 3222 488 497 3223 489 486 3224 477 474 3225 489 486 3226 490 487 3227 478 475 3228 490 487 3229 491 488 3230 479 476 3231 491 488 3232 492 489 3233 480 477 3234 492 489 3235 493 490 3236 481 478 3237 493 490 3238 494 491 3239 482 479 3240 494 491 3241 495 492 3242 483 480 3243 495 492 3244 496 493 3245 484 481 3246 496 493 3247 497 494 3248 485 482 3249 497 494 3250 498 495 3251 486 483 3252 498 495 3253 499 496 3254 487 484 3255 499 496 3256 488 497 3257 488 497 3258 500 509 3259 501 498 3260 489 486 3261 501 498 3262 502 499 3263 490 487 3264 502 499 3265 503 500 3266 491 488 3267 503 500 3268 504 501 3269 492 489 3270 504 501 3271 505 502 3272 493 490 3273 505 502 3274 506 503 3275 494 491 3276 506 503 3277 507 504 3278 495 492 3279 507 504 3280 508 505 3281 496 493 3282 508 505 3283 509 506 3284 497 494 3285 509 506 3286 510 507 3287 498 495 3288 510 507 3289 511 508 3290 499 496 3291 511 508 3292 500 509 3293 500 509 3294 512 521 3295 513 510 3296 501 498 3297 513 510 3298 514 511 3299 502 499 3300 514 511 3301 515 512 3302 503 500 3303 515 512 3304 516 513 3305 504 501 3306 516 513 3307 517 514 3308 505 502 3309 517 514 3310 518 515 3311 506 503 3312 518 515 3313 519 516 3314 507 504 3315 519 516 3316 520 517 3317 508 505 3318 520 517 3319 521 518 3320 509 506 3321 521 518 3322 522 519 3323 510 507 3324 522 519 3325 523 520 3326 511 508 3327 523 520 3328 512 521 3329 512 521 3330 524 533 3331 525 522 3332 513 510 3333 525 522 3334 526 523 3335 514 511 3336 526 523 3337 527 524 3338 515 512 3339 527 524 3340 528 525 3341 516 513 3342 528 525 3343 529 526 3344 517 514 3345 529 526 3346 530 527 3347 518 515 3348 530 527 3349 531 528 3350 519 516 3351 531 528 3352 532 529 3353 520 517 3354 532 529 3355 533 530 3356 521 518 3357 533 530 3358 534 531 3359 522 519 3360 534 531 3361 535 532 3362 523 520 3363 535 532 3364 524 533 3365 524 533 3366 536 545 3367 537 534 3368 525 522 3369 537 534 3370 538 535 3371 526 523 3372 538 535 3373 539 536 3374 527 524 3375 539 536 3376 540 537 3377 528 525 3378 540 537 3379 541 538 3380 529 526 3381 541 538 3382 542 539 3383 530 527 3384 542 539 3385 543 540 3386 531 528 3387 543 540 3388 544 541 3389 532 529 3390 544 541 3391 545 542 3392 533 530 3393 545 542 3394 546 543 3395 534 531 3396 546 543 3397 547 544 3398 535 532 3399 547 544 3400 536 545 3401 536 545 3402 548 557 3403 549 546 3404 537 534 3405 549 546 3406 550 547 3407 538 535 3408 550 547 3409 551 548 3410 539 536 3411 551 548 3412 552 549 3413 540 537 3414 552 549 3415 553 550 3416 541 538 3417 553 550 3418 554 551 3419 542 539 3420 554 551 3421 555 552 3422 543 540 3423 555 552 3424 556 553 3425 544 541 3426 556 553 3427 557 554 3428 545 542 3429 557 554 3430 558 555 3431 546 543 3432 558 555 3433 559 556 3434 547 544 3435 559 556 3436 548 557 3437 548 557 3438 560 569 3439 561 558 3440 549 546 3441 561 558 3442 562 559 3443 550 547 3444 562 559 3445 563 560 3446 551 548 3447 563 560 3448 564 561 3449 552 549 3450 564 561 3451 565 562 3452 553 550 3453 565 562 3454 566 563 3455 554 551 3456 566 563 3457 567 564 3458 555 552 3459 567 564 3460 568 565 3461 556 553 3462 568 565 3463 569 566 3464 557 554 3465 569 566 3466 570 567 3467 558 555 3468 570 567 3469 571 568 3470 559 556 3471 571 568 3472 560 569 3473 560 569 3474 572 581 3475 573 570 3476 561 558 3477 573 570 3478 574 571 3479 562 559 3480 574 571 3481 575 572 3482 563 560 3483 575 572 3484 576 573 3485 564 561 3486 576 573 3487 577 574 3488 565 562 3489 577 574 3490 578 575 3491 566 563 3492 578 575 3493 579 576 3494 567 564 3495 579 576 3496 580 577 3497 568 565 3498 580 577 3499 581 578 3500 569 566 3501 581 578 3502 582 579 3503 570 567 3504 582 579 3505 583 580 3506 571 568 3507 583 580 3508 572 581 3509 572 581 3510 8 6 3511 9 8 3512 573 570 3513 9 8 3514 10 10 3515 574 571 3516 10 10 3517 11 12 3518 575 572 3519 11 12 3520 12 14 3521 576 573 3522 12 14 3523 13 16 3524 577 574 3525 13 16 3526 14 18 3527 578 575 3528 14 18 3529 15 20 3530 579 576 3531 15 20 3532 16 22 3533 580 577 3534 16 22 3535 17 24 3536 581 578 3537 17 24 3538 18 26 3539 582 579 3540 18 26 3541 19 28 3542 583 580 3543 19 28 3544 8 6 3545 584 591 3546 585 591 3547 587 591 3548 586 592 3549 587 592 3550 591 592 3551 590 593 3552 591 593 3553 589 593 3554 588 594 3555 589 594 3556 585 594 3557 586 595 3558 590 595 3559 588 595 3560 591 596 3561 587 596 3562 585 596 3563 592 0 3564 593 0 3565 595 0 3566 594 5 3567 595 5 3568 599 5 3569 598 2 3570 599 2 3571 597 2 3572 596 4 3573 597 4 3574 593 4 3575 594 1 3576 598 1 3577 596 1 3578 599 3 3579 595 3 3580 593 3 3581 600 597 3582 601 597 3583 603 597 3584 602 598 3585 603 598 3586 607 598 3587 606 599 3588 607 599 3589 605 599 3590 604 600 3591 605 600 3592 601 600 3593 602 601 3594 606 601 3595 604 601 3596 607 602 3597 603 602 3598 601 602 3599</p>
        </triangles>
      </mesh>
    </geometry>
  </library_geometries>
  <library_visual_scenes>
    <visual_scene id="Scene" name="Scene">
      <node id="tmp_export_Cube_012" name="tmp_export_Cube.012" type="NODE">
        <matrix sid="transform">1 0 0 0 0 1 0 0 0 0 1 0 0 0 0 1</matrix>
        <instance_geometry url="#Cube_012-mesh" name="tmp_export_Cube.012">
          <bind_material>
            <technique_common>
              <instance_material symbol="Material-material" target="#Material-material">
                <bind_vertex_input semantic="UVMap" input_semantic="TEXCOORD" input_set="0"/>
              </instance_material>
            </technique_common>
          </bind_material>
        </instance_geometry>
      </node>
    </visual_scene>
  </library_visual_scenes>
  <scene>
    <instance_visual_scene url="#Scene"/>
  </scene>
</COLLADA>