<?xml version="1.0" encoding="utf-8"?>
<COLLADA xmlns="http://www.collada.org/2005/11/COLLADASchema" version="1.4.1" xmlns:xsi="http://www.w3.org/2001/XMLSchema-instance">
  <asset>
    <contributor>
      <author>Blender User</author>
      <authoring_tool>Blender 4.2.18 LTS commit date:2026-02-16, commit time:13:37, hash:d71e3422e438</authoring_tool>
    </contributor>
    <created>2026-03-23T18:00:37</created>
    <modified>2026-03-23T18:00:37</modified>
    <unit name="meter" meter="1"/>
    <up_axis>Z_UP</up_axis>
  </asset>
  <library_effects>
    <effect id="Material-effect">
      <profile_COMMON>
        <technique sid="common">
          <lambert>
            <emission>
              <color sid="emission">0 0 0 1</color>
            </emission>
            <diffuse>
              <color sid="diffuse">0.8 0.8 0.8 1</color>
            </diffuse>
            <index_of_refraction>
              <float sid="ior">1.45</float>
            </index_of_refraction>
          </lambert>
        </technique>
      </profile_COMMON>
    </effect>
  </library_effects>
  <library_images/>
  <library_materials>
    <material id="Material-material" name="Material">
      <instance_effect url="#Material-effect"/>
    </material>
  </library_materials>
  <library_geometries>
    <geometry id="Cylinder_001-mesh" name="Cylinder.001">
      <mesh>
        <source id="Cylinder_001-mesh-positions">
          <float_array id="Cylinder_001-mesh-positions-array" count="2040">-1.150007 1.838667 -1.093155 -0.6500071 1.838667 -1.093155 -1.150007 1.836746 -1.112664 -0.6500071 1.836746 -1.112664 -1.150007 1.831055 -1.131423 -0.6500071 1.831055 -1.131423 -1.150007 1.821814 -1.148712 -0.6500071 1.821814 -1.148712 -1.150007 1.809378 -1.163866 -0.6500071 1.809378 -1.163865 -1.150007 1.794224 -1.176302 -0.6500071 1.794224 -1.176302 -1.150007 1.776936 -1.185543 -0.6500071 1.776936 -1.185543 -1.150007 1.758177 -1.191233 -0.6500071 1.758177 -1.191233 -1.150007 1.738667 -1.193155 -0.6500071 1.738667 -1.193155 -1.150007 1.719158 -1.191233 -0.6500071 1.719158 -1.191233 -1.150007 1.700399 -1.185543 -0.6500071 1.700399 -1.185543 -1.150007 1.68311 -1.176302 -0.6500071 1.68311 -1.176302 -1.150007 1.667957 -1.163866 -0.6500071 1.667957 -1.163865 -1.150007 1.65552 -1.148712 -0.6500071 1.65552 -1.148712 -1.150007 1.646279 -1.131423 -0.6500071 1.646279 -1.131423 -1.150007 1.640589 -1.112664 -0.6500071 1.640589 -1.112664 -1.150007 1.638667 -1.093155 -0.6500071 1.638667 -1.093155 -1.150007 1.640589 -1.073646 -0.6500071 1.640589 -1.073646 -1.150007 1.646279 -1.054887 -0.6500071 1.646279 -1.054886 -1.150007 1.65552 -1.037598 -0.6500071 1.65552 -1.037598 -1.150007 1.667957 -1.022444 -0.6500071 1.667957 -1.022444 -1.150007 1.68311 -1.010008 -0.6500071 1.68311 -1.010008 -1.150007 1.700399 -1.000767 -0.6500071 1.700399 -1.000767 -1.150007 1.719158 -0.9950764 -0.6500071 1.719158 -0.9950764 -1.150007 1.738667 -0.9931549 -0.6500071 1.738667 -0.9931549 -1.150007 1.758177 -0.9950764 -0.6500071 1.758177 -0.9950764 -1.150007 1.776936 -1.000767 -0.6500071 1.776936 -1.000767 -1.150007 1.794224 -1.010008 -0.6500071 1.794224 -1.010008 -1.150007 1.809378 -1.022444 -0.6500071 1.809378 -1.022444 -1.150007 1.821814 -1.037598 -0.6500071 1.821814 -1.037598 -1.150007 1.831055 -1.054887 -0.6500071 1.831055 -1.054886 -1.150007 1.836746 -1.073646 -0.6500071 1.836746 -1.073646 0.7499929 1.80132 -1.014386 0.7499927 0.9174364 -0.1305024 0.7695019 1.799961 -1.015745 0.7695018 0.9160777 -0.1318612 0.7882612 1.795937 -1.019768 0.7882611 0.9120539 -0.1358848 0.8055499 1.789403 -1.026303 0.8055498 0.9055195 -0.1424193 0.8207036 1.780609 -1.035097 0.8207034 0.8967257 -0.1512131 0.8331398 1.769894 -1.045812 0.8331398 0.8860105 -0.1619282 0.8423808 1.757669 -1.058037 0.8423807 0.8737855 -0.1741533 0.8480714 1.744404 -1.071301 0.8480712 0.8605207 -0.1874181 0.8499929 1.730609 -1.085096 0.8499929 0.8467258 -0.2012131 0.8480714 1.716814 -1.098891 0.8480712 0.8329308 -0.215008 0.8423808 1.703549 -1.112156 0.8423807 0.819666 -0.2282729 0.8331398 1.691324 -1.124381 0.8331398 0.8074411 -0.2404978 0.8207036 1.680609 -1.135096 0.8207034 0.7967258 -0.2512131 0.8055499 1.671815 -1.14389 0.8055498 0.7879319 -0.2600069 0.7882612 1.665281 -1.150425 0.7882611 0.7813975 -0.2665413 0.7695019 1.661257 -1.154449 0.7695018 0.7773738 -0.270565 0.7499929 1.659898 -1.155807 0.7499927 0.7760151 -0.2719238 0.7304838 1.661257 -1.154449 0.7304837 0.7773738 -0.270565 0.7117246 1.665281 -1.150425 0.7117244 0.7813975 -0.2665413 0.6944359 1.671815 -1.14389 0.6944357 0.7879319 -0.2600069 0.6792823 1.680609 -1.135097 0.6792821 0.7967258 -0.2512131 0.666846 1.691324 -1.124381 0.6668458 0.8074411 -0.2404978 0.6576049 1.703549 -1.112156 0.6576048 0.819666 -0.2282729 0.6519143 1.716814 -1.098892 0.6519142 0.8329308 -0.215008 0.6499929 1.730609 -1.085097 0.6499928 0.8467258 -0.2012131 0.6519143 1.744404 -1.071302 0.6519142 0.8605207 -0.1874181 0.6576049 1.757669 -1.058037 0.6576048 0.8737855 -0.1741533 0.666846 1.769894 -1.045812 0.6668458 0.8860105 -0.1619284 0.6792823 1.780609 -1.035097 0.6792821 0.8967257 -0.1512131 0.6944359 1.789403 -1.026303 0.6944357 0.9055195 -0.1424193 0.7117246 1.795937 -1.019768 0.7117244 0.9120539 -0.1358848 0.7304838 1.799961 -1.015745 0.7304837 0.9160777 -0.1318612 0.9999927 1.788668 0.2568452 0.9999927 1.788668 -0.2431547 0.9999927 -1.711332 0.2568452 0.9999927 -1.711333 -0.2431547 -1.000007 1.788668 0.256845 -1.000007 1.788668 -0.2431548 -1.000007 -1.711332 0.2568449 -1.000007 -1.711333 -0.2431548 -0.7500072 1.80132 -1.014386 -0.7500073 0.9174365 -0.1305024 -0.7304981 1.799961 -1.015745 -0.7304983 0.9160778 -0.1318612 -0.7117388 1.795937 -1.019768 -0.7117389 0.912054 -0.135885 -0.6944501 1.789403 -1.026303 -0.6944502 0.9055196 -0.1424193 -0.6792965 1.780609 -1.035097 -0.6792966 0.8967257 -0.1512131 -0.6668602 1.769894 -1.045812 -0.6668603 0.8860105 -0.1619284 -0.6576192 1.757669 -1.058037 -0.6576193 0.8737856 -0.1741533 -0.6519286 1.744404 -1.071301 -0.6519287 0.8605207 -0.1874182 -0.6500071 1.730609 -1.085096 -0.6500073 0.8467258 -0.2012132 -0.6519286 1.716814 -1.098891 -0.6519287 0.8329309 -0.2150081 -0.6576192 1.703549 -1.112156 -0.6576193 0.819666 -0.2282729 -0.6668602 1.691324 -1.124381 -0.6668603 0.8074411 -0.2404979 -0.6792965 1.680609 -1.135096 -0.6792966 0.7967258 -0.2512132 -0.6944501 1.671815 -1.14389 -0.6944502 0.787932 -0.2600069 -0.7117388 1.665281 -1.150425 -0.7117389 0.7813977 -0.2665414 -0.7304981 1.661257 -1.154448 -0.7304983 0.7773738 -0.2705652 -0.7500072 1.659898 -1.155807 -0.7500073 0.7760152 -0.2719239 -0.7695162 1.661257 -1.154448 -0.7695163 0.7773738 -0.2705652 -0.7882755 1.665281 -1.150425 -0.7882757 0.7813977 -0.2665414 -0.8055642 1.671815 -1.14389 -0.8055643 0.787932 -0.2600069 -0.8207179 1.680609 -1.135097 -0.820718 0.7967258 -0.2512132 -0.8331542 1.691324 -1.124381 -0.8331543 0.8074411 -0.2404979 -0.8423951 1.703549 -1.112156 -0.8423952 0.819666 -0.2282729 -0.8480857 1.716814 -1.098892 -0.8480858 0.8329309 -0.2150081 -0.8500071 1.730609 -1.085097 -0.8500072 0.8467258 -0.2012132 -0.8480857 1.744404 -1.071302 -0.8480858 0.8605207 -0.1874182 -0.8423951 1.757669 -1.058037 -0.8423952 0.8737856 -0.1741534 -0.8331542 1.769894 -1.045812 -0.8331543 0.8860105 -0.1619285 -0.8207179 1.780609 -1.035097 -0.820718 0.8967257 -0.1512131 -0.8055642 1.789403 -1.026303 -0.8055643 0.9055196 -0.1424193 -0.7882755 1.795937 -1.019768 -0.7882757 0.912054 -0.135885 -0.7695162 1.799961 -1.015745 -0.7695163 0.9160778 -0.1318612 -0.7500072 -1.582563 -1.155807 -0.7500073 -0.6986801 -0.2719241 -0.7304981 -1.583922 -1.154449 -0.7304983 -0.7000387 -0.2705654 -0.7117388 -1.587946 -1.150425 -0.7117389 -0.7040626 -0.2665415 -0.6944501 -1.59448 -1.143891 -0.6944502 -0.7105968 -0.2600073 -0.6792965 -1.603274 -1.135097 -0.6792966 -0.7193908 -0.2512134 -0.6668602 -1.613989 -1.124381 -0.6668603 -0.7301059 -0.240498 -0.6576192 -1.626214 -1.112157 -0.6576193 -0.7423309 -0.2282732 -0.6519286 -1.639479 -1.098892 -0.6519287 -0.7555958 -0.2150083 -0.6500071 -1.653274 -1.085097 -0.6500073 -0.7693908 -0.2012133 -0.6519286 -1.667069 -1.071302 -0.6519287 -0.7831857 -0.1874184 -0.6576192 -1.680334 -1.058037 -0.6576193 -0.7964506 -0.1741535 -0.6668602 -1.692559 -1.045812 -0.6668603 -0.8086754 -0.1619286 -0.6792965 -1.703274 -1.035097 -0.6792966 -0.8193906 -0.1512134 -0.6944501 -1.712068 -1.026303 -0.6944502 -0.8281844 -0.1424195 -0.7117388 -1.718602 -1.019769 -0.7117389 -0.8347188 -0.1358852 -0.7304981 -1.722626 -1.015745 -0.7304983 -0.8387428 -0.1318613 -0.7500072 -1.723985 -1.014386 -0.7500073 -0.8401014 -0.1305027 -0.7695162 -1.722626 -1.015745 -0.7695163 -0.8387428 -0.1318613 -0.7882755 -1.718602 -1.019769 -0.7882757 -0.8347188 -0.1358852 -0.8055642 -1.712068 -1.026303 -0.8055643 -0.8281844 -0.1424195 -0.8207179 -1.703274 -1.035097 -0.820718 -0.8193906 -0.1512134 -0.8331542 -1.692559 -1.045812 -0.8331543 -0.8086754 -0.1619286 -0.8423951 -1.680334 -1.058037 -0.8423952 -0.7964506 -0.1741535 -0.8480857 -1.667069 -1.071302 -0.8480858 -0.7831857 -0.1874184 -0.8500071 -1.653274 -1.085097 -0.8500072 -0.7693908 -0.2012133 -0.8480857 -1.639479 -1.098892 -0.8480858 -0.7555958 -0.2150083 -0.8423951 -1.626214 -1.112157 -0.8423952 -0.7423309 -0.2282732 -0.8331542 -1.613989 -1.124382 -0.8331543 -0.7301059 -0.240498 -0.8207179 -1.603274 -1.135097 -0.820718 -0.7193908 -0.2512134 -0.8055642 -1.59448 -1.143891 -0.8055643 -0.7105968 -0.2600073 -0.7882755 -1.587946 -1.150425 -0.7882757 -0.7040626 -0.2665415 -0.7695162 -1.583922 -1.154449 -0.7695163 -0.7000387 -0.2705654 0.7499928 -1.582563 -1.155807 0.7499927 -0.6986801 -0.2719239 0.7695019 -1.583922 -1.154449 0.7695018 -0.7000387 -0.2705652 0.7882611 -1.587946 -1.150425 0.7882611 -0.7040626 -0.2665414 0.8055499 -1.59448 -1.14389 0.8055498 -0.7105968 -0.2600069 0.8207035 -1.603274 -1.135097 0.8207034 -0.7193908 -0.2512131 0.8331398 -1.613989 -1.124381 0.8331397 -0.7301059 -0.2404979 0.8423808 -1.626214 -1.112156 0.8423807 -0.7423309 -0.228273 0.8480714 -1.639479 -1.098892 0.8480712 -0.7555958 -0.2150082 0.8499928 -1.653274 -1.085097 0.8499926 -0.7693908 -0.2012132 0.8480714 -1.667069 -1.071302 0.8480712 -0.7831857 -0.1874182 0.8423808 -1.680334 -1.058037 0.8423807 -0.7964506 -0.1741533 0.8331398 -1.692559 -1.045812 0.8331397 -0.8086754 -0.1619284 0.8207035 -1.703274 -1.035097 0.8207034 -0.8193906 -0.1512131 0.8055499 -1.712068 -1.026303 0.8055498 -0.8281844 -0.1424193 0.7882611 -1.718602 -1.019768 0.7882611 -0.8347188 -0.1358851 0.7695019 -1.722626 -1.015745 0.7695018 -0.8387428 -0.1318612 0.7499928 -1.723985 -1.014386 0.7499927 -0.8401014 -0.1305024 0.7304838 -1.722626 -1.015745 0.7304837 -0.8387428 -0.1318612 0.7117245 -1.718602 -1.019768 0.7117244 -0.8347188 -0.1358851 0.6944358 -1.712068 -1.026303 0.6944357 -0.8281844 -0.1424193 0.6792821 -1.703274 -1.035097 0.6792821 -0.8193906 -0.1512131 0.6668459 -1.692559 -1.045812 0.6668457 -0.8086754 -0.1619284 0.6576049 -1.680334 -1.058037 0.6576048 -0.7964506 -0.1741533 0.6519143 -1.667069 -1.071302 0.6519142 -0.7831857 -0.1874182 0.6499929 -1.653274 -1.085097 0.6499927 -0.7693908 -0.2012132 0.6519143 -1.639479 -1.098892 0.6519142 -0.7555958 -0.2150082 0.6576049 -1.626214 -1.112157 0.6576048 -0.7423309 -0.228273 0.6668459 -1.613989 -1.124381 0.6668457 -0.7301059 -0.2404979 0.6792821 -1.603274 -1.135097 0.6792821 -0.7193908 -0.2512131 0.6944358 -1.59448 -1.143891 0.6944357 -0.7105968 -0.2600069 0.7117245 -1.587946 -1.150425 0.7117244 -0.7040626 -0.2665414 0.7304838 -1.583922 -1.154449 0.7304837 -0.7000387 -0.2705652 0.6499929 1.838667 -1.093155 1.149993 1.838667 -1.093155 0.6499929 1.836746 -1.112664 1.149993 1.836746 -1.112664 0.6499929 1.831055 -1.131423 1.149993 1.831055 -1.131423 0.6499929 1.821814 -1.148712 1.149993 1.821814 -1.148712 0.6499929 1.809378 -1.163865 1.149993 1.809378 -1.163865 0.6499929 1.794224 -1.176302 1.149993 1.794224 -1.176302 0.6499929 1.776936 -1.185543 1.149993 1.776936 -1.185543 0.6499929 1.758177 -1.191233 1.149993 1.758177 -1.191233 0.6499929 1.738667 -1.193155 1.149993 1.738667 -1.193155 0.6499929 1.719158 -1.191233 1.149993 1.719158 -1.191233 0.6499929 1.700399 -1.185543 1.149993 1.700399 -1.185543 0.6499929 1.68311 -1.176302 1.149993 1.68311 -1.176302 0.6499929 1.667957 -1.163865 1.149993 1.667957 -1.163865 0.6499929 1.655521 -1.148712 1.149993 1.655521 -1.148712 0.6499929 1.646279 -1.131423 1.149993 1.646279 -1.131423 0.6499929 1.640589 -1.112664 1.149993 1.640589 -1.112664 0.6499929 1.638667 -1.093155 1.149993 1.638667 -1.093155 0.6499929 1.640589 -1.073646 1.149993 1.640589 -1.073646 0.6499929 1.646279 -1.054886 1.149993 1.646279 -1.054886 0.6499929 1.655521 -1.037598 1.149993 1.655521 -1.037598 0.6499929 1.667957 -1.022444 1.149993 1.667957 -1.022444 0.6499929 1.68311 -1.010008 1.149993 1.68311 -1.010008 0.6499929 1.700399 -1.000767 1.149993 1.700399 -1.000767 0.6499929 1.719158 -0.9950762 1.149993 1.719158 -0.9950762 0.6499929 1.738667 -0.9931548 1.149993 1.738667 -0.9931548 0.6499929 1.758177 -0.9950762 1.149993 1.758177 -0.9950762 0.6499929 1.776936 -1.000767 1.149993 1.776936 -1.000767 0.6499929 1.794224 -1.010008 1.149993 1.794224 -1.010008 0.6499929 1.809378 -1.022444 1.149993 1.809378 -1.022444 0.6499929 1.821814 -1.037598 1.149993 1.821814 -1.037598 0.6499929 1.831055 -1.054886 1.149993 1.831055 -1.054886 0.6499929 1.836746 -1.073646 1.149993 1.836746 -1.073646 -1.150007 -1.561332 -1.093155 -0.6500071 -1.561332 -1.093155 -1.150007 -1.563254 -1.112664 -0.6500071 -1.563254 -1.112664 -1.150007 -1.568944 -1.131423 -0.6500071 -1.568944 -1.131423 -1.150007 -1.578185 -1.148712 -0.6500071 -1.578185 -1.148712 -1.150007 -1.590621 -1.163866 -0.6500071 -1.590621 -1.163866 -1.150007 -1.605775 -1.176302 -0.6500071 -1.605775 -1.176302 -1.150007 -1.623064 -1.185543 -0.6500071 -1.623064 -1.185543 -1.150007 -1.641823 -1.191233 -0.6500071 -1.641823 -1.191233 -1.150007 -1.661332 -1.193155 -0.6500071 -1.661332 -1.193155 -1.150007 -1.680841 -1.191233 -0.6500071 -1.680841 -1.191233 -1.150007 -1.699601 -1.185543 -0.6500071 -1.699601 -1.185543 -1.150007 -1.716889 -1.176302 -0.6500071 -1.716889 -1.176302 -1.150007 -1.732043 -1.163866 -0.6500071 -1.732043 -1.163866 -1.150007 -1.744479 -1.148712 -0.6500071 -1.744479 -1.148712 -1.150007 -1.75372 -1.131423 -0.6500071 -1.75372 -1.131423 -1.150007 -1.759411 -1.112664 -0.6500071 -1.759411 -1.112664 -1.150007 -1.761332 -1.093155 -0.6500071 -1.761332 -1.093155 -1.150007 -1.759411 -1.073646 -0.6500071 -1.759411 -1.073646 -1.150007 -1.75372 -1.054887 -0.6500071 -1.75372 -1.054887 -1.150007 -1.744479 -1.037598 -0.6500071 -1.744479 -1.037598 -1.150007 -1.732043 -1.022444 -0.6500071 -1.732043 -1.022444 -1.150007 -1.716889 -1.010008 -0.6500071 -1.716889 -1.010008 -1.150007 -1.699601 -1.000767 -0.6500071 -1.699601 -1.000767 -1.150007 -1.680841 -0.9950764 -0.6500071 -1.680841 -0.9950764 -1.150007 -1.661332 -0.9931549 -0.6500071 -1.661332 -0.9931549 -1.150007 -1.641823 -0.9950764 -0.6500071 -1.641823 -0.9950764 -1.150007 -1.623064 -1.000767 -0.6500071 -1.623064 -1.000767 -1.150007 -1.605775 -1.010008 -0.6500071 -1.605775 -1.010008 -1.150007 -1.590621 -1.022444 -0.6500071 -1.590621 -1.022444 -1.150007 -1.578185 -1.037598 -0.6500071 -1.578185 -1.037598 -1.150007 -1.568944 -1.054887 -0.6500071 -1.568944 -1.054887 -1.150007 -1.563254 -1.073646 -0.6500071 -1.563254 -1.073646 0.6499929 -1.561332 -1.093155 1.149993 -1.561332 -1.093155 0.6499929 -1.563254 -1.112664 1.149993 -1.563254 -1.112664 0.6499929 -1.568944 -1.131423 1.149993 -1.568944 -1.131423 0.6499929 -1.578185 -1.148712 1.149993 -1.578185 -1.148712 0.6499929 -1.590621 -1.163865 1.149993 -1.590621 -1.163865 0.6499929 -1.605775 -1.176302 1.149993 -1.605775 -1.176302 0.6499929 -1.623064 -1.185543 1.149993 -1.623064 -1.185543 0.6499929 -1.641823 -1.191233 1.149993 -1.641823 -1.191233 0.6499929 -1.661332 -1.193155 1.149993 -1.661332 -1.193155 0.6499929 -1.680841 -1.191233 1.149993 -1.680841 -1.191233 0.6499929 -1.699601 -1.185543 1.149993 -1.699601 -1.185543 0.6499929 -1.716889 -1.176302 1.149993 -1.716889 -1.176302 0.6499929 -1.732043 -1.163865 1.149993 -1.732043 -1.163865 0.6499929 -1.744479 -1.148712 1.149993 -1.744479 -1.148712 0.6499929 -1.75372 -1.131423 1.149993 -1.75372 -1.131423 0.6499929 -1.759411 -1.112664 1.149993 -1.759411 -1.112664 0.6499929 -1.761332 -1.093155 1.149993 -1.761332 -1.093155 0.6499929 -1.759411 -1.073646 1.149993 -1.759411 -1.073646 0.6499929 -1.75372 -1.054886 1.149993 -1.75372 -1.054886 0.6499929 -1.744479 -1.037598 1.149993 -1.744479 -1.037598 0.6499929 -1.732043 -1.022444 1.149993 -1.732043 -1.022444 0.6499929 -1.716889 -1.010008 1.149993 -1.716889 -1.010008 0.6499929 -1.699601 -1.000767 1.149993 -1.699601 -1.000767 0.6499929 -1.680841 -0.9950762 1.149993 -1.680841 -0.9950762 0.6499929 -1.661332 -0.9931548 1.149993 -1.661332 -0.9931548 0.6499929 -1.641823 -0.9950762 1.149993 -1.641823 -0.9950762 0.6499929 -1.623064 -1.000767 1.149993 -1.623064 -1.000767 0.6499929 -1.605775 -1.010008 1.149993 -1.605775 -1.010008 0.6499929 -1.590621 -1.022444 1.149993 -1.590621 -1.022444 0.6499929 -1.578185 -1.037598 1.149993 -1.578185 -1.037598 0.6499929 -1.568944 -1.054886 1.149993 -1.568944 -1.054886 0.6499929 -1.563254 -1.073646 1.149993 -1.563254 -1.073646 -1.000007 -1.711333 0.2568402 -1.000007 -1.711333 0.8568402 -1.000007 -1.661333 0.2568402 -1.000007 -1.661333 0.8568402 0.9999927 -1.711333 0.2568402 0.9999927 -1.711333 0.8568402 0.9999927 -1.661333 0.2568402 0.9999927 -1.661333 0.8568402 -1.000007 -0.2363326 0.2568194 -1.000007 -0.2363326 0.8568195 -1.000007 -0.1863326 0.2568194 -1.000007 -0.1863326 0.8568195 0.9999927 -0.2363326 0.2568194 0.9999927 -0.2363326 0.8568195 0.9999927 -0.1863326 0.2568194 0.9999927 -0.1863326 0.8568195 -1.000007 -1.669343 0.2568194 -1.000007 -1.669343 0.8568195 -1.000007 -0.1943427 0.2568194 -1.000007 -0.1943427 0.8568195 -0.9500073 -1.669343 0.2568194 -0.9500073 -1.669343 0.8568195 -0.9500073 -0.1943427 0.2568194 -0.9500073 -0.1943427 0.8568195 0.9499928 -1.671843 0.2568194 0.9499928 -1.671843 0.8568195 0.9499928 -0.1918426 0.2568194 0.9499928 -0.1918426 0.8568195 0.9999929 -1.671843 0.2568194 0.9999929 -1.671843 0.8568195 0.9999929 -0.1918426 0.2568194 0.9999929 -0.1918426 0.8568195 -0.006044387 1.288667 0.2567658 -0.006044387 1.288667 0.3567658 0.04272812 1.283864 0.2567658 0.04272812 1.283864 0.3567658 0.08962643 1.269637 0.2567658 0.08962643 1.269637 0.3567658 0.1328481 1.246535 0.2567658 0.1328481 1.246535 0.3567658 0.1707323 1.215444 0.2567658 0.1707323 1.215444 0.3567658 0.2018229 1.17756 0.2567658 0.2018229 1.17756 0.3567658 0.2249254 1.134338 0.2567658 0.2249254 1.134338 0.3567658 0.2391518 1.08744 0.2567658 0.2391518 1.08744 0.3567658 0.2439556 1.038667 0.2567658 0.2439556 1.038667 0.3567658 0.2391518 0.9898948 0.2567658 0.2391518 0.9898948 0.3567658 0.2249254 0.9429965 0.2567658 0.2249254 0.9429965 0.3567658 0.2018229 0.8997748 0.2567658 0.2018229 0.8997748 0.3567658 0.1707323 0.8618906 0.2567658 0.1707323 0.8618906 0.3567658 0.1328481 0.8307999 0.2567658 0.1328481 0.8307999 0.3567658 0.08962643 0.8076974 0.2567658 0.08962643 0.8076974 0.3567658 0.04272812 0.793471 0.2567658 0.04272812 0.793471 0.3567658 -0.006044387 0.7886673 0.2567658 -0.006044387 0.7886673 0.3567658 -0.05481696 0.793471 0.2567658 -0.05481696 0.793471 0.3567658 -0.1017153 0.8076974 0.2567658 -0.1017153 0.8076974 0.3567658 -0.1449369 0.8307999 0.2567658 -0.1449369 0.8307999 0.3567658 -0.1828211 0.8618906 0.2567658 -0.1828211 0.8618906 0.3567658 -0.2139118 0.8997748 0.2567658 -0.2139118 0.8997748 0.3567658 -0.2370142 0.9429965 0.2567658 -0.2370142 0.9429965 0.3567658 -0.2512407 0.9898948 0.2567658 -0.2512407 0.9898948 0.3567658 -0.2560444 1.038667 0.2567658 -0.2560444 1.038667 0.3567658 -0.2512407 1.08744 0.2567658 -0.2512407 1.08744 0.3567658 -0.2370142 1.134338 0.2567658 -0.2370142 1.134338 0.3567658 -0.2139118 1.17756 0.2567658 -0.2139118 1.17756 0.3567658 -0.1828211 1.215444 0.2567658 -0.1828211 1.215444 0.3567658 -0.1449369 1.246535 0.2567658 -0.1449369 1.246535 0.3567658 -0.1017153 1.269637 0.2567658 -0.1017153 1.269637 0.3567658 -0.05481696 1.283864 0.2567658 -0.05481696 1.283864 0.3567658 -7.18736e-6 1.138667 0.2204926 -7.18736e-6 1.138667 1.220493 0.0195018 1.136746 0.2204926 0.0195018 1.136746 1.220493 0.03826111 1.131055 0.2204926 0.03826111 1.131055 1.220493 0.0555498 1.121814 0.2204926 0.0555498 1.121814 1.220493 0.07070344 1.109378 0.2204926 0.07070344 1.109378 1.220493 0.08313977 1.094224 0.2204926 0.08313977 1.094224 1.220493 0.09238076 1.076936 0.2204926 0.09238076 1.076936 1.220493 0.09807133 1.058176 0.2204926 0.09807133 1.058176 1.220493 0.09999281 1.038667 0.2204926 0.09999281 1.038667 1.220493 0.09807133 1.019158 0.2204926 0.09807133 1.019158 1.220493 0.09238076 1.000399 0.2204926 0.09238076 1.000399 1.220493 0.08313977 0.9831103 0.2204926 0.08313977 0.9831103 1.220493 0.07070344 0.9679567 0.2204926 0.07070344 0.9679567 1.220493 0.0555498 0.9555204 0.2204926 0.0555498 0.9555204 1.220493 0.03826111 0.9462794 0.2204926 0.03826111 0.9462794 1.220493 0.0195018 0.9405888 0.2204926 0.0195018 0.9405888 1.220493 -7.18736e-6 0.9386673 0.2204926 -7.18736e-6 0.9386673 1.220493 -0.01951617 0.9405888 0.2204926 -0.01951617 0.9405888 1.220493 -0.03827548 0.9462794 0.2204926 -0.03827548 0.9462794 1.220493 -0.05556416 0.9555204 0.2204926 -0.05556416 0.9555204 1.220493 -0.07071787 0.9679567 0.2204926 -0.07071787 0.9679567 1.220493 -0.08315414 0.9831103 0.2204926 -0.08315414 0.9831103 1.220493 -0.09239512 1.000399 0.2204926 -0.09239512 1.000399 1.220493 -0.0980857 1.019158 0.2204926 -0.0980857 1.019158 1.220493 -0.1000072 1.038667 0.2204926 -0.1000072 1.038667 1.220493 -0.0980857 1.058176 0.2204926 -0.0980857 1.058176 1.220493 -0.09239512 1.076936 0.2204926 -0.09239512 1.076936 1.220493 -0.08315414 1.094224 0.2204926 -0.08315414 1.094224 1.220493 -0.07071787 1.109378 0.2204926 -0.07071787 1.109378 1.220493 -0.05556416 1.121814 0.2204926 -0.05556416 1.121814 1.220493 -0.03827548 1.131055 0.2204926 -0.03827548 1.131055 1.220493 -0.01951617 1.136746 0.2204926 -0.01951617 1.136746 1.220493</float_array>
          <technique_common>
            <accessor source="#Cylinder_001-mesh-positions-array" count="680" stride="3">
              <param name="X" type="float"/>
              <param name="Y" type="float"/>
              <param name="Z" type="float"/>
            </accessor>
          </technique_common>
        </source>
        <source id="Cylinder_001-mesh-normals">
          <float_array id="Cylinder_001-mesh-normals-array" count="3900">0 0.9951851 -0.09801405 0 0.9569407 -0.2902839 0 0.8819215 -0.4713963 1.51252e-7 0.7730082 -0.6343961 1.84299e-7 0.6343967 -0.7730076 2.10267e-7 0.4713938 -0.8819229 2.28152e-7 0.2902872 -0.9569396 2.37271e-7 0.09801346 -0.9951851 2.37271e-7 -0.09801405 -0.9951851 2.28152e-7 -0.2902872 -0.9569396 2.10267e-7 -0.4713938 -0.8819229 1.843e-7 -0.6343938 -0.7730101 1.51252e-7 -0.7730082 -0.6343961 0 -0.881924 -0.4713916 0 -0.9569407 -0.2902839 0 -0.9951845 -0.09802007 0 -0.9951844 0.09802067 0 -0.9569407 0.2902839 0 -0.881924 0.4713916 0 -0.7730106 0.6343932 0 -0.6343938 0.7730101 0 -0.4713891 0.8819254 0 -0.2902899 0.9569387 0 -0.09801703 0.9951848 0 0.09801644 0.9951848 0 0.2902899 0.9569387 0 0.4713891 0.8819254 0 0.6343967 0.7730076 0 0.7730106 0.6343932 0 0.8819215 0.4713963 1 0 0 0 0.9569407 0.2902839 0 0.995185 0.09801465 -1 0 0 0.09801703 0.7037018 0.7037019 0.2902839 0.6766592 0.6766592 0.4714011 0.6236109 0.6236109 0.634388 0.5466039 0.5466041 0.7730116 0.4485828 0.4485828 0.8819209 0.3333281 0.3333284 0.9569402 0.2052623 0.2052624 0.9951844 0.06931096 0.06931102 0.9951844 -0.0693106 -0.06931036 0.9569392 -0.2052648 -0.2052646 0.8819231 -0.3333254 -0.3333254 0.7730106 -0.4485837 -0.4485836 0.6343953 -0.5465998 -0.5465998 0.471401 -0.623611 -0.6236108 0.2902883 -0.6766583 -0.6766581 0.0980122 -0.7037023 -0.7037022 -0.09801161 -0.7037024 -0.7037022 -0.2902899 -0.6766579 -0.6766579 -0.4713973 -0.6236122 -0.6236124 -0.6343967 -0.5465989 -0.546599 -0.7730097 -0.4485845 -0.4485846 -0.88192 -0.3333294 -0.3333295 -0.9569396 -0.2052638 -0.2052638 -0.9951851 -0.06930619 -0.06930625 -0.995185 0.06930691 0.06930685 -0.9569407 0.2052614 0.2052614 -0.8819184 0.3333317 0.3333315 -0.7730135 0.4485812 0.448581 -0.6343881 0.5466041 0.5466039 -0.4714011 0.623611 0.6236108 5.59763e-7 -0.707107 0.7071067 -0.2902855 0.6766588 0.6766589 -0.09801644 0.7037019 0.703702 2.30491e-7 0.7071065 -0.7071071 -1.78814e-7 0 1 0 -1 7.15256e-7 -1 0 0 0 0 -1 1 0 0 0 1 0 0.09801435 0.703702 0.7037022 0.2902883 0.6766582 0.6766582 0.4713973 0.6236123 0.6236123 0.6343939 0.5466005 0.5466005 0.7730072 0.4485866 0.4485867 0.8819209 0.3333282 0.3333283 0.9569402 0.2052623 0.2052624 0.9951847 0.06930828 0.0693084 0.9951847 -0.06930875 -0.06930857 0.9569402 -0.2052624 -0.2052623 0.8819221 -0.3333269 -0.3333267 0.7730091 -0.4485849 -0.4485848 0.634391 -0.5466023 -0.5466023 0.4713954 -0.623613 -0.623613 0.2902905 -0.6766578 -0.6766576 0.09800952 -0.7037024 -0.7037024 -0.09800952 -0.7037024 -0.7037024 -0.2902928 -0.6766571 -0.6766574 -0.4713929 -0.623614 -0.623614 -0.6343866 -0.5466049 -0.5466048 -0.7730126 -0.4485819 -0.4485819 -0.8819233 -0.3333251 -0.3333252 -0.9569402 -0.2052623 -0.2052624 -0.9951847 -0.06930893 -0.06930905 -0.9951847 0.0693084 0.06930828 -0.9569407 0.2052614 0.2052614 -0.8819223 0.3333266 0.3333265 -0.7730087 0.4485854 0.4485852 -0.6343939 0.5466007 0.5466005 -0.4714005 0.6236112 0.623611 -5.47152e-7 -0.707107 0.7071067 -0.2902883 0.6766582 0.6766582 -0.09801191 0.7037023 0.7037022 0 0.7071068 -0.7071068 0.09802156 0.7037015 -0.7037015 0.2902972 0.6766563 -0.6766565 0.4713746 0.6236209 -0.6236208 0.6344027 0.5465956 -0.5465955 0.7730091 0.448585 -0.4485849 0.8819231 0.3333254 -0.3333254 0.9569396 0.2052638 -0.2052637 0.9951847 0.06930857 -0.0693084 0.9951847 -0.06930845 0.06930857 0.9569407 -0.2052613 0.2052615 0.8819209 -0.3333282 0.3333284 0.7730062 -0.4485874 0.4485875 0.6343997 -0.5465972 0.5465973 0.4713935 -0.6236137 0.6236138 0.2902861 -0.6766588 0.6766588 0.09801673 -0.7037018 0.703702 -0.09801918 -0.7037017 0.7037017 -0.2902839 -0.6766592 0.6766592 -0.4713966 -0.6236125 0.6236126 -0.6343967 -0.546599 0.5465989 -0.7730087 -0.4485854 0.4485854 -0.8819223 -0.3333266 0.3333266 -0.9569407 -0.2052615 0.2052614 -0.9951847 -0.06930857 0.0693084 -0.9951847 0.06930845 -0.06930857 -0.9569396 0.2052637 -0.2052639 -0.8819238 0.3333244 -0.3333244 -0.7730106 0.4485836 -0.4485837 -0.6343997 0.5465973 -0.5465972 -0.471372 0.6236217 -0.623622 3.95812e-7 0.7071067 0.707107 -0.2902972 0.6766562 -0.6766564 -0.09802156 0.7037016 -0.7037016 1.49011e-6 -0.7071075 -0.7071061 0.09802126 0.7037016 -0.7037016 0.2902989 0.6766559 -0.676656 0.4713759 0.6236206 -0.6236202 0.6344041 0.5465947 -0.5465945 0.7730077 0.4485863 -0.4485861 0.8819226 0.3333262 -0.3333261 0.9569396 0.2052639 -0.2052636 0.995185 0.06930649 -0.06930625 0.9951851 -0.06930613 0.06930631 0.9569407 -0.2052613 0.2052615 0.8819209 -0.3333282 0.3333284 0.7730056 -0.4485879 0.448588 0.6344012 -0.5465963 0.5465965 0.4713891 -0.6236153 0.6236155 0.2902833 -0.6766594 0.6766592 0.09802126 -0.7037016 0.7037016 -0.09802186 -0.7037016 0.7037014 -0.2902794 -0.6766601 0.6766602 -0.4713916 -0.6236144 0.6236145 -0.6343982 -0.5465981 0.5465981 -0.7730106 -0.4485837 0.4485836 -0.8819209 -0.3333283 0.3333283 -0.9569407 -0.2052615 0.2052614 -0.995185 -0.06930649 0.06930625 -0.995185 0.06930637 -0.06930643 -0.9569396 0.2052638 -0.2052639 -0.8819226 0.333326 -0.3333261 -0.7730106 0.4485838 -0.4485836 -0.6344011 0.5465965 -0.5465963 -0.4713746 0.6236208 -0.623621 3.95812e-7 0.7071067 0.7071069 -0.290295 0.6766569 -0.6766569 -0.09802186 0.7037017 -0.7037014 1.32713e-6 -0.7071069 -0.7071067 0 0.9951851 -0.09801405 0 0.9569401 -0.2902855 0 0.881919 -0.4714011 1.5125e-7 0.7730135 -0.6343895 1.84299e-7 0.6343967 -0.7730076 2.10267e-7 0.4713891 -0.8819254 2.28152e-7 0.2902872 -0.9569396 2.3727e-7 0.09801948 -0.9951846 2.3727e-7 -0.09802007 -0.9951845 2.28152e-7 -0.2902872 -0.9569396 2.10267e-7 -0.4713891 -0.8819254 1.843e-7 -0.6343938 -0.7730101 1.51249e-7 -0.7730166 -0.6343858 0 -0.881919 -0.4714011 0 -0.9569401 -0.2902855 0 -0.9951845 -0.09802007 0 -0.9951844 0.09802067 0 -0.9569407 0.2902839 0 -0.8819203 0.4713985 0 -0.7730166 0.6343858 0 -0.6343865 0.773016 0 -0.4713985 0.8819203 0 -0.2902844 0.9569404 0 -0.09801703 0.9951848 0 0.09801644 0.9951848 0 0.2902844 0.9569404 0 0.4713985 0.8819203 0 0.6343895 0.7730135 0 0.7730135 0.6343895 0 0.8819203 0.4713985 1 0 0 0 0.9569407 0.2902839 0 0.995185 0.09801465 -1 0 0 0 0.9951845 -0.09802007 0 0.9569389 -0.2902894 0 0.8819265 -0.4713869 1.51251e-7 0.7730106 -0.6343931 1.84301e-7 0.6343871 -0.7730154 2.10266e-7 0.4713963 -0.8819215 2.28152e-7 0.2902872 -0.9569396 2.37271e-7 0.09801405 -0.995185 2.37271e-7 -0.09801346 -0.9951851 2.28152e-7 -0.2902872 -0.9569396 2.10266e-7 -0.4713989 -0.8819202 1.84301e-7 -0.6343871 -0.7730154 1.51251e-7 -0.7730106 -0.6343931 0 -0.8819265 -0.4713869 0 -0.9569373 -0.290295 0 -0.995185 -0.09801405 0 -0.995185 0.09801465 0 -0.9569367 0.2902967 0 -0.8819279 0.4713844 0 -0.7730106 0.6343931 0 -0.6343908 0.7730125 0 -0.4713941 0.8819227 0 -0.2902872 0.9569396 0 -0.09801948 0.9951846 0 0.09802007 0.9951845 0 0.2902872 0.9569396 0 0.4713916 0.881924 0 0.6343908 0.7730125 0 0.7730106 0.6343931 0 0.8819279 0.4713844 1 0 0 0 0.9569384 0.2902911 0 0.9951844 0.09802067 -1 0 0 0 0.9951845 -0.09802007 0 0.9569385 -0.2902911 0 0.8819265 -0.4713869 1.51251e-7 0.7730106 -0.6343931 1.84301e-7 0.6343908 -0.7730125 2.10267e-7 0.4713916 -0.881924 2.28152e-7 0.2902872 -0.9569396 2.3727e-7 0.09802007 -0.9951845 2.3727e-7 -0.09801948 -0.9951846 2.28152e-7 -0.2902872 -0.9569396 2.10267e-7 -0.4713941 -0.8819227 1.84301e-7 -0.6343908 -0.7730125 1.51251e-7 -0.7730106 -0.6343931 0 -0.8819265 -0.4713869 0 -0.9569367 -0.2902967 0 -0.9951851 -0.09801405 0 -0.995185 0.09801465 0 -0.9569372 0.290295 0 -0.8819279 0.4713844 0 -0.7730106 0.6343931 0 -0.6343836 0.7730185 0 -0.4714036 0.8819175 0 -0.2902844 0.9569404 0 -0.09801644 0.9951848 0 0.09801703 0.9951848 0 0.2902844 0.9569404 0 0.4714011 0.881919 0 0.6343836 0.7730185 0 0.7730106 0.6343931 0 0.8819279 0.4713844 1 0 0 0 0.9569389 0.2902894 0 0.9951844 0.09802067 -1 0 0 0 0.9951851 -0.09801405 0 0.9569407 -0.2902839 0 0.8819215 -0.4713963 1.51252e-7 0.7730082 -0.6343961 1.84299e-7 0.6343967 -0.7730076 2.10267e-7 0.4713938 -0.8819229 2.28152e-7 0.2902872 -0.9569396 2.37271e-7 0.09801346 -0.9951851 2.37271e-7 -0.09801405 -0.9951851 2.28152e-7 -0.2902872 -0.9569396 2.10267e-7 -0.4713938 -0.8819229 1.843e-7 -0.6343938 -0.7730101 1.51252e-7 -0.7730082 -0.6343961 0 -0.881924 -0.4713916 0 -0.9569407 -0.2902839 0 -0.9951845 -0.09802007 0 -0.9951844 0.09802067 0 -0.9569407 0.2902839 0 -0.8819227 0.4713941 0 -0.7730106 0.6343932 0 -0.6343938 0.7730101 0 -0.4713891 0.8819254 0 -0.2902899 0.9569387 0 -0.09801703 0.9951848 0 0.09801644 0.9951848 0 0.2902899 0.9569387 0 0.4713891 0.8819254 0 0.6343967 0.7730076 0 0.7730106 0.6343932 0 0.8819202 0.4713989 1 0 0 1 0 0 1 0 0 1 0 0 1 0 0 1 0 0 1 0 0 1 0 0 1 0 0 1 0 0 1 0 0 1 0 0 1 0 0 1 0 0 1 0 0 1 0 0 1 0 0 1 0 0 1 0 0 1 0 0 1 0 0 1 0 0 1 0 0 1 0 0 1 0 0 1 0 0 1 0 0 1 0 0 1 0 0 0 0.9569407 0.2902839 0 0.995185 0.09801465 -1 0 0 -1 0 0 -1 0 0 -1 0 0 -1 0 0 -1 0 0 -1 0 0 -1 0 0 -1 0 0 -1 0 0 -1 0 0 -1 0 0 -1 0 0 -1 0 0 -1 0 0 -1 0 0 -1 0 0 -1 0 0 -1 0 0 -1 0 0 -1 0 0 -1 0 0 -1 0 0 -1 0 0 -1 0 0 -1 0 0 -1 0 0 -1 0 0 -1 0 0 0.09802132 0.7037016 0.7037016 0.290278 0.6766604 0.6766605 0.4714 0.6236113 0.6236113 0.6343944 0.5466002 0.5466003 0.773006 0.4485876 0.4485878 0.8819249 0.333323 0.3333231 0.9569399 0.205263 0.2052632 0.9951839 0.06931489 0.06931507 0.9951839 -0.06931513 -0.06931507 0.9569403 -0.2052624 -0.2052621 0.8819235 -0.3333249 -0.3333249 0.7730085 -0.4485855 -0.4485855 0.6343957 -0.5465996 -0.5465995 0.4713966 -0.6236125 -0.6236125 0.29028 -0.67666 -0.67666 0.09801918 -0.7037019 -0.7037016 -0.09801918 -0.7037018 -0.7037017 -0.29028 -0.6766601 -0.6766599 -0.4713966 -0.6236125 -0.6236126 -0.6343957 -0.5465995 -0.5465996 -0.7730115 -0.4485828 -0.448583 -0.8819209 -0.3333283 -0.3333283 -0.9569404 -0.2052622 -0.2052623 -0.995185 -0.06930655 -0.06930661 -0.995185 0.06930649 0.06930643 -0.9569399 0.2052631 0.205263 -0.8819214 0.3333277 0.3333276 -0.7730106 0.4485837 0.4485836 -0.6343944 0.5466003 0.5466003 -0.4714 0.6236114 0.6236112 2.15946e-6 -0.7070913 0.7071223 -7.29111e-7 -0.7071015 0.707112 0 -0.7070963 0.7071173 -1.79542e-6 -0.7071076 0.707106 -8.5403e-6 -0.7071018 0.7071117 1.04811e-5 -0.707109 0.7071045 4.30891e-5 -0.7071007 0.7071129 -3.34116e-6 -0.7071081 0.7071055 1.24523e-6 -0.707104 0.7071095 -6.98739e-6 -0.7071128 0.7071008 2.12302e-6 -0.7071071 0.7071065 -2.12302e-6 -0.7071071 0.7071065 6.98739e-6 -0.7071128 0.7071008 9.70451e-6 -0.7071105 0.7071031 -4.30917e-5 -0.7071008 0.7071128 7.33999e-6 -0.7071079 0.7071057 -1.87104e-6 -0.7071072 0.7071064 -2.7948e-5 -0.7071191 0.7070946 1.79542e-6 -0.7071076 0.707106 0 -0.7071095 0.707104 -1.19619e-6 -0.7071053 0.7071082 -2.69759e-6 -0.7071072 0.7071064 1.69461e-6 -0.7071086 0.7071051 -3.13998e-6 -0.7071035 0.7071101 7.49327e-7 -0.7071062 0.7071074 6.29436e-6 -0.7071028 0.7071107 0 -0.7071071 0.7071064 -1.11953e-6 -0.7071065 0.7071071 8.84758e-7 -0.7071071 0.7071064 -0.290278 0.6766604 0.6766604 -0.09802132 0.7037014 0.7037016 0 0.7071378 -0.7070758 1.03838e-5 0.7071205 -0.7070931 -3.10542e-5 0.7070849 -0.7071287 0 0.7071068 -0.7071068 -8.68695e-6 0.7071018 -0.7071118 -2.19323e-5 0.7071083 -0.7071053 -7.07818e-6 0.7071084 -0.7071052 -3.34116e-6 0.7071081 -0.7071055 0 0.7071068 -0.7071068 -3.35783e-5 0.7071642 -0.7070496 6.15194e-6 0.7071247 -0.7070889 -1.20629e-5 0.7070822 -0.7071314 2.71742e-5 0.7071492 -0.7070643 0 0.7071068 -0.7071068 1.93996e-5 0.7071142 -0.7070994 1.94098e-5 0.7071142 -0.7070994 0 0.7071068 -0.7071068 0 0.7071068 -0.7071068 0 0.7071068 -0.7071068 1.70795e-5 0.7070969 -0.7071167 -1.0384e-5 0.7071205 -0.7070931 0 0.7071028 -0.7071108 0 0.7071068 -0.7071068 -6.14453e-6 0.7071132 -0.7071003 9.9071e-7 0.7071063 -0.7071073 1.90921e-6 0.7071073 -0.7071062 2.63417e-7 0.7071065 -0.7071071 1.29284e-6 0.7071074 -0.7071062 6.51925e-7 0.7071067 -0.7071068 -1.19209e-7 0 1 0 -1 7.15256e-7 -1 0 0 0 0 -1 1 0 0 0 1 0 0.09801948 0.7037017 0.7037017 0.2902823 0.6766595 0.6766596 0.4713966 0.6236125 0.6236125 0.6343972 0.5465987 0.5465986 0.7730082 0.4485856 0.4485857 0.8819214 0.3333276 0.3333277 0.9569405 0.2052618 0.2052619 0.9951847 0.06930851 0.06930863 0.9951847 -0.06930911 -0.06930893 0.9569403 -0.2052623 -0.2052622 0.8819218 -0.3333271 -0.3333269 0.77301 -0.4485843 -0.4485841 0.6343933 -0.5466009 -0.5466009 0.4713982 -0.6236119 -0.6236119 0.2902823 -0.6766594 -0.6766596 0.09801733 -0.703702 -0.7037018 -0.09801733 -0.7037018 -0.703702 -0.2902823 -0.6766595 -0.6766595 -0.4713996 -0.6236113 -0.6236116 -0.6343903 -0.5466026 -0.5466026 -0.7730115 -0.448583 -0.4485829 -0.8819232 -0.3333253 -0.3333253 -0.9569404 -0.2052622 -0.2052623 -0.9951847 -0.06930893 -0.06930905 -0.9951847 0.06930863 0.06930851 -0.9569401 0.2052627 0.2052626 -0.8819227 0.3333261 0.3333259 -0.7730115 0.448583 0.4485829 -0.6343942 0.5466005 0.5466004 -0.4713979 0.6236122 0.623612 0 -0.7071016 0.707112 1.44594e-6 -0.7071118 0.7071017 -4.28238e-6 -0.7070916 0.707122 6.11429e-6 -0.7071116 0.707102 4.71876e-6 -0.7071109 0.7071027 -3.76547e-5 -0.7070908 0.7071228 2.13507e-5 -0.7071098 0.7071037 0 -0.7071068 0.7071068 -1.12262e-5 -0.707106 0.7071076 -2.67851e-5 -0.7071204 0.7070932 -8.51985e-6 -0.7071117 0.7071018 8.68703e-6 -0.7071017 0.7071118 7.47892e-6 -0.7070841 0.7071294 -2.5253e-6 -0.7071197 0.707094 0 -0.7071016 0.707112 -8.68697e-6 -0.7071018 0.7071118 8.52005e-6 -0.7071117 0.7071019 2.67851e-5 -0.7071203 0.7070932 2.19332e-5 -0.7071083 0.7071052 1.46807e-5 -0.7071073 0.7071062 7.48415e-6 -0.7071068 0.7071068 1.82448e-5 -0.7070981 0.7071154 -6.98734e-6 -0.7071128 0.7071008 0 -0.7071068 0.7071068 -1.48101e-6 -0.707107 0.7071065 0 -0.7071074 0.7071062 2.64189e-6 -0.7071061 0.7071076 0 -0.7071079 0.7071056 -3.95812e-7 -0.7071067 0.707107 -0.2902823 0.6766596 0.6766595 -0.09801948 0.7037017 0.7037017 3.71705e-7 0.7071042 -0.7071095 -7.33198e-7 0.7071015 -0.707112 -6.40525e-6 0.7070919 -0.7071216 9.8899e-6 0.7071105 -0.707103 -1.93992e-5 0.7070994 -0.7071141 -1.94097e-5 0.7070994 -0.7071142 2.1933e-5 0.7071083 -0.7071052 -2.17588e-5 0.7071083 -0.7071053 1.12262e-5 0.707106 -0.7071076 6.20146e-5 0.707063 -0.7071506 -1.0409e-5 0.7071206 -0.7070931 3.63358e-6 0.7071117 -0.7071018 -7.12713e-6 0.7070866 -0.7071269 4.00351e-6 0.7071056 -0.707108 -3.10538e-5 0.7070849 -0.7071287 1.0486e-5 0.7071143 -0.7070993 -1.22954e-5 0.707101 -0.7071126 0 0.7071068 -0.7071068 0 0.7071068 -0.7071068 -1.39753e-5 0.7071189 -0.7070947 6.40522e-6 0.707092 -0.7071217 -1.40335e-6 0.7071078 -0.7071058 -3.22782e-6 0.7071083 -0.7071052 0 0.7071068 -0.7071068 3.78903e-6 0.7071062 -0.7071073 -3.22783e-6 0.7071084 -0.7071053 9.87816e-7 0.7071064 -0.7071073 9.77889e-7 0.7071063 -0.7071073 2.16497e-6 0.7071065 -0.7071071 0.09801733 0.7037019 -0.7037019 0.2902882 0.6766582 -0.6766583 0.4713882 0.6236156 -0.6236158 0.634401 0.5465965 -0.5465964 0.7730091 0.448585 -0.4485849 0.88192 0.3333296 -0.3333294 0.9569407 0.2052614 -0.2052614 0.9951848 0.06930834 -0.06930822 0.9951846 -0.06930893 0.06930905 0.9569405 -0.2052618 0.2052619 0.88192 -0.3333294 0.3333296 0.7730091 -0.4485849 0.448585 0.6343972 -0.5465986 0.5465987 0.4713966 -0.6236125 0.6236127 0.2902901 -0.6766577 0.6766579 0.09801095 -0.7037024 0.7037023 -0.09801095 -0.7037023 0.7037023 -0.2902901 -0.6766578 0.6766578 -0.4713978 -0.6236121 0.6236121 -0.6343942 -0.5466004 0.5466004 -0.7730106 -0.4485837 0.4485836 -0.8819212 -0.3333279 0.3333278 -0.9569405 -0.2052619 0.2052618 -0.9951846 -0.06930911 0.06930893 -0.9951848 0.06930822 -0.06930834 -0.9569407 0.2052614 -0.2052615 -0.8819212 0.3333278 -0.333328 -0.7730106 0.4485837 -0.4485837 -0.6343981 0.5465982 -0.5465981 -0.4713895 0.6236153 -0.6236152 -6.39903e-6 0.7070919 0.7071217 6.39903e-6 0.7070919 0.7071217 1.55752e-5 0.7070862 0.7071275 -2.50358e-5 0.7071292 0.7070844 8.82067e-6 0.7071 0.7071136 1.04812e-5 0.7071045 0.7071091 -1.08696e-5 0.7071061 0.7071076 1.70808e-5 0.7071167 0.7070969 4.71881e-6 0.7071108 0.7071027 6.08092e-6 0.7071117 0.7071019 -4.27594e-6 0.7070916 0.707122 4.27594e-6 0.7070916 0.707122 -6.98734e-6 0.7071128 0.7071008 -1.70807e-5 0.7071167 0.7070969 1.08696e-5 0.7071061 0.7071076 1.10105e-5 0.7071061 0.7071076 0 0.7071068 0.7071068 -5.59006e-5 0.7070822 0.7071314 -1.55748e-5 0.7070862 0.7071275 0 0.7071146 0.707099 -2.31643e-6 0.7071063 0.7071073 3.50839e-7 0.7071077 0.7071059 0 0.7071068 0.7071068 0 0.7071055 0.7071081 -1.0443e-6 0.7071091 0.7071045 -3.92936e-6 0.7071068 0.7071068 5.08858e-6 0.7071081 0.7071055 0 0.7071062 0.7071073 -3.95812e-7 0.7071069 0.7071067 -0.2902882 0.6766581 -0.6766584 -0.09801733 0.7037018 -0.7037019 0 -0.7071068 -0.7071068 0 -0.7070858 -0.7071278 -7.96927e-6 -0.7071432 -0.7070704 -6.21152e-5 -0.7071506 -0.7070629 -1.42666e-4 -0.707147 -0.7070667 4.38659e-5 -0.7071037 -0.7071098 0 -0.7071068 -0.7071068 -5.88056e-6 -0.7071034 -0.7071102 -1.98575e-5 -0.7070849 -0.7071287 2.40197e-6 -0.7071229 -0.7070907 0 -0.7070757 -0.7071378 -2.40196e-6 -0.7071228 -0.7070907 -1.22954e-5 -0.7071126 -0.707101 1.36319e-5 -0.7071028 -0.7071108 0 -0.7071068 -0.7071068 -4.38659e-5 -0.7071037 -0.7071098 1.42669e-4 -0.707147 -0.7070665 6.21131e-5 -0.7071508 -0.7070628 -3.14558e-5 -0.7070846 -0.707129 1.75584e-5 -0.7071268 -0.7070868 2.80665e-6 -0.7071048 -0.7071088 3.15188e-6 -0.7071042 -0.7071093 -6.49359e-6 -0.7071038 -0.7071099 -3.68378e-6 -0.7071056 -0.7071079 0 -0.7071091 -0.7071046 9.70062e-6 -0.7071022 -0.7071114 -4.32906e-6 -0.7071037 -0.7071098 -3.99954e-6 -0.707104 -0.7071096 1.15833e-6 -0.7071063 -0.7071073 0.09801703 0.703702 -0.7037019 0.290286 0.6766588 -0.6766587 0.471395 0.6236131 -0.6236133 0.6343995 0.5465975 -0.5465971 0.7730071 0.4485868 -0.4485865 0.8819209 0.3333284 -0.3333282 0.9569404 0.2052624 -0.2052622 0.9951851 0.06930625 -0.06930607 0.995185 -0.06930649 0.06930667 0.9569405 -0.2052617 0.2052619 0.88192 -0.3333294 0.3333296 0.7730106 -0.4485836 0.4485838 0.6343957 -0.5465995 0.5465996 0.4713933 -0.6236137 0.6236139 0.2902919 -0.6766574 0.6766575 0.09801489 -0.7037022 0.703702 -0.09801489 -0.703702 0.703702 -0.2902918 -0.6766575 0.6766574 -0.4713933 -0.6236138 0.6236138 -0.6343957 -0.5465996 0.5465996 -0.7730076 -0.4485863 0.4485862 -0.8819226 -0.3333263 0.3333261 -0.9569405 -0.2052619 0.2052618 -0.9951844 -0.0693109 0.06931078 -0.9951846 0.0693103 -0.06931048 -0.9569404 0.2052623 -0.2052623 -0.8819234 0.3333249 -0.333325 -0.7730042 0.4485892 -0.4485893 -0.6343995 0.5465974 -0.5465972 -0.4713949 0.6236134 -0.623613 -8.55844e-6 0.7070764 0.7071372 2.88984e-6 0.7071171 0.7070965 0 0.7070963 0.7071173 4.3524e-5 0.707062 0.7071515 0 0.7071068 0.7071068 -1.14518e-5 0.7071061 0.7071076 -2.56908e-5 0.707108 0.7071056 -7.35049e-6 0.7071068 0.7071068 1.70801e-5 0.7071167 0.7070969 2.09618e-5 0.7071248 0.7070887 -1.06748e-5 0.7070766 0.7071369 1.06748e-5 0.7070766 0.7071369 -2.09618e-5 0.7071248 0.7070887 -8.65111e-6 0.7071118 0.7071018 -1.21619e-5 0.7071148 0.7070987 -1.0093e-5 0.7071105 0.7071031 1.14515e-5 0.7071061 0.7071075 0 0.7071068 0.7071068 -4.3524e-5 0.707062 0.7071515 0 0.7071081 0.7071055 4.36709e-7 0.7071066 0.707107 -3.92937e-6 0.7071068 0.7071068 5.08856e-6 0.7071081 0.7071055 0 0.7071146 0.7070989 1.65852e-5 0.7071068 0.7071068 0 0.7071068 0.7071068 -1.481e-6 0.7071066 0.7071071 0 0.7071068 0.7071068 -7.91625e-7 0.7071068 0.7071068 -0.290286 0.6766586 -0.6766589 -0.09801703 0.7037019 -0.7037019 0 -0.7071068 -0.7071068 0 -0.7070858 -0.7071278 -9.07187e-6 -0.7071511 -0.7070625 -2.21859e-5 -0.7071163 -0.7070972 3.31621e-5 -0.7070955 -0.7071182 -1.42666e-4 -0.707147 -0.7070667 4.38672e-5 -0.7071037 -0.7071099 0 -0.7071068 -0.7071068 5.31251e-6 -0.7071137 -0.7070998 -1.03874e-5 -0.707093 -0.7071205 6.40542e-6 -0.7071216 -0.7070919 0 -0.7071068 -0.7071068 -6.40527e-6 -0.7071217 -0.7070918 -1.47011e-5 -0.7071147 -0.7070989 2.73952e-5 -0.7070988 -0.7071148 0 -0.7071068 -0.7071068 -1.7775e-5 -0.7071019 -0.7071117 7.47132e-6 -0.7071073 -0.7071062 1.42666e-4 -0.707147 -0.7070667 6.21138e-5 -0.7071506 -0.7070629 -4.18756e-5 -0.7070771 -0.7071365 1.86609e-5 -0.7071294 -0.7070842 -5.39234e-6 -0.7071038 -0.7071099 -1.85943e-6 -0.7071062 -0.7071074 0 -0.7071083 -0.7071053 2.47337e-6 -0.7071066 -0.707107 4.19467e-6 -0.7071039 -0.7071097 -5.64912e-6 -0.7071036 -0.7071099 1.32713e-6 -0.707107 -0.7071067 0 0.9951851 -0.09801405 0 0.9569401 -0.2902855 0 0.881919 -0.4714011 1.5125e-7 0.7730135 -0.6343895 1.84299e-7 0.6343967 -0.7730076 2.10267e-7 0.4713891 -0.8819254 2.28152e-7 0.2902872 -0.9569396 2.3727e-7 0.09801948 -0.9951846 2.3727e-7 -0.09802007 -0.9951845 2.28152e-7 -0.2902872 -0.9569396 2.10267e-7 -0.4713891 -0.8819254 1.843e-7 -0.6343938 -0.7730101 1.51249e-7 -0.7730166 -0.6343858 0 -0.881919 -0.4714011 0 -0.9569401 -0.2902855 0 -0.9951845 -0.09802007 0 -0.9951844 0.09802067 0 -0.9569407 0.2902839 0 -0.881919 0.4714011 0 -0.7730166 0.6343858 0 -0.6343865 0.773016 0 -0.4713985 0.8819203 0 -0.2902844 0.9569404 0 -0.09801703 0.9951848 0 0.09801644 0.9951848 0 0.2902844 0.9569404 0 0.4713985 0.8819203 0 0.6343895 0.7730135 0 0.7730135 0.6343895 0 0.881919 0.4714011 1 0 0 1 0 0 1 0 0 1 0 0 1 0 0 1 0 0 1 0 0 1 0 0 1 0 0 1 0 0 1 0 0 1 0 0 1 0 0 1 0 0 1 0 0 1 0 0 1 0 0 1 0 0 1 0 0 1 0 0 1 0 0 1 0 0 1 0 0 1 0 0 1 0 0 1 0 0 1 0 0 1 0 0 1 0 0 0 0.9569407 0.2902839 0 0.995185 0.09801465 -1 0 0 -1 0 0 -1 0 0 -1 0 0 -1 0 0 -1 0 0 -1 0 0 -1 0 0 -1 0 0 -1 0 0 -1 0 0 -1 0 0 -1 0 0 -1 0 0 -1 0 0 -1 0 0 -1 0 0 -1 0 0 -1 0 0 -1 0 0 -1 0 0 -1 0 0 -1 0 0 -1 0 0 -1 0 0 -1 0 0 -1 0 0 -1 0 0 -1 0 0 0 0.9951845 -0.09802007 0 0.9569389 -0.2902894 0 0.8819265 -0.4713869 1.51251e-7 0.7730106 -0.6343931 1.84301e-7 0.6343871 -0.7730154 2.10266e-7 0.4713963 -0.8819215 2.28152e-7 0.2902872 -0.9569396 2.37271e-7 0.09801405 -0.995185 2.37271e-7 -0.09801346 -0.9951851 2.28152e-7 -0.2902872 -0.9569396 2.10266e-7 -0.4713989 -0.8819202 1.84301e-7 -0.6343871 -0.7730154 1.51251e-7 -0.7730106 -0.6343931 0 -0.8819265 -0.4713869 0 -0.9569373 -0.290295 0 -0.995185 -0.09801405 0 -0.995185 0.09801465 0 -0.9569367 0.2902967 0 -0.8819265 0.4713869 0 -0.7730106 0.6343931 0 -0.6343908 0.7730125 0 -0.4713941 0.8819227 0 -0.2902872 0.9569396 0 -0.09801948 0.9951846 0 0.09802007 0.9951845 0 0.2902872 0.9569396 0 0.4713916 0.881924 0 0.6343908 0.7730125 0 0.7730106 0.6343931 0 0.8819265 0.4713869 1 0 0 1 0 0 1 0 0 1 0 0 1 0 0 1 0 0 1 0 0 1 0 0 1 0 0 1 0 0 1 0 0 1 0 0 1 0 0 1 0 0 1 0 0 1 0 0 1 0 0 1 0 0 1 0 0 1 0 0 1 0 0 1 0 0 1 0 0 1 0 0 1 0 0 1 0 0 1 0 0 1 0 0 1 0 0 0 0.9569384 0.2902911 0 0.9951844 0.09802067 -1 0 0 -1 0 0 -1 0 0 -1 0 0 -1 0 0 -1 0 0 -1 0 0 -1 0 0 -1 0 0 -1 0 0 -1 0 0 -1 0 0 -1 0 0 -1 0 0 -1 0 0 -1 0 0 -1 0 0 -1 0 0 -1 0 0 -1 0 0 -1 0 0 -1 0 0 -1 0 0 -1 0 0 -1 0 0 -1 0 0 -1 0 0 -1 0 0 -1 0 0 0 0.9951845 -0.09802007 0 0.9569385 -0.2902911 0 0.8819265 -0.4713869 1.51251e-7 0.7730106 -0.6343931 1.84301e-7 0.6343908 -0.7730125 2.10267e-7 0.4713916 -0.881924 2.28152e-7 0.2902872 -0.9569396 2.3727e-7 0.09802007 -0.9951845 2.3727e-7 -0.09801948 -0.9951846 2.28152e-7 -0.2902872 -0.9569396 2.10267e-7 -0.4713941 -0.8819227 1.84301e-7 -0.6343908 -0.7730125 1.51251e-7 -0.7730106 -0.6343931 0 -0.8819265 -0.4713869 0 -0.9569367 -0.2902967 0 -0.9951851 -0.09801405 0 -0.995185 0.09801465 0 -0.9569372 0.290295 0 -0.8819265 0.4713869 0 -0.7730106 0.6343931 0 -0.6343836 0.7730185 0 -0.4714036 0.8819175 0 -0.2902844 0.9569404 0 -0.09801644 0.9951848 0 0.09801703 0.9951848 0 0.2902844 0.9569404 0 0.4714011 0.881919 0 0.6343836 0.7730185 0 0.7730106 0.6343931 0 0.8819265 0.4713869 1 0 0 1 0 0 1 0 0 1 0 0 1 0 0 1 0 0 1 0 0 1 0 0 1 0 0 1 0 0 1 0 0 1 0 0 1 0 0 1 0 0 1 0 0 1 0 0 1 0 0 1 0 0 1 0 0 1 0 0 1 0 0 1 0 0 1 0 0 1 0 0 1 0 0 1 0 0 1 0 0 1 0 0 1 0 0 0 0.9569389 0.2902894 0 0.9951844 0.09802067 -1 0 0 -1 0 0 -1 0 0 -1 0 0 -1 0 0 -1 0 0 -1 0 0 -1 0 0 -1 0 0 -1 0 0 -1 0 0 -1 0 0 -1 0 0 -1 0 0 -1 0 0 -1 0 0 -1 0 0 -1 0 0 -1 0 0 -1 0 0 -1 0 0 -1 0 0 -1 0 0 -1 0 0 -1 0 0 -1 0 0 -1 0 0 -1 0 0 -1 0 0 -1 0 0 0 1 0 1 0 0 0 -1 0 0 0 -1 0 0 1 -1 0 0 0 1 0 1 0 0 0 -1 0 0 0 -1 0 0 1 -1 0 0 0 1 0 1 0 0 0 -1 0 0 0 -1 0 0 1 -1 0 0 0 1 0 1 0 0 0 -1 0 0 0 -1 0 0 1 0.09801667 0.9951848 0 0.2902846 0.9569404 0 0.4713973 0.8819209 0 0.6343937 0.7730101 0 0.7730103 0.6343935 0 0.8819213 0.4713966 0 0.9569403 0.2902849 0 0.9951848 0.09801727 0 0.9951848 -0.09801727 0 0.9569404 -0.2902845 0 0.8819211 -0.4713971 0 0.7730108 -0.6343929 0 0.6343929 -0.7730107 0 0.4713973 -0.8819209 0 0.2902846 -0.9569404 0 0.09801667 -0.9951848 0 -0.09801667 -0.9951848 0 -0.2902846 -0.9569404 0 -0.4713975 -0.8819208 0 -0.6343929 -0.7730107 0 -0.7730108 -0.6343929 0 -0.8819211 -0.4713971 0 -0.9569404 -0.2902845 0 -0.9951848 -0.09801727 0 -0.9951848 0.09801727 0 -0.9569403 0.2902849 0 -0.8819213 0.4713966 0 -0.7730103 0.6343935 0 -0.6343937 0.7730101 0 -0.4713975 0.8819208 0 0 0 1 -0.2902846 0.9569404 0 -0.09801667 0.9951848 0 0 0 -1 0.09802025 0.9951844 0 0.2902846 0.9569404 0 0.4713965 0.8819214 0 0.6343929 0.7730107 0 0.7730104 0.6343933 0 0.8819213 0.4713966 0 0.9569401 0.2902855 0 0.9951848 0.09801703 0 0.9951847 -0.09801763 0 0.9569407 -0.2902839 0 0.8819213 -0.4713966 0 0.7730104 -0.6343933 0 0.6343929 -0.7730107 0 0.4713989 -0.8819202 0 0.2902846 -0.9569404 0 0.09801727 -0.9951848 0 -0.09801727 -0.9951848 0 -0.2902846 -0.9569404 0 -0.4713989 -0.8819202 0 -0.6343927 -0.7730109 0 -0.7730104 -0.6343933 0 -0.8819213 -0.4713966 0 -0.9569407 -0.2902839 0 -0.9951847 -0.09801763 0 -0.9951848 0.09801703 0 -0.9569401 0.2902855 0 -0.8819213 0.4713966 0 -0.7730104 0.6343933 0 -0.6343927 0.7730109 0 -0.4713965 0.8819214 0 0 0 1 -0.2902846 0.9569404 0 -0.09802025 0.9951844 0 0 0 -1 -1 0 0 0 1 0 1 0 0 0 -1 0 0 0 -1 0 0 1 -1 0 0 0 1 0 1 0 0 0 -1 0 0 0 -1 0 0 1 -1 0 0 0 1 0 1 0 0 0 -1 0 0 0 -1 0 0 1 -1 0 0 0 1 0 1 0 0 0 -1 0 0 0 -1 0 0 1 0.09801667 0.9951848 0 0.2902846 0.9569404 0 0.4713973 0.8819209 0 0.6343937 0.7730101 0 0.7730103 0.6343935 0 0.8819213 0.4713966 0 0.9569403 0.2902849 0 0.9951848 0.09801727 0 0.9951848 -0.09801727 0 0.9569404 -0.2902845 0 0.8819211 -0.4713971 0 0.7730108 -0.6343929 0 0.6343929 -0.7730107 0 0.4713973 -0.8819209 0 0.2902846 -0.9569404 0 0.09801667 -0.9951848 0 -0.09801667 -0.9951848 0 -0.2902846 -0.9569404 0 -0.4713975 -0.8819208 0 -0.6343929 -0.7730107 0 -0.7730108 -0.6343929 0 -0.8819211 -0.4713971 0 -0.9569404 -0.2902845 0 -0.9951848 -0.09801727 0 -0.9951848 0.09801727 0 -0.9569403 0.2902849 0 -0.8819213 0.4713966 0 -0.7730103 0.6343935 0 -0.6343937 0.7730101 0 -0.4713975 0.8819208 0 0 0 1 0 0 1 0 0 1 0 0 1 0 0 1 0 0 1 0 0 1 0 0 1 0 0 1 0 0 1 0 0 1 0 0 1 0 0 1 0 0 1 0 0 1 0 0 1 0 0 1 0 0 1 0 0 1 0 0 1 0 0 1 0 0 1 0 0 1 0 0 1 0 0 1 0 0 1 0 0 1 0 0 1 0 0 1 -0.2902846 0.9569404 0 -0.09801667 0.9951848 0 0 0 -1 0 0 -1 0 0 -1 0 0 -1 0 0 -1 0 0 -1 0 0 -1 0 0 -1 0 0 -1 0 0 -1 0 0 -1 0 0 -1 0 0 -1 0 0 -1 0 0 -1 0 0 -1 0 0 -1 0 0 -1 0 0 -1 0 0 -1 0 0 -1 0 0 -1 0 0 -1 0 0 -1 0 0 -1 0 0 -1 0 0 -1 0 0 -1 0 0 -1 0.09802025 0.9951844 0 0.2902846 0.9569404 0 0.4713965 0.8819214 0 0.6343929 0.7730107 0 0.7730104 0.6343933 0 0.8819213 0.4713966 0 0.9569401 0.2902855 0 0.9951848 0.09801703 0 0.9951847 -0.09801763 0 0.9569407 -0.2902839 0 0.8819213 -0.4713966 0 0.7730104 -0.6343933 0 0.6343929 -0.7730107 0 0.4713989 -0.8819202 0 0.2902846 -0.9569404 0 0.09801727 -0.9951848 0 -0.09801727 -0.9951848 0 -0.2902846 -0.9569404 0 -0.4713989 -0.8819202 0 -0.6343927 -0.7730109 0 -0.7730104 -0.6343933 0 -0.8819213 -0.4713966 0 -0.9569407 -0.2902839 0 -0.9951847 -0.09801763 0 -0.9951848 0.09801703 0 -0.9569401 0.2902855 0 -0.8819213 0.4713966 0 -0.7730104 0.6343933 0 -0.6343927 0.7730109 0 -0.4713965 0.8819214 0 0 0 1 0 0 1 0 0 1 0 0 1 0 0 1 0 0 1 0 0 1 0 0 1 0 0 1 0 0 1 0 0 1 0 0 1 0 0 1 0 0 1 0 0 1 0 0 1 0 0 1 0 0 1 0 0 1 0 0 1 0 0 1 0 0 1 0 0 1 0 0 1 0 0 1 0 0 1 0 0 1 0 0 1 0 0 1 -0.2902846 0.9569404 0 -0.09802025 0.9951844 0 0 0 -1 0 0 -1 0 0 -1 0 0 -1 0 0 -1 0 0 -1 0 0 -1 0 0 -1 0 0 -1 0 0 -1 0 0 -1 0 0 -1 0 0 -1 0 0 -1 0 0 -1 0 0 -1 0 0 -1 0 0 -1 0 0 -1 0 0 -1 0 0 -1 0 0 -1 0 0 -1 0 0 -1 0 0 -1 0 0 -1 0 0 -1 0 0 -1 0 0 -1</float_array>
          <technique_common>
            <accessor source="#Cylinder_001-mesh-normals-array" count="1300" stride="3">
              <param name="X" type="float"/>
              <param name="Y" type="float"/>
              <param name="Z" type="float"/>
            </accessor>
          </technique_common>
        </source>
        <source id="Cylinder_001-mesh-map-0">
          <float_array id="Cylinder_001-mesh-map-0-array" count="7800">1 0.5 0.96875 1 0.96875 0.5 0.96875 0.5 0.9375 1 0.9375 0.5 0.9375 0.5 0.90625 1 0.90625 0.5 0.90625 0.5 0.875 1 0.875 0.5 0.875 0.5 0.84375 1 0.84375 0.5 0.84375 0.5 0.8125 1 0.8125 0.5 0.8125 0.5 0.78125 1 0.78125 0.5 0.78125 0.5 0.75 1 0.75 0.5 0.75 0.5 0.71875 1 0.71875 0.5 0.71875 0.5 0.6875 1 0.6875 0.5 0.6875 0.5 0.65625 1 0.65625 0.5 0.65625 0.5 0.625 1 0.625 0.5 0.625 0.5 0.59375 1 0.59375 0.5 0.59375 0.5 0.5625 1 0.5625 0.5 0.5625 0.5 0.53125 1 0.53125 0.5 0.53125 0.5 0.5 1 0.5 0.5 0.5 0.5 0.46875 1 0.46875 0.5 0.46875 0.5 0.4375 1 0.4375 0.5 0.4375 0.5 0.40625 1 0.40625 0.5 0.40625 0.5 0.375 1 0.375 0.5 0.375 0.5 0.34375 1 0.34375 0.5 0.34375 0.5 0.3125 1 0.3125 0.5 0.3125 0.5 0.28125 1 0.28125 0.5 0.28125 0.5 0.25 1 0.25 0.5 0.25 0.5 0.21875 1 0.21875 0.5 0.21875 0.5 0.1875 1 0.1875 0.5 0.1875 0.5 0.15625 1 0.15625 0.5 0.15625 0.5 0.125 1 0.125 0.5 0.125 0.5 0.09375 1 0.09375 0.5 0.09375 0.5 0.0625 1 0.0625 0.5 0.02826887 0.341844 0.1581559 0.02826887 0.4717311 0.1581559 0.0625 0.5 0.03125 1 0.03125 0.5 0.03125 0.5 0 1 0 0.5 0.7968217 0.01461154 0.5146116 0.2031783 0.7031784 0.4853885 1 0.5 0.96875 1 0.96875 0.5 0.96875 0.5 0.9375 1 0.9375 0.5 0.9375 0.5 0.90625 1 0.90625 0.5 0.90625 0.5 0.875 1 0.875 0.5 0.875 0.5 0.84375 1 0.84375 0.5 0.84375 0.5 0.8125 1 0.8125 0.5 0.8125 0.5 0.78125 1 0.78125 0.5 0.78125 0.5 0.75 1 0.75 0.5 0.75 0.5 0.71875 1 0.71875 0.5 0.71875 0.5 0.6875 1 0.6875 0.5 0.6875 0.5 0.65625 1 0.65625 0.5 0.65625 0.5 0.625 1 0.625 0.5 0.625 0.5 0.59375 1 0.59375 0.5 0.59375 0.5 0.5625 1 0.5625 0.5 0.5625 0.5 0.53125 1 0.53125 0.5 0.53125 0.5 0.5 1 0.5 0.5 0.5 0.5 0.46875 1 0.46875 0.5 0.46875 0.5 0.4375 1 0.4375 0.5 0.4375 0.5 0.40625 1 0.40625 0.5 0.40625 0.5 0.375 1 0.375 0.5 0.375 0.5 0.34375 1 0.34375 0.5 0.34375 0.5 0.3125 1 0.3125 0.5 0.3125 0.5 0.28125 1 0.28125 0.5 0.28125 0.5 0.25 1 0.25 0.5 0.25 0.5 0.21875 1 0.21875 0.5 0.21875 0.5 0.1875 1 0.1875 0.5 0.1875 0.5 0.15625 1 0.15625 0.5 0.15625 0.5 0.125 1 0.125 0.5 0.125 0.5 0.09375 1 0.09375 0.5 0.09375 0.5 0.0625 1 0.0625 0.5 0.4717311 0.341844 0.341844 0.4717311 0.1581559 0.02826887 0.0625 0.5 0.03125 1 0.03125 0.5 0.03125 0.5 0 1 0 0.5 0.5504473 0.3833369 0.7031784 0.4853885 0.7968217 0.01461154 0.625 0.5 0.875 0.75 0.625 0.75 0.375 0.75 0.625 1 0.375 1 0.375 0 0.625 0.25 0.375 0.25 0.125 0.5 0.375 0.75 0.125 0.75 0.375 0.5 0.625 0.75 0.375 0.75 0.375 0.25 0.625 0.5 0.375 0.5 1 0.5 0.96875 1 0.96875 0.5 0.96875 0.5 0.9375 1 0.9375 0.5 0.9375 0.5 0.90625 1 0.90625 0.5 0.90625 0.5 0.875 1 0.875 0.5 0.875 0.5 0.84375 1 0.84375 0.5 0.84375 0.5 0.8125 1 0.8125 0.5 0.8125 0.5 0.78125 1 0.78125 0.5 0.78125 0.5 0.75 1 0.75 0.5 0.75 0.5 0.71875 1 0.71875 0.5 0.71875 0.5 0.6875 1 0.6875 0.5 0.6875 0.5 0.65625 1 0.65625 0.5 0.65625 0.5 0.625 1 0.625 0.5 0.625 0.5 0.59375 1 0.59375 0.5 0.59375 0.5 0.5625 1 0.5625 0.5 0.5625 0.5 0.53125 1 0.53125 0.5 0.53125 0.5 0.5 1 0.5 0.5 0.5 0.5 0.46875 1 0.46875 0.5 0.46875 0.5 0.4375 1 0.4375 0.5 0.4375 0.5 0.40625 1 0.40625 0.5 0.40625 0.5 0.375 1 0.375 0.5 0.375 0.5 0.34375 1 0.34375 0.5 0.34375 0.5 0.3125 1 0.3125 0.5 0.3125 0.5 0.28125 1 0.28125 0.5 0.28125 0.5 0.25 1 0.25 0.5 0.25 0.5 0.21875 1 0.21875 0.5 0.21875 0.5 0.1875 1 0.1875 0.5 0.1875 0.5 0.15625 1 0.15625 0.5 0.15625 0.5 0.125 1 0.125 0.5 0.125 0.5 0.09375 1 0.09375 0.5 0.09375 0.5 0.0625 1 0.0625 0.5 0.02826887 0.341844 0.1581559 0.02826887 0.4717311 0.1581559 0.0625 0.5 0.03125 1 0.03125 0.5 0.03125 0.5 0 1 0 0.5 0.6166632 0.05044728 0.5146116 0.2031783 0.7031784 0.4853885 1 0.5 0.96875 1 0.96875 0.5 0.96875 0.5 0.9375 1 0.9375 0.5 0.9375 0.5 0.90625 1 0.90625 0.5 0.90625 0.5 0.875 1 0.875 0.5 0.875 0.5 0.84375 1 0.84375 0.5 0.84375 0.5 0.8125 1 0.8125 0.5 0.8125 0.5 0.78125 1 0.78125 0.5 0.78125 0.5 0.75 1 0.75 0.5 0.75 0.5 0.71875 1 0.71875 0.5 0.71875 0.5 0.6875 1 0.6875 0.5 0.6875 0.5 0.65625 1 0.65625 0.5 0.65625 0.5 0.625 1 0.625 0.5 0.625 0.5 0.59375 1 0.59375 0.5 0.59375 0.5 0.5625 1 0.5625 0.5 0.5625 0.5 0.53125 1 0.53125 0.5 0.53125 0.5 0.5 1 0.5 0.5 0.5 0.5 0.46875 1 0.46875 0.5 0.46875 0.5 0.4375 1 0.4375 0.5 0.4375 0.5 0.40625 1 0.40625 0.5 0.40625 0.5 0.375 1 0.375 0.5 0.375 0.5 0.34375 1 0.34375 0.5 0.34375 0.5 0.3125 1 0.3125 0.5 0.3125 0.5 0.28125 1 0.28125 0.5 0.28125 0.5 0.25 1 0.25 0.5 0.25 0.5 0.21875 1 0.21875 0.5 0.21875 0.5 0.1875 1 0.1875 0.5 0.1875 0.5 0.15625 1 0.15625 0.5 0.15625 0.5 0.125 1 0.125 0.5 0.125 0.5 0.09375 1 0.09375 0.5 0.09375 0.5 0.0625 1 0.0625 0.5 0.1581559 0.02826887 0.4717311 0.1581559 0.341844 0.4717311 0.0625 0.5 0.03125 1 0.03125 0.5 0.03125 0.5 0 1 0 0.5 0.9853885 0.2968217 0.7968217 0.01461154 0.5146116 0.2031783 1 0.5 0.96875 1 0.96875 0.5 0.96875 0.5 0.9375 1 0.9375 0.5 0.9375 0.5 0.90625 1 0.90625 0.5 0.90625 0.5 0.875 1 0.875 0.5 0.875 0.5 0.84375 1 0.84375 0.5 0.84375 0.5 0.8125 1 0.8125 0.5 0.8125 0.5 0.78125 1 0.78125 0.5 0.78125 0.5 0.75 1 0.75 0.5 0.75 0.5 0.71875 1 0.71875 0.5 0.71875 0.5 0.6875 1 0.6875 0.5 0.6875 0.5 0.65625 1 0.65625 0.5 0.65625 0.5 0.625 1 0.625 0.5 0.625 0.5 0.59375 1 0.59375 0.5 0.59375 0.5 0.5625 1 0.5625 0.5 0.5625 0.5 0.53125 1 0.53125 0.5 0.53125 0.5 0.5 1 0.5 0.5 0.5 0.5 0.46875 1 0.46875 0.5 0.46875 0.5 0.4375 1 0.4375 0.5 0.4375 0.5 0.40625 1 0.40625 0.5 0.40625 0.5 0.375 1 0.375 0.5 0.375 0.5 0.34375 1 0.34375 0.5 0.34375 0.5 0.3125 1 0.3125 0.5 0.3125 0.5 0.28125 1 0.28125 0.5 0.28125 0.5 0.25 1 0.25 0.5 0.25 0.5 0.21875 1 0.21875 0.5 0.21875 0.5 0.1875 1 0.1875 0.5 0.1875 0.5 0.15625 1 0.15625 0.5 0.15625 0.5 0.125 1 0.125 0.5 0.125 0.5 0.09375 1 0.09375 0.5 0.09375 0.5 0.0625 1 0.0625 0.5 0.341844 0.4717311 0.02826887 0.341844 0.1581559 0.02826887 0.0625 0.5 0.03125 1 0.03125 0.5 0.03125 0.5 0 1 0 0.5 0.9853885 0.2968217 0.7968217 0.01461154 0.5146116 0.2031783 1 0.5 0.96875 1 0.96875 0.5 0.96875 0.5 0.9375 1 0.9375 0.5 0.9375 0.5 0.90625 1 0.90625 0.5 0.90625 0.5 0.875 1 0.875 0.5 0.875 0.5 0.84375 1 0.84375 0.5 0.84375 0.5 0.8125 1 0.8125 0.5 0.8125 0.5 0.78125 1 0.78125 0.5 0.78125 0.5 0.75 1 0.75 0.5 0.75 0.5 0.71875 1 0.71875 0.5 0.71875 0.5 0.6875 1 0.6875 0.5 0.6875 0.5 0.65625 1 0.65625 0.5 0.65625 0.5 0.625 1 0.625 0.5 0.625 0.5 0.59375 1 0.59375 0.5 0.59375 0.5 0.5625 1 0.5625 0.5 0.5625 0.5 0.53125 1 0.53125 0.5 0.53125 0.5 0.5 1 0.5 0.5 0.5 0.5 0.46875 1 0.46875 0.5 0.46875 0.5 0.4375 1 0.4375 0.5 0.4375 0.5 0.40625 1 0.40625 0.5 0.40625 0.5 0.375 1 0.375 0.5 0.375 0.5 0.34375 1 0.34375 0.5 0.34375 0.5 0.3125 1 0.3125 0.5 0.3125 0.5 0.28125 1 0.28125 0.5 0.28125 0.5 0.25 1 0.25 0.5 0.25 0.5 0.21875 1 0.21875 0.5 0.21875 0.5 0.1875 1 0.1875 0.5 0.1875 0.5 0.15625 1 0.15625 0.5 0.15625 0.5 0.125 1 0.125 0.5 0.125 0.5 0.09375 1 0.09375 0.5 0.09375 0.5 0.0625 1 0.0625 0.5 0.02826887 0.341844 0.1581559 0.02826887 0.4717311 0.1581559 0.0625 0.5 0.03125 1 0.03125 0.5 0.03125 0.5 0 1 0 0.5 0.6166632 0.05044728 0.5146116 0.2031783 0.7031784 0.4853885 1 0.5 0.96875 1 0.96875 0.5 0.96875 0.5 0.9375 1 0.9375 0.5 0.9375 0.5 0.90625 1 0.90625 0.5 0.90625 0.5 0.875 1 0.875 0.5 0.875 0.5 0.84375 1 0.84375 0.5 0.84375 0.5 0.8125 1 0.8125 0.5 0.8125 0.5 0.78125 1 0.78125 0.5 0.78125 0.5 0.75 1 0.75 0.5 0.75 0.5 0.71875 1 0.71875 0.5 0.71875 0.5 0.6875 1 0.6875 0.5 0.6875 0.5 0.65625 1 0.65625 0.5 0.65625 0.5 0.625 1 0.625 0.5 0.625 0.5 0.59375 1 0.59375 0.5 0.59375 0.5 0.5625 1 0.5625 0.5 0.5625 0.5 0.53125 1 0.53125 0.5 0.53125 0.5 0.5 1 0.5 0.5 0.5 0.5 0.46875 1 0.46875 0.5 0.46875 0.5 0.4375 1 0.4375 0.5 0.4375 0.5 0.40625 1 0.40625 0.5 0.40625 0.5 0.375 1 0.375 0.5 0.375 0.5 0.34375 1 0.34375 0.5 0.34375 0.5 0.3125 1 0.3125 0.5 0.3125 0.5 0.28125 1 0.28125 0.5 0.28125 0.5 0.25 1 0.25 0.5 0.25 0.5 0.21875 1 0.21875 0.5 0.21875 0.5 0.1875 1 0.1875 0.5 0.1875 0.5 0.15625 1 0.15625 0.5 0.15625 0.5 0.125 1 0.125 0.5 0.125 0.5 0.09375 1 0.09375 0.5 0.09375 0.5 0.0625 1 0.0625 0.5 0.341844 0.02826887 0.4717311 0.1581559 0.341844 0.4717311 0.0625 0.5 0.03125 1 0.03125 0.5 0.03125 0.5 0 1 0 0.5 0.5504473 0.3833369 0.7031784 0.4853885 0.7968217 0.01461154 1 0.5 0.96875 1 0.96875 0.5 0.96875 0.5 0.9375 1 0.9375 0.5 0.9375 0.5 0.90625 1 0.90625 0.5 0.90625 0.5 0.875 1 0.875 0.5 0.875 0.5 0.84375 1 0.84375 0.5 0.84375 0.5 0.8125 1 0.8125 0.5 0.8125 0.5 0.78125 1 0.78125 0.5 0.78125 0.5 0.75 1 0.75 0.5 0.75 0.5 0.71875 1 0.71875 0.5 0.71875 0.5 0.6875 1 0.6875 0.5 0.6875 0.5 0.65625 1 0.65625 0.5 0.65625 0.5 0.625 1 0.625 0.5 0.625 0.5 0.59375 1 0.59375 0.5 0.59375 0.5 0.5625 1 0.5625 0.5 0.5625 0.5 0.53125 1 0.53125 0.5 0.53125 0.5 0.5 1 0.5 0.5 0.5 0.5 0.46875 1 0.46875 0.5 0.46875 0.5 0.4375 1 0.4375 0.5 0.4375 0.5 0.40625 1 0.40625 0.5 0.40625 0.5 0.375 1 0.375 0.5 0.375 0.5 0.34375 1 0.34375 0.5 0.34375 0.5 0.3125 1 0.3125 0.5 0.3125 0.5 0.28125 1 0.28125 0.5 0.28125 0.5 0.25 1 0.25 0.5 0.25 0.5 0.21875 1 0.21875 0.5 0.21875 0.5 0.1875 1 0.1875 0.5 0.1875 0.5 0.15625 1 0.15625 0.5 0.15625 0.5 0.125 1 0.125 0.5 0.125 0.5 0.09375 1 0.09375 0.5 0.09375 0.5 0.0625 1 0.0625 0.5 0.4717311 0.1581559 0.4717311 0.341844 0.341844 0.4717311 0.0625 0.5 0.03125 1 0.03125 0.5 0.03125 0.5 0 1 0 0.5 0.5504473 0.3833369 0.7031784 0.4853885 0.7968217 0.01461154 1 0.5 1 1 0.96875 1 0.96875 0.5 0.96875 1 0.9375 1 0.9375 0.5 0.9375 1 0.90625 1 0.90625 0.5 0.90625 1 0.875 1 0.875 0.5 0.875 1 0.84375 1 0.84375 0.5 0.84375 1 0.8125 1 0.8125 0.5 0.8125 1 0.78125 1 0.78125 0.5 0.78125 1 0.75 1 0.75 0.5 0.75 1 0.71875 1 0.71875 0.5 0.71875 1 0.6875 1 0.6875 0.5 0.6875 1 0.65625 1 0.65625 0.5 0.65625 1 0.625 1 0.625 0.5 0.625 1 0.59375 1 0.59375 0.5 0.59375 1 0.5625 1 0.5625 0.5 0.5625 1 0.53125 1 0.53125 0.5 0.53125 1 0.5 1 0.5 0.5 0.5 1 0.46875 1 0.46875 0.5 0.46875 1 0.4375 1 0.4375 0.5 0.4375 1 0.40625 1 0.40625 0.5 0.40625 1 0.375 1 0.375 0.5 0.375 1 0.34375 1 0.34375 0.5 0.34375 1 0.3125 1 0.3125 0.5 0.3125 1 0.28125 1 0.28125 0.5 0.28125 1 0.25 1 0.25 0.5 0.25 1 0.21875 1 0.21875 0.5 0.21875 1 0.1875 1 0.1875 0.5 0.1875 1 0.15625 1 0.15625 0.5 0.15625 1 0.125 1 0.125 0.5 0.125 1 0.09375 1 0.09375 0.5 0.09375 1 0.0625 1 0.341844 0.4717311 0.2968217 0.4853885 0.25 0.49 0.25 0.49 0.2031783 0.4853885 0.1581559 0.4717311 0.1581559 0.4717311 0.1166631 0.4495527 0.08029437 0.4197056 0.08029437 0.4197056 0.05044728 0.3833369 0.02826887 0.341844 0.02826887 0.341844 0.01461154 0.2968217 0.00999999 0.25 0.00999999 0.25 0.01461154 0.2031783 0.02826887 0.1581559 0.02826887 0.1581559 0.05044728 0.1166631 0.1581559 0.02826887 0.05044728 0.1166631 0.08029437 0.08029437 0.1581559 0.02826887 0.08029437 0.08029437 0.1166631 0.05044728 0.1581559 0.02826887 0.1581559 0.02826887 0.2031783 0.01461154 0.25 0.00999999 0.25 0.00999999 0.2968217 0.01461154 0.1581559 0.02826887 0.2968217 0.01461154 0.341844 0.02826887 0.1581559 0.02826887 0.341844 0.02826887 0.3833369 0.05044728 0.4197056 0.08029437 0.4197056 0.08029437 0.4495527 0.1166631 0.4717311 0.1581559 0.4717311 0.1581559 0.4853885 0.2031783 0.49 0.25 0.49 0.25 0.4853885 0.2968217 0.4717311 0.341844 0.4717311 0.341844 0.4495527 0.3833369 0.4197056 0.4197056 0.4197056 0.4197056 0.3833369 0.4495527 0.341844 0.4717311 0.341844 0.4717311 0.25 0.49 0.02826887 0.341844 0.25 0.49 0.1581559 0.4717311 0.02826887 0.341844 0.1581559 0.4717311 0.08029437 0.4197056 0.02826887 0.341844 0.02826887 0.341844 0.00999999 0.25 0.02826887 0.1581559 0.341844 0.02826887 0.4197056 0.08029437 0.4717311 0.1581559 0.4717311 0.1581559 0.49 0.25 0.4717311 0.341844 0.4717311 0.341844 0.4197056 0.4197056 0.4717311 0.1581559 0.4197056 0.4197056 0.341844 0.4717311 0.4717311 0.1581559 0.02826887 0.341844 0.02826887 0.1581559 0.1581559 0.02826887 0.1581559 0.02826887 0.341844 0.02826887 0.4717311 0.1581559 0.341844 0.4717311 0.02826887 0.341844 0.4717311 0.1581559 0.0625 0.5 0.0625 1 0.03125 1 0.03125 0.5 0.03125 1 0 1 0.7031784 0.4853885 0.75 0.49 0.8833369 0.4495527 0.75 0.49 0.7968217 0.4853885 0.8833369 0.4495527 0.7968217 0.4853885 0.841844 0.4717311 0.8833369 0.4495527 0.8833369 0.4495527 0.9197056 0.4197056 0.9853885 0.2968217 0.9197056 0.4197056 0.9495527 0.3833369 0.9853885 0.2968217 0.9495527 0.3833369 0.9717311 0.341844 0.9853885 0.2968217 0.9853885 0.2968217 0.99 0.25 0.9495527 0.1166631 0.99 0.25 0.9853885 0.2031783 0.9495527 0.1166631 0.9853885 0.2031783 0.9717311 0.1581559 0.9495527 0.1166631 0.9495527 0.1166631 0.9197056 0.08029437 0.8833369 0.05044728 0.8833369 0.05044728 0.841844 0.02826887 0.9495527 0.1166631 0.841844 0.02826887 0.7968217 0.01461154 0.9495527 0.1166631 0.7968217 0.01461154 0.75 0.00999999 0.7031784 0.01461154 0.7031784 0.01461154 0.658156 0.02826887 0.6166632 0.05044728 0.6166632 0.05044728 0.5802944 0.08029437 0.5504473 0.1166631 0.5504473 0.1166631 0.5282689 0.1581559 0.6166632 0.05044728 0.5282689 0.1581559 0.5146116 0.2031783 0.6166632 0.05044728 0.5146116 0.2031783 0.51 0.25 0.5146116 0.2968217 0.5146116 0.2968217 0.5282689 0.341844 0.5146116 0.2031783 0.5282689 0.341844 0.5504473 0.3833369 0.5146116 0.2031783 0.5504473 0.3833369 0.5802944 0.4197056 0.7031784 0.4853885 0.5802944 0.4197056 0.6166632 0.4495527 0.7031784 0.4853885 0.6166632 0.4495527 0.658156 0.4717311 0.7031784 0.4853885 0.7968217 0.01461154 0.7031784 0.01461154 0.5146116 0.2031783 0.7031784 0.01461154 0.6166632 0.05044728 0.5146116 0.2031783 0.7031784 0.4853885 0.8833369 0.4495527 0.9853885 0.2968217 0.9853885 0.2968217 0.9495527 0.1166631 0.7968217 0.01461154 0.5146116 0.2031783 0.5504473 0.3833369 0.7031784 0.4853885 0.7031784 0.4853885 0.9853885 0.2968217 0.7968217 0.01461154 1 0.5 1 1 0.96875 1 0.96875 0.5 0.96875 1 0.9375 1 0.9375 0.5 0.9375 1 0.90625 1 0.90625 0.5 0.90625 1 0.875 1 0.875 0.5 0.875 1 0.84375 1 0.84375 0.5 0.84375 1 0.8125 1 0.8125 0.5 0.8125 1 0.78125 1 0.78125 0.5 0.78125 1 0.75 1 0.75 0.5 0.75 1 0.71875 1 0.71875 0.5 0.71875 1 0.6875 1 0.6875 0.5 0.6875 1 0.65625 1 0.65625 0.5 0.65625 1 0.625 1 0.625 0.5 0.625 1 0.59375 1 0.59375 0.5 0.59375 1 0.5625 1 0.5625 0.5 0.5625 1 0.53125 1 0.53125 0.5 0.53125 1 0.5 1 0.5 0.5 0.5 1 0.46875 1 0.46875 0.5 0.46875 1 0.4375 1 0.4375 0.5 0.4375 1 0.40625 1 0.40625 0.5 0.40625 1 0.375 1 0.375 0.5 0.375 1 0.34375 1 0.34375 0.5 0.34375 1 0.3125 1 0.3125 0.5 0.3125 1 0.28125 1 0.28125 0.5 0.28125 1 0.25 1 0.25 0.5 0.25 1 0.21875 1 0.21875 0.5 0.21875 1 0.1875 1 0.1875 0.5 0.1875 1 0.15625 1 0.15625 0.5 0.15625 1 0.125 1 0.125 0.5 0.125 1 0.09375 1 0.09375 0.5 0.09375 1 0.0625 1 0.341844 0.4717311 0.2968217 0.4853885 0.25 0.49 0.25 0.49 0.2031783 0.4853885 0.341844 0.4717311 0.2031783 0.4853885 0.1581559 0.4717311 0.341844 0.4717311 0.1581559 0.4717311 0.1166631 0.4495527 0.08029437 0.4197056 0.08029437 0.4197056 0.05044728 0.3833369 0.02826887 0.341844 0.02826887 0.341844 0.01461154 0.2968217 0.00999999 0.25 0.00999999 0.25 0.01461154 0.2031783 0.02826887 0.1581559 0.02826887 0.1581559 0.05044728 0.1166631 0.1581559 0.02826887 0.05044728 0.1166631 0.08029437 0.08029437 0.1581559 0.02826887 0.08029437 0.08029437 0.1166631 0.05044728 0.1581559 0.02826887 0.1581559 0.02826887 0.2031783 0.01461154 0.25 0.00999999 0.25 0.00999999 0.2968217 0.01461154 0.341844 0.02826887 0.341844 0.02826887 0.3833369 0.05044728 0.4197056 0.08029437 0.4197056 0.08029437 0.4495527 0.1166631 0.4717311 0.1581559 0.4717311 0.1581559 0.4853885 0.2031783 0.49 0.25 0.49 0.25 0.4853885 0.2968217 0.4717311 0.1581559 0.4853885 0.2968217 0.4717311 0.341844 0.4717311 0.1581559 0.4717311 0.341844 0.4495527 0.3833369 0.4197056 0.4197056 0.4197056 0.4197056 0.3833369 0.4495527 0.341844 0.4717311 0.1581559 0.4717311 0.08029437 0.4197056 0.341844 0.4717311 0.08029437 0.4197056 0.02826887 0.341844 0.341844 0.4717311 0.02826887 0.341844 0.00999999 0.25 0.02826887 0.1581559 0.1581559 0.02826887 0.25 0.00999999 0.4717311 0.1581559 0.25 0.00999999 0.341844 0.02826887 0.4717311 0.1581559 0.341844 0.02826887 0.4197056 0.08029437 0.4717311 0.1581559 0.4717311 0.341844 0.4197056 0.4197056 0.341844 0.4717311 0.02826887 0.341844 0.02826887 0.1581559 0.341844 0.4717311 0.02826887 0.1581559 0.1581559 0.02826887 0.341844 0.4717311 0.4717311 0.1581559 0.4717311 0.341844 0.1581559 0.02826887 0.0625 0.5 0.0625 1 0.03125 1 0.03125 0.5 0.03125 1 0 1 0.7031784 0.4853885 0.75 0.49 0.7968217 0.4853885 0.7968217 0.4853885 0.841844 0.4717311 0.8833369 0.4495527 0.8833369 0.4495527 0.9197056 0.4197056 0.9495527 0.3833369 0.9495527 0.3833369 0.9717311 0.341844 0.8833369 0.4495527 0.9717311 0.341844 0.9853885 0.2968217 0.8833369 0.4495527 0.9853885 0.2968217 0.99 0.25 0.9853885 0.2031783 0.9853885 0.2031783 0.9717311 0.1581559 0.9853885 0.2968217 0.9717311 0.1581559 0.9495527 0.1166631 0.9853885 0.2968217 0.9495527 0.1166631 0.9197056 0.08029437 0.8833369 0.05044728 0.8833369 0.05044728 0.841844 0.02826887 0.7968217 0.01461154 0.7968217 0.01461154 0.75 0.00999999 0.6166632 0.05044728 0.75 0.00999999 0.7031784 0.01461154 0.6166632 0.05044728 0.7031784 0.01461154 0.658156 0.02826887 0.6166632 0.05044728 0.6166632 0.05044728 0.5802944 0.08029437 0.5146116 0.2031783 0.5802944 0.08029437 0.5504473 0.1166631 0.5146116 0.2031783 0.5504473 0.1166631 0.5282689 0.1581559 0.5146116 0.2031783 0.5146116 0.2031783 0.51 0.25 0.5504473 0.3833369 0.51 0.25 0.5146116 0.2968217 0.5504473 0.3833369 0.5146116 0.2968217 0.5282689 0.341844 0.5504473 0.3833369 0.5504473 0.3833369 0.5802944 0.4197056 0.6166632 0.4495527 0.6166632 0.4495527 0.658156 0.4717311 0.7031784 0.4853885 0.7031784 0.4853885 0.7968217 0.4853885 0.8833369 0.4495527 0.9495527 0.1166631 0.8833369 0.05044728 0.7968217 0.01461154 0.5504473 0.3833369 0.6166632 0.4495527 0.7031784 0.4853885 0.7031784 0.4853885 0.8833369 0.4495527 0.9853885 0.2968217 0.9853885 0.2968217 0.9495527 0.1166631 0.7031784 0.4853885 0.9495527 0.1166631 0.7968217 0.01461154 0.7031784 0.4853885 0.7968217 0.01461154 0.6166632 0.05044728 0.5146116 0.2031783 0.5146116 0.2031783 0.5504473 0.3833369 0.7968217 0.01461154 0.625 0.5 0.875 0.5 0.875 0.75 0.375 0.75 0.625 0.75 0.625 1 0.375 0 0.625 0 0.625 0.25 0.125 0.5 0.375 0.5 0.375 0.75 0.375 0.5 0.625 0.5 0.625 0.75 0.375 0.25 0.625 0.25 0.625 0.5 1 0.5 1 1 0.96875 1 0.96875 0.5 0.96875 1 0.9375 1 0.9375 0.5 0.9375 1 0.90625 1 0.90625 0.5 0.90625 1 0.875 1 0.875 0.5 0.875 1 0.84375 1 0.84375 0.5 0.84375 1 0.8125 1 0.8125 0.5 0.8125 1 0.78125 1 0.78125 0.5 0.78125 1 0.75 1 0.75 0.5 0.75 1 0.71875 1 0.71875 0.5 0.71875 1 0.6875 1 0.6875 0.5 0.6875 1 0.65625 1 0.65625 0.5 0.65625 1 0.625 1 0.625 0.5 0.625 1 0.59375 1 0.59375 0.5 0.59375 1 0.5625 1 0.5625 0.5 0.5625 1 0.53125 1 0.53125 0.5 0.53125 1 0.5 1 0.5 0.5 0.5 1 0.46875 1 0.46875 0.5 0.46875 1 0.4375 1 0.4375 0.5 0.4375 1 0.40625 1 0.40625 0.5 0.40625 1 0.375 1 0.375 0.5 0.375 1 0.34375 1 0.34375 0.5 0.34375 1 0.3125 1 0.3125 0.5 0.3125 1 0.28125 1 0.28125 0.5 0.28125 1 0.25 1 0.25 0.5 0.25 1 0.21875 1 0.21875 0.5 0.21875 1 0.1875 1 0.1875 0.5 0.1875 1 0.15625 1 0.15625 0.5 0.15625 1 0.125 1 0.125 0.5 0.125 1 0.09375 1 0.09375 0.5 0.09375 1 0.0625 1 0.341844 0.4717311 0.2968217 0.4853885 0.1581559 0.4717311 0.2968217 0.4853885 0.25 0.49 0.1581559 0.4717311 0.25 0.49 0.2031783 0.4853885 0.1581559 0.4717311 0.1581559 0.4717311 0.1166631 0.4495527 0.02826887 0.341844 0.1166631 0.4495527 0.08029437 0.4197056 0.02826887 0.341844 0.08029437 0.4197056 0.05044728 0.3833369 0.02826887 0.341844 0.02826887 0.341844 0.01461154 0.2968217 0.00999999 0.25 0.00999999 0.25 0.01461154 0.2031783 0.02826887 0.341844 0.01461154 0.2031783 0.02826887 0.1581559 0.02826887 0.341844 0.02826887 0.1581559 0.05044728 0.1166631 0.08029437 0.08029437 0.08029437 0.08029437 0.1166631 0.05044728 0.02826887 0.1581559 0.1166631 0.05044728 0.1581559 0.02826887 0.02826887 0.1581559 0.1581559 0.02826887 0.2031783 0.01461154 0.25 0.00999999 0.25 0.00999999 0.2968217 0.01461154 0.1581559 0.02826887 0.2968217 0.01461154 0.341844 0.02826887 0.1581559 0.02826887 0.341844 0.02826887 0.3833369 0.05044728 0.4717311 0.1581559 0.3833369 0.05044728 0.4197056 0.08029437 0.4717311 0.1581559 0.4197056 0.08029437 0.4495527 0.1166631 0.4717311 0.1581559 0.4717311 0.1581559 0.4853885 0.2031783 0.49 0.25 0.49 0.25 0.4853885 0.2968217 0.4717311 0.1581559 0.4853885 0.2968217 0.4717311 0.341844 0.4717311 0.1581559 0.4717311 0.341844 0.4495527 0.3833369 0.4197056 0.4197056 0.4197056 0.4197056 0.3833369 0.4495527 0.341844 0.4717311 0.4717311 0.341844 0.4197056 0.4197056 0.4717311 0.1581559 0.4197056 0.4197056 0.341844 0.4717311 0.4717311 0.1581559 0.341844 0.4717311 0.1581559 0.4717311 0.02826887 0.341844 0.02826887 0.341844 0.02826887 0.1581559 0.1581559 0.02826887 0.1581559 0.02826887 0.341844 0.02826887 0.4717311 0.1581559 0.341844 0.4717311 0.02826887 0.341844 0.4717311 0.1581559 0.0625 0.5 0.0625 1 0.03125 1 0.03125 0.5 0.03125 1 0 1 0.7031784 0.4853885 0.75 0.49 0.8833369 0.4495527 0.75 0.49 0.7968217 0.4853885 0.8833369 0.4495527 0.7968217 0.4853885 0.841844 0.4717311 0.8833369 0.4495527 0.8833369 0.4495527 0.9197056 0.4197056 0.9853885 0.2968217 0.9197056 0.4197056 0.9495527 0.3833369 0.9853885 0.2968217 0.9495527 0.3833369 0.9717311 0.341844 0.9853885 0.2968217 0.9853885 0.2968217 0.99 0.25 0.9853885 0.2031783 0.9853885 0.2031783 0.9717311 0.1581559 0.9853885 0.2968217 0.9717311 0.1581559 0.9495527 0.1166631 0.9853885 0.2968217 0.9495527 0.1166631 0.9197056 0.08029437 0.8833369 0.05044728 0.8833369 0.05044728 0.841844 0.02826887 0.7968217 0.01461154 0.7968217 0.01461154 0.75 0.00999999 0.6166632 0.05044728 0.75 0.00999999 0.7031784 0.01461154 0.6166632 0.05044728 0.7031784 0.01461154 0.658156 0.02826887 0.6166632 0.05044728 0.6166632 0.05044728 0.5802944 0.08029437 0.5504473 0.1166631 0.5504473 0.1166631 0.5282689 0.1581559 0.6166632 0.05044728 0.5282689 0.1581559 0.5146116 0.2031783 0.6166632 0.05044728 0.5146116 0.2031783 0.51 0.25 0.5146116 0.2968217 0.5146116 0.2968217 0.5282689 0.341844 0.5504473 0.3833369 0.5504473 0.3833369 0.5802944 0.4197056 0.6166632 0.4495527 0.6166632 0.4495527 0.658156 0.4717311 0.7031784 0.4853885 0.9495527 0.1166631 0.8833369 0.05044728 0.9853885 0.2968217 0.8833369 0.05044728 0.7968217 0.01461154 0.9853885 0.2968217 0.5146116 0.2031783 0.5146116 0.2968217 0.5504473 0.3833369 0.5504473 0.3833369 0.6166632 0.4495527 0.5146116 0.2031783 0.6166632 0.4495527 0.7031784 0.4853885 0.5146116 0.2031783 0.7031784 0.4853885 0.8833369 0.4495527 0.7968217 0.01461154 0.8833369 0.4495527 0.9853885 0.2968217 0.7968217 0.01461154 0.7968217 0.01461154 0.6166632 0.05044728 0.7031784 0.4853885 1 0.5 1 1 0.96875 1 0.96875 0.5 0.96875 1 0.9375 1 0.9375 0.5 0.9375 1 0.90625 1 0.90625 0.5 0.90625 1 0.875 1 0.875 0.5 0.875 1 0.84375 1 0.84375 0.5 0.84375 1 0.8125 1 0.8125 0.5 0.8125 1 0.78125 1 0.78125 0.5 0.78125 1 0.75 1 0.75 0.5 0.75 1 0.71875 1 0.71875 0.5 0.71875 1 0.6875 1 0.6875 0.5 0.6875 1 0.65625 1 0.65625 0.5 0.65625 1 0.625 1 0.625 0.5 0.625 1 0.59375 1 0.59375 0.5 0.59375 1 0.5625 1 0.5625 0.5 0.5625 1 0.53125 1 0.53125 0.5 0.53125 1 0.5 1 0.5 0.5 0.5 1 0.46875 1 0.46875 0.5 0.46875 1 0.4375 1 0.4375 0.5 0.4375 1 0.40625 1 0.40625 0.5 0.40625 1 0.375 1 0.375 0.5 0.375 1 0.34375 1 0.34375 0.5 0.34375 1 0.3125 1 0.3125 0.5 0.3125 1 0.28125 1 0.28125 0.5 0.28125 1 0.25 1 0.25 0.5 0.25 1 0.21875 1 0.21875 0.5 0.21875 1 0.1875 1 0.1875 0.5 0.1875 1 0.15625 1 0.15625 0.5 0.15625 1 0.125 1 0.125 0.5 0.125 1 0.09375 1 0.09375 0.5 0.09375 1 0.0625 1 0.341844 0.4717311 0.2968217 0.4853885 0.25 0.49 0.25 0.49 0.2031783 0.4853885 0.1581559 0.4717311 0.1581559 0.4717311 0.1166631 0.4495527 0.08029437 0.4197056 0.08029437 0.4197056 0.05044728 0.3833369 0.1581559 0.4717311 0.05044728 0.3833369 0.02826887 0.341844 0.1581559 0.4717311 0.02826887 0.341844 0.01461154 0.2968217 0.00999999 0.25 0.00999999 0.25 0.01461154 0.2031783 0.02826887 0.1581559 0.02826887 0.1581559 0.05044728 0.1166631 0.08029437 0.08029437 0.08029437 0.08029437 0.1166631 0.05044728 0.02826887 0.1581559 0.1166631 0.05044728 0.1581559 0.02826887 0.02826887 0.1581559 0.1581559 0.02826887 0.2031783 0.01461154 0.25 0.00999999 0.25 0.00999999 0.2968217 0.01461154 0.341844 0.02826887 0.341844 0.02826887 0.3833369 0.05044728 0.4197056 0.08029437 0.4197056 0.08029437 0.4495527 0.1166631 0.4717311 0.1581559 0.4717311 0.1581559 0.4853885 0.2031783 0.49 0.25 0.49 0.25 0.4853885 0.2968217 0.4717311 0.1581559 0.4853885 0.2968217 0.4717311 0.341844 0.4717311 0.1581559 0.4717311 0.341844 0.4495527 0.3833369 0.4197056 0.4197056 0.4197056 0.4197056 0.3833369 0.4495527 0.341844 0.4717311 0.341844 0.4717311 0.25 0.49 0.1581559 0.4717311 0.02826887 0.341844 0.00999999 0.25 0.1581559 0.02826887 0.00999999 0.25 0.02826887 0.1581559 0.1581559 0.02826887 0.1581559 0.02826887 0.25 0.00999999 0.341844 0.02826887 0.341844 0.02826887 0.4197056 0.08029437 0.1581559 0.02826887 0.4197056 0.08029437 0.4717311 0.1581559 0.1581559 0.02826887 0.4717311 0.341844 0.4197056 0.4197056 0.4717311 0.1581559 0.4197056 0.4197056 0.341844 0.4717311 0.4717311 0.1581559 0.341844 0.4717311 0.1581559 0.4717311 0.02826887 0.341844 0.341844 0.4717311 0.02826887 0.341844 0.1581559 0.02826887 0.0625 0.5 0.0625 1 0.03125 1 0.03125 0.5 0.03125 1 0 1 0.7031784 0.4853885 0.75 0.49 0.7968217 0.4853885 0.7968217 0.4853885 0.841844 0.4717311 0.7031784 0.4853885 0.841844 0.4717311 0.8833369 0.4495527 0.7031784 0.4853885 0.8833369 0.4495527 0.9197056 0.4197056 0.9495527 0.3833369 0.9495527 0.3833369 0.9717311 0.341844 0.9853885 0.2968217 0.9853885 0.2968217 0.99 0.25 0.9853885 0.2031783 0.9853885 0.2031783 0.9717311 0.1581559 0.9495527 0.1166631 0.9495527 0.1166631 0.9197056 0.08029437 0.7968217 0.01461154 0.9197056 0.08029437 0.8833369 0.05044728 0.7968217 0.01461154 0.8833369 0.05044728 0.841844 0.02826887 0.7968217 0.01461154 0.7968217 0.01461154 0.75 0.00999999 0.7031784 0.01461154 0.7031784 0.01461154 0.658156 0.02826887 0.6166632 0.05044728 0.6166632 0.05044728 0.5802944 0.08029437 0.5146116 0.2031783 0.5802944 0.08029437 0.5504473 0.1166631 0.5146116 0.2031783 0.5504473 0.1166631 0.5282689 0.1581559 0.5146116 0.2031783 0.5146116 0.2031783 0.51 0.25 0.5146116 0.2968217 0.5146116 0.2968217 0.5282689 0.341844 0.5504473 0.3833369 0.5504473 0.3833369 0.5802944 0.4197056 0.6166632 0.4495527 0.6166632 0.4495527 0.658156 0.4717311 0.5504473 0.3833369 0.658156 0.4717311 0.7031784 0.4853885 0.5504473 0.3833369 0.8833369 0.4495527 0.9495527 0.3833369 0.7031784 0.4853885 0.9495527 0.3833369 0.9853885 0.2968217 0.7031784 0.4853885 0.9853885 0.2968217 0.9853885 0.2031783 0.7968217 0.01461154 0.9853885 0.2031783 0.9495527 0.1166631 0.7968217 0.01461154 0.7968217 0.01461154 0.7031784 0.01461154 0.5146116 0.2031783 0.7031784 0.01461154 0.6166632 0.05044728 0.5146116 0.2031783 0.5146116 0.2031783 0.5146116 0.2968217 0.7031784 0.4853885 0.5146116 0.2968217 0.5504473 0.3833369 0.7031784 0.4853885 0.7031784 0.4853885 0.9853885 0.2968217 0.5146116 0.2031783 1 0.5 1 1 0.96875 1 0.96875 0.5 0.96875 1 0.9375 1 0.9375 0.5 0.9375 1 0.90625 1 0.90625 0.5 0.90625 1 0.875 1 0.875 0.5 0.875 1 0.84375 1 0.84375 0.5 0.84375 1 0.8125 1 0.8125 0.5 0.8125 1 0.78125 1 0.78125 0.5 0.78125 1 0.75 1 0.75 0.5 0.75 1 0.71875 1 0.71875 0.5 0.71875 1 0.6875 1 0.6875 0.5 0.6875 1 0.65625 1 0.65625 0.5 0.65625 1 0.625 1 0.625 0.5 0.625 1 0.59375 1 0.59375 0.5 0.59375 1 0.5625 1 0.5625 0.5 0.5625 1 0.53125 1 0.53125 0.5 0.53125 1 0.5 1 0.5 0.5 0.5 1 0.46875 1 0.46875 0.5 0.46875 1 0.4375 1 0.4375 0.5 0.4375 1 0.40625 1 0.40625 0.5 0.40625 1 0.375 1 0.375 0.5 0.375 1 0.34375 1 0.34375 0.5 0.34375 1 0.3125 1 0.3125 0.5 0.3125 1 0.28125 1 0.28125 0.5 0.28125 1 0.25 1 0.25 0.5 0.25 1 0.21875 1 0.21875 0.5 0.21875 1 0.1875 1 0.1875 0.5 0.1875 1 0.15625 1 0.15625 0.5 0.15625 1 0.125 1 0.125 0.5 0.125 1 0.09375 1 0.09375 0.5 0.09375 1 0.0625 1 0.341844 0.4717311 0.2968217 0.4853885 0.25 0.49 0.25 0.49 0.2031783 0.4853885 0.341844 0.4717311 0.2031783 0.4853885 0.1581559 0.4717311 0.341844 0.4717311 0.1581559 0.4717311 0.1166631 0.4495527 0.08029437 0.4197056 0.08029437 0.4197056 0.05044728 0.3833369 0.02826887 0.341844 0.02826887 0.341844 0.01461154 0.2968217 0.00999999 0.25 0.00999999 0.25 0.01461154 0.2031783 0.02826887 0.341844 0.01461154 0.2031783 0.02826887 0.1581559 0.02826887 0.341844 0.02826887 0.1581559 0.05044728 0.1166631 0.08029437 0.08029437 0.08029437 0.08029437 0.1166631 0.05044728 0.1581559 0.02826887 0.1581559 0.02826887 0.2031783 0.01461154 0.25 0.00999999 0.25 0.00999999 0.2968217 0.01461154 0.341844 0.02826887 0.341844 0.02826887 0.3833369 0.05044728 0.4197056 0.08029437 0.4197056 0.08029437 0.4495527 0.1166631 0.341844 0.02826887 0.4495527 0.1166631 0.4717311 0.1581559 0.341844 0.02826887 0.4717311 0.1581559 0.4853885 0.2031783 0.49 0.25 0.49 0.25 0.4853885 0.2968217 0.4717311 0.341844 0.4717311 0.341844 0.4495527 0.3833369 0.4197056 0.4197056 0.4197056 0.4197056 0.3833369 0.4495527 0.341844 0.4717311 0.1581559 0.4717311 0.08029437 0.4197056 0.341844 0.4717311 0.08029437 0.4197056 0.02826887 0.341844 0.341844 0.4717311 0.02826887 0.1581559 0.08029437 0.08029437 0.02826887 0.341844 0.08029437 0.08029437 0.1581559 0.02826887 0.02826887 0.341844 0.1581559 0.02826887 0.25 0.00999999 0.341844 0.02826887 0.4717311 0.1581559 0.49 0.25 0.4717311 0.341844 0.4717311 0.341844 0.4197056 0.4197056 0.4717311 0.1581559 0.4197056 0.4197056 0.341844 0.4717311 0.4717311 0.1581559 0.1581559 0.02826887 0.341844 0.02826887 0.341844 0.4717311 0.341844 0.02826887 0.4717311 0.1581559 0.341844 0.4717311 0.0625 0.5 0.0625 1 0.03125 1 0.03125 0.5 0.03125 1 0 1 0.7031784 0.4853885 0.75 0.49 0.7968217 0.4853885 0.7968217 0.4853885 0.841844 0.4717311 0.7031784 0.4853885 0.841844 0.4717311 0.8833369 0.4495527 0.7031784 0.4853885 0.8833369 0.4495527 0.9197056 0.4197056 0.9853885 0.2968217 0.9197056 0.4197056 0.9495527 0.3833369 0.9853885 0.2968217 0.9495527 0.3833369 0.9717311 0.341844 0.9853885 0.2968217 0.9853885 0.2968217 0.99 0.25 0.9853885 0.2031783 0.9853885 0.2031783 0.9717311 0.1581559 0.9495527 0.1166631 0.9495527 0.1166631 0.9197056 0.08029437 0.7968217 0.01461154 0.9197056 0.08029437 0.8833369 0.05044728 0.7968217 0.01461154 0.8833369 0.05044728 0.841844 0.02826887 0.7968217 0.01461154 0.7968217 0.01461154 0.75 0.00999999 0.7031784 0.01461154 0.7031784 0.01461154 0.658156 0.02826887 0.6166632 0.05044728 0.6166632 0.05044728 0.5802944 0.08029437 0.5146116 0.2031783 0.5802944 0.08029437 0.5504473 0.1166631 0.5146116 0.2031783 0.5504473 0.1166631 0.5282689 0.1581559 0.5146116 0.2031783 0.5146116 0.2031783 0.51 0.25 0.5504473 0.3833369 0.51 0.25 0.5146116 0.2968217 0.5504473 0.3833369 0.5146116 0.2968217 0.5282689 0.341844 0.5504473 0.3833369 0.5504473 0.3833369 0.5802944 0.4197056 0.6166632 0.4495527 0.6166632 0.4495527 0.658156 0.4717311 0.5504473 0.3833369 0.658156 0.4717311 0.7031784 0.4853885 0.5504473 0.3833369 0.9853885 0.2968217 0.9853885 0.2031783 0.7968217 0.01461154 0.9853885 0.2031783 0.9495527 0.1166631 0.7968217 0.01461154 0.7968217 0.01461154 0.7031784 0.01461154 0.5146116 0.2031783 0.7031784 0.01461154 0.6166632 0.05044728 0.5146116 0.2031783 0.7031784 0.4853885 0.8833369 0.4495527 0.9853885 0.2968217 0.5146116 0.2031783 0.5504473 0.3833369 0.7031784 0.4853885 0.7031784 0.4853885 0.9853885 0.2968217 0.5146116 0.2031783 1 0.5 1 1 0.96875 1 0.96875 0.5 0.96875 1 0.9375 1 0.9375 0.5 0.9375 1 0.90625 1 0.90625 0.5 0.90625 1 0.875 1 0.875 0.5 0.875 1 0.84375 1 0.84375 0.5 0.84375 1 0.8125 1 0.8125 0.5 0.8125 1 0.78125 1 0.78125 0.5 0.78125 1 0.75 1 0.75 0.5 0.75 1 0.71875 1 0.71875 0.5 0.71875 1 0.6875 1 0.6875 0.5 0.6875 1 0.65625 1 0.65625 0.5 0.65625 1 0.625 1 0.625 0.5 0.625 1 0.59375 1 0.59375 0.5 0.59375 1 0.5625 1 0.5625 0.5 0.5625 1 0.53125 1 0.53125 0.5 0.53125 1 0.5 1 0.5 0.5 0.5 1 0.46875 1 0.46875 0.5 0.46875 1 0.4375 1 0.4375 0.5 0.4375 1 0.40625 1 0.40625 0.5 0.40625 1 0.375 1 0.375 0.5 0.375 1 0.34375 1 0.34375 0.5 0.34375 1 0.3125 1 0.3125 0.5 0.3125 1 0.28125 1 0.28125 0.5 0.28125 1 0.25 1 0.25 0.5 0.25 1 0.21875 1 0.21875 0.5 0.21875 1 0.1875 1 0.1875 0.5 0.1875 1 0.15625 1 0.15625 0.5 0.15625 1 0.125 1 0.125 0.5 0.125 1 0.09375 1 0.09375 0.5 0.09375 1 0.0625 1 0.341844 0.4717311 0.2968217 0.4853885 0.25 0.49 0.25 0.49 0.2031783 0.4853885 0.1581559 0.4717311 0.1581559 0.4717311 0.1166631 0.4495527 0.02826887 0.341844 0.1166631 0.4495527 0.08029437 0.4197056 0.02826887 0.341844 0.08029437 0.4197056 0.05044728 0.3833369 0.02826887 0.341844 0.02826887 0.341844 0.01461154 0.2968217 0.00999999 0.25 0.00999999 0.25 0.01461154 0.2031783 0.02826887 0.1581559 0.02826887 0.1581559 0.05044728 0.1166631 0.08029437 0.08029437 0.08029437 0.08029437 0.1166631 0.05044728 0.02826887 0.1581559 0.1166631 0.05044728 0.1581559 0.02826887 0.02826887 0.1581559 0.1581559 0.02826887 0.2031783 0.01461154 0.341844 0.02826887 0.2031783 0.01461154 0.25 0.00999999 0.341844 0.02826887 0.25 0.00999999 0.2968217 0.01461154 0.341844 0.02826887 0.341844 0.02826887 0.3833369 0.05044728 0.4717311 0.1581559 0.3833369 0.05044728 0.4197056 0.08029437 0.4717311 0.1581559 0.4197056 0.08029437 0.4495527 0.1166631 0.4717311 0.1581559 0.4717311 0.1581559 0.4853885 0.2031783 0.49 0.25 0.49 0.25 0.4853885 0.2968217 0.4717311 0.1581559 0.4853885 0.2968217 0.4717311 0.341844 0.4717311 0.1581559 0.4717311 0.341844 0.4495527 0.3833369 0.4197056 0.4197056 0.4197056 0.4197056 0.3833369 0.4495527 0.4717311 0.341844 0.3833369 0.4495527 0.341844 0.4717311 0.4717311 0.341844 0.341844 0.4717311 0.25 0.49 0.02826887 0.341844 0.25 0.49 0.1581559 0.4717311 0.02826887 0.341844 0.02826887 0.341844 0.00999999 0.25 0.02826887 0.1581559 0.02826887 0.341844 0.02826887 0.1581559 0.1581559 0.02826887 0.1581559 0.02826887 0.341844 0.02826887 0.4717311 0.1581559 0.4717311 0.1581559 0.4717311 0.341844 0.341844 0.4717311 0.341844 0.4717311 0.02826887 0.341844 0.4717311 0.1581559 0.0625 0.5 0.0625 1 0.03125 1 0.03125 0.5 0.03125 1 0 1 0.7031784 0.4853885 0.75 0.49 0.8833369 0.4495527 0.75 0.49 0.7968217 0.4853885 0.8833369 0.4495527 0.7968217 0.4853885 0.841844 0.4717311 0.8833369 0.4495527 0.8833369 0.4495527 0.9197056 0.4197056 0.9495527 0.3833369 0.9495527 0.3833369 0.9717311 0.341844 0.8833369 0.4495527 0.9717311 0.341844 0.9853885 0.2968217 0.8833369 0.4495527 0.9853885 0.2968217 0.99 0.25 0.9853885 0.2031783 0.9853885 0.2031783 0.9717311 0.1581559 0.9853885 0.2968217 0.9717311 0.1581559 0.9495527 0.1166631 0.9853885 0.2968217 0.9495527 0.1166631 0.9197056 0.08029437 0.8833369 0.05044728 0.8833369 0.05044728 0.841844 0.02826887 0.7968217 0.01461154 0.7968217 0.01461154 0.75 0.00999999 0.7031784 0.01461154 0.7031784 0.01461154 0.658156 0.02826887 0.6166632 0.05044728 0.6166632 0.05044728 0.5802944 0.08029437 0.5504473 0.1166631 0.5504473 0.1166631 0.5282689 0.1581559 0.6166632 0.05044728 0.5282689 0.1581559 0.5146116 0.2031783 0.6166632 0.05044728 0.5146116 0.2031783 0.51 0.25 0.5146116 0.2968217 0.5146116 0.2968217 0.5282689 0.341844 0.5146116 0.2031783 0.5282689 0.341844 0.5504473 0.3833369 0.5146116 0.2031783 0.5504473 0.3833369 0.5802944 0.4197056 0.6166632 0.4495527 0.6166632 0.4495527 0.658156 0.4717311 0.7031784 0.4853885 0.9495527 0.1166631 0.8833369 0.05044728 0.9853885 0.2968217 0.8833369 0.05044728 0.7968217 0.01461154 0.9853885 0.2968217 0.7968217 0.01461154 0.7031784 0.01461154 0.6166632 0.05044728 0.5504473 0.3833369 0.6166632 0.4495527 0.5146116 0.2031783 0.6166632 0.4495527 0.7031784 0.4853885 0.5146116 0.2031783 0.7031784 0.4853885 0.8833369 0.4495527 0.7968217 0.01461154 0.8833369 0.4495527 0.9853885 0.2968217 0.7968217 0.01461154 0.7968217 0.01461154 0.6166632 0.05044728 0.7031784 0.4853885 1 0.5 1 1 0.96875 1 0.96875 0.5 0.96875 1 0.9375 1 0.9375 0.5 0.9375 1 0.90625 1 0.90625 0.5 0.90625 1 0.875 1 0.875 0.5 0.875 1 0.84375 1 0.84375 0.5 0.84375 1 0.8125 1 0.8125 0.5 0.8125 1 0.78125 1 0.78125 0.5 0.78125 1 0.75 1 0.75 0.5 0.75 1 0.71875 1 0.71875 0.5 0.71875 1 0.6875 1 0.6875 0.5 0.6875 1 0.65625 1 0.65625 0.5 0.65625 1 0.625 1 0.625 0.5 0.625 1 0.59375 1 0.59375 0.5 0.59375 1 0.5625 1 0.5625 0.5 0.5625 1 0.53125 1 0.53125 0.5 0.53125 1 0.5 1 0.5 0.5 0.5 1 0.46875 1 0.46875 0.5 0.46875 1 0.4375 1 0.4375 0.5 0.4375 1 0.40625 1 0.40625 0.5 0.40625 1 0.375 1 0.375 0.5 0.375 1 0.34375 1 0.34375 0.5 0.34375 1 0.3125 1 0.3125 0.5 0.3125 1 0.28125 1 0.28125 0.5 0.28125 1 0.25 1 0.25 0.5 0.25 1 0.21875 1 0.21875 0.5 0.21875 1 0.1875 1 0.1875 0.5 0.1875 1 0.15625 1 0.15625 0.5 0.15625 1 0.125 1 0.125 0.5 0.125 1 0.09375 1 0.09375 0.5 0.09375 1 0.0625 1 0.341844 0.4717311 0.2968217 0.4853885 0.1581559 0.4717311 0.2968217 0.4853885 0.25 0.49 0.1581559 0.4717311 0.25 0.49 0.2031783 0.4853885 0.1581559 0.4717311 0.1581559 0.4717311 0.1166631 0.4495527 0.08029437 0.4197056 0.08029437 0.4197056 0.05044728 0.3833369 0.1581559 0.4717311 0.05044728 0.3833369 0.02826887 0.341844 0.1581559 0.4717311 0.02826887 0.341844 0.01461154 0.2968217 0.02826887 0.1581559 0.01461154 0.2968217 0.00999999 0.25 0.02826887 0.1581559 0.00999999 0.25 0.01461154 0.2031783 0.02826887 0.1581559 0.02826887 0.1581559 0.05044728 0.1166631 0.1581559 0.02826887 0.05044728 0.1166631 0.08029437 0.08029437 0.1581559 0.02826887 0.08029437 0.08029437 0.1166631 0.05044728 0.1581559 0.02826887 0.1581559 0.02826887 0.2031783 0.01461154 0.25 0.00999999 0.25 0.00999999 0.2968217 0.01461154 0.341844 0.02826887 0.341844 0.02826887 0.3833369 0.05044728 0.4197056 0.08029437 0.4197056 0.08029437 0.4495527 0.1166631 0.341844 0.02826887 0.4495527 0.1166631 0.4717311 0.1581559 0.341844 0.02826887 0.4717311 0.1581559 0.4853885 0.2031783 0.49 0.25 0.49 0.25 0.4853885 0.2968217 0.4717311 0.341844 0.4717311 0.341844 0.4495527 0.3833369 0.341844 0.4717311 0.4495527 0.3833369 0.4197056 0.4197056 0.341844 0.4717311 0.4197056 0.4197056 0.3833369 0.4495527 0.341844 0.4717311 0.1581559 0.02826887 0.25 0.00999999 0.341844 0.02826887 0.4717311 0.1581559 0.49 0.25 0.341844 0.4717311 0.49 0.25 0.4717311 0.341844 0.341844 0.4717311 0.341844 0.4717311 0.1581559 0.4717311 0.1581559 0.02826887 0.1581559 0.4717311 0.02826887 0.341844 0.1581559 0.02826887 0.02826887 0.341844 0.02826887 0.1581559 0.1581559 0.02826887 0.1581559 0.02826887 0.341844 0.02826887 0.341844 0.4717311 0.0625 0.5 0.0625 1 0.03125 1 0.03125 0.5 0.03125 1 0 1 0.7031784 0.4853885 0.75 0.49 0.7968217 0.4853885 0.7968217 0.4853885 0.841844 0.4717311 0.7031784 0.4853885 0.841844 0.4717311 0.8833369 0.4495527 0.7031784 0.4853885 0.8833369 0.4495527 0.9197056 0.4197056 0.9495527 0.3833369 0.9495527 0.3833369 0.9717311 0.341844 0.9853885 0.2968217 0.9853885 0.2968217 0.99 0.25 0.9495527 0.1166631 0.99 0.25 0.9853885 0.2031783 0.9495527 0.1166631 0.9853885 0.2031783 0.9717311 0.1581559 0.9495527 0.1166631 0.9495527 0.1166631 0.9197056 0.08029437 0.8833369 0.05044728 0.8833369 0.05044728 0.841844 0.02826887 0.9495527 0.1166631 0.841844 0.02826887 0.7968217 0.01461154 0.9495527 0.1166631 0.7968217 0.01461154 0.75 0.00999999 0.7031784 0.01461154 0.7031784 0.01461154 0.658156 0.02826887 0.7968217 0.01461154 0.658156 0.02826887 0.6166632 0.05044728 0.7968217 0.01461154 0.6166632 0.05044728 0.5802944 0.08029437 0.5504473 0.1166631 0.5504473 0.1166631 0.5282689 0.1581559 0.5146116 0.2031783 0.5146116 0.2031783 0.51 0.25 0.5146116 0.2968217 0.5146116 0.2968217 0.5282689 0.341844 0.5146116 0.2031783 0.5282689 0.341844 0.5504473 0.3833369 0.5146116 0.2031783 0.5504473 0.3833369 0.5802944 0.4197056 0.6166632 0.4495527 0.6166632 0.4495527 0.658156 0.4717311 0.5504473 0.3833369 0.658156 0.4717311 0.7031784 0.4853885 0.5504473 0.3833369 0.8833369 0.4495527 0.9495527 0.3833369 0.7031784 0.4853885 0.9495527 0.3833369 0.9853885 0.2968217 0.7031784 0.4853885 0.6166632 0.05044728 0.5504473 0.1166631 0.7968217 0.01461154 0.5504473 0.1166631 0.5146116 0.2031783 0.7968217 0.01461154 0.9853885 0.2968217 0.9495527 0.1166631 0.7031784 0.4853885 0.9495527 0.1166631 0.7968217 0.01461154 0.7031784 0.4853885 0.5146116 0.2031783 0.5504473 0.3833369 0.7968217 0.01461154 1 0.5 1 1 0.96875 1 0.96875 0.5 0.96875 1 0.9375 1 0.9375 0.5 0.9375 1 0.90625 1 0.90625 0.5 0.90625 1 0.875 1 0.875 0.5 0.875 1 0.84375 1 0.84375 0.5 0.84375 1 0.8125 1 0.8125 0.5 0.8125 1 0.78125 1 0.78125 0.5 0.78125 1 0.75 1 0.75 0.5 0.75 1 0.71875 1 0.71875 0.5 0.71875 1 0.6875 1 0.6875 0.5 0.6875 1 0.65625 1 0.65625 0.5 0.65625 1 0.625 1 0.625 0.5 0.625 1 0.59375 1 0.59375 0.5 0.59375 1 0.5625 1 0.5625 0.5 0.5625 1 0.53125 1 0.53125 0.5 0.53125 1 0.5 1 0.5 0.5 0.5 1 0.46875 1 0.46875 0.5 0.46875 1 0.4375 1 0.4375 0.5 0.4375 1 0.40625 1 0.40625 0.5 0.40625 1 0.375 1 0.375 0.5 0.375 1 0.34375 1 0.34375 0.5 0.34375 1 0.3125 1 0.3125 0.5 0.3125 1 0.28125 1 0.28125 0.5 0.28125 1 0.25 1 0.25 0.5 0.25 1 0.21875 1 0.21875 0.5 0.21875 1 0.1875 1 0.1875 0.5 0.1875 1 0.15625 1 0.15625 0.5 0.15625 1 0.125 1 0.125 0.5 0.125 1 0.09375 1 0.09375 0.5 0.09375 1 0.0625 1 0.341844 0.4717311 0.2968217 0.4853885 0.25 0.49 0.25 0.49 0.2031783 0.4853885 0.341844 0.4717311 0.2031783 0.4853885 0.1581559 0.4717311 0.341844 0.4717311 0.1581559 0.4717311 0.1166631 0.4495527 0.08029437 0.4197056 0.08029437 0.4197056 0.05044728 0.3833369 0.1581559 0.4717311 0.05044728 0.3833369 0.02826887 0.341844 0.1581559 0.4717311 0.02826887 0.341844 0.01461154 0.2968217 0.00999999 0.25 0.00999999 0.25 0.01461154 0.2031783 0.02826887 0.1581559 0.02826887 0.1581559 0.05044728 0.1166631 0.1581559 0.02826887 0.05044728 0.1166631 0.08029437 0.08029437 0.1581559 0.02826887 0.08029437 0.08029437 0.1166631 0.05044728 0.1581559 0.02826887 0.1581559 0.02826887 0.2031783 0.01461154 0.25 0.00999999 0.25 0.00999999 0.2968217 0.01461154 0.341844 0.02826887 0.341844 0.02826887 0.3833369 0.05044728 0.4197056 0.08029437 0.4197056 0.08029437 0.4495527 0.1166631 0.341844 0.02826887 0.4495527 0.1166631 0.4717311 0.1581559 0.341844 0.02826887 0.4717311 0.1581559 0.4853885 0.2031783 0.49 0.25 0.49 0.25 0.4853885 0.2968217 0.4717311 0.1581559 0.4853885 0.2968217 0.4717311 0.341844 0.4717311 0.1581559 0.4717311 0.341844 0.4495527 0.3833369 0.341844 0.4717311 0.4495527 0.3833369 0.4197056 0.4197056 0.341844 0.4717311 0.4197056 0.4197056 0.3833369 0.4495527 0.341844 0.4717311 0.02826887 0.341844 0.00999999 0.25 0.02826887 0.1581559 0.1581559 0.02826887 0.25 0.00999999 0.341844 0.02826887 0.341844 0.4717311 0.1581559 0.4717311 0.1581559 0.02826887 0.1581559 0.4717311 0.02826887 0.341844 0.1581559 0.02826887 0.02826887 0.341844 0.02826887 0.1581559 0.1581559 0.02826887 0.1581559 0.02826887 0.341844 0.02826887 0.341844 0.4717311 0.341844 0.02826887 0.4717311 0.1581559 0.341844 0.4717311 0.0625 0.5 0.0625 1 0.03125 1 0.03125 0.5 0.03125 1 0 1 0.7031784 0.4853885 0.75 0.49 0.7968217 0.4853885 0.7968217 0.4853885 0.841844 0.4717311 0.7031784 0.4853885 0.841844 0.4717311 0.8833369 0.4495527 0.7031784 0.4853885 0.8833369 0.4495527 0.9197056 0.4197056 0.9495527 0.3833369 0.9495527 0.3833369 0.9717311 0.341844 0.8833369 0.4495527 0.9717311 0.341844 0.9853885 0.2968217 0.8833369 0.4495527 0.9853885 0.2968217 0.99 0.25 0.9853885 0.2031783 0.9853885 0.2031783 0.9717311 0.1581559 0.9853885 0.2968217 0.9717311 0.1581559 0.9495527 0.1166631 0.9853885 0.2968217 0.9495527 0.1166631 0.9197056 0.08029437 0.8833369 0.05044728 0.8833369 0.05044728 0.841844 0.02826887 0.9495527 0.1166631 0.841844 0.02826887 0.7968217 0.01461154 0.9495527 0.1166631 0.7968217 0.01461154 0.75 0.00999999 0.7031784 0.01461154 0.7031784 0.01461154 0.658156 0.02826887 0.7968217 0.01461154 0.658156 0.02826887 0.6166632 0.05044728 0.7968217 0.01461154 0.6166632 0.05044728 0.5802944 0.08029437 0.5504473 0.1166631 0.5504473 0.1166631 0.5282689 0.1581559 0.5146116 0.2031783 0.5146116 0.2031783 0.51 0.25 0.5146116 0.2968217 0.5146116 0.2968217 0.5282689 0.341844 0.5146116 0.2031783 0.5282689 0.341844 0.5504473 0.3833369 0.5146116 0.2031783 0.5504473 0.3833369 0.5802944 0.4197056 0.6166632 0.4495527 0.6166632 0.4495527 0.658156 0.4717311 0.5504473 0.3833369 0.658156 0.4717311 0.7031784 0.4853885 0.5504473 0.3833369 0.6166632 0.05044728 0.5504473 0.1166631 0.7968217 0.01461154 0.5504473 0.1166631 0.5146116 0.2031783 0.7968217 0.01461154 0.7031784 0.4853885 0.8833369 0.4495527 0.9853885 0.2968217 0.9853885 0.2968217 0.9495527 0.1166631 0.7031784 0.4853885 0.9495527 0.1166631 0.7968217 0.01461154 0.7031784 0.4853885 0.5146116 0.2031783 0.5504473 0.3833369 0.7968217 0.01461154 0.375 0 0.625 0.25 0.375 0.25 0.375 0.25 0.625 0.5 0.375 0.5 0.375 0.5 0.625 0.75 0.375 0.75 0.375 0.75 0.625 1 0.375 1 0.125 0.5 0.375 0.75 0.125 0.75 0.625 0.5 0.875 0.75 0.625 0.75 0.375 0 0.625 0.25 0.375 0.25 0.375 0.25 0.625 0.5 0.375 0.5 0.375 0.5 0.625 0.75 0.375 0.75 0.375 0.75 0.625 1 0.375 1 0.125 0.5 0.375 0.75 0.125 0.75 0.625 0.5 0.875 0.75 0.625 0.75 0.375 0 0.625 0.25 0.375 0.25 0.375 0.25 0.625 0.5 0.375 0.5 0.375 0.5 0.625 0.75 0.375 0.75 0.375 0.75 0.625 1 0.375 1 0.125 0.5 0.375 0.75 0.125 0.75 0.625 0.5 0.875 0.75 0.625 0.75 0.375 0 0.625 0.25 0.375 0.25 0.375 0.25 0.625 0.5 0.375 0.5 0.375 0.5 0.625 0.75 0.375 0.75 0.375 0.75 0.625 1 0.375 1 0.125 0.5 0.375 0.75 0.125 0.75 0.625 0.5 0.875 0.75 0.625 0.75 1 0.5 0.96875 1 0.96875 0.5 0.96875 0.5 0.9375 1 0.9375 0.5 0.9375 0.5 0.90625 1 0.90625 0.5 0.90625 0.5 0.875 1 0.875 0.5 0.875 0.5 0.84375 1 0.84375 0.5 0.84375 0.5 0.8125 1 0.8125 0.5 0.8125 0.5 0.78125 1 0.78125 0.5 0.78125 0.5 0.75 1 0.75 0.5 0.75 0.5 0.71875 1 0.71875 0.5 0.71875 0.5 0.6875 1 0.6875 0.5 0.6875 0.5 0.65625 1 0.65625 0.5 0.65625 0.5 0.625 1 0.625 0.5 0.625 0.5 0.59375 1 0.59375 0.5 0.59375 0.5 0.5625 1 0.5625 0.5 0.5625 0.5 0.53125 1 0.53125 0.5 0.53125 0.5 0.5 1 0.5 0.5 0.5 0.5 0.46875 1 0.46875 0.5 0.46875 0.5 0.4375 1 0.4375 0.5 0.4375 0.5 0.40625 1 0.40625 0.5 0.40625 0.5 0.375 1 0.375 0.5 0.375 0.5 0.34375 1 0.34375 0.5 0.34375 0.5 0.3125 1 0.3125 0.5 0.3125 0.5 0.28125 1 0.28125 0.5 0.28125 0.5 0.25 1 0.25 0.5 0.25 0.5 0.21875 1 0.21875 0.5 0.21875 0.5 0.1875 1 0.1875 0.5 0.1875 0.5 0.15625 1 0.15625 0.5 0.15625 0.5 0.125 1 0.125 0.5 0.125 0.5 0.09375 1 0.09375 0.5 0.09375 0.5 0.0625 1 0.0625 0.5 0.1581559 0.02826887 0.4717311 0.1581559 0.341844 0.4717311 0.0625 0.5 0.03125 1 0.03125 0.5 0.03125 0.5 0 1 0 0.5 0.9853885 0.2968217 0.7968217 0.01461154 0.5146116 0.2031783 1 0.5 0.96875 1 0.96875 0.5 0.96875 0.5 0.9375 1 0.9375 0.5 0.9375 0.5 0.90625 1 0.90625 0.5 0.90625 0.5 0.875 1 0.875 0.5 0.875 0.5 0.84375 1 0.84375 0.5 0.84375 0.5 0.8125 1 0.8125 0.5 0.8125 0.5 0.78125 1 0.78125 0.5 0.78125 0.5 0.75 1 0.75 0.5 0.75 0.5 0.71875 1 0.71875 0.5 0.71875 0.5 0.6875 1 0.6875 0.5 0.6875 0.5 0.65625 1 0.65625 0.5 0.65625 0.5 0.625 1 0.625 0.5 0.625 0.5 0.59375 1 0.59375 0.5 0.59375 0.5 0.5625 1 0.5625 0.5 0.5625 0.5 0.53125 1 0.53125 0.5 0.53125 0.5 0.5 1 0.5 0.5 0.5 0.5 0.46875 1 0.46875 0.5 0.46875 0.5 0.4375 1 0.4375 0.5 0.4375 0.5 0.40625 1 0.40625 0.5 0.40625 0.5 0.375 1 0.375 0.5 0.375 0.5 0.34375 1 0.34375 0.5 0.34375 0.5 0.3125 1 0.3125 0.5 0.3125 0.5 0.28125 1 0.28125 0.5 0.28125 0.5 0.25 1 0.25 0.5 0.25 0.5 0.21875 1 0.21875 0.5 0.21875 0.5 0.1875 1 0.1875 0.5 0.1875 0.5 0.15625 1 0.15625 0.5 0.15625 0.5 0.125 1 0.125 0.5 0.125 0.5 0.09375 1 0.09375 0.5 0.09375 0.5 0.0625 1 0.0625 0.5 0.1581559 0.02826887 0.4717311 0.1581559 0.341844 0.4717311 0.0625 0.5 0.03125 1 0.03125 0.5 0.03125 0.5 0 1 0 0.5 0.7031784 0.4853885 0.9853885 0.2968217 0.7968217 0.01461154 0.375 0 0.625 0 0.625 0.25 0.375 0.25 0.625 0.25 0.625 0.5 0.375 0.5 0.625 0.5 0.625 0.75 0.375 0.75 0.625 0.75 0.625 1 0.125 0.5 0.375 0.5 0.375 0.75 0.625 0.5 0.875 0.5 0.875 0.75 0.375 0 0.625 0 0.625 0.25 0.375 0.25 0.625 0.25 0.625 0.5 0.375 0.5 0.625 0.5 0.625 0.75 0.375 0.75 0.625 0.75 0.625 1 0.125 0.5 0.375 0.5 0.375 0.75 0.625 0.5 0.875 0.5 0.875 0.75 0.375 0 0.625 0 0.625 0.25 0.375 0.25 0.625 0.25 0.625 0.5 0.375 0.5 0.625 0.5 0.625 0.75 0.375 0.75 0.625 0.75 0.625 1 0.125 0.5 0.375 0.5 0.375 0.75 0.625 0.5 0.875 0.5 0.875 0.75 0.375 0 0.625 0 0.625 0.25 0.375 0.25 0.625 0.25 0.625 0.5 0.375 0.5 0.625 0.5 0.625 0.75 0.375 0.75 0.625 0.75 0.625 1 0.125 0.5 0.375 0.5 0.375 0.75 0.625 0.5 0.875 0.5 0.875 0.75 1 0.5 1 1 0.96875 1 0.96875 0.5 0.96875 1 0.9375 1 0.9375 0.5 0.9375 1 0.90625 1 0.90625 0.5 0.90625 1 0.875 1 0.875 0.5 0.875 1 0.84375 1 0.84375 0.5 0.84375 1 0.8125 1 0.8125 0.5 0.8125 1 0.78125 1 0.78125 0.5 0.78125 1 0.75 1 0.75 0.5 0.75 1 0.71875 1 0.71875 0.5 0.71875 1 0.6875 1 0.6875 0.5 0.6875 1 0.65625 1 0.65625 0.5 0.65625 1 0.625 1 0.625 0.5 0.625 1 0.59375 1 0.59375 0.5 0.59375 1 0.5625 1 0.5625 0.5 0.5625 1 0.53125 1 0.53125 0.5 0.53125 1 0.5 1 0.5 0.5 0.5 1 0.46875 1 0.46875 0.5 0.46875 1 0.4375 1 0.4375 0.5 0.4375 1 0.40625 1 0.40625 0.5 0.40625 1 0.375 1 0.375 0.5 0.375 1 0.34375 1 0.34375 0.5 0.34375 1 0.3125 1 0.3125 0.5 0.3125 1 0.28125 1 0.28125 0.5 0.28125 1 0.25 1 0.25 0.5 0.25 1 0.21875 1 0.21875 0.5 0.21875 1 0.1875 1 0.1875 0.5 0.1875 1 0.15625 1 0.15625 0.5 0.15625 1 0.125 1 0.125 0.5 0.125 1 0.09375 1 0.09375 0.5 0.09375 1 0.0625 1 0.341844 0.4717311 0.2968217 0.4853885 0.25 0.49 0.25 0.49 0.2031783 0.4853885 0.1581559 0.4717311 0.1581559 0.4717311 0.1166631 0.4495527 0.08029437 0.4197056 0.08029437 0.4197056 0.05044728 0.3833369 0.02826887 0.341844 0.02826887 0.341844 0.01461154 0.2968217 0.00999999 0.25 0.00999999 0.25 0.01461154 0.2031783 0.02826887 0.341844 0.01461154 0.2031783 0.02826887 0.1581559 0.02826887 0.341844 0.02826887 0.1581559 0.05044728 0.1166631 0.08029437 0.08029437 0.08029437 0.08029437 0.1166631 0.05044728 0.02826887 0.1581559 0.1166631 0.05044728 0.1581559 0.02826887 0.02826887 0.1581559 0.1581559 0.02826887 0.2031783 0.01461154 0.25 0.00999999 0.25 0.00999999 0.2968217 0.01461154 0.341844 0.02826887 0.341844 0.02826887 0.3833369 0.05044728 0.4717311 0.1581559 0.3833369 0.05044728 0.4197056 0.08029437 0.4717311 0.1581559 0.4197056 0.08029437 0.4495527 0.1166631 0.4717311 0.1581559 0.4717311 0.1581559 0.4853885 0.2031783 0.4717311 0.341844 0.4853885 0.2031783 0.49 0.25 0.4717311 0.341844 0.49 0.25 0.4853885 0.2968217 0.4717311 0.341844 0.4717311 0.341844 0.4495527 0.3833369 0.4197056 0.4197056 0.4197056 0.4197056 0.3833369 0.4495527 0.341844 0.4717311 0.341844 0.4717311 0.25 0.49 0.1581559 0.4717311 0.1581559 0.4717311 0.08029437 0.4197056 0.341844 0.4717311 0.08029437 0.4197056 0.02826887 0.341844 0.341844 0.4717311 0.1581559 0.02826887 0.25 0.00999999 0.4717311 0.1581559 0.25 0.00999999 0.341844 0.02826887 0.4717311 0.1581559 0.4717311 0.341844 0.4197056 0.4197056 0.4717311 0.1581559 0.4197056 0.4197056 0.341844 0.4717311 0.4717311 0.1581559 0.02826887 0.341844 0.02826887 0.1581559 0.1581559 0.02826887 0.341844 0.4717311 0.02826887 0.341844 0.1581559 0.02826887 0.0625 0.5 0.0625 1 0.03125 1 0.03125 0.5 0.03125 1 0 1 0.7031784 0.4853885 0.75 0.49 0.8833369 0.4495527 0.75 0.49 0.7968217 0.4853885 0.8833369 0.4495527 0.7968217 0.4853885 0.841844 0.4717311 0.8833369 0.4495527 0.8833369 0.4495527 0.9197056 0.4197056 0.9853885 0.2968217 0.9197056 0.4197056 0.9495527 0.3833369 0.9853885 0.2968217 0.9495527 0.3833369 0.9717311 0.341844 0.9853885 0.2968217 0.9853885 0.2968217 0.99 0.25 0.9853885 0.2031783 0.9853885 0.2031783 0.9717311 0.1581559 0.9495527 0.1166631 0.9495527 0.1166631 0.9197056 0.08029437 0.8833369 0.05044728 0.8833369 0.05044728 0.841844 0.02826887 0.7968217 0.01461154 0.7968217 0.01461154 0.75 0.00999999 0.6166632 0.05044728 0.75 0.00999999 0.7031784 0.01461154 0.6166632 0.05044728 0.7031784 0.01461154 0.658156 0.02826887 0.6166632 0.05044728 0.6166632 0.05044728 0.5802944 0.08029437 0.5504473 0.1166631 0.5504473 0.1166631 0.5282689 0.1581559 0.5146116 0.2031783 0.5146116 0.2031783 0.51 0.25 0.5146116 0.2968217 0.5146116 0.2968217 0.5282689 0.341844 0.5146116 0.2031783 0.5282689 0.341844 0.5504473 0.3833369 0.5146116 0.2031783 0.5504473 0.3833369 0.5802944 0.4197056 0.6166632 0.4495527 0.6166632 0.4495527 0.658156 0.4717311 0.7031784 0.4853885 0.9853885 0.2968217 0.9853885 0.2031783 0.9495527 0.1166631 0.9495527 0.1166631 0.8833369 0.05044728 0.9853885 0.2968217 0.8833369 0.05044728 0.7968217 0.01461154 0.9853885 0.2968217 0.6166632 0.05044728 0.5504473 0.1166631 0.5146116 0.2031783 0.5504473 0.3833369 0.6166632 0.4495527 0.5146116 0.2031783 0.6166632 0.4495527 0.7031784 0.4853885 0.5146116 0.2031783 0.7031784 0.4853885 0.8833369 0.4495527 0.9853885 0.2968217 0.7968217 0.01461154 0.6166632 0.05044728 0.5146116 0.2031783 0.7031784 0.4853885 0.9853885 0.2968217 0.5146116 0.2031783 1 0.5 1 1 0.96875 1 0.96875 0.5 0.96875 1 0.9375 1 0.9375 0.5 0.9375 1 0.90625 1 0.90625 0.5 0.90625 1 0.875 1 0.875 0.5 0.875 1 0.84375 1 0.84375 0.5 0.84375 1 0.8125 1 0.8125 0.5 0.8125 1 0.78125 1 0.78125 0.5 0.78125 1 0.75 1 0.75 0.5 0.75 1 0.71875 1 0.71875 0.5 0.71875 1 0.6875 1 0.6875 0.5 0.6875 1 0.65625 1 0.65625 0.5 0.65625 1 0.625 1 0.625 0.5 0.625 1 0.59375 1 0.59375 0.5 0.59375 1 0.5625 1 0.5625 0.5 0.5625 1 0.53125 1 0.53125 0.5 0.53125 1 0.5 1 0.5 0.5 0.5 1 0.46875 1 0.46875 0.5 0.46875 1 0.4375 1 0.4375 0.5 0.4375 1 0.40625 1 0.40625 0.5 0.40625 1 0.375 1 0.375 0.5 0.375 1 0.34375 1 0.34375 0.5 0.34375 1 0.3125 1 0.3125 0.5 0.3125 1 0.28125 1 0.28125 0.5 0.28125 1 0.25 1 0.25 0.5 0.25 1 0.21875 1 0.21875 0.5 0.21875 1 0.1875 1 0.1875 0.5 0.1875 1 0.15625 1 0.15625 0.5 0.15625 1 0.125 1 0.125 0.5 0.125 1 0.09375 1 0.09375 0.5 0.09375 1 0.0625 1 0.341844 0.4717311 0.2968217 0.4853885 0.1581559 0.4717311 0.2968217 0.4853885 0.25 0.49 0.1581559 0.4717311 0.25 0.49 0.2031783 0.4853885 0.1581559 0.4717311 0.1581559 0.4717311 0.1166631 0.4495527 0.02826887 0.341844 0.1166631 0.4495527 0.08029437 0.4197056 0.02826887 0.341844 0.08029437 0.4197056 0.05044728 0.3833369 0.02826887 0.341844 0.02826887 0.341844 0.01461154 0.2968217 0.00999999 0.25 0.00999999 0.25 0.01461154 0.2031783 0.02826887 0.341844 0.01461154 0.2031783 0.02826887 0.1581559 0.02826887 0.341844 0.02826887 0.1581559 0.05044728 0.1166631 0.08029437 0.08029437 0.08029437 0.08029437 0.1166631 0.05044728 0.02826887 0.1581559 0.1166631 0.05044728 0.1581559 0.02826887 0.02826887 0.1581559 0.1581559 0.02826887 0.2031783 0.01461154 0.25 0.00999999 0.25 0.00999999 0.2968217 0.01461154 0.341844 0.02826887 0.341844 0.02826887 0.3833369 0.05044728 0.4717311 0.1581559 0.3833369 0.05044728 0.4197056 0.08029437 0.4717311 0.1581559 0.4197056 0.08029437 0.4495527 0.1166631 0.4717311 0.1581559 0.4717311 0.1581559 0.4853885 0.2031783 0.4717311 0.341844 0.4853885 0.2031783 0.49 0.25 0.4717311 0.341844 0.49 0.25 0.4853885 0.2968217 0.4717311 0.341844 0.4717311 0.341844 0.4495527 0.3833369 0.4197056 0.4197056 0.4197056 0.4197056 0.3833369 0.4495527 0.4717311 0.341844 0.3833369 0.4495527 0.341844 0.4717311 0.4717311 0.341844 0.1581559 0.02826887 0.25 0.00999999 0.4717311 0.1581559 0.25 0.00999999 0.341844 0.02826887 0.4717311 0.1581559 0.341844 0.4717311 0.1581559 0.4717311 0.02826887 0.341844 0.02826887 0.341844 0.02826887 0.1581559 0.341844 0.4717311 0.02826887 0.1581559 0.1581559 0.02826887 0.341844 0.4717311 0.4717311 0.1581559 0.4717311 0.341844 0.341844 0.4717311 0.0625 0.5 0.0625 1 0.03125 1 0.03125 0.5 0.03125 1 0 1 0.7031784 0.4853885 0.75 0.49 0.7968217 0.4853885 0.7968217 0.4853885 0.841844 0.4717311 0.8833369 0.4495527 0.8833369 0.4495527 0.9197056 0.4197056 0.9495527 0.3833369 0.9495527 0.3833369 0.9717311 0.341844 0.8833369 0.4495527 0.9717311 0.341844 0.9853885 0.2968217 0.8833369 0.4495527 0.9853885 0.2968217 0.99 0.25 0.9853885 0.2031783 0.9853885 0.2031783 0.9717311 0.1581559 0.9495527 0.1166631 0.9495527 0.1166631 0.9197056 0.08029437 0.8833369 0.05044728 0.8833369 0.05044728 0.841844 0.02826887 0.7968217 0.01461154 0.7968217 0.01461154 0.75 0.00999999 0.6166632 0.05044728 0.75 0.00999999 0.7031784 0.01461154 0.6166632 0.05044728 0.7031784 0.01461154 0.658156 0.02826887 0.6166632 0.05044728 0.6166632 0.05044728 0.5802944 0.08029437 0.5504473 0.1166631 0.5504473 0.1166631 0.5282689 0.1581559 0.5146116 0.2031783 0.5146116 0.2031783 0.51 0.25 0.5146116 0.2968217 0.5146116 0.2968217 0.5282689 0.341844 0.5146116 0.2031783 0.5282689 0.341844 0.5504473 0.3833369 0.5146116 0.2031783 0.5504473 0.3833369 0.5802944 0.4197056 0.6166632 0.4495527 0.6166632 0.4495527 0.658156 0.4717311 0.7031784 0.4853885 0.7031784 0.4853885 0.7968217 0.4853885 0.9853885 0.2968217 0.7968217 0.4853885 0.8833369 0.4495527 0.9853885 0.2968217 0.9853885 0.2968217 0.9853885 0.2031783 0.9495527 0.1166631 0.9495527 0.1166631 0.8833369 0.05044728 0.9853885 0.2968217 0.8833369 0.05044728 0.7968217 0.01461154 0.9853885 0.2968217 0.6166632 0.05044728 0.5504473 0.1166631 0.5146116 0.2031783 0.5504473 0.3833369 0.6166632 0.4495527 0.5146116 0.2031783 0.6166632 0.4495527 0.7031784 0.4853885 0.5146116 0.2031783 0.7968217 0.01461154 0.6166632 0.05044728 0.7031784 0.4853885 0.6166632 0.05044728 0.5146116 0.2031783 0.7031784 0.4853885</float_array>
          <technique_common>
            <accessor source="#Cylinder_001-mesh-map-0-array" count="3900" stride="2">
              <param name="S" type="float"/>
              <param name="T" type="float"/>
            </accessor>
          </technique_common>
        </source>
        <vertices id="Cylinder_001-mesh-vertices">
          <input semantic="POSITION" source="#Cylinder_001-mesh-positions"/>
        </vertices>
        <triangles material="Material-material" count="1300">
          <input semantic="VERTEX" source="#Cylinder_001-mesh-vertices" offset="0"/>
          <input semantic="NORMAL" source="#Cylinder_001-mesh-normals" offset="1"/>
          <input semantic="TEXCOORD" source="#Cylinder_001-mesh-map-0" offset="2" set="0"/>
          <p>0 0 0 3 0 1 2 0 2 2 1 3 5 1 4 4 1 5 4 2 6 7 2 7 6 2 8 6 3 9 9 3 10 8 3 11 8 4 12 11 4 13 10 4 14 10 5 15 13 5 16 12 5 17 12 6 18 15 6 19 14 6 20 14 7 21 17 7 22 16 7 23 16 8 24 19 8 25 18 8 26 18 9 27 21 9 28 20 9 29 20 10 30 23 10 31 22 10 32 22 11 33 25 11 34 24 11 35 24 12 36 27 12 37 26 12 38 26 13 39 29 13 40 28 13 41 28 14 42 31 14 43 30 14 44 30 15 45 33 15 46 32 15 47 32 16 48 35 16 49 34 16 50 34 17 51 37 17 52 36 17 53 36 18 54 39 18 55 38 18 56 38 19 57 41 19 58 40 19 59 40 20 60 43 20 61 42 20 62 42 21 63 45 21 64 44 21 65 44 22 66 47 22 67 46 22 68 46 23 69 49 23 70 48 23 71 48 24 72 51 24 73 50 24 74 50 25 75 53 25 76 52 25 77 52 26 78 55 26 79 54 26 80 54 27 81 57 27 82 56 27 83 56 28 84 59 28 85 58 28 86 58 29 87 61 29 88 60 29 89 53 30 90 37 30 91 21 30 92 60 31 93 63 31 94 62 31 95 62 32 96 1 32 97 0 32 98 30 33 99 46 33 100 62 33 101 64 34 102 67 34 103 66 34 104 66 35 105 69 35 106 68 35 107 68 36 108 71 36 109 70 36 110 70 37 111 73 37 112 72 37 113 72 38 114 75 38 115 74 38 116 74 39 117 77 39 118 76 39 119 76 40 120 79 40 121 78 40 122 78 41 123 81 41 124 80 41 125 80 42 126 83 42 127 82 42 128 82 43 129 85 43 130 84 43 131 84 44 132 87 44 133 86 44 134 86 45 135 89 45 136 88 45 137 88 46 138 91 46 139 90 46 140 90 47 141 93 47 142 92 47 143 92 48 144 95 48 145 94 48 146 94 49 147 97 49 148 96 49 149 96 50 150 99 50 151 98 50 152 98 51 153 101 51 154 100 51 155 100 52 156 103 52 157 102 52 158 102 53 159 105 53 160 104 53 161 104 54 162 107 54 163 106 54 164 106 55 165 109 55 166 108 55 167 108 56 168 111 56 169 110 56 170 110 57 171 113 57 172 112 57 173 112 58 174 115 58 175 114 58 176 114 59 177 117 59 178 116 59 179 116 60 180 119 60 181 118 60 182 118 61 183 121 61 184 120 61 185 120 62 186 123 62 187 122 62 188 122 63 189 125 63 190 124 63 191 77 64 192 69 64 193 101 64 194 124 65 195 127 65 196 126 65 197 126 66 198 65 66 199 64 66 200 118 67 201 126 67 202 94 67 203 128 68 204 134 68 205 130 68 206 131 69 207 134 69 208 135 69 209 135 70 210 132 70 211 133 70 212 133 71 213 131 71 214 135 71 215 129 72 216 130 72 217 131 72 218 133 73 219 128 73 220 129 73 221 136 74 222 139 74 223 138 74 224 138 75 225 141 75 226 140 75 227 140 76 228 143 76 229 142 76 230 142 77 231 145 77 232 144 77 233 144 78 234 147 78 235 146 78 236 146 79 237 149 79 238 148 79 239 148 80 240 151 80 241 150 80 242 150 81 243 153 81 244 152 81 245 152 82 246 155 82 247 154 82 248 154 83 249 157 83 250 156 83 251 156 84 252 159 84 253 158 84 254 158 85 255 161 85 256 160 85 257 160 86 258 163 86 259 162 86 260 162 87 261 165 87 262 164 87 263 164 88 264 167 88 265 166 88 266 166 89 267 169 89 268 168 89 269 168 90 270 171 90 271 170 90 272 170 91 273 173 91 274 172 91 275 172 92 276 175 92 277 174 92 278 174 93 279 177 93 280 176 93 281 176 94 282 179 94 283 178 94 284 178 95 285 181 95 286 180 95 287 180 96 288 183 96 289 182 96 290 182 97 291 185 97 292 184 97 293 184 98 294 187 98 295 186 98 296 186 99 297 189 99 298 188 99 299 188 100 300 191 100 301 190 100 302 190 101 303 193 101 304 192 101 305 192 102 306 195 102 307 194 102 308 194 103 309 197 103 310 196 103 311 189 104 312 173 104 313 157 104 314 196 105 315 199 105 316 198 105 317 198 106 318 137 106 319 136 106 320 174 107 321 182 107 322 198 107 323 200 108 324 203 108 325 202 108 326 202 109 327 205 109 328 204 109 329 204 110 330 207 110 331 206 110 332 206 111 333 209 111 334 208 111 335 208 112 336 211 112 337 210 112 338 210 113 339 213 113 340 212 113 341 212 114 342 215 114 343 214 114 344 214 115 345 217 115 346 216 115 347 216 116 348 219 116 349 218 116 350 218 117 351 221 117 352 220 117 353 220 118 354 223 118 355 222 118 356 222 119 357 225 119 358 224 119 359 224 120 360 227 120 361 226 120 362 226 121 363 229 121 364 228 121 365 228 122 366 231 122 367 230 122 368 230 123 369 233 123 370 232 123 371 232 124 372 235 124 373 234 124 374 234 125 375 237 125 376 236 125 377 236 126 378 239 126 379 238 126 380 238 127 381 241 127 382 240 127 383 240 128 384 243 128 385 242 128 386 242 129 387 245 129 388 244 129 389 244 130 390 247 130 391 246 130 392 246 131 393 249 131 394 248 131 395 248 132 396 251 132 397 250 132 398 250 133 399 253 133 400 252 133 401 252 134 402 255 134 403 254 134 404 254 135 405 257 135 406 256 135 407 256 136 408 259 136 409 258 136 410 258 137 411 261 137 412 260 137 413 237 138 414 221 138 415 205 138 416 260 139 417 263 139 418 262 139 419 262 140 420 201 140 421 200 140 422 214 141 423 230 141 424 246 141 425 264 142 426 267 142 427 266 142 428 266 143 429 269 143 430 268 143 431 268 144 432 271 144 433 270 144 434 270 145 435 273 145 436 272 145 437 272 146 438 275 146 439 274 146 440 274 147 441 277 147 442 276 147 443 276 148 444 279 148 445 278 148 446 278 149 447 281 149 448 280 149 449 280 150 450 283 150 451 282 150 452 282 151 453 285 151 454 284 151 455 284 152 456 287 152 457 286 152 458 286 153 459 289 153 460 288 153 461 288 154 462 291 154 463 290 154 464 290 155 465 293 155 466 292 155 467 292 156 468 295 156 469 294 156 470 294 157 471 297 157 472 296 157 473 296 158 474 299 158 475 298 158 476 298 159 477 301 159 478 300 159 479 300 160 480 303 160 481 302 160 482 302 161 483 305 161 484 304 161 485 304 162 486 307 162 487 306 162 488 306 163 489 309 163 490 308 163 491 308 164 492 311 164 493 310 164 494 310 165 495 313 165 496 312 165 497 312 166 498 315 166 499 314 166 500 314 167 501 317 167 502 316 167 503 316 168 504 319 168 505 318 168 506 318 169 507 321 169 508 320 169 509 320 170 510 323 170 511 322 170 512 322 171 513 325 171 514 324 171 515 269 172 516 317 172 517 301 172 518 324 173 519 327 173 520 326 173 521 326 174 522 265 174 523 264 174 524 278 175 525 294 175 526 310 175 527 328 176 528 331 176 529 330 176 530 330 177 531 333 177 532 332 177 533 332 178 534 335 178 535 334 178 536 334 179 537 337 179 538 336 179 539 336 180 540 339 180 541 338 180 542 338 181 543 341 181 544 340 181 545 340 182 546 343 182 547 342 182 548 342 183 549 345 183 550 344 183 551 344 184 552 347 184 553 346 184 554 346 185 555 349 185 556 348 185 557 348 186 558 351 186 559 350 186 560 350 187 561 353 187 562 352 187 563 352 188 564 355 188 565 354 188 566 354 189 567 357 189 568 356 189 569 356 190 570 359 190 571 358 190 572 358 191 573 361 191 574 360 191 575 360 192 576 363 192 577 362 192 578 362 193 579 365 193 580 364 193 581 364 194 582 367 194 583 366 194 584 366 195 585 369 195 586 368 195 587 368 196 588 371 196 589 370 196 590 370 197 591 373 197 592 372 197 593 372 198 594 375 198 595 374 198 596 374 199 597 377 199 598 376 199 599 376 200 600 379 200 601 378 200 602 378 201 603 381 201 604 380 201 605 380 202 606 383 202 607 382 202 608 382 203 609 385 203 610 384 203 611 384 204 612 387 204 613 386 204 614 386 205 615 389 205 616 388 205 617 381 206 618 365 206 619 349 206 620 388 207 621 391 207 622 390 207 623 390 208 624 329 208 625 328 208 626 366 209 627 374 209 628 390 209 629 392 210 630 395 210 631 394 210 632 394 211 633 397 211 634 396 211 635 396 212 636 399 212 637 398 212 638 398 213 639 401 213 640 400 213 641 400 214 642 403 214 643 402 214 644 402 215 645 405 215 646 404 215 647 404 216 648 407 216 649 406 216 650 406 217 651 409 217 652 408 217 653 408 218 654 411 218 655 410 218 656 410 219 657 413 219 658 412 219 659 412 220 660 415 220 661 414 220 662 414 221 663 417 221 664 416 221 665 416 222 666 419 222 667 418 222 668 418 223 669 421 223 670 420 223 671 420 224 672 423 224 673 422 224 674 422 225 675 425 225 676 424 225 677 424 226 678 427 226 679 426 226 680 426 227 681 429 227 682 428 227 683 428 228 684 431 228 685 430 228 686 430 229 687 433 229 688 432 229 689 432 230 690 435 230 691 434 230 692 434 231 693 437 231 694 436 231 695 436 232 696 439 232 697 438 232 698 438 233 699 441 233 700 440 233 701 440 234 702 443 234 703 442 234 704 442 235 705 445 235 706 444 235 707 444 236 708 447 236 709 446 236 710 446 237 711 449 237 712 448 237 713 448 238 714 451 238 715 450 238 716 450 239 717 453 239 718 452 239 719 421 240 720 413 240 721 397 240 722 452 241 723 455 241 724 454 241 725 454 242 726 393 242 727 392 242 728 446 243 729 454 243 730 422 243 731 456 244 732 459 244 733 458 244 734 458 245 735 461 245 736 460 245 737 460 246 738 463 246 739 462 246 740 462 247 741 465 247 742 464 247 743 464 248 744 467 248 745 466 248 746 466 249 747 469 249 748 468 249 749 468 250 750 471 250 751 470 250 752 470 251 753 473 251 754 472 251 755 472 252 756 475 252 757 474 252 758 474 253 759 477 253 760 476 253 761 476 254 762 479 254 763 478 254 764 478 255 765 481 255 766 480 255 767 480 256 768 483 256 769 482 256 770 482 257 771 485 257 772 484 257 773 484 258 774 487 258 775 486 258 776 486 259 777 489 259 778 488 259 779 488 260 780 491 260 781 490 260 782 490 261 783 493 261 784 492 261 785 492 262 786 495 262 787 494 262 788 494 263 789 497 263 790 496 263 791 496 264 792 499 264 793 498 264 794 498 265 795 501 265 796 500 265 797 500 266 798 503 266 799 502 266 800 502 267 801 505 267 802 504 267 803 504 268 804 507 268 805 506 268 806 506 269 807 509 269 808 508 269 809 508 270 810 511 270 811 510 270 812 510 271 813 513 271 814 512 271 815 512 272 816 515 272 817 514 272 818 514 273 819 517 273 820 516 273 821 477 274 822 469 274 823 461 274 824 516 275 825 519 275 826 518 275 827 518 276 828 457 276 829 456 276 830 510 277 831 518 277 832 486 277 833 0 278 834 1 278 835 3 278 836 2 279 837 3 279 838 5 279 839 4 280 840 5 280 841 7 280 842 6 281 843 7 281 844 9 281 845 8 282 846 9 282 847 11 282 848 10 283 849 11 283 850 13 283 851 12 284 852 13 284 853 15 284 854 14 285 855 15 285 856 17 285 857 16 286 858 17 286 859 19 286 860 18 287 861 19 287 862 21 287 863 20 288 864 21 288 865 23 288 866 22 289 867 23 289 868 25 289 869 24 290 870 25 290 871 27 290 872 26 291 873 27 291 874 29 291 875 28 292 876 29 292 877 31 292 878 30 293 879 31 293 880 33 293 881 32 294 882 33 294 883 35 294 884 34 295 885 35 295 886 37 295 887 36 296 888 37 296 889 39 296 890 38 297 891 39 297 892 41 297 893 40 298 894 41 298 895 43 298 896 42 299 897 43 299 898 45 299 899 44 300 900 45 300 901 47 300 902 46 301 903 47 301 904 49 301 905 48 302 906 49 302 907 51 302 908 50 303 909 51 303 910 53 303 911 52 304 912 53 304 913 55 304 914 54 305 915 55 305 916 57 305 917 56 306 918 57 306 919 59 306 920 58 307 921 59 307 922 61 307 923 5 308 924 3 308 925 1 308 926 1 309 927 63 309 928 61 309 929 61 310 930 59 310 931 57 310 932 57 311 933 55 311 934 53 311 935 53 312 936 51 312 937 49 312 938 49 313 939 47 313 940 45 313 941 45 314 942 43 314 943 37 314 944 43 315 945 41 315 946 37 315 947 41 316 948 39 316 949 37 316 950 37 317 951 35 317 952 33 317 953 33 318 954 31 318 955 37 318 956 31 319 957 29 319 958 37 319 959 29 320 960 27 320 961 25 320 962 25 321 963 23 321 964 21 321 965 21 322 966 19 322 967 17 322 968 17 323 969 15 323 970 13 323 971 13 324 972 11 324 973 9 324 974 9 325 975 7 325 976 5 325 977 5 326 978 1 326 979 53 326 980 1 327 981 61 327 982 53 327 983 61 328 984 57 328 985 53 328 986 53 329 987 49 329 988 45 329 989 29 330 990 25 330 991 21 330 992 21 331 993 17 331 994 13 331 995 13 332 996 9 332 997 21 332 998 9 333 999 5 333 1000 21 333 1001 53 334 1002 45 334 1003 37 334 1004 37 335 1005 29 335 1006 21 335 1007 5 336 1008 53 336 1009 21 336 1010 60 337 1011 61 337 1012 63 337 1013 62 338 1014 63 338 1015 1 338 1016 62 339 1017 0 339 1018 6 339 1019 0 340 1020 2 340 1021 6 340 1022 2 341 1023 4 341 1024 6 341 1025 6 342 1026 8 342 1027 14 342 1028 8 343 1029 10 343 1030 14 343 1031 10 344 1032 12 344 1033 14 344 1034 14 345 1035 16 345 1036 22 345 1037 16 346 1038 18 346 1039 22 346 1040 18 347 1041 20 347 1042 22 347 1043 22 348 1044 24 348 1045 26 348 1046 26 349 1047 28 349 1048 22 349 1049 28 350 1050 30 350 1051 22 350 1052 30 351 1053 32 351 1054 34 351 1055 34 352 1056 36 352 1057 38 352 1058 38 353 1059 40 353 1060 42 353 1061 42 354 1062 44 354 1063 38 354 1064 44 355 1065 46 355 1066 38 355 1067 46 356 1068 48 356 1069 50 356 1070 50 357 1071 52 357 1072 46 357 1073 52 358 1074 54 358 1075 46 358 1076 54 359 1077 56 359 1078 62 359 1079 56 360 1080 58 360 1081 62 360 1082 58 361 1083 60 361 1084 62 361 1085 30 362 1086 34 362 1087 46 362 1088 34 363 1089 38 363 1090 46 363 1091 62 364 1092 6 364 1093 14 364 1094 14 365 1095 22 365 1096 30 365 1097 46 366 1098 54 366 1099 62 366 1100 62 367 1101 14 367 1102 30 367 1103 64 368 1104 65 368 1105 67 368 1106 66 369 1107 67 369 1108 69 369 1109 68 370 1110 69 370 1111 71 370 1112 70 371 1113 71 371 1114 73 371 1115 72 372 1116 73 372 1117 75 372 1118 74 373 1119 75 373 1120 77 373 1121 76 374 1122 77 374 1123 79 374 1124 78 375 1125 79 375 1126 81 375 1127 80 376 1128 81 376 1129 83 376 1130 82 377 1131 83 377 1132 85 377 1133 84 378 1134 85 378 1135 87 378 1136 86 379 1137 87 379 1138 89 379 1139 88 380 1140 89 380 1141 91 380 1142 90 381 1143 91 381 1144 93 381 1145 92 382 1146 93 382 1147 95 382 1148 94 383 1149 95 383 1150 97 383 1151 96 384 1152 97 384 1153 99 384 1154 98 385 1155 99 385 1156 101 385 1157 100 386 1158 101 386 1159 103 386 1160 102 387 1161 103 387 1162 105 387 1163 104 388 1164 105 388 1165 107 388 1166 106 389 1167 107 389 1168 109 389 1169 108 390 1170 109 390 1171 111 390 1172 110 391 1173 111 391 1174 113 391 1175 112 392 1176 113 392 1177 115 392 1178 114 393 1179 115 393 1180 117 393 1181 116 394 1182 117 394 1183 119 394 1184 118 395 1185 119 395 1186 121 395 1187 120 396 1188 121 396 1189 123 396 1190 122 397 1191 123 397 1192 125 397 1193 69 398 1194 67 398 1195 65 398 1196 65 399 1197 127 399 1198 69 399 1199 127 400 1200 125 400 1201 69 400 1202 125 401 1203 123 401 1204 121 401 1205 121 402 1206 119 402 1207 117 402 1208 117 403 1209 115 403 1210 113 403 1211 113 404 1212 111 404 1213 109 404 1214 109 405 1215 107 405 1216 101 405 1217 107 406 1218 105 406 1219 101 406 1220 105 407 1221 103 407 1222 101 407 1223 101 408 1224 99 408 1225 97 408 1226 97 409 1227 95 409 1228 93 409 1229 93 410 1230 91 410 1231 89 410 1232 89 411 1233 87 411 1234 85 411 1235 85 412 1236 83 412 1237 81 412 1238 81 413 1239 79 413 1240 85 413 1241 79 414 1242 77 414 1243 85 414 1244 77 415 1245 75 415 1246 73 415 1247 73 416 1248 71 416 1249 69 416 1250 125 417 1251 121 417 1252 69 417 1253 121 418 1254 117 418 1255 69 418 1256 117 419 1257 113 419 1258 109 419 1259 101 420 1260 97 420 1261 85 420 1262 97 421 1263 93 421 1264 85 421 1265 93 422 1266 89 422 1267 85 422 1268 77 423 1269 73 423 1270 69 423 1271 117 424 1272 109 424 1273 69 424 1274 109 425 1275 101 425 1276 69 425 1277 85 426 1278 77 426 1279 101 426 1280 124 427 1281 125 427 1282 127 427 1283 126 428 1284 127 428 1285 65 428 1286 126 429 1287 64 429 1288 66 429 1289 66 430 1290 68 430 1291 70 430 1292 70 431 1293 72 431 1294 74 431 1295 74 432 1296 76 432 1297 70 432 1298 76 433 1299 78 433 1300 70 433 1301 78 434 1302 80 434 1303 82 434 1304 82 435 1305 84 435 1306 78 435 1307 84 436 1308 86 436 1309 78 436 1310 86 437 1311 88 437 1312 90 437 1313 90 438 1314 92 438 1315 94 438 1316 94 439 1317 96 439 1318 102 439 1319 96 440 1320 98 440 1321 102 440 1322 98 441 1323 100 441 1324 102 441 1325 102 442 1326 104 442 1327 110 442 1328 104 443 1329 106 443 1330 110 443 1331 106 444 1332 108 444 1333 110 444 1334 110 445 1335 112 445 1336 118 445 1337 112 446 1338 114 446 1339 118 446 1340 114 447 1341 116 447 1342 118 447 1343 118 448 1344 120 448 1345 122 448 1346 122 449 1347 124 449 1348 126 449 1349 126 450 1350 66 450 1351 70 450 1352 86 451 1353 90 451 1354 94 451 1355 118 452 1356 122 452 1357 126 452 1358 126 453 1359 70 453 1360 78 453 1361 78 454 1362 86 454 1363 126 454 1364 86 455 1365 94 455 1366 126 455 1367 94 456 1368 102 456 1369 110 456 1370 110 457 1371 118 457 1372 94 457 1373 128 458 1374 132 458 1375 134 458 1376 131 459 1377 130 459 1378 134 459 1379 135 460 1380 134 460 1381 132 460 1382 133 461 1383 129 461 1384 131 461 1385 129 462 1386 128 462 1387 130 462 1388 133 463 1389 132 463 1390 128 463 1391 136 464 1392 137 464 1393 139 464 1394 138 465 1395 139 465 1396 141 465 1397 140 466 1398 141 466 1399 143 466 1400 142 467 1401 143 467 1402 145 467 1403 144 468 1404 145 468 1405 147 468 1406 146 469 1407 147 469 1408 149 469 1409 148 470 1410 149 470 1411 151 470 1412 150 471 1413 151 471 1414 153 471 1415 152 472 1416 153 472 1417 155 472 1418 154 473 1419 155 473 1420 157 473 1421 156 474 1422 157 474 1423 159 474 1424 158 475 1425 159 475 1426 161 475 1427 160 476 1428 161 476 1429 163 476 1430 162 477 1431 163 477 1432 165 477 1433 164 478 1434 165 478 1435 167 478 1436 166 479 1437 167 479 1438 169 479 1439 168 480 1440 169 480 1441 171 480 1442 170 481 1443 171 481 1444 173 481 1445 172 482 1446 173 482 1447 175 482 1448 174 483 1449 175 483 1450 177 483 1451 176 484 1452 177 484 1453 179 484 1454 178 485 1455 179 485 1456 181 485 1457 180 486 1458 181 486 1459 183 486 1460 182 487 1461 183 487 1462 185 487 1463 184 488 1464 185 488 1465 187 488 1466 186 489 1467 187 489 1468 189 489 1469 188 490 1470 189 490 1471 191 490 1472 190 491 1473 191 491 1474 193 491 1475 192 492 1476 193 492 1477 195 492 1478 194 493 1479 195 493 1480 197 493 1481 141 494 1482 139 494 1483 197 494 1484 139 495 1485 137 495 1486 197 495 1487 137 496 1488 199 496 1489 197 496 1490 197 497 1491 195 497 1492 189 497 1493 195 498 1494 193 498 1495 189 498 1496 193 499 1497 191 499 1498 189 499 1499 189 500 1500 187 500 1501 185 500 1502 185 501 1503 183 501 1504 189 501 1505 183 502 1506 181 502 1507 189 502 1508 181 503 1509 179 503 1510 177 503 1511 177 504 1512 175 504 1513 181 504 1514 175 505 1515 173 505 1516 181 505 1517 173 506 1518 171 506 1519 169 506 1520 169 507 1521 167 507 1522 173 507 1523 167 508 1524 165 508 1525 173 508 1526 165 509 1527 163 509 1528 157 509 1529 163 510 1530 161 510 1531 157 510 1532 161 511 1533 159 511 1534 157 511 1535 157 512 1536 155 512 1537 153 512 1538 153 513 1539 151 513 1540 157 513 1541 151 514 1542 149 514 1543 157 514 1544 149 515 1545 147 515 1546 145 515 1547 145 516 1548 143 516 1549 141 516 1550 149 517 1551 145 517 1552 157 517 1553 145 518 1554 141 518 1555 157 518 1556 141 519 1557 197 519 1558 189 519 1559 189 520 1560 181 520 1561 173 520 1562 173 521 1563 165 521 1564 157 521 1565 141 522 1566 189 522 1567 157 522 1568 196 523 1569 197 523 1570 199 523 1571 198 524 1572 199 524 1573 137 524 1574 198 525 1575 136 525 1576 142 525 1577 136 526 1578 138 526 1579 142 526 1580 138 527 1581 140 527 1582 142 527 1583 142 528 1584 144 528 1585 150 528 1586 144 529 1587 146 529 1588 150 529 1589 146 530 1590 148 530 1591 150 530 1592 150 531 1593 152 531 1594 154 531 1595 154 532 1596 156 532 1597 150 532 1598 156 533 1599 158 533 1600 150 533 1601 158 534 1602 160 534 1603 162 534 1604 162 535 1605 164 535 1606 166 535 1607 166 536 1608 168 536 1609 174 536 1610 168 537 1611 170 537 1612 174 537 1613 170 538 1614 172 538 1615 174 538 1616 174 539 1617 176 539 1618 178 539 1619 178 540 1620 180 540 1621 174 540 1622 180 541 1623 182 541 1624 174 541 1625 182 542 1626 184 542 1627 186 542 1628 186 543 1629 188 543 1630 190 543 1631 190 544 1632 192 544 1633 194 544 1634 194 545 1635 196 545 1636 198 545 1637 158 546 1638 162 546 1639 150 546 1640 162 547 1641 166 547 1642 150 547 1643 182 548 1644 186 548 1645 190 548 1646 190 549 1647 194 549 1648 182 549 1649 194 550 1650 198 550 1651 182 550 1652 198 551 1653 142 551 1654 166 551 1655 142 552 1656 150 552 1657 166 552 1658 166 553 1659 174 553 1660 198 553 1661 200 554 1662 201 554 1663 203 554 1664 202 555 1665 203 555 1666 205 555 1667 204 556 1668 205 556 1669 207 556 1670 206 557 1671 207 557 1672 209 557 1673 208 558 1674 209 558 1675 211 558 1676 210 559 1677 211 559 1678 213 559 1679 212 560 1680 213 560 1681 215 560 1682 214 561 1683 215 561 1684 217 561 1685 216 562 1686 217 562 1687 219 562 1688 218 563 1689 219 563 1690 221 563 1691 220 564 1692 221 564 1693 223 564 1694 222 565 1695 223 565 1696 225 565 1697 224 566 1698 225 566 1699 227 566 1700 226 567 1701 227 567 1702 229 567 1703 228 568 1704 229 568 1705 231 568 1706 230 569 1707 231 569 1708 233 569 1709 232 570 1710 233 570 1711 235 570 1712 234 571 1713 235 571 1714 237 571 1715 236 572 1716 237 572 1717 239 572 1718 238 573 1719 239 573 1720 241 573 1721 240 574 1722 241 574 1723 243 574 1724 242 575 1725 243 575 1726 245 575 1727 244 576 1728 245 576 1729 247 576 1730 246 577 1731 247 577 1732 249 577 1733 248 578 1734 249 578 1735 251 578 1736 250 579 1737 251 579 1738 253 579 1739 252 580 1740 253 580 1741 255 580 1742 254 581 1743 255 581 1744 257 581 1745 256 582 1746 257 582 1747 259 582 1748 258 583 1749 259 583 1750 261 583 1751 205 584 1752 203 584 1753 201 584 1754 201 585 1755 263 585 1756 261 585 1757 261 586 1758 259 586 1759 257 586 1760 257 587 1761 255 587 1762 261 587 1763 255 588 1764 253 588 1765 261 588 1766 253 589 1767 251 589 1768 249 589 1769 249 590 1770 247 590 1771 245 590 1772 245 591 1773 243 591 1774 241 591 1775 241 592 1776 239 592 1777 245 592 1778 239 593 1779 237 593 1780 245 593 1781 237 594 1782 235 594 1783 233 594 1784 233 595 1785 231 595 1786 229 595 1787 229 596 1788 227 596 1789 225 596 1790 225 597 1791 223 597 1792 221 597 1793 221 598 1794 219 598 1795 217 598 1796 217 599 1797 215 599 1798 221 599 1799 215 600 1800 213 600 1801 221 600 1802 213 601 1803 211 601 1804 209 601 1805 209 602 1806 207 602 1807 205 602 1808 205 603 1809 201 603 1810 261 603 1811 253 604 1812 249 604 1813 237 604 1814 249 605 1815 245 605 1816 237 605 1817 237 606 1818 233 606 1819 229 606 1820 229 607 1821 225 607 1822 237 607 1823 225 608 1824 221 608 1825 237 608 1826 213 609 1827 209 609 1828 221 609 1829 209 610 1830 205 610 1831 221 610 1832 205 611 1833 261 611 1834 253 611 1835 205 612 1836 253 612 1837 237 612 1838 260 613 1839 261 613 1840 263 613 1841 262 614 1842 263 614 1843 201 614 1844 262 615 1845 200 615 1846 202 615 1847 202 616 1848 204 616 1849 262 616 1850 204 617 1851 206 617 1852 262 617 1853 206 618 1854 208 618 1855 210 618 1856 210 619 1857 212 619 1858 214 619 1859 214 620 1860 216 620 1861 218 620 1862 218 621 1863 220 621 1864 222 621 1865 222 622 1866 224 622 1867 230 622 1868 224 623 1869 226 623 1870 230 623 1871 226 624 1872 228 624 1873 230 624 1874 230 625 1875 232 625 1876 234 625 1877 234 626 1878 236 626 1879 238 626 1880 238 627 1881 240 627 1882 246 627 1883 240 628 1884 242 628 1885 246 628 1886 242 629 1887 244 629 1888 246 629 1889 246 630 1890 248 630 1891 250 630 1892 250 631 1893 252 631 1894 254 631 1895 254 632 1896 256 632 1897 258 632 1898 258 633 1899 260 633 1900 254 633 1901 260 634 1902 262 634 1903 254 634 1904 206 635 1905 210 635 1906 262 635 1907 210 636 1908 214 636 1909 262 636 1910 214 637 1911 218 637 1912 230 637 1913 218 638 1914 222 638 1915 230 638 1916 230 639 1917 234 639 1918 246 639 1919 234 640 1920 238 640 1921 246 640 1922 246 641 1923 250 641 1924 262 641 1925 250 642 1926 254 642 1927 262 642 1928 262 643 1929 214 643 1930 246 643 1931 264 644 1932 265 644 1933 267 644 1934 266 645 1935 267 645 1936 269 645 1937 268 646 1938 269 646 1939 271 646 1940 270 647 1941 271 647 1942 273 647 1943 272 648 1944 273 648 1945 275 648 1946 274 649 1947 275 649 1948 277 649 1949 276 650 1950 277 650 1951 279 650 1952 278 651 1953 279 651 1954 281 651 1955 280 652 1956 281 652 1957 283 652 1958 282 653 1959 283 653 1960 285 653 1961 284 654 1962 285 654 1963 287 654 1964 286 655 1965 287 655 1966 289 655 1967 288 656 1968 289 656 1969 291 656 1970 290 657 1971 291 657 1972 293 657 1973 292 658 1974 293 658 1975 295 658 1976 294 659 1977 295 659 1978 297 659 1979 296 660 1980 297 660 1981 299 660 1982 298 661 1983 299 661 1984 301 661 1985 300 662 1986 301 662 1987 303 662 1988 302 663 1989 303 663 1990 305 663 1991 304 664 1992 305 664 1993 307 664 1994 306 665 1995 307 665 1996 309 665 1997 308 666 1998 309 666 1999 311 666 2000 310 667 2001 311 667 2002 313 667 2003 312 668 2004 313 668 2005 315 668 2006 314 669 2007 315 669 2008 317 669 2009 316 670 2010 317 670 2011 319 670 2012 318 671 2013 319 671 2014 321 671 2015 320 672 2016 321 672 2017 323 672 2018 322 673 2019 323 673 2020 325 673 2021 269 674 2022 267 674 2023 265 674 2024 265 675 2025 327 675 2026 269 675 2027 327 676 2028 325 676 2029 269 676 2030 325 677 2031 323 677 2032 321 677 2033 321 678 2034 319 678 2035 317 678 2036 317 679 2037 315 679 2038 313 679 2039 313 680 2040 311 680 2041 317 680 2042 311 681 2043 309 681 2044 317 681 2045 309 682 2046 307 682 2047 305 682 2048 305 683 2049 303 683 2050 301 683 2051 301 684 2052 299 684 2053 297 684 2054 297 685 2055 295 685 2056 293 685 2057 293 686 2058 291 686 2059 289 686 2060 289 687 2061 287 687 2062 293 687 2063 287 688 2064 285 688 2065 293 688 2066 285 689 2067 283 689 2068 281 689 2069 281 690 2070 279 690 2071 277 690 2072 277 691 2073 275 691 2074 273 691 2075 273 692 2076 271 692 2077 269 692 2078 325 693 2079 321 693 2080 269 693 2081 321 694 2082 317 694 2083 269 694 2084 309 695 2085 305 695 2086 317 695 2087 305 696 2088 301 696 2089 317 696 2090 301 697 2091 297 697 2092 293 697 2093 285 698 2094 281 698 2095 277 698 2096 277 699 2097 273 699 2098 285 699 2099 273 700 2100 269 700 2101 285 700 2102 301 701 2103 293 701 2104 269 701 2105 293 702 2106 285 702 2107 269 702 2108 324 703 2109 325 703 2110 327 703 2111 326 704 2112 327 704 2113 265 704 2114 326 705 2115 264 705 2116 266 705 2117 266 706 2118 268 706 2119 326 706 2120 268 707 2121 270 707 2122 326 707 2123 270 708 2124 272 708 2125 278 708 2126 272 709 2127 274 709 2128 278 709 2129 274 710 2130 276 710 2131 278 710 2132 278 711 2133 280 711 2134 282 711 2135 282 712 2136 284 712 2137 286 712 2138 286 713 2139 288 713 2140 294 713 2141 288 714 2142 290 714 2143 294 714 2144 290 715 2145 292 715 2146 294 715 2147 294 716 2148 296 716 2149 298 716 2150 298 717 2151 300 717 2152 302 717 2153 302 718 2154 304 718 2155 310 718 2156 304 719 2157 306 719 2158 310 719 2159 306 720 2160 308 720 2161 310 720 2162 310 721 2163 312 721 2164 318 721 2165 312 722 2166 314 722 2167 318 722 2168 314 723 2169 316 723 2170 318 723 2171 318 724 2172 320 724 2173 322 724 2174 322 725 2175 324 725 2176 318 725 2177 324 726 2178 326 726 2179 318 726 2180 278 727 2181 282 727 2182 294 727 2183 282 728 2184 286 728 2185 294 728 2186 294 729 2187 298 729 2188 310 729 2189 298 730 2190 302 730 2191 310 730 2192 326 731 2193 270 731 2194 278 731 2195 310 732 2196 318 732 2197 326 732 2198 326 733 2199 278 733 2200 310 733 2201 328 734 2202 329 734 2203 331 734 2204 330 735 2205 331 735 2206 333 735 2207 332 736 2208 333 736 2209 335 736 2210 334 737 2211 335 737 2212 337 737 2213 336 738 2214 337 738 2215 339 738 2216 338 739 2217 339 739 2218 341 739 2219 340 740 2220 341 740 2221 343 740 2222 342 741 2223 343 741 2224 345 741 2225 344 742 2226 345 742 2227 347 742 2228 346 743 2229 347 743 2230 349 743 2231 348 744 2232 349 744 2233 351 744 2234 350 745 2235 351 745 2236 353 745 2237 352 746 2238 353 746 2239 355 746 2240 354 747 2241 355 747 2242 357 747 2243 356 748 2244 357 748 2245 359 748 2246 358 749 2247 359 749 2248 361 749 2249 360 750 2250 361 750 2251 363 750 2252 362 751 2253 363 751 2254 365 751 2255 364 752 2256 365 752 2257 367 752 2258 366 753 2259 367 753 2260 369 753 2261 368 754 2262 369 754 2263 371 754 2264 370 755 2265 371 755 2266 373 755 2267 372 756 2268 373 756 2269 375 756 2270 374 757 2271 375 757 2272 377 757 2273 376 758 2274 377 758 2275 379 758 2276 378 759 2277 379 759 2278 381 759 2279 380 760 2280 381 760 2281 383 760 2282 382 761 2283 383 761 2284 385 761 2285 384 762 2286 385 762 2287 387 762 2288 386 763 2289 387 763 2290 389 763 2291 333 764 2292 331 764 2293 329 764 2294 329 765 2295 391 765 2296 389 765 2297 389 766 2298 387 766 2299 381 766 2300 387 767 2301 385 767 2302 381 767 2303 385 768 2304 383 768 2305 381 768 2306 381 769 2307 379 769 2308 377 769 2309 377 770 2310 375 770 2311 373 770 2312 373 771 2313 371 771 2314 369 771 2315 369 772 2316 367 772 2317 373 772 2318 367 773 2319 365 773 2320 373 773 2321 365 774 2322 363 774 2323 357 774 2324 363 775 2325 361 775 2326 357 775 2327 361 776 2328 359 776 2329 357 776 2330 357 777 2331 355 777 2332 349 777 2333 355 778 2334 353 778 2335 349 778 2336 353 779 2337 351 779 2338 349 779 2339 349 780 2340 347 780 2341 345 780 2342 345 781 2343 343 781 2344 349 781 2345 343 782 2346 341 782 2347 349 782 2348 341 783 2349 339 783 2350 337 783 2351 337 784 2352 335 784 2353 341 784 2354 335 785 2355 333 785 2356 341 785 2357 333 786 2358 329 786 2359 381 786 2360 329 787 2361 389 787 2362 381 787 2363 381 788 2364 377 788 2365 373 788 2366 381 789 2367 373 789 2368 365 789 2369 365 790 2370 357 790 2371 349 790 2372 349 791 2373 341 791 2374 333 791 2375 333 792 2376 381 792 2377 349 792 2378 388 793 2379 389 793 2380 391 793 2381 390 794 2382 391 794 2383 329 794 2384 390 795 2385 328 795 2386 334 795 2387 328 796 2388 330 796 2389 334 796 2390 330 797 2391 332 797 2392 334 797 2393 334 798 2394 336 798 2395 338 798 2396 338 799 2397 340 799 2398 334 799 2399 340 800 2400 342 800 2401 334 800 2402 342 801 2403 344 801 2404 346 801 2405 346 802 2406 348 802 2407 342 802 2408 348 803 2409 350 803 2410 342 803 2411 350 804 2412 352 804 2413 354 804 2414 354 805 2415 356 805 2416 358 805 2417 358 806 2418 360 806 2419 362 806 2420 362 807 2421 364 807 2422 366 807 2423 366 808 2424 368 808 2425 370 808 2426 370 809 2427 372 809 2428 366 809 2429 372 810 2430 374 810 2431 366 810 2432 374 811 2433 376 811 2434 378 811 2435 378 812 2436 380 812 2437 374 812 2438 380 813 2439 382 813 2440 374 813 2441 382 814 2442 384 814 2443 386 814 2444 386 815 2445 388 815 2446 390 815 2447 350 816 2448 354 816 2449 342 816 2450 354 817 2451 358 817 2452 342 817 2453 358 818 2454 362 818 2455 366 818 2456 382 819 2457 386 819 2458 374 819 2459 386 820 2460 390 820 2461 374 820 2462 390 821 2463 334 821 2464 358 821 2465 334 822 2466 342 822 2467 358 822 2468 358 823 2469 366 823 2470 390 823 2471 392 824 2472 393 824 2473 395 824 2474 394 825 2475 395 825 2476 397 825 2477 396 826 2478 397 826 2479 399 826 2480 398 827 2481 399 827 2482 401 827 2483 400 828 2484 401 828 2485 403 828 2486 402 829 2487 403 829 2488 405 829 2489 404 830 2490 405 830 2491 407 830 2492 406 831 2493 407 831 2494 409 831 2495 408 832 2496 409 832 2497 411 832 2498 410 833 2499 411 833 2500 413 833 2501 412 834 2502 413 834 2503 415 834 2504 414 835 2505 415 835 2506 417 835 2507 416 836 2508 417 836 2509 419 836 2510 418 837 2511 419 837 2512 421 837 2513 420 838 2514 421 838 2515 423 838 2516 422 839 2517 423 839 2518 425 839 2519 424 840 2520 425 840 2521 427 840 2522 426 841 2523 427 841 2524 429 841 2525 428 842 2526 429 842 2527 431 842 2528 430 843 2529 431 843 2530 433 843 2531 432 844 2532 433 844 2533 435 844 2534 434 845 2535 435 845 2536 437 845 2537 436 846 2538 437 846 2539 439 846 2540 438 847 2541 439 847 2542 441 847 2543 440 848 2544 441 848 2545 443 848 2546 442 849 2547 443 849 2548 445 849 2549 444 850 2550 445 850 2551 447 850 2552 446 851 2553 447 851 2554 449 851 2555 448 852 2556 449 852 2557 451 852 2558 450 853 2559 451 853 2560 453 853 2561 397 854 2562 395 854 2563 453 854 2564 395 855 2565 393 855 2566 453 855 2567 393 856 2568 455 856 2569 453 856 2570 453 857 2571 451 857 2572 449 857 2573 449 858 2574 447 858 2575 453 858 2576 447 859 2577 445 859 2578 453 859 2579 445 860 2580 443 860 2581 437 860 2582 443 861 2583 441 861 2584 437 861 2585 441 862 2586 439 862 2587 437 862 2588 437 863 2589 435 863 2590 429 863 2591 435 864 2592 433 864 2593 429 864 2594 433 865 2595 431 865 2596 429 865 2597 429 866 2598 427 866 2599 425 866 2600 425 867 2601 423 867 2602 421 867 2603 421 868 2604 419 868 2605 417 868 2606 417 869 2607 415 869 2608 421 869 2609 415 870 2610 413 870 2611 421 870 2612 413 871 2613 411 871 2614 409 871 2615 409 872 2616 407 872 2617 405 872 2618 405 873 2619 403 873 2620 397 873 2621 403 874 2622 401 874 2623 397 874 2624 401 875 2625 399 875 2626 397 875 2627 429 876 2628 425 876 2629 421 876 2630 413 877 2631 409 877 2632 397 877 2633 409 878 2634 405 878 2635 397 878 2636 397 879 2637 453 879 2638 429 879 2639 453 880 2640 445 880 2641 429 880 2642 445 881 2643 437 881 2644 429 881 2645 429 882 2646 421 882 2647 397 882 2648 452 883 2649 453 883 2650 455 883 2651 454 884 2652 455 884 2653 393 884 2654 454 885 2655 392 885 2656 394 885 2657 394 886 2658 396 886 2659 454 886 2660 396 887 2661 398 887 2662 454 887 2663 398 888 2664 400 888 2665 402 888 2666 402 889 2667 404 889 2668 406 889 2669 406 890 2670 408 890 2671 414 890 2672 408 891 2673 410 891 2674 414 891 2675 410 892 2676 412 892 2677 414 892 2678 414 893 2679 416 893 2680 418 893 2681 418 894 2682 420 894 2683 414 894 2684 420 895 2685 422 895 2686 414 895 2687 422 896 2688 424 896 2689 426 896 2690 426 897 2691 428 897 2692 422 897 2693 428 898 2694 430 898 2695 422 898 2696 430 899 2697 432 899 2698 434 899 2699 434 900 2700 436 900 2701 438 900 2702 438 901 2703 440 901 2704 442 901 2705 442 902 2706 444 902 2707 438 902 2708 444 903 2709 446 903 2710 438 903 2711 446 904 2712 448 904 2713 450 904 2714 450 905 2715 452 905 2716 446 905 2717 452 906 2718 454 906 2719 446 906 2720 398 907 2721 402 907 2722 454 907 2723 402 908 2724 406 908 2725 454 908 2726 430 909 2727 434 909 2728 422 909 2729 434 910 2730 438 910 2731 422 910 2732 406 911 2733 414 911 2734 454 911 2735 414 912 2736 422 912 2737 454 912 2738 438 913 2739 446 913 2740 422 913 2741 456 914 2742 457 914 2743 459 914 2744 458 915 2745 459 915 2746 461 915 2747 460 916 2748 461 916 2749 463 916 2750 462 917 2751 463 917 2752 465 917 2753 464 918 2754 465 918 2755 467 918 2756 466 919 2757 467 919 2758 469 919 2759 468 920 2760 469 920 2761 471 920 2762 470 921 2763 471 921 2764 473 921 2765 472 922 2766 473 922 2767 475 922 2768 474 923 2769 475 923 2770 477 923 2771 476 924 2772 477 924 2773 479 924 2774 478 925 2775 479 925 2776 481 925 2777 480 926 2778 481 926 2779 483 926 2780 482 927 2781 483 927 2782 485 927 2783 484 928 2784 485 928 2785 487 928 2786 486 929 2787 487 929 2788 489 929 2789 488 930 2790 489 930 2791 491 930 2792 490 931 2793 491 931 2794 493 931 2795 492 932 2796 493 932 2797 495 932 2798 494 933 2799 495 933 2800 497 933 2801 496 934 2802 497 934 2803 499 934 2804 498 935 2805 499 935 2806 501 935 2807 500 936 2808 501 936 2809 503 936 2810 502 937 2811 503 937 2812 505 937 2813 504 938 2814 505 938 2815 507 938 2816 506 939 2817 507 939 2818 509 939 2819 508 940 2820 509 940 2821 511 940 2822 510 941 2823 511 941 2824 513 941 2825 512 942 2826 513 942 2827 515 942 2828 514 943 2829 515 943 2830 517 943 2831 461 944 2832 459 944 2833 457 944 2834 457 945 2835 519 945 2836 461 945 2837 519 946 2838 517 946 2839 461 946 2840 517 947 2841 515 947 2842 513 947 2843 513 948 2844 511 948 2845 517 948 2846 511 949 2847 509 949 2848 517 949 2849 509 950 2850 507 950 2851 505 950 2852 505 951 2853 503 951 2854 501 951 2855 501 952 2856 499 952 2857 493 952 2858 499 953 2859 497 953 2860 493 953 2861 497 954 2862 495 954 2863 493 954 2864 493 955 2865 491 955 2866 489 955 2867 489 956 2868 487 956 2869 485 956 2870 485 957 2871 483 957 2872 481 957 2873 481 958 2874 479 958 2875 485 958 2876 479 959 2877 477 959 2878 485 959 2879 477 960 2880 475 960 2881 473 960 2882 473 961 2883 471 961 2884 477 961 2885 471 962 2886 469 962 2887 477 962 2888 469 963 2889 467 963 2890 461 963 2891 467 964 2892 465 964 2893 461 964 2894 465 965 2895 463 965 2896 461 965 2897 509 966 2898 505 966 2899 501 966 2900 493 967 2901 489 967 2902 485 967 2903 461 968 2904 517 968 2905 493 968 2906 517 969 2907 509 969 2908 493 969 2909 509 970 2910 501 970 2911 493 970 2912 493 971 2913 485 971 2914 461 971 2915 485 972 2916 477 972 2917 461 972 2918 516 973 2919 517 973 2920 519 973 2921 518 974 2922 519 974 2923 457 974 2924 518 975 2925 456 975 2926 458 975 2927 458 976 2928 460 976 2929 518 976 2930 460 977 2931 462 977 2932 518 977 2933 462 978 2934 464 978 2935 466 978 2936 466 979 2937 468 979 2938 462 979 2939 468 980 2940 470 980 2941 462 980 2942 470 981 2943 472 981 2944 474 981 2945 474 982 2946 476 982 2947 470 982 2948 476 983 2949 478 983 2950 470 983 2951 478 984 2952 480 984 2953 482 984 2954 482 985 2955 484 985 2956 478 985 2957 484 986 2958 486 986 2959 478 986 2960 486 987 2961 488 987 2962 490 987 2963 490 988 2964 492 988 2965 486 988 2966 492 989 2967 494 989 2968 486 989 2969 494 990 2970 496 990 2971 498 990 2972 498 991 2973 500 991 2974 502 991 2975 502 992 2976 504 992 2977 506 992 2978 506 993 2979 508 993 2980 502 993 2981 508 994 2982 510 994 2983 502 994 2984 510 995 2985 512 995 2986 514 995 2987 514 996 2988 516 996 2989 510 996 2990 516 997 2991 518 997 2992 510 997 2993 494 998 2994 498 998 2995 486 998 2996 498 999 2997 502 999 2998 486 999 2999 518 1000 3000 462 1000 3001 470 1000 3002 470 1001 3003 478 1001 3004 518 1001 3005 478 1002 3006 486 1002 3007 518 1002 3008 502 1003 3009 510 1003 3010 486 1003 3011 520 1004 3012 523 1004 3013 522 1004 3014 522 1005 3015 527 1005 3016 526 1005 3017 526 1006 3018 525 1006 3019 524 1006 3020 524 1007 3021 521 1007 3022 520 1007 3023 522 1008 3024 524 1008 3025 520 1008 3026 527 1009 3027 521 1009 3028 525 1009 3029 528 1010 3030 531 1010 3031 530 1010 3032 530 1011 3033 535 1011 3034 534 1011 3035 534 1012 3036 533 1012 3037 532 1012 3038 532 1013 3039 529 1013 3040 528 1013 3041 530 1014 3042 532 1014 3043 528 1014 3044 535 1015 3045 529 1015 3046 533 1015 3047 536 1016 3048 539 1016 3049 538 1016 3050 538 1017 3051 543 1017 3052 542 1017 3053 542 1018 3054 541 1018 3055 540 1018 3056 540 1019 3057 537 1019 3058 536 1019 3059 538 1020 3060 540 1020 3061 536 1020 3062 543 1021 3063 537 1021 3064 541 1021 3065 544 1022 3066 547 1022 3067 546 1022 3068 546 1023 3069 551 1023 3070 550 1023 3071 550 1024 3072 549 1024 3073 548 1024 3074 548 1025 3075 545 1025 3076 544 1025 3077 546 1026 3078 548 1026 3079 544 1026 3080 551 1027 3081 545 1027 3082 549 1027 3083 552 1028 3084 555 1028 3085 554 1028 3086 554 1029 3087 557 1029 3088 556 1029 3089 556 1030 3090 559 1030 3091 558 1030 3092 558 1031 3093 561 1031 3094 560 1031 3095 560 1032 3096 563 1032 3097 562 1032 3098 562 1033 3099 565 1033 3100 564 1033 3101 564 1034 3102 567 1034 3103 566 1034 3104 566 1035 3105 569 1035 3106 568 1035 3107 568 1036 3108 571 1036 3109 570 1036 3110 570 1037 3111 573 1037 3112 572 1037 3113 572 1038 3114 575 1038 3115 574 1038 3116 574 1039 3117 577 1039 3118 576 1039 3119 576 1040 3120 579 1040 3121 578 1040 3122 578 1041 3123 581 1041 3124 580 1041 3125 580 1042 3126 583 1042 3127 582 1042 3128 582 1043 3129 585 1043 3130 584 1043 3131 584 1044 3132 587 1044 3133 586 1044 3134 586 1045 3135 589 1045 3136 588 1045 3137 588 1046 3138 591 1046 3139 590 1046 3140 590 1047 3141 593 1047 3142 592 1047 3143 592 1048 3144 595 1048 3145 594 1048 3146 594 1049 3147 597 1049 3148 596 1049 3149 596 1050 3150 599 1050 3151 598 1050 3152 598 1051 3153 601 1051 3154 600 1051 3155 600 1052 3156 603 1052 3157 602 1052 3158 602 1053 3159 605 1053 3160 604 1053 3161 604 1054 3162 607 1054 3163 606 1054 3164 606 1055 3165 609 1055 3166 608 1055 3167 608 1056 3168 611 1056 3169 610 1056 3170 610 1057 3171 613 1057 3172 612 1057 3173 589 1058 3174 573 1058 3175 557 1058 3176 612 1059 3177 615 1059 3178 614 1059 3179 614 1060 3180 553 1060 3181 552 1060 3182 566 1061 3183 582 1061 3184 598 1061 3185 616 1062 3186 619 1062 3187 618 1062 3188 618 1063 3189 621 1063 3190 620 1063 3191 620 1064 3192 623 1064 3193 622 1064 3194 622 1065 3195 625 1065 3196 624 1065 3197 624 1066 3198 627 1066 3199 626 1066 3200 626 1067 3201 629 1067 3202 628 1067 3203 628 1068 3204 631 1068 3205 630 1068 3206 630 1069 3207 633 1069 3208 632 1069 3209 632 1070 3210 635 1070 3211 634 1070 3212 634 1071 3213 637 1071 3214 636 1071 3215 636 1072 3216 639 1072 3217 638 1072 3218 638 1073 3219 641 1073 3220 640 1073 3221 640 1074 3222 643 1074 3223 642 1074 3224 642 1075 3225 645 1075 3226 644 1075 3227 644 1076 3228 647 1076 3229 646 1076 3230 646 1077 3231 649 1077 3232 648 1077 3233 648 1078 3234 651 1078 3235 650 1078 3236 650 1079 3237 653 1079 3238 652 1079 3239 652 1080 3240 655 1080 3241 654 1080 3242 654 1081 3243 657 1081 3244 656 1081 3245 656 1082 3246 659 1082 3247 658 1082 3248 658 1083 3249 661 1083 3250 660 1083 3251 660 1084 3252 663 1084 3253 662 1084 3254 662 1085 3255 665 1085 3256 664 1085 3257 664 1086 3258 667 1086 3259 666 1086 3260 666 1087 3261 669 1087 3262 668 1087 3263 668 1088 3264 671 1088 3265 670 1088 3266 670 1089 3267 673 1089 3268 672 1089 3269 672 1090 3270 675 1090 3271 674 1090 3272 674 1091 3273 677 1091 3274 676 1091 3275 653 1092 3276 637 1092 3277 621 1092 3278 676 1093 3279 679 1093 3280 678 1093 3281 678 1094 3282 617 1094 3283 616 1094 3284 678 1095 3285 630 1095 3286 646 1095 3287 520 1096 3288 521 1096 3289 523 1096 3290 522 1097 3291 523 1097 3292 527 1097 3293 526 1098 3294 527 1098 3295 525 1098 3296 524 1099 3297 525 1099 3298 521 1099 3299 522 1100 3300 526 1100 3301 524 1100 3302 527 1101 3303 523 1101 3304 521 1101 3305 528 1102 3306 529 1102 3307 531 1102 3308 530 1103 3309 531 1103 3310 535 1103 3311 534 1104 3312 535 1104 3313 533 1104 3314 532 1105 3315 533 1105 3316 529 1105 3317 530 1106 3318 534 1106 3319 532 1106 3320 535 1107 3321 531 1107 3322 529 1107 3323 536 1108 3324 537 1108 3325 539 1108 3326 538 1109 3327 539 1109 3328 543 1109 3329 542 1110 3330 543 1110 3331 541 1110 3332 540 1111 3333 541 1111 3334 537 1111 3335 538 1112 3336 542 1112 3337 540 1112 3338 543 1113 3339 539 1113 3340 537 1113 3341 544 1114 3342 545 1114 3343 547 1114 3344 546 1115 3345 547 1115 3346 551 1115 3347 550 1116 3348 551 1116 3349 549 1116 3350 548 1117 3351 549 1117 3352 545 1117 3353 546 1118 3354 550 1118 3355 548 1118 3356 551 1119 3357 547 1119 3358 545 1119 3359 552 1120 3360 553 1120 3361 555 1120 3362 554 1121 3363 555 1121 3364 557 1121 3365 556 1122 3366 557 1122 3367 559 1122 3368 558 1123 3369 559 1123 3370 561 1123 3371 560 1124 3372 561 1124 3373 563 1124 3374 562 1125 3375 563 1125 3376 565 1125 3377 564 1126 3378 565 1126 3379 567 1126 3380 566 1127 3381 567 1127 3382 569 1127 3383 568 1128 3384 569 1128 3385 571 1128 3386 570 1129 3387 571 1129 3388 573 1129 3389 572 1130 3390 573 1130 3391 575 1130 3392 574 1131 3393 575 1131 3394 577 1131 3395 576 1132 3396 577 1132 3397 579 1132 3398 578 1133 3399 579 1133 3400 581 1133 3401 580 1134 3402 581 1134 3403 583 1134 3404 582 1135 3405 583 1135 3406 585 1135 3407 584 1136 3408 585 1136 3409 587 1136 3410 586 1137 3411 587 1137 3412 589 1137 3413 588 1138 3414 589 1138 3415 591 1138 3416 590 1139 3417 591 1139 3418 593 1139 3419 592 1140 3420 593 1140 3421 595 1140 3422 594 1141 3423 595 1141 3424 597 1141 3425 596 1142 3426 597 1142 3427 599 1142 3428 598 1143 3429 599 1143 3430 601 1143 3431 600 1144 3432 601 1144 3433 603 1144 3434 602 1145 3435 603 1145 3436 605 1145 3437 604 1146 3438 605 1146 3439 607 1146 3440 606 1147 3441 607 1147 3442 609 1147 3443 608 1148 3444 609 1148 3445 611 1148 3446 610 1149 3447 611 1149 3448 613 1149 3449 557 1150 3450 555 1150 3451 553 1150 3452 553 1151 3453 615 1151 3454 613 1151 3455 613 1152 3456 611 1152 3457 609 1152 3458 609 1153 3459 607 1153 3460 605 1153 3461 605 1154 3462 603 1154 3463 601 1154 3464 601 1155 3465 599 1155 3466 605 1155 3467 599 1156 3468 597 1156 3469 605 1156 3470 597 1157 3471 595 1157 3472 593 1157 3473 593 1158 3474 591 1158 3475 597 1158 3476 591 1159 3477 589 1159 3478 597 1159 3479 589 1160 3480 587 1160 3481 585 1160 3482 585 1161 3483 583 1161 3484 581 1161 3485 581 1162 3486 579 1162 3487 573 1162 3488 579 1163 3489 577 1163 3490 573 1163 3491 577 1164 3492 575 1164 3493 573 1164 3494 573 1165 3495 571 1165 3496 565 1165 3497 571 1166 3498 569 1166 3499 565 1166 3500 569 1167 3501 567 1167 3502 565 1167 3503 565 1168 3504 563 1168 3505 561 1168 3506 561 1169 3507 559 1169 3508 557 1169 3509 557 1170 3510 553 1170 3511 613 1170 3512 613 1171 3513 609 1171 3514 557 1171 3515 609 1172 3516 605 1172 3517 557 1172 3518 589 1173 3519 585 1173 3520 573 1173 3521 585 1174 3522 581 1174 3523 573 1174 3524 565 1175 3525 561 1175 3526 573 1175 3527 561 1176 3528 557 1176 3529 573 1176 3530 605 1177 3531 597 1177 3532 589 1177 3533 557 1178 3534 605 1178 3535 589 1178 3536 612 1179 3537 613 1179 3538 615 1179 3539 614 1180 3540 615 1180 3541 553 1180 3542 614 1181 3543 552 1181 3544 558 1181 3545 552 1182 3546 554 1182 3547 558 1182 3548 554 1183 3549 556 1183 3550 558 1183 3551 558 1184 3552 560 1184 3553 566 1184 3554 560 1185 3555 562 1185 3556 566 1185 3557 562 1186 3558 564 1186 3559 566 1186 3560 566 1187 3561 568 1187 3562 570 1187 3563 570 1188 3564 572 1188 3565 574 1188 3566 574 1189 3567 576 1189 3568 578 1189 3569 578 1190 3570 580 1190 3571 582 1190 3572 582 1191 3573 584 1191 3574 590 1191 3575 584 1192 3576 586 1192 3577 590 1192 3578 586 1193 3579 588 1193 3580 590 1193 3581 590 1194 3582 592 1194 3583 594 1194 3584 594 1195 3585 596 1195 3586 598 1195 3587 598 1196 3588 600 1196 3589 602 1196 3590 602 1197 3591 604 1197 3592 598 1197 3593 604 1198 3594 606 1198 3595 598 1198 3596 606 1199 3597 608 1199 3598 610 1199 3599 610 1200 3600 612 1200 3601 614 1200 3602 566 1201 3603 570 1201 3604 574 1201 3605 574 1202 3606 578 1202 3607 566 1202 3608 578 1203 3609 582 1203 3610 566 1203 3611 590 1204 3612 594 1204 3613 598 1204 3614 606 1205 3615 610 1205 3616 598 1205 3617 610 1206 3618 614 1206 3619 598 1206 3620 614 1207 3621 558 1207 3622 566 1207 3623 582 1208 3624 590 1208 3625 598 1208 3626 614 1209 3627 566 1209 3628 598 1209 3629 616 1210 3630 617 1210 3631 619 1210 3632 618 1211 3633 619 1211 3634 621 1211 3635 620 1212 3636 621 1212 3637 623 1212 3638 622 1213 3639 623 1213 3640 625 1213 3641 624 1214 3642 625 1214 3643 627 1214 3644 626 1215 3645 627 1215 3646 629 1215 3647 628 1216 3648 629 1216 3649 631 1216 3650 630 1217 3651 631 1217 3652 633 1217 3653 632 1218 3654 633 1218 3655 635 1218 3656 634 1219 3657 635 1219 3658 637 1219 3659 636 1220 3660 637 1220 3661 639 1220 3662 638 1221 3663 639 1221 3664 641 1221 3665 640 1222 3666 641 1222 3667 643 1222 3668 642 1223 3669 643 1223 3670 645 1223 3671 644 1224 3672 645 1224 3673 647 1224 3674 646 1225 3675 647 1225 3676 649 1225 3677 648 1226 3678 649 1226 3679 651 1226 3680 650 1227 3681 651 1227 3682 653 1227 3683 652 1228 3684 653 1228 3685 655 1228 3686 654 1229 3687 655 1229 3688 657 1229 3689 656 1230 3690 657 1230 3691 659 1230 3692 658 1231 3693 659 1231 3694 661 1231 3695 660 1232 3696 661 1232 3697 663 1232 3698 662 1233 3699 663 1233 3700 665 1233 3701 664 1234 3702 665 1234 3703 667 1234 3704 666 1235 3705 667 1235 3706 669 1235 3707 668 1236 3708 669 1236 3709 671 1236 3710 670 1237 3711 671 1237 3712 673 1237 3713 672 1238 3714 673 1238 3715 675 1238 3716 674 1239 3717 675 1239 3718 677 1239 3719 621 1240 3720 619 1240 3721 677 1240 3722 619 1241 3723 617 1241 3724 677 1241 3725 617 1242 3726 679 1242 3727 677 1242 3728 677 1243 3729 675 1243 3730 669 1243 3731 675 1244 3732 673 1244 3733 669 1244 3734 673 1245 3735 671 1245 3736 669 1245 3737 669 1246 3738 667 1246 3739 665 1246 3740 665 1247 3741 663 1247 3742 669 1247 3743 663 1248 3744 661 1248 3745 669 1248 3746 661 1249 3747 659 1249 3748 657 1249 3749 657 1250 3750 655 1250 3751 661 1250 3752 655 1251 3753 653 1251 3754 661 1251 3755 653 1252 3756 651 1252 3757 649 1252 3758 649 1253 3759 647 1253 3760 645 1253 3761 645 1254 3762 643 1254 3763 637 1254 3764 643 1255 3765 641 1255 3766 637 1255 3767 641 1256 3768 639 1256 3769 637 1256 3770 637 1257 3771 635 1257 3772 629 1257 3773 635 1258 3774 633 1258 3775 629 1258 3776 633 1259 3777 631 1259 3778 629 1259 3779 629 1260 3780 627 1260 3781 625 1260 3782 625 1261 3783 623 1261 3784 629 1261 3785 623 1262 3786 621 1262 3787 629 1262 3788 653 1263 3789 649 1263 3790 637 1263 3791 649 1264 3792 645 1264 3793 637 1264 3794 621 1265 3795 677 1265 3796 669 1265 3797 669 1266 3798 661 1266 3799 621 1266 3800 661 1267 3801 653 1267 3802 621 1267 3803 637 1268 3804 629 1268 3805 621 1268 3806 676 1269 3807 677 1269 3808 679 1269 3809 678 1270 3810 679 1270 3811 617 1270 3812 678 1271 3813 616 1271 3814 618 1271 3815 618 1272 3816 620 1272 3817 622 1272 3818 622 1273 3819 624 1273 3820 626 1273 3821 626 1274 3822 628 1274 3823 622 1274 3824 628 1275 3825 630 1275 3826 622 1275 3827 630 1276 3828 632 1276 3829 634 1276 3830 634 1277 3831 636 1277 3832 638 1277 3833 638 1278 3834 640 1278 3835 642 1278 3836 642 1279 3837 644 1279 3838 646 1279 3839 646 1280 3840 648 1280 3841 654 1280 3842 648 1281 3843 650 1281 3844 654 1281 3845 650 1282 3846 652 1282 3847 654 1282 3848 654 1283 3849 656 1283 3850 658 1283 3851 658 1284 3852 660 1284 3853 662 1284 3854 662 1285 3855 664 1285 3856 666 1285 3857 666 1286 3858 668 1286 3859 662 1286 3860 668 1287 3861 670 1287 3862 662 1287 3863 670 1288 3864 672 1288 3865 674 1288 3866 674 1289 3867 676 1289 3868 678 1289 3869 678 1290 3870 618 1290 3871 630 1290 3872 618 1291 3873 622 1291 3874 630 1291 3875 630 1292 3876 634 1292 3877 638 1292 3878 638 1293 3879 642 1293 3880 630 1293 3881 642 1294 3882 646 1294 3883 630 1294 3884 654 1295 3885 658 1295 3886 662 1295 3887 670 1296 3888 674 1296 3889 662 1296 3890 674 1297 3891 678 1297 3892 662 1297 3893 646 1298 3894 654 1298 3895 678 1298 3896 654 1299 3897 662 1299 3898 678 1299 3899</p>
        </triangles>
      </mesh>
    </geometry>
  </library_geometries>
  <library_visual_scenes>
    <visual_scene id="Scene" name="Scene">
      <node id="tmp_export_Cylinder_001" name="tmp_export_Cylinder.001" type="NODE">
        <matrix sid="transform">1 0 0 0 0 1 0 0 0 0 1 0 0 0 0 1</matrix>
        <instance_geometry url="#Cylinder_001-mesh" name="tmp_export_Cylinder.001">
          <bind_material>
            <technique_common>
              <instance_material symbol="Material-material" target="#Material-material">
                <bind_vertex_input semantic="UVMap" input_semantic="TEXCOORD" input_set="0"/>
              </instance_material>
            </technique_common>
          </bind_material>
        </instance_geometry>
      </node>
    </visual_scene>
  </library_visual_scenes>
  <scene>
    <instance_visual_scene url="#Scene"/>
  </scene>
</COLLADA>