<?xml version="1.0" encoding="utf-8"?>
<COLLADA xmlns="http://www.collada.org/2005/11/COLLADASchema" version="1.4.1" xmlns:xsi="http://www.w3.org/2001/XMLSchema-instance">
  <asset>
    <contributor>
      <author>Blender User</author>
      <authoring_tool>Blender 4.2.18 LTS commit date:2026-02-16, commit time:13:37, hash:d71e3422e438</authoring_tool>
    </contributor>
    <created>2026-03-22T13:06:31</created>
    <modified>2026-03-22T13:06:31</modified>
    <unit name="meter" meter="1"/>
    <up_axis>Z_UP</up_axis>
  </asset>
  <library_effects>
    <effect id="Material-effect">
      <profile_COMMON>
        <technique sid="common">
          <lambert>
            <emission>
              <color sid="emission">0 0 0 1</color>
            </emission>
            <diffuse>
              <color sid="diffuse">0.8 0.8 0.8 1</color>
            </diffuse>
            <index_of_refraction>
              <float sid="ior">1.45</float>
            </index_of_refraction>
          </lambert>
        </technique>
      </profile_COMMON>
    </effect>
  </library_effects>
  <library_images/>
  <library_materials>
    <material id="Material-material" name="Material">
      <instance_effect url="#Material-effect"/>
    </material>
  </library_materials>
  <library_geometries>
    <geometry id="Cylinder_007-mesh" name="Cylinder.007">
      <mesh>
        <source id="Cylinder_007-mesh-positions">
          <float_array id="Cylinder_007-mesh-positions-array" count="1560">10.54251 18 -4.599999 10.54251 18 -2.599999 10.7376 17.98078 -4.599999 10.7376 17.98078 -2.599999 10.92519 17.92388 -4.599999 10.92519 17.92388 -2.599999 11.09808 17.83147 -4.599999 11.09808 17.83147 -2.599999 11.24962 17.70711 -4.599999 11.24962 17.70711 -2.599999 11.37398 17.55557 -4.599999 11.37398 17.55557 -2.599999 11.46639 17.38268 -4.599999 11.46639 17.38268 -2.599999 11.5233 17.19509 -4.599999 11.5233 17.19509 -2.599999 11.54251 17 -4.599999 11.54251 17 -2.599999 11.5233 16.80491 -4.599999 11.5233 16.80491 -2.599999 11.46639 16.61732 -4.599999 11.46639 16.61732 -2.599999 11.37398 16.44443 -4.599999 11.37398 16.44443 -2.599999 11.24962 16.29289 -4.599999 11.24962 16.29289 -2.599999 11.09808 16.16853 -4.599999 11.09808 16.16853 -2.599999 10.92519 16.07612 -4.599999 10.92519 16.07612 -2.599999 10.7376 16.01921 -4.599999 10.7376 16.01921 -2.599999 10.54251 16 -4.599999 10.54251 16 -2.599999 10.34742 16.01921 -4.599999 10.34742 16.01921 -2.599999 10.15983 16.07612 -4.599999 10.15983 16.07612 -2.599999 9.986941 16.16853 -4.599999 9.986941 16.16853 -2.599999 9.835405 16.29289 -4.599999 9.835405 16.29289 -2.599999 9.711042 16.44443 -4.599999 9.711042 16.44443 -2.599999 9.618632 16.61732 -4.599999 9.618632 16.61732 -2.599999 9.561726 16.80491 -4.599999 9.561726 16.80491 -2.599999 9.542511 17 -4.599999 9.542511 17 -2.599999 9.561726 17.19509 -4.599999 9.561726 17.19509 -2.599999 9.618632 17.38268 -4.599999 9.618632 17.38268 -2.599999 9.711042 17.55557 -4.599999 9.711042 17.55557 -2.599999 9.835405 17.70711 -4.599999 9.835405 17.70711 -2.599999 9.986941 17.83147 -4.599999 9.986941 17.83147 -2.599999 10.15983 17.92388 -4.599999 10.15983 17.92388 -2.599999 10.34742 17.98078 -4.599999 10.34742 17.98078 -2.599999 9.754822 17.62652 3 0.915988 8.787689 3 9.768409 17.61294 3.078036 0.929575 8.774102 3.078036 9.808648 17.5727 3.153074 0.9698124 8.733863 3.153073 9.873991 17.50735 3.222229 1.035156 8.668519 3.222228 9.961929 17.41942 3.282843 1.123095 8.580582 3.282843 10.06908 17.31226 3.332588 1.230247 8.473429 3.332588 10.19133 17.19001 3.369552 1.352496 8.35118 3.369552 10.32398 17.05737 3.392314 1.485145 8.218532 3.392314 10.46193 16.91942 3.400001 1.623095 8.080582 3.400001 10.59988 16.78147 3.392314 1.761044 7.942632 3.392314 10.73253 16.64882 3.369552 1.893692 7.809984 3.369552 10.85478 16.52657 3.332588 2.015942 7.687735 3.332588 10.96193 16.41942 3.282843 2.123095 7.580582 3.282843 11.04987 16.33148 3.222229 2.211032 7.492643 3.222228 11.11521 16.26613 3.153074 2.276376 7.427299 3.153073 11.15545 16.2259 3.078036 2.316614 7.387062 3.078036 11.16904 16.21231 3 2.330201 7.373475 3 11.15545 16.2259 2.921964 2.316614 7.387062 2.921964 11.11521 16.26613 2.846927 2.276376 7.427299 2.846927 11.04987 16.33148 2.777772 2.211032 7.492643 2.777772 10.96193 16.41942 2.717158 2.123095 7.580582 2.717157 10.85478 16.52657 2.667413 2.015942 7.687735 2.667412 10.73253 16.64882 2.630448 1.893692 7.809984 2.630448 10.59988 16.78147 2.607686 1.761044 7.942632 2.607686 10.46193 16.91942 2.6 1.623095 8.080582 2.6 10.32398 17.05737 2.607686 1.485145 8.218532 2.607686 10.19133 17.19001 2.630448 1.352496 8.35118 2.630448 10.06908 17.31226 2.667413 1.230247 8.473429 2.667412 9.961929 17.41942 2.717158 1.123095 8.580582 2.717157 9.873991 17.50735 2.777772 1.035156 8.668519 2.777772 9.808648 17.5727 2.846927 0.9698124 8.733863 2.846927 9.768409 17.61294 2.921964 0.929575 8.774102 2.921964 -2.957488 17.5 4 2.042511 17.5 4 -2.957488 -17.5 4 2.042511 -17.5 4 -2.957488 17.5 -4 2.042511 17.5 -4 -2.957487 -17.5 -4 2.042511 -17.5 -4 9.754821 17.62652 -3 0.915987 8.78769 -3 9.768408 17.61294 -2.921964 0.929574 8.774103 -2.921964 9.808647 17.5727 -2.846926 0.9698124 8.733864 -2.846926 9.873991 17.50735 -2.777771 1.035156 8.66852 -2.777772 9.961928 17.41942 -2.717157 1.123095 8.580582 -2.717157 10.06908 17.31226 -2.667412 1.230247 8.47343 -2.667412 10.19133 17.19001 -2.630448 1.352496 8.351181 -2.630448 10.32398 17.05737 -2.607686 1.485145 8.218532 -2.607686 10.46193 16.91942 -2.6 1.623095 8.080582 -2.6 10.59988 16.78147 -2.607686 1.761044 7.942633 -2.607686 10.73253 16.64882 -2.630448 1.893692 7.809984 -2.630448 10.85478 16.52657 -2.667412 2.015942 7.687735 -2.667412 10.96193 16.41942 -2.717157 2.123095 7.580582 -2.717157 11.04986 16.33148 -2.777771 2.211032 7.492644 -2.777772 11.11521 16.26613 -2.846926 2.276376 7.4273 -2.846926 11.15545 16.2259 -2.921964 2.316614 7.387062 -2.921964 11.16903 16.21231 -3 2.330201 7.373476 -3 11.15545 16.2259 -3.078036 2.316614 7.387062 -3.078036 11.11521 16.26613 -3.153073 2.276376 7.4273 -3.153074 11.04986 16.33148 -3.222228 2.211032 7.492644 -3.222228 10.96193 16.41942 -3.282843 2.123095 7.580582 -3.282843 10.85478 16.52657 -3.332588 2.015942 7.687735 -3.332588 10.73253 16.64882 -3.369551 1.893692 7.809984 -3.369552 10.59988 16.78147 -3.392314 1.761044 7.942633 -3.392314 10.46193 16.91942 -3.4 1.623095 8.080582 -3.4 10.32398 17.05737 -3.392314 1.485145 8.218532 -3.392314 10.19133 17.19001 -3.369551 1.352497 8.351181 -3.369552 10.06908 17.31226 -3.332588 1.230247 8.47343 -3.332588 9.961929 17.41942 -3.282843 1.123095 8.580582 -3.282843 9.873991 17.50735 -3.222228 1.035156 8.66852 -3.222228 9.808647 17.5727 -3.153073 0.9698124 8.733864 -3.153074 9.768408 17.61294 -3.078036 0.929574 8.774103 -3.078036 11.16904 -16.21231 -3 2.330204 -7.373476 -3 11.15545 -16.2259 -2.921964 2.316616 -7.387062 -2.921964 11.11521 -16.26614 -2.846926 2.276378 -7.427301 -2.846926 11.04987 -16.33148 -2.777771 2.211035 -7.492643 -2.777772 10.96193 -16.41942 -2.717157 2.123096 -7.580584 -2.717157 10.85478 -16.52657 -2.667412 2.015944 -7.687735 -2.667412 10.73253 -16.64882 -2.630448 1.893695 -7.809984 -2.630448 10.59988 -16.78147 -2.607686 1.761046 -7.942633 -2.607686 10.46193 -16.91942 -2.6 1.623096 -8.080584 -2.6 10.32398 -17.05737 -2.607686 1.485146 -8.218533 -2.607686 10.19133 -17.19002 -2.630448 1.352498 -8.351181 -2.630448 10.06908 -17.31227 -2.667412 1.230248 -8.473429 -2.667412 9.961931 -17.41942 -2.717157 1.123096 -8.580582 -2.717157 9.873992 -17.50736 -2.777771 1.035158 -8.66852 -2.777772 9.808649 -17.5727 -2.846926 0.9698143 -8.733864 -2.846926 9.76841 -17.61294 -2.921964 0.9295759 -8.774104 -2.921964 9.754823 -17.62652 -3 0.9159889 -8.78769 -3 9.76841 -17.61294 -3.078036 0.9295759 -8.774104 -3.078036 9.808649 -17.5727 -3.153073 0.9698143 -8.733864 -3.153074 9.873992 -17.50736 -3.222228 1.035158 -8.66852 -3.222228 9.961931 -17.41942 -3.282843 1.123096 -8.580582 -3.282843 10.06908 -17.31227 -3.332588 1.230248 -8.473429 -3.332588 10.19133 -17.19002 -3.369551 1.352498 -8.351181 -3.369552 10.32398 -17.05737 -3.392314 1.485146 -8.218533 -3.392314 10.46193 -16.91942 -3.4 1.623096 -8.080584 -3.4 10.59988 -16.78147 -3.392314 1.761046 -7.942633 -3.392314 10.73253 -16.64882 -3.369551 1.893695 -7.809984 -3.369552 10.85478 -16.52657 -3.332588 2.015944 -7.687735 -3.332588 10.96193 -16.41942 -3.282843 2.123096 -7.580584 -3.282843 11.04987 -16.33148 -3.222228 2.211035 -7.492643 -3.222228 11.11521 -16.26614 -3.153073 2.276378 -7.427301 -3.153074 11.15545 -16.2259 -3.078036 2.316616 -7.387062 -3.078036 11.16904 -16.21231 3 2.330202 -7.373476 3 11.15545 -16.2259 3.078036 2.316615 -7.387062 3.078036 11.11521 -16.26614 3.153073 2.276377 -7.427301 3.153073 11.04987 -16.33148 3.222229 2.211033 -7.492643 3.222228 10.96193 -16.41942 3.282843 2.123095 -7.580584 3.282843 10.85478 -16.52657 3.332588 2.015943 -7.687735 3.332588 10.73253 -16.64882 3.369552 1.893694 -7.809984 3.369552 10.59988 -16.78147 3.392314 1.761045 -7.942633 3.392314 10.46193 -16.91942 3.4 1.623095 -8.080584 3.4 10.32398 -17.05737 3.392314 1.485146 -8.218533 3.392314 10.19133 -17.19002 3.369552 1.352497 -8.351181 3.369552 10.06908 -17.31227 3.332588 1.230247 -8.473429 3.332588 9.961931 -17.41942 3.282843 1.123095 -8.580582 3.282843 9.873992 -17.50736 3.222229 1.035157 -8.66852 3.222228 9.808649 -17.5727 3.153073 0.9698143 -8.733864 3.153073 9.76841 -17.61294 3.078036 0.929575 -8.774104 3.078036 9.754823 -17.62652 3 0.915988 -8.78769 3 9.76841 -17.61294 2.921964 0.929575 -8.774104 2.921964 9.808649 -17.5727 2.846927 0.9698143 -8.733864 2.846927 9.873992 -17.50736 2.777772 1.035157 -8.66852 2.777772 9.961931 -17.41942 2.717157 1.123095 -8.580582 2.717157 10.06908 -17.31227 2.667412 1.230247 -8.473429 2.667412 10.19133 -17.19002 2.630448 1.352497 -8.351181 2.630448 10.32398 -17.05737 2.607686 1.485146 -8.218533 2.607686 10.46193 -16.91942 2.6 1.623095 -8.080584 2.6 10.59988 -16.78147 2.607686 1.761045 -7.942633 2.607686 10.73253 -16.64882 2.630448 1.893694 -7.809984 2.630448 10.85478 -16.52657 2.667412 2.015943 -7.687735 2.667412 10.96193 -16.41942 2.717157 2.123095 -7.580584 2.717157 11.04987 -16.33148 2.777772 2.211033 -7.492643 2.777772 11.11521 -16.26614 2.846927 2.276377 -7.427301 2.846927 11.15545 -16.2259 2.921964 2.316615 -7.387062 2.921964 10.54251 18 2.6 10.54251 18 4.6 10.7376 17.98078 2.6 10.7376 17.98078 4.6 10.92519 17.92388 2.6 10.92519 17.92388 4.6 11.09808 17.83147 2.6 11.09808 17.83147 4.6 11.24962 17.70711 2.6 11.24962 17.70711 4.6 11.37398 17.55557 2.6 11.37398 17.55557 4.6 11.46639 17.38268 2.6 11.46639 17.38268 4.6 11.5233 17.19509 2.6 11.5233 17.19509 4.6 11.54251 17 2.6 11.54251 17 4.6 11.5233 16.80491 2.6 11.5233 16.80491 4.6 11.46639 16.61732 2.6 11.46639 16.61732 4.6 11.37398 16.44443 2.6 11.37398 16.44443 4.6 11.24962 16.29289 2.6 11.24962 16.29289 4.6 11.09808 16.16853 2.6 11.09808 16.16853 4.6 10.92519 16.07612 2.6 10.92519 16.07612 4.6 10.7376 16.01921 2.6 10.7376 16.01921 4.6 10.54251 16 2.6 10.54251 16 4.6 10.34742 16.01921 2.6 10.34742 16.01921 4.6 10.15983 16.07612 2.6 10.15983 16.07612 4.6 9.986941 16.16853 2.6 9.986941 16.16853 4.6 9.835404 16.29289 2.6 9.835404 16.29289 4.6 9.711042 16.44443 2.6 9.711042 16.44443 4.6 9.618632 16.61732 2.6 9.618632 16.61732 4.6 9.561726 16.80491 2.6 9.561726 16.80491 4.6 9.542511 17 2.6 9.542511 17 4.6 9.561726 17.19509 2.6 9.561726 17.19509 4.6 9.618632 17.38268 2.6 9.618632 17.38268 4.6 9.711042 17.55557 2.6 9.711042 17.55557 4.6 9.835404 17.70711 2.6 9.835404 17.70711 4.6 9.986941 17.83147 2.6 9.986941 17.83147 4.6 10.15983 17.92388 2.6 10.15983 17.92388 4.6 10.34742 17.98078 2.6 10.34742 17.98078 4.6 10.54251 -16 -4.599999 10.54251 -16 -2.6 10.7376 -16.01921 -4.599999 10.7376 -16.01921 -2.6 10.92519 -16.07612 -4.599999 10.92519 -16.07612 -2.6 11.09808 -16.16853 -4.599999 11.09808 -16.16853 -2.6 11.24962 -16.29289 -4.599999 11.24962 -16.29289 -2.6 11.37398 -16.44443 -4.599999 11.37398 -16.44443 -2.6 11.46639 -16.61732 -4.599999 11.46639 -16.61732 -2.6 11.5233 -16.80491 -4.599999 11.5233 -16.80491 -2.6 11.54251 -17 -4.599999 11.54251 -17 -2.6 11.5233 -17.19509 -4.599999 11.5233 -17.19509 -2.6 11.46639 -17.38268 -4.599999 11.46639 -17.38268 -2.6 11.37398 -17.55557 -4.599999 11.37398 -17.55557 -2.6 11.24962 -17.70711 -4.599999 11.24962 -17.70711 -2.6 11.09808 -17.83147 -4.599999 11.09808 -17.83147 -2.6 10.92519 -17.92388 -4.599999 10.92519 -17.92388 -2.6 10.7376 -17.98078 -4.599999 10.7376 -17.98078 -2.6 10.54251 -18 -4.599999 10.54251 -18 -2.6 10.34742 -17.98078 -4.599999 10.34742 -17.98078 -2.6 10.15983 -17.92388 -4.599999 10.15983 -17.92388 -2.6 9.986942 -17.83147 -4.599999 9.986942 -17.83147 -2.6 9.835405 -17.70711 -4.599999 9.835405 -17.70711 -2.6 9.711042 -17.55557 -4.599999 9.711042 -17.55557 -2.6 9.618633 -17.38268 -4.599999 9.618633 -17.38268 -2.6 9.561727 -17.19509 -4.599999 9.561727 -17.19509 -2.6 9.542511 -17 -4.599999 9.542511 -17 -2.6 9.561727 -16.80491 -4.599999 9.561727 -16.80491 -2.6 9.618633 -16.61732 -4.599999 9.618633 -16.61732 -2.6 9.711042 -16.44443 -4.599999 9.711042 -16.44443 -2.6 9.835405 -16.29289 -4.599999 9.835405 -16.29289 -2.6 9.986942 -16.16853 -4.599999 9.986942 -16.16853 -2.6 10.15983 -16.07612 -4.599999 10.15983 -16.07612 -2.6 10.34742 -16.01921 -4.599999 10.34742 -16.01921 -2.6 10.54251 -16 2.6 10.54251 -16 4.6 10.7376 -16.01921 2.6 10.7376 -16.01921 4.6 10.92519 -16.07612 2.6 10.92519 -16.07612 4.6 11.09808 -16.16853 2.6 11.09808 -16.16853 4.6 11.24962 -16.29289 2.6 11.24962 -16.29289 4.6 11.37398 -16.44443 2.6 11.37398 -16.44443 4.6 11.46639 -16.61732 2.6 11.46639 -16.61732 4.6 11.5233 -16.80491 2.6 11.5233 -16.80491 4.6 11.54251 -17 2.6 11.54251 -17 4.6 11.5233 -17.19509 2.6 11.5233 -17.19509 4.6 11.46639 -17.38268 2.6 11.46639 -17.38268 4.6 11.37398 -17.55557 2.6 11.37398 -17.55557 4.6 11.24962 -17.70711 2.6 11.24962 -17.70711 4.6 11.09808 -17.83147 2.6 11.09808 -17.83147 4.6 10.92519 -17.92388 2.6 10.92519 -17.92388 4.6 10.7376 -17.98078 2.6 10.7376 -17.98078 4.6 10.54251 -18 2.6 10.54251 -18 4.6 10.34742 -17.98078 2.6 10.34742 -17.98078 4.6 10.15983 -17.92388 2.6 10.15983 -17.92388 4.6 9.986941 -17.83147 2.6 9.986941 -17.83147 4.6 9.835404 -17.70711 2.6 9.835404 -17.70711 4.6 9.711042 -17.55557 2.6 9.711042 -17.55557 4.6 9.618632 -17.38268 2.6 9.618632 -17.38268 4.6 9.561726 -17.19509 2.6 9.561726 -17.19509 4.6 9.542511 -17 2.6 9.542511 -17 4.6 9.561726 -16.80491 2.6 9.561726 -16.80491 4.6 9.618632 -16.61732 2.6 9.618632 -16.61732 4.6 9.711042 -16.44443 2.6 9.711042 -16.44443 4.6 9.835404 -16.29289 2.6 9.835404 -16.29289 4.6 9.986941 -16.16853 2.6 9.986941 -16.16853 4.6 10.15983 -16.07612 2.6 10.15983 -16.07612 4.6 10.34742 -16.01921 2.6 10.34742 -16.01921 4.6</float_array>
          <technique_common>
            <accessor source="#Cylinder_007-mesh-positions-array" count="520" stride="3">
              <param name="X" type="float"/>
              <param name="Y" type="float"/>
              <param name="Z" type="float"/>
            </accessor>
          </technique_common>
        </source>
        <source id="Cylinder_007-mesh-normals">
          <float_array id="Cylinder_007-mesh-normals-array" count="3012">0.09801667 0.9951848 0 0.2902842 0.9569405 0 0.4713935 0.881923 0 0.634395 0.773009 0 0.773011 0.6343927 0 0.881922 0.4713953 0 0.9569396 0.2902868 0 0.9951848 0.0980162 0 0.9951848 -0.0980162 0 0.9569396 -0.2902868 0 0.881922 -0.4713953 0 0.773011 -0.6343927 0 0.634395 -0.773009 0 0.4713935 -0.881923 0 0.2902842 -0.9569405 0 0.09801667 -0.9951848 0 -0.09801667 -0.9951848 0 -0.2902842 -0.9569405 0 -0.4713935 -0.881923 0 -0.634395 -0.773009 0 -0.773011 -0.6343927 0 -0.881922 -0.4713953 0 -0.9569396 -0.2902868 0 -0.9951848 -0.0980162 0 -0.9951848 0.0980162 0 -0.9569396 0.2902868 0 -0.881922 0.4713953 0 -0.773011 0.6343927 0 -0.634395 0.773009 0 -0.4713935 0.881923 0 0 0 1 -0.2902842 0.9569405 0 -0.09801667 0.9951848 0 0 0 -1 -0.6865997 0.6865996 0.2390854 -0.5634133 0.5634132 0.6042608 -0.4236644 0.4236644 0.8006353 -0.3098075 0.3098075 0.8989097 -0.2205429 0.2205428 0.9501167 -0.1478409 0.1478409 0.9778988 -0.08517491 0.08517485 0.9927188 -0.02783697 0.02783691 0.9992249 0.02783674 -0.02783674 0.9992249 0.08517557 -0.08517563 0.9927186 0.1478409 -0.1478409 0.9778988 0.2205429 -0.2205429 0.9501167 0.3098036 -0.3098036 0.8989124 0.4236644 -0.4236645 0.8006353 0.5634132 -0.5634132 0.6042608 0.6865996 -0.6865997 0.2390854 0.6866003 -0.6866004 -0.2390813 0.5634119 -0.563412 -0.6042632 0.4236645 -0.4236644 -0.8006353 0.3098027 -0.3098026 -0.8989131 0.2205438 -0.2205437 -0.9501163 0.1478428 -0.1478427 -0.9778982 0.08517521 -0.08517521 -0.9927188 0.02783507 -0.02783507 -0.9992249 -0.0278353 0.0278353 -0.9992249 -0.08517456 0.08517456 -0.9927188 -0.1478428 0.1478428 -0.9778984 -0.2205428 0.2205429 -0.9501167 -0.3098076 0.3098077 -0.8989096 -0.4236643 0.4236645 -0.8006353 -0.707103 -0.7071106 0 -0.5634127 0.5634127 -0.6042619 -0.6866005 0.6866004 -0.2390813 0.7071068 0.7071068 0 -1 0 0 -7.6294e-7 -1 0 0 0 -1 1 0 0 0 0 1 0 1 0 -0.6865997 0.6865997 0.2390847 -0.5634132 0.5634132 0.6042608 -0.4236644 0.4236644 0.8006354 -0.3098039 0.309804 0.8989121 -0.2205458 0.2205457 0.9501153 -0.1478409 0.1478409 0.9778988 -0.08517491 0.08517485 0.9927188 -0.02783584 0.02783584 0.9992249 0.02783596 -0.02783602 0.9992249 0.08517456 -0.08517462 0.9927188 0.1478409 -0.1478409 0.9778988 0.2205446 -0.2205447 0.9501158 0.3098065 -0.3098065 0.8989104 0.4236644 -0.4236644 0.8006353 0.5634108 -0.5634108 0.6042654 0.6866015 -0.6866016 0.239074 0.6866017 -0.6866016 -0.2390741 0.5634108 -0.5634108 -0.6042654 0.4236634 -0.4236634 -0.8006364 0.30981 -0.3098099 -0.898908 0.2205429 -0.2205429 -0.9501167 0.14784 -0.14784 -0.9778991 0.08517462 -0.08517456 -0.9927188 0.02783614 -0.02783614 -0.9992249 -0.02783578 0.02783584 -0.9992249 -0.0851745 0.0851745 -0.9927188 -0.14784 0.14784 -0.9778991 -0.2205455 0.2205455 -0.9501155 -0.3098045 0.3098046 -0.8989117 -0.4236634 0.4236635 -0.8006364 -0.7071068 -0.7071068 0 -0.5634139 0.563414 -0.6042594 -0.6866003 0.6866003 -0.2390819 0.7071068 0.7071068 0 0.686596 0.6865961 0.2391057 0.5634096 0.5634095 0.6042676 0.4236783 0.4236782 0.8006207 0.3098003 0.3098004 0.8989146 0.2205455 0.2205456 0.9501155 0.1478395 0.1478395 0.9778992 0.08517581 0.08517581 0.9927186 0.02783578 0.02783584 0.9992249 -0.02783584 -0.02783584 0.9992249 -0.08517462 -0.08517456 0.9927188 -0.1478409 -0.1478409 0.9778988 -0.2205465 -0.2205464 0.950115 -0.3097993 -0.3097991 0.8989154 -0.4236685 -0.4236683 0.8006312 -0.5634181 -0.5634181 0.6042517 -0.6865975 -0.6865975 0.2390978 -0.6865975 -0.6865974 -0.2390977 -0.5634181 -0.5634181 -0.6042517 -0.4236686 -0.4236685 -0.800631 -0.3098018 -0.3098018 -0.8989136 -0.2205457 -0.2205456 -0.9501155 -0.14784 -0.1478401 -0.9778991 -0.08517456 -0.08517462 -0.9927188 -0.02783584 -0.02783584 -0.9992249 0.02783584 0.02783584 -0.9992249 0.08517593 0.08517587 -0.9927186 0.1478384 0.1478383 -0.9778997 0.220544 0.220544 -0.9501162 0.3098018 0.3098018 -0.8989136 0.4236776 0.4236774 -0.8006215 -0.7071145 0.7070991 0 0.5634084 0.5634083 -0.6042699 0.686596 0.686596 -0.2391062 0.707081 -0.7071326 0 0.6865961 0.6865963 0.239105 0.5634083 0.5634082 0.60427 0.4236801 0.42368 0.8006187 0.3097993 0.3097994 0.8989152 0.2205465 0.2205466 0.950115 0.1478395 0.1478395 0.9778992 0.08517575 0.08517581 0.9927186 0.02783495 0.02783501 0.9992249 -0.02783501 -0.02783495 0.9992249 -0.08517462 -0.08517456 0.9927188 -0.1478409 -0.1478409 0.9778988 -0.2205474 -0.2205474 0.9501146 -0.3097983 -0.3097982 0.8989161 -0.4236703 -0.4236702 0.8006291 -0.5634168 -0.5634167 0.6042541 -0.6865975 -0.6865977 0.2390971 -0.6865974 -0.6865974 -0.2390984 -0.5634184 -0.5634183 -0.6042512 -0.4236684 -0.4236683 -0.8006312 -0.3098009 -0.3098008 -0.8989143 -0.2205455 -0.2205455 -0.9501155 -0.147841 -0.147841 -0.9778988 -0.08517456 -0.08517456 -0.9927188 -0.02783501 -0.02783501 -0.9992249 0.02783501 0.02783495 -0.9992249 0.08517593 0.08517587 -0.9927186 0.1478393 0.1478393 -0.9778993 0.2205448 0.2205448 -0.9501158 0.3098008 0.3098009 -0.8989143 0.4236785 0.4236783 -0.8006204 -0.7071145 0.7070991 0 0.5634084 0.5634083 -0.6042699 0.6865958 0.686596 -0.2391069 0.707081 -0.7071326 0 0.09801667 0.9951848 0 0.2902855 0.9569401 0 0.4714011 0.881919 0 0.6343868 0.7730157 0 0.773011 0.6343927 0 0.8819241 0.4713915 0 0.9569396 0.2902868 0 0.9951844 0.09802103 0 0.9951844 -0.09802103 0 0.9569396 -0.2902868 0 0.8819241 -0.4713915 0 0.773011 -0.6343927 0 0.6343868 -0.7730157 0 0.4714011 -0.881919 0 0.2902855 -0.9569401 0 0.09801667 -0.9951848 0 -0.09801667 -0.9951848 0 -0.2902842 -0.9569405 0 -0.4714011 -0.881919 0 -0.6343868 -0.7730157 0 -0.7730134 -0.6343897 0 -0.881922 -0.4713953 0 -0.9569396 -0.2902868 0 -0.9951848 -0.0980162 0 -0.9951848 0.0980162 0 -0.9569396 0.2902868 0 -0.881922 0.4713953 0 -0.7730134 0.6343897 0 -0.6343868 0.7730157 0 -0.4714011 0.881919 0 0 0 1 -0.2902842 0.9569405 0 -0.09801667 0.9951848 0 0 0 -1 0.09801667 0.9951848 0 0.2902931 0.9569378 0 0.471386 0.8819271 0 0.6343926 0.773011 0 0.7730173 0.634385 0 0.8819199 0.4713993 0 0.9569396 0.2902868 0 0.9951848 0.0980162 0 0.9951848 -0.0980162 0 0.9569396 -0.2902868 0 0.8819199 -0.4713993 0 0.7730173 -0.634385 0 0.6343926 -0.773011 0 0.471386 -0.8819271 0 0.2902931 -0.9569378 0 0.09801667 -0.9951848 0 -0.09801667 -0.9951848 0 -0.2902944 -0.9569374 0 -0.471386 -0.8819271 0 -0.6343926 -0.773011 0 -0.773015 -0.6343879 0 -0.881922 -0.4713956 0 -0.9569396 -0.2902868 0 -0.9951843 -0.09802103 0 -0.9951843 0.09802103 0 -0.9569396 0.2902868 0 -0.881922 0.4713956 0 -0.773015 0.6343879 0 -0.6343926 0.773011 0 -0.471386 0.8819271 0 0 0 1 -0.2902944 0.9569374 0 -0.09801667 0.9951848 0 0 0 -1 0.09801667 0.9951848 0 0.2902944 0.9569374 0 0.4713859 0.881927 0 0.6343927 0.773011 0 0.7730149 0.6343879 0 0.881922 0.4713956 0 0.9569396 0.2902868 0 0.9951844 0.09802103 0 0.9951844 -0.09802103 0 0.9569396 -0.2902868 0 0.881922 -0.4713956 0 0.7730149 -0.6343879 0 0.6343927 -0.773011 0 0.4713859 -0.881927 0 0.2902944 -0.9569374 0 0.09801667 -0.9951848 0 -0.09801667 -0.9951848 0 -0.2902931 -0.9569378 0 -0.4713859 -0.881927 0 -0.6343927 -0.773011 0 -0.7730173 -0.634385 0 -0.8819199 -0.4713993 0 -0.9569396 -0.2902868 0 -0.9951848 -0.0980162 0 -0.9951848 0.0980162 0 -0.9569396 0.2902868 0 -0.8819199 0.4713993 0 -0.7730173 0.634385 0 -0.6343927 0.773011 0 -0.4713859 0.881927 0 0 0 1 -0.2902931 0.9569378 0 -0.09801667 0.9951848 0 0 0 -1 0.09801667 0.9951848 0 0.2902842 0.9569405 0 0.4713935 0.881923 0 0.634395 0.773009 0 0.773011 0.6343927 0 0.881922 0.4713953 0 0.9569396 0.2902868 0 0.9951848 0.0980162 0 0.9951848 -0.0980162 0 0.9569396 -0.2902868 0 0.881922 -0.4713953 0 0.773011 -0.6343927 0 0.634395 -0.773009 0 0.4713935 -0.881923 0 0.2902842 -0.9569405 0 0.09801667 -0.9951848 0 -0.09801667 -0.9951848 0 -0.2902842 -0.9569405 0 -0.4713935 -0.881923 0 -0.634395 -0.773009 0 -0.773011 -0.6343927 0 -0.881922 -0.4713953 0 -0.9569396 -0.2902868 0 -0.9951848 -0.0980162 0 -0.9951848 0.0980162 0 -0.9569396 0.2902868 0 -0.881922 0.4713953 0 -0.773011 0.6343927 0 -0.634395 0.773009 0 -0.4713935 0.881923 0 0 0 1 0 0 1 0 0 1 0 0 1 0 0 1 0 0 1 0 0 1 0 0 1 0 0 1 0 0 1 0 0 1 0 0 1 0 0 1 0 0 1 0 0 1 0 0 1 0 0 1 0 0 1 0 0 1 0 0 1 0 0 1 0 0 1 0 0 1 0 0 1 0 0 1 0 0 1 0 0 1 0 0 1 0 0 1 -0.2902842 0.9569405 0 -0.09801667 0.9951848 0 0 0 -1 0 0 -1 0 0 -1 0 0 -1 0 0 -1 0 0 -1 0 0 -1 0 0 -1 0 0 -1 0 0 -1 0 0 -1 0 0 -1 0 0 -1 0 0 -1 0 0 -1 0 0 -1 0 0 -1 0 0 -1 0 0 -1 0 0 -1 0 0 -1 0 0 -1 0 0 -1 0 0 -1 0 0 -1 0 0 -1 0 0 -1 0 0 -1 0 0 -1 -0.686599 0.686599 0.2390892 -0.5634167 0.5634168 0.6042541 -0.4236644 0.4236643 0.8006353 -0.3098049 0.3098049 0.8989115 -0.2205457 0.2205457 0.9501153 -0.1478391 0.1478391 0.9778994 -0.08517491 0.08517485 0.9927188 -0.02783858 0.02783852 0.9992247 0.02783858 -0.02783864 0.9992247 0.08517485 -0.08517491 0.9927188 0.1478391 -0.1478391 0.9778994 0.2205447 -0.2205448 0.9501158 0.3098049 -0.3098049 0.8989114 0.4236643 -0.4236645 0.8006353 0.5634168 -0.5634168 0.6042542 0.686599 -0.6865991 0.2390891 0.686599 -0.6865991 -0.2390891 0.5634167 -0.5634167 -0.6042542 0.4236645 -0.4236643 -0.8006353 0.3098049 -0.3098049 -0.8989114 0.2205429 -0.2205428 -0.9501167 0.1478409 -0.1478409 -0.9778988 0.08517485 -0.08517491 -0.9927188 0.02783519 -0.02783519 -0.9992249 -0.02783507 0.02783507 -0.9992249 -0.08517491 0.08517491 -0.9927188 -0.1478415 0.1478415 -0.9778987 -0.2205428 0.2205429 -0.9501167 -0.3098049 0.309805 -0.8989115 -0.4236643 0.4236645 -0.8006353 -0.7071152 -0.7070984 0 -0.7071068 -0.7071068 0 -0.7071152 -0.7070984 0 -0.7071068 -0.7071068 0 -0.707103 -0.7071106 0 -0.7071068 -0.7071068 0 -0.7071068 -0.7071068 0 -0.7071097 -0.7071039 -1.02041e-6 -0.7071098 -0.7071039 -1.0138e-6 -0.7071043 -0.7071093 0 -0.7071068 -0.7071068 0 -0.7071092 -0.7071043 0 -0.7071043 -0.7071093 0 -0.7071068 -0.7071068 0 -0.7071068 -0.7071068 0 -0.7071068 -0.7071068 0 -0.7071106 -0.707103 0 -0.7071068 -0.7071068 0 -0.7071106 -0.707103 0 -0.7070984 -0.7071152 0 -0.7071068 -0.7071068 0 -0.7070984 -0.7071152 0 -0.7071068 -0.7071068 0 -0.7071068 -0.7071068 0 -0.7071043 -0.7071093 0 -0.7071092 -0.7071043 0 -0.7071068 -0.7071068 0 -0.7071043 -0.7071093 0 -0.7071068 -0.7071068 0 -0.5634167 0.5634168 -0.6042541 -0.686599 0.686599 -0.2390892 0.707082 0.7071316 0 0.7071152 0.7070984 0 0.7071068 0.7071068 0 0.7071152 0.7070984 0 0.707103 0.7071106 0 0.7071068 0.7071068 0 0.7071068 0.7071068 0 0.7071093 0.7071042 0 0.7071068 0.7071068 0 0.7071043 0.7071092 0 0.7071092 0.7071043 0 0.7071043 0.7071093 0 0.707107 0.7071067 9.18339e-7 0.7071016 0.707112 9.12382e-7 0.7071068 0.7071068 0 0.7071068 0.7071068 0 0.7071068 0.7071068 0 0.7071152 0.7070984 0 0.7071068 0.7071068 0 0.707082 0.7071316 0 0.7071151 0.7070984 0 0.7071068 0.7071068 0 0.7071098 0.7071039 1.0138e-6 0.7071067 0.7071069 1.0204e-6 0.7071092 0.7071043 0 0.7071068 0.7071068 8.59451e-7 0.7071068 0.7071067 8.47859e-7 0.7071068 0.7071068 0 0.707103 0.7071107 0 -1 0 -1.19209e-7 -7.6294e-7 -1 0 0 0 -1 1 0 0 0 0 1 0 1 0 -0.6865988 0.6865989 0.2390899 -0.5634157 0.5634157 0.6042563 -0.4236644 0.4236644 0.8006353 -0.3098026 0.3098026 0.8989131 -0.2205456 0.2205455 0.9501154 -0.1478409 0.1478409 0.9778988 -0.08517462 0.08517456 0.9927188 -0.02783596 0.02783596 0.9992249 0.02783614 -0.02783614 0.9992249 0.08517456 -0.08517462 0.9927188 0.1478409 -0.147841 0.9778988 0.2205438 -0.2205438 0.9501162 0.3098053 -0.3098053 0.8989112 0.4236644 -0.4236644 0.8006353 0.5634157 -0.5634157 0.6042563 0.6866003 -0.6866003 0.239082 0.6866002 -0.6866003 -0.2390819 0.5634157 -0.5634157 -0.6042563 0.4236635 -0.4236634 -0.8006363 0.3098072 -0.3098073 -0.8989098 0.2205429 -0.2205429 -0.9501167 0.14784 -0.14784 -0.9778991 0.08517462 -0.08517456 -0.9927188 0.02783614 -0.02783614 -0.9992249 -0.02783596 0.02783596 -0.9992249 -0.08517485 0.08517491 -0.9927188 -0.14784 0.14784 -0.9778991 -0.2205437 0.2205438 -0.9501163 -0.3098045 0.3098046 -0.8989117 -0.4236634 0.4236635 -0.8006363 -0.7071068 -0.7071068 0 -0.7071068 -0.7071068 0 -0.7071068 -0.7071068 0 -0.7071068 -0.7071068 0 -0.7071068 -0.7071068 0 -0.7071068 -0.7071068 0 -0.7071037 -0.7071099 0 -0.7071069 -0.7071066 -1.0123e-6 -0.7071065 -0.707107 -1.01379e-6 -0.7071093 -0.7071043 0 -0.7071068 -0.7071068 0 -0.7071068 -0.7071068 0 -0.7071068 -0.7071068 0 -0.7071068 -0.7071068 0 -0.7071068 -0.7071068 0 -0.7071068 -0.7071068 0 -0.7071068 -0.7071068 0 -0.7071068 -0.7071068 0 -0.7071068 -0.7071068 0 -0.7071068 -0.7071068 0 -0.707082 -0.7071316 0 -0.7071068 -0.7071068 0 -0.7071068 -0.7071068 0 -0.7071068 -0.7071068 0 -0.7071068 -0.7071068 0 -0.7071068 -0.7071068 0 -0.7071068 -0.7071068 0 -0.7071067 -0.7071068 -9.12388e-7 -0.7071067 -0.707107 -9.1105e-7 -0.5634157 0.5634157 -0.6042563 -0.6865988 0.6865989 -0.2390899 0.707082 0.7071316 0 0.7071152 0.7070984 0 0.7071068 0.7071068 0 0.7071152 0.7070984 0 0.7071102 0.7071034 1.1921e-6 0.7071005 0.7071131 0 0.7071068 0.7071068 0 0.7071093 0.7071043 0 0.7071068 0.7071068 0 0.7071092 0.7071044 8.4294e-7 0.7071043 0.7071092 0 0.7071068 0.7071068 0 0.7071068 0.7071068 0 0.7071068 0.7071068 0 0.7071102 0.7071034 1.1921e-6 0.707103 0.7071107 0 0.7071068 0.7071068 0 0.7071068 0.7071068 0 0.7071068 0.7071068 0 0.7071068 0.7071068 0 0.7071068 0.7071068 0 0.7071064 0.7071073 1.19209e-6 0.7071068 0.7071068 0 0.7071068 0.7071068 0 0.7071068 0.7071068 8.42937e-7 0.7071093 0.7071043 8.59454e-7 0.7071068 0.7071067 8.47859e-7 0.7071039 0.7071096 1.19209e-6 0.7071068 0.7071068 0 0.6865989 0.6865988 0.2390899 0.5634132 0.5634132 0.6042608 0.4236703 0.4236704 0.8006291 0.3097999 0.3097999 0.8989149 0.2205455 0.2205456 0.9501154 0.1478415 0.1478415 0.9778987 0.08517456 0.08517462 0.9927188 0.02783584 0.02783584 0.9992249 -0.02783608 -0.02783602 0.9992249 -0.08517462 -0.08517456 0.9927188 -0.1478421 -0.147842 0.9778985 -0.2205447 -0.2205446 0.9501158 -0.3098026 -0.3098026 0.8989131 -0.4236644 -0.4236643 0.8006353 -0.5634132 -0.5634133 0.6042608 -0.6866003 -0.6866002 0.2390819 -0.6866002 -0.6866003 -0.2390819 -0.5634132 -0.5634132 -0.6042608 -0.4236634 -0.4236634 -0.8006364 -0.3098046 -0.3098045 -0.8989117 -0.2205437 -0.2205438 -0.9501163 -0.1478411 -0.1478411 -0.9778988 -0.08517456 -0.08517456 -0.9927188 -0.02783602 -0.02783608 -0.9992249 0.02783584 0.02783584 -0.9992249 0.08517462 0.08517456 -0.9927188 0.1478406 0.1478405 -0.9778989 0.2205446 0.2205446 -0.9501159 0.3098018 0.3098018 -0.8989136 0.4236693 0.4236694 -0.8006301 -0.7071152 0.7070984 0 -0.7070572 0.7071564 0 -0.7071152 0.7070984 0 -0.7071016 0.707112 0 -0.7071145 0.7070991 0 -0.7071017 0.707112 0 -0.7071005 0.7071131 0 -0.7071095 0.707104 0 -0.7071005 0.7071131 0 -0.7071068 0.7071068 0 -0.7071092 0.7071043 0 -0.7071043 0.7071092 0 -0.7071068 0.7071068 0 -0.7071012 0.7071123 0 -0.7071099 0.7071036 0 -0.7071013 0.7071123 0 -0.7071068 0.7071068 0 -0.7071068 0.7071068 0 -0.7071068 0.7071068 0 -0.7071152 0.7070984 0 -0.707082 0.7071316 0 -0.7071152 0.7070984 0 -0.7071068 0.7071068 0 -0.7071099 0.7071036 0 -0.7071068 0.7071068 0 -0.7071044 0.7071093 0 -0.7071092 0.7071043 0 -0.7071068 0.7071068 0 -0.7071095 0.707104 0 0.5634132 0.5634132 -0.6042608 0.6865989 0.6865988 -0.2390899 0.7071068 -0.7071068 0 0.707132 -0.7070816 0 0.707081 -0.7071326 0 0.7071319 -0.7070817 0 0.7071145 -0.7070991 0 0.7071005 -0.7071131 0 0.7071205 -0.707093 0 0.7070966 -0.707117 0 0.7071206 -0.707093 0 0.7071092 -0.7071043 0 0.7071092 -0.7071043 0 0.7071068 -0.7071068 0 0.7071068 -0.7071068 0 0.7071068 -0.7071068 0 0.7071037 -0.7071099 0 0.7071145 -0.7070991 0 0.7070965 -0.7071171 0 0.7070984 -0.7071152 0 0.7070965 -0.7071171 0 0.7071316 -0.707082 0 0.7070984 -0.7071152 0 0.7071145 -0.7070991 0 0.7071037 -0.7071099 0 0.7071068 -0.7071068 0 0.7071092 -0.7071043 0 0.7071092 -0.7071043 0 0.7070966 -0.707117 0 0.7071005 -0.707113 0 0.7071145 -0.7070991 0 0.6866004 0.6866004 0.2390813 0.5634119 0.5634119 0.6042633 0.4236683 0.4236685 0.8006312 0.3098008 0.3098009 0.8989143 0.2205454 0.2205455 0.9501155 0.1478414 0.1478415 0.9778987 0.08517456 0.08517462 0.9927188 0.02783495 0.02783501 0.9992249 -0.02783519 -0.02783513 0.9992249 -0.08517462 -0.08517456 0.9927188 -0.1478421 -0.147842 0.9778985 -0.2205438 -0.2205438 0.9501163 -0.3098036 -0.3098036 0.8989124 -0.4236664 -0.4236664 0.8006333 -0.5634095 -0.5634096 0.6042678 -0.6866004 -0.6866004 0.2390813 -0.6866003 -0.6866005 -0.2390813 -0.5634095 -0.5634096 -0.6042678 -0.4236664 -0.4236664 -0.8006333 -0.3098036 -0.3098036 -0.8989124 -0.2205456 -0.2205457 -0.9501154 -0.1478402 -0.1478402 -0.9778991 -0.08517456 -0.08517456 -0.9927188 -0.02783685 -0.02783691 -0.9992249 0.02783674 0.02783674 -0.9992249 0.08517456 0.08517462 -0.9927188 0.1478397 0.1478396 -0.9778992 0.2205474 0.2205474 -0.9501146 0.3098008 0.3098009 -0.8989143 0.4236683 0.4236684 -0.8006312 -0.7071152 0.7070984 0 -0.707082 0.7071316 0 -0.7071152 0.7070984 0 -0.7070965 0.7071171 0 -0.7071145 0.7070991 0 -0.7070965 0.7071171 0 -0.7071037 0.7071099 0 -0.7071095 0.707104 0 -0.7071037 0.7071099 0 -0.7071068 0.7071068 0 -0.7071092 0.7071043 0 -0.7071043 0.7071092 0 -0.7071068 0.7071068 0 -0.7071012 0.7071123 0 -0.7071099 0.7071036 0 -0.7071013 0.7071123 0 -0.7071068 0.7071068 0 -0.707112 0.7071017 0 -0.7071068 0.7071068 0 -0.7071068 0.7071068 0 -0.707082 0.7071316 0 -0.7071068 0.7071068 0 -0.707112 0.7071016 0 -0.7071099 0.7071036 0 -0.7071068 0.7071068 0 -0.7071044 0.7071092 0 -0.7071092 0.7071043 0 -0.7071068 0.7071068 0 -0.7071095 0.707104 0 0.5634119 0.5634119 -0.6042633 0.6866004 0.6866004 -0.2390813 0.7071068 -0.7071068 0 0.7071319 -0.7070817 0 0.707081 -0.7071326 0 0.7071319 -0.7070816 0 0.7071144 -0.7070991 0 0.7071005 -0.7071131 0 0.7071205 -0.707093 0 0.7070966 -0.707117 0 0.7071205 -0.707093 0 0.7071092 -0.7071043 0 0.7071092 -0.7071043 0 0.7071068 -0.7071068 0 0.7071068 -0.7071068 0 0.7071068 -0.7071068 0 0.7071037 -0.7071099 0 0.7071145 -0.7070991 0 0.7070965 -0.7071171 0 0.7070984 -0.7071152 0 0.7070965 -0.7071171 0 0.7071316 -0.707082 0 0.7070984 -0.7071152 0 0.7071144 -0.7070991 0 0.7071037 -0.7071099 0 0.7071068 -0.7071068 0 0.7071092 -0.7071043 0 0.7071092 -0.7071043 0 0.7070966 -0.7071169 0 0.7071005 -0.7071131 0 0.7071145 -0.7070991 0 0.09801667 0.9951848 0 0.2902855 0.9569401 0 0.4714011 0.881919 0 0.6343868 0.7730157 0 0.773011 0.6343927 0 0.8819241 0.4713915 0 0.9569396 0.2902868 0 0.9951844 0.09802103 0 0.9951844 -0.09802103 0 0.9569396 -0.2902868 0 0.8819241 -0.4713915 0 0.773011 -0.6343927 0 0.6343868 -0.7730157 0 0.4714011 -0.881919 0 0.2902855 -0.9569401 0 0.09801667 -0.9951848 0 -0.09801667 -0.9951848 0 -0.2902842 -0.9569405 0 -0.4714011 -0.881919 0 -0.6343868 -0.7730157 0 -0.7730134 -0.6343897 0 -0.881922 -0.4713953 0 -0.9569396 -0.2902868 0 -0.9951848 -0.0980162 0 -0.9951848 0.0980162 0 -0.9569396 0.2902868 0 -0.881922 0.4713953 0 -0.7730134 0.6343897 0 -0.6343868 0.7730157 0 -0.4714011 0.881919 0 0 0 1 0 0 1 0 0 1 0 0 1 0 0 1 0 0 1 0 0 1 0 0 1 0 0 1 0 0 1 0 0 1 0 0 1 0 0 1 0 0 1 0 0 1 0 0 1 0 0 1 0 0 1 0 0 1 0 0 1 0 0 1 0 0 1 0 0 1 0 0 1 0 0 1 0 0 1 0 0 1 0 0 1 0 0 1 -0.2902842 0.9569405 0 -0.09801667 0.9951848 0 0 0 -1 0 0 -1 0 0 -1 0 0 -1 0 0 -1 0 0 -1 0 0 -1 0 0 -1 0 0 -1 0 0 -1 0 0 -1 0 0 -1 0 0 -1 0 0 -1 0 0 -1 0 0 -1 0 0 -1 0 0 -1 0 0 -1 0 0 -1 0 0 -1 0 0 -1 0 0 -1 0 0 -1 0 0 -1 0 0 -1 0 0 -1 0 0 -1 0 0 -1 0.09801667 0.9951848 0 0.2902931 0.9569378 0 0.471386 0.8819271 0 0.6343926 0.773011 0 0.7730173 0.634385 0 0.8819199 0.4713993 0 0.9569396 0.2902868 0 0.9951848 0.0980162 0 0.9951848 -0.0980162 0 0.9569396 -0.2902868 0 0.8819199 -0.4713993 0 0.7730173 -0.634385 0 0.6343926 -0.773011 0 0.471386 -0.8819271 0 0.2902931 -0.9569378 0 0.09801667 -0.9951848 0 -0.09801667 -0.9951848 0 -0.2902944 -0.9569374 0 -0.471386 -0.8819271 0 -0.6343926 -0.773011 0 -0.773015 -0.6343879 0 -0.881922 -0.4713956 0 -0.9569396 -0.2902868 0 -0.9951843 -0.09802103 0 -0.9951843 0.09802103 0 -0.9569396 0.2902868 0 -0.881922 0.4713956 0 -0.773015 0.6343879 0 -0.6343926 0.773011 0 -0.471386 0.8819271 0 0 0 1 0 0 1 0 0 1 0 0 1 0 0 1 0 0 1 0 0 1 0 0 1 0 0 1 0 0 1 0 0 1 0 0 1 0 0 1 0 0 1 0 0 1 0 0 1 0 0 1 0 0 1 0 0 1 0 0 1 0 0 1 0 0 1 0 0 1 0 0 1 0 0 1 0 0 1 0 0 1 0 0 1 0 0 1 -0.2902944 0.9569374 0 -0.09801667 0.9951848 0 0 0 -1 0 0 -1 0 0 -1 0 0 -1 0 0 -1 0 0 -1 0 0 -1 0 0 -1 0 0 -1 0 0 -1 0 0 -1 0 0 -1 0 0 -1 0 0 -1 0 0 -1 0 0 -1 0 0 -1 0 0 -1 0 0 -1 0 0 -1 0 0 -1 0 0 -1 0 0 -1 0 0 -1 0 0 -1 0 0 -1 0 0 -1 0 0 -1 0 0 -1 0.09801667 0.9951848 0 0.2902944 0.9569374 0 0.4713859 0.881927 0 0.6343927 0.773011 0 0.7730149 0.6343879 0 0.881922 0.4713956 0 0.9569396 0.2902868 0 0.9951844 0.09802103 0 0.9951844 -0.09802103 0 0.9569396 -0.2902868 0 0.881922 -0.4713956 0 0.7730149 -0.6343879 0 0.6343927 -0.773011 0 0.4713859 -0.881927 0 0.2902944 -0.9569374 0 0.09801667 -0.9951848 0 -0.09801667 -0.9951848 0 -0.2902931 -0.9569378 0 -0.4713859 -0.881927 0 -0.6343927 -0.773011 0 -0.7730173 -0.634385 0 -0.8819199 -0.4713993 0 -0.9569396 -0.2902868 0 -0.9951848 -0.0980162 0 -0.9951848 0.0980162 0 -0.9569396 0.2902868 0 -0.8819199 0.4713993 0 -0.7730173 0.634385 0 -0.6343927 0.773011 0 -0.4713859 0.881927 0 0 0 1 0 0 1 0 0 1 0 0 1 0 0 1 0 0 1 0 0 1 0 0 1 0 0 1 0 0 1 0 0 1 0 0 1 0 0 1 0 0 1 0 0 1 0 0 1 0 0 1 0 0 1 0 0 1 0 0 1 0 0 1 0 0 1 0 0 1 0 0 1 0 0 1 0 0 1 0 0 1 0 0 1 0 0 1 -0.2902931 0.9569378 0 -0.09801667 0.9951848 0 0 0 -1 0 0 -1 0 0 -1 0 0 -1 0 0 -1 0 0 -1 0 0 -1 0 0 -1 0 0 -1 0 0 -1 0 0 -1 0 0 -1 0 0 -1 0 0 -1 0 0 -1 0 0 -1 0 0 -1 0 0 -1 0 0 -1 0 0 -1 0 0 -1 0 0 -1 0 0 -1 0 0 -1 0 0 -1 0 0 -1 0 0 -1 0 0 -1 0 0 -1</float_array>
          <technique_common>
            <accessor source="#Cylinder_007-mesh-normals-array" count="1004" stride="3">
              <param name="X" type="float"/>
              <param name="Y" type="float"/>
              <param name="Z" type="float"/>
            </accessor>
          </technique_common>
        </source>
        <source id="Cylinder_007-mesh-map-0">
          <float_array id="Cylinder_007-mesh-map-0-array" count="6024">1 1 0.96875 0.5 1 0.5 0.96875 1 0.9375 0.5 0.96875 0.5 0.9375 1 0.90625 0.5 0.9375 0.5 0.90625 1 0.875 0.5 0.90625 0.5 0.875 1 0.84375 0.5 0.875 0.5 0.84375 1 0.8125 0.5 0.84375 0.5 0.8125 1 0.78125 0.5 0.8125 0.5 0.78125 1 0.75 0.5 0.78125 0.5 0.75 1 0.71875 0.5 0.75 0.5 0.71875 1 0.6875 0.5 0.71875 0.5 0.6875 1 0.65625 0.5 0.6875 0.5 0.65625 1 0.625 0.5 0.65625 0.5 0.625 1 0.59375 0.5 0.625 0.5 0.59375 1 0.5625 0.5 0.59375 0.5 0.5625 1 0.53125 0.5 0.5625 0.5 0.53125 1 0.5 0.5 0.53125 0.5 0.5 1 0.46875 0.5 0.5 0.5 0.46875 1 0.4375 0.5 0.46875 0.5 0.4375 1 0.40625 0.5 0.4375 0.5 0.40625 1 0.375 0.5 0.40625 0.5 0.375 1 0.34375 0.5 0.375 0.5 0.34375 1 0.3125 0.5 0.34375 0.5 0.3125 1 0.28125 0.5 0.3125 0.5 0.28125 1 0.25 0.5 0.28125 0.5 0.25 1 0.21875 0.5 0.25 0.5 0.21875 1 0.1875 0.5 0.21875 0.5 0.1875 1 0.15625 0.5 0.1875 0.5 0.15625 1 0.125 0.5 0.15625 0.5 0.125 1 0.09375 0.5 0.125 0.5 0.09375 1 0.0625 0.5 0.09375 0.5 0.02826887 0.341844 0.1581559 0.02826887 0.4717311 0.1581559 0.0625 1 0.03125 0.5 0.0625 0.5 0.03125 1 0 0.5 0.03125 0.5 0.7968217 0.01461154 0.5146116 0.2031783 0.7031784 0.4853885 1 0.5 0.96875 1 0.96875 0.5 0.96875 1 0.9375 0.5 0.96875 0.5 0.9375 1 0.90625 0.5 0.9375 0.5 0.90625 0.5 0.875 1 0.875 0.5 0.875 1 0.84375 0.5 0.875 0.5 0.84375 1 0.8125 0.5 0.84375 0.5 0.8125 1 0.78125 0.5 0.8125 0.5 0.78125 0.5 0.75 1 0.75 0.5 0.75 1 0.71875 0.5 0.75 0.5 0.71875 0.5 0.6875 1 0.6875 0.5 0.6875 1 0.65625 0.5 0.6875 0.5 0.65625 1 0.625 0.5 0.65625 0.5 0.625 1 0.59375 0.5 0.625 0.5 0.59375 1 0.5625 0.5 0.59375 0.5 0.5625 1 0.53125 0.5 0.5625 0.5 0.53125 0.5 0.5 1 0.5 0.5 0.5 1 0.46875 0.5 0.5 0.5 0.46875 1 0.4375 0.5 0.46875 0.5 0.4375 1 0.40625 0.5 0.4375 0.5 0.40625 0.5 0.375 1 0.375 0.5 0.375 1 0.34375 0.5 0.375 0.5 0.34375 1 0.3125 0.5 0.34375 0.5 0.3125 1 0.28125 0.5 0.3125 0.5 0.28125 0.5 0.25 1 0.25 0.5 0.25 1 0.21875 0.5 0.25 0.5 0.21875 1 0.1875 0.5 0.21875 0.5 0.1875 0.5 0.15625 1 0.15625 0.5 0.15625 1 0.125 0.5 0.15625 0.5 0.125 1 0.09375 0.5 0.125 0.5 0.09375 1 0.0625 0.5 0.09375 0.5 0.4197056 0.4197056 0.3833369 0.4495527 0.08029437 0.4197056 0.0625 0.5 0.03125 1 0.03125 0.5 0.03125 1 0 0.5 0.03125 0.5 0.6166632 0.4495527 0.658156 0.4717311 0.8833369 0.4495527 0.875 0.5 0.625 0.75 0.625 0.5 0.375 0.75 0.625 1 0.375 1 0.625 0 0.375 0.25 0.375 0 0.375 0.5 0.125 0.75 0.125 0.5 0.625 0.5 0.375 0.75 0.375 0.5 0.625 0.25 0.375 0.5 0.375 0.25 1 0.5 0.96875 1 0.96875 0.5 0.96875 1 0.9375 0.5 0.96875 0.5 0.9375 1 0.90625 0.5 0.9375 0.5 0.90625 1 0.875 0.5 0.90625 0.5 0.875 0.5 0.84375 1 0.84375 0.5 0.84375 1 0.8125 0.5 0.84375 0.5 0.8125 1 0.78125 0.5 0.8125 0.5 0.78125 1 0.75 0.5 0.78125 0.5 0.75 0.5 0.71875 1 0.71875 0.5 0.71875 1 0.6875 0.5 0.71875 0.5 0.6875 1 0.65625 0.5 0.6875 0.5 0.65625 1 0.625 0.5 0.65625 0.5 0.625 0.5 0.59375 1 0.59375 0.5 0.59375 1 0.5625 0.5 0.59375 0.5 0.5625 1 0.53125 0.5 0.5625 0.5 0.53125 1 0.5 0.5 0.53125 0.5 0.5 1 0.46875 0.5 0.5 0.5 0.46875 1 0.4375 0.5 0.46875 0.5 0.4375 1 0.40625 0.5 0.4375 0.5 0.40625 1 0.375 0.5 0.40625 0.5 0.375 1 0.34375 0.5 0.375 0.5 0.34375 1 0.3125 0.5 0.34375 0.5 0.3125 1 0.28125 0.5 0.3125 0.5 0.28125 1 0.25 0.5 0.28125 0.5 0.25 0.5 0.21875 1 0.21875 0.5 0.21875 0.5 0.1875 1 0.1875 0.5 0.1875 1 0.15625 0.5 0.1875 0.5 0.15625 1 0.125 0.5 0.15625 0.5 0.125 1 0.09375 0.5 0.125 0.5 0.09375 1 0.0625 0.5 0.09375 0.5 0.4197056 0.4197056 0.3833369 0.4495527 0.08029437 0.4197056 0.0625 0.5 0.03125 1 0.03125 0.5 0.03125 1 0 0.5 0.03125 0.5 0.6166632 0.4495527 0.658156 0.4717311 0.8833369 0.4495527 1 1 0.96875 0.5 1 0.5 0.96875 0.5 0.9375 1 0.9375 0.5 0.9375 1 0.90625 0.5 0.9375 0.5 0.90625 0.5 0.875 1 0.875 0.5 0.875 1 0.84375 0.5 0.875 0.5 0.84375 0.5 0.8125 1 0.8125 0.5 0.8125 1 0.78125 0.5 0.8125 0.5 0.78125 0.5 0.75 1 0.75 0.5 0.75 1 0.71875 0.5 0.75 0.5 0.71875 1 0.6875 0.5 0.71875 0.5 0.6875 1 0.65625 0.5 0.6875 0.5 0.65625 1 0.625 0.5 0.65625 0.5 0.625 0.5 0.59375 1 0.59375 0.5 0.59375 1 0.5625 0.5 0.59375 0.5 0.5625 1 0.53125 0.5 0.5625 0.5 0.53125 1 0.5 0.5 0.53125 0.5 0.5 1 0.46875 0.5 0.5 0.5 0.46875 1 0.4375 0.5 0.46875 0.5 0.4375 0.5 0.40625 1 0.40625 0.5 0.40625 1 0.375 0.5 0.40625 0.5 0.375 0.5 0.34375 1 0.34375 0.5 0.34375 0.5 0.3125 1 0.3125 0.5 0.3125 1 0.28125 0.5 0.3125 0.5 0.28125 1 0.25 0.5 0.28125 0.5 0.25 1 0.21875 0.5 0.25 0.5 0.21875 0.5 0.1875 1 0.1875 0.5 0.1875 1 0.15625 0.5 0.1875 0.5 0.15625 0.5 0.125 1 0.125 0.5 0.125 1 0.09375 0.5 0.125 0.5 0.09375 0.5 0.0625 1 0.0625 0.5 0.4197056 0.4197056 0.3833369 0.4495527 0.08029437 0.4197056 0.0625 1 0.03125 0.5 0.0625 0.5 0.03125 0.5 0 1 0 0.5 0.6166632 0.4495527 0.658156 0.4717311 0.8833369 0.4495527 1 1 0.96875 0.5 1 0.5 0.96875 0.5 0.9375 1 0.9375 0.5 0.9375 1 0.90625 0.5 0.9375 0.5 0.90625 0.5 0.875 1 0.875 0.5 0.875 1 0.84375 0.5 0.875 0.5 0.84375 0.5 0.8125 1 0.8125 0.5 0.8125 1 0.78125 0.5 0.8125 0.5 0.78125 0.5 0.75 1 0.75 0.5 0.75 1 0.71875 0.5 0.75 0.5 0.71875 1 0.6875 0.5 0.71875 0.5 0.6875 1 0.65625 0.5 0.6875 0.5 0.65625 1 0.625 0.5 0.65625 0.5 0.625 0.5 0.59375 1 0.59375 0.5 0.59375 1 0.5625 0.5 0.59375 0.5 0.5625 1 0.53125 0.5 0.5625 0.5 0.53125 1 0.5 0.5 0.53125 0.5 0.5 1 0.46875 0.5 0.5 0.5 0.46875 0.5 0.4375 1 0.4375 0.5 0.4375 1 0.40625 0.5 0.4375 0.5 0.40625 1 0.375 0.5 0.40625 0.5 0.375 1 0.34375 0.5 0.375 0.5 0.34375 0.5 0.3125 1 0.3125 0.5 0.3125 1 0.28125 0.5 0.3125 0.5 0.28125 1 0.25 0.5 0.28125 0.5 0.25 1 0.21875 0.5 0.25 0.5 0.21875 0.5 0.1875 1 0.1875 0.5 0.1875 1 0.15625 0.5 0.1875 0.5 0.15625 0.5 0.125 1 0.125 0.5 0.125 1 0.09375 0.5 0.125 0.5 0.09375 0.5 0.0625 1 0.0625 0.5 0.4197056 0.4197056 0.3833369 0.4495527 0.08029437 0.4197056 0.0625 1 0.03125 0.5 0.0625 0.5 0.03125 0.5 0 1 0 0.5 0.6166632 0.4495527 0.658156 0.4717311 0.8833369 0.4495527 1 1 0.96875 0.5 1 0.5 0.96875 1 0.9375 0.5 0.96875 0.5 0.9375 1 0.90625 0.5 0.9375 0.5 0.90625 1 0.875 0.5 0.90625 0.5 0.875 1 0.84375 0.5 0.875 0.5 0.84375 1 0.8125 0.5 0.84375 0.5 0.8125 1 0.78125 0.5 0.8125 0.5 0.78125 1 0.75 0.5 0.78125 0.5 0.75 1 0.71875 0.5 0.75 0.5 0.71875 1 0.6875 0.5 0.71875 0.5 0.6875 1 0.65625 0.5 0.6875 0.5 0.65625 1 0.625 0.5 0.65625 0.5 0.625 1 0.59375 0.5 0.625 0.5 0.59375 1 0.5625 0.5 0.59375 0.5 0.5625 1 0.53125 0.5 0.5625 0.5 0.53125 1 0.5 0.5 0.53125 0.5 0.5 1 0.46875 0.5 0.5 0.5 0.46875 1 0.4375 0.5 0.46875 0.5 0.4375 1 0.40625 0.5 0.4375 0.5 0.40625 1 0.375 0.5 0.40625 0.5 0.375 1 0.34375 0.5 0.375 0.5 0.34375 1 0.3125 0.5 0.34375 0.5 0.3125 1 0.28125 0.5 0.3125 0.5 0.28125 1 0.25 0.5 0.28125 0.5 0.25 1 0.21875 0.5 0.25 0.5 0.21875 1 0.1875 0.5 0.21875 0.5 0.1875 1 0.15625 0.5 0.1875 0.5 0.15625 1 0.125 0.5 0.15625 0.5 0.125 1 0.09375 0.5 0.125 0.5 0.09375 1 0.0625 0.5 0.09375 0.5 0.02826887 0.341844 0.1581559 0.02826887 0.4717311 0.1581559 0.0625 1 0.03125 0.5 0.0625 0.5 0.03125 1 0 0.5 0.03125 0.5 0.6166632 0.05044728 0.5146116 0.2031783 0.7031784 0.4853885 1 1 0.96875 0.5 1 0.5 0.96875 1 0.9375 0.5 0.96875 0.5 0.9375 1 0.90625 0.5 0.9375 0.5 0.90625 1 0.875 0.5 0.90625 0.5 0.875 1 0.84375 0.5 0.875 0.5 0.84375 1 0.8125 0.5 0.84375 0.5 0.8125 1 0.78125 0.5 0.8125 0.5 0.78125 1 0.75 0.5 0.78125 0.5 0.75 1 0.71875 0.5 0.75 0.5 0.71875 1 0.6875 0.5 0.71875 0.5 0.6875 1 0.65625 0.5 0.6875 0.5 0.65625 1 0.625 0.5 0.65625 0.5 0.625 1 0.59375 0.5 0.625 0.5 0.59375 1 0.5625 0.5 0.59375 0.5 0.5625 1 0.53125 0.5 0.5625 0.5 0.53125 1 0.5 0.5 0.53125 0.5 0.5 1 0.46875 0.5 0.5 0.5 0.46875 1 0.4375 0.5 0.46875 0.5 0.4375 1 0.40625 0.5 0.4375 0.5 0.40625 1 0.375 0.5 0.40625 0.5 0.375 1 0.34375 0.5 0.375 0.5 0.34375 1 0.3125 0.5 0.34375 0.5 0.3125 1 0.28125 0.5 0.3125 0.5 0.28125 1 0.25 0.5 0.28125 0.5 0.25 1 0.21875 0.5 0.25 0.5 0.21875 1 0.1875 0.5 0.21875 0.5 0.1875 1 0.15625 0.5 0.1875 0.5 0.15625 1 0.125 0.5 0.15625 0.5 0.125 1 0.09375 0.5 0.125 0.5 0.09375 1 0.0625 0.5 0.09375 0.5 0.4717311 0.1581559 0.4717311 0.341844 0.341844 0.4717311 0.0625 1 0.03125 0.5 0.0625 0.5 0.03125 1 0 0.5 0.03125 0.5 0.5504473 0.3833369 0.7031784 0.4853885 0.7968217 0.01461154 1 1 0.96875 0.5 1 0.5 0.96875 1 0.9375 0.5 0.96875 0.5 0.9375 1 0.90625 0.5 0.9375 0.5 0.90625 1 0.875 0.5 0.90625 0.5 0.875 1 0.84375 0.5 0.875 0.5 0.84375 1 0.8125 0.5 0.84375 0.5 0.8125 1 0.78125 0.5 0.8125 0.5 0.78125 1 0.75 0.5 0.78125 0.5 0.75 1 0.71875 0.5 0.75 0.5 0.71875 1 0.6875 0.5 0.71875 0.5 0.6875 1 0.65625 0.5 0.6875 0.5 0.65625 1 0.625 0.5 0.65625 0.5 0.625 1 0.59375 0.5 0.625 0.5 0.59375 1 0.5625 0.5 0.59375 0.5 0.5625 1 0.53125 0.5 0.5625 0.5 0.53125 1 0.5 0.5 0.53125 0.5 0.5 1 0.46875 0.5 0.5 0.5 0.46875 1 0.4375 0.5 0.46875 0.5 0.4375 1 0.40625 0.5 0.4375 0.5 0.40625 1 0.375 0.5 0.40625 0.5 0.375 1 0.34375 0.5 0.375 0.5 0.34375 1 0.3125 0.5 0.34375 0.5 0.3125 1 0.28125 0.5 0.3125 0.5 0.28125 1 0.25 0.5 0.28125 0.5 0.25 1 0.21875 0.5 0.25 0.5 0.21875 1 0.1875 0.5 0.21875 0.5 0.1875 1 0.15625 0.5 0.1875 0.5 0.15625 1 0.125 0.5 0.15625 0.5 0.125 1 0.09375 0.5 0.125 0.5 0.09375 1 0.0625 0.5 0.09375 0.5 0.4717311 0.1581559 0.4717311 0.341844 0.341844 0.4717311 0.0625 1 0.03125 0.5 0.0625 0.5 0.03125 1 0 0.5 0.03125 0.5 0.5504473 0.3833369 0.7031784 0.4853885 0.7968217 0.01461154 1 1 0.96875 1 0.96875 0.5 0.96875 1 0.9375 1 0.9375 0.5 0.9375 1 0.90625 1 0.90625 0.5 0.90625 1 0.875 1 0.875 0.5 0.875 1 0.84375 1 0.84375 0.5 0.84375 1 0.8125 1 0.8125 0.5 0.8125 1 0.78125 1 0.78125 0.5 0.78125 1 0.75 1 0.75 0.5 0.75 1 0.71875 1 0.71875 0.5 0.71875 1 0.6875 1 0.6875 0.5 0.6875 1 0.65625 1 0.65625 0.5 0.65625 1 0.625 1 0.625 0.5 0.625 1 0.59375 1 0.59375 0.5 0.59375 1 0.5625 1 0.5625 0.5 0.5625 1 0.53125 1 0.53125 0.5 0.53125 1 0.5 1 0.5 0.5 0.5 1 0.46875 1 0.46875 0.5 0.46875 1 0.4375 1 0.4375 0.5 0.4375 1 0.40625 1 0.40625 0.5 0.40625 1 0.375 1 0.375 0.5 0.375 1 0.34375 1 0.34375 0.5 0.34375 1 0.3125 1 0.3125 0.5 0.3125 1 0.28125 1 0.28125 0.5 0.28125 1 0.25 1 0.25 0.5 0.25 1 0.21875 1 0.21875 0.5 0.21875 1 0.1875 1 0.1875 0.5 0.1875 1 0.15625 1 0.15625 0.5 0.15625 1 0.125 1 0.125 0.5 0.125 1 0.09375 1 0.09375 0.5 0.09375 1 0.0625 1 0.0625 0.5 0.341844 0.4717311 0.2968217 0.4853885 0.25 0.49 0.25 0.49 0.2031783 0.4853885 0.1581559 0.4717311 0.1581559 0.4717311 0.1166631 0.4495527 0.08029437 0.4197056 0.08029437 0.4197056 0.05044728 0.3833369 0.1581559 0.4717311 0.05044728 0.3833369 0.02826887 0.341844 0.1581559 0.4717311 0.02826887 0.341844 0.01461154 0.2968217 0.00999999 0.25 0.00999999 0.25 0.01461154 0.2031783 0.02826887 0.1581559 0.02826887 0.1581559 0.05044728 0.1166631 0.1581559 0.02826887 0.05044728 0.1166631 0.08029437 0.08029437 0.1581559 0.02826887 0.08029437 0.08029437 0.1166631 0.05044728 0.1581559 0.02826887 0.1581559 0.02826887 0.2031783 0.01461154 0.25 0.00999999 0.25 0.00999999 0.2968217 0.01461154 0.341844 0.02826887 0.341844 0.02826887 0.3833369 0.05044728 0.4197056 0.08029437 0.4197056 0.08029437 0.4495527 0.1166631 0.341844 0.02826887 0.4495527 0.1166631 0.4717311 0.1581559 0.341844 0.02826887 0.4717311 0.1581559 0.4853885 0.2031783 0.49 0.25 0.49 0.25 0.4853885 0.2968217 0.4717311 0.341844 0.4717311 0.341844 0.4495527 0.3833369 0.341844 0.4717311 0.4495527 0.3833369 0.4197056 0.4197056 0.341844 0.4717311 0.4197056 0.4197056 0.3833369 0.4495527 0.341844 0.4717311 0.341844 0.4717311 0.25 0.49 0.02826887 0.341844 0.25 0.49 0.1581559 0.4717311 0.02826887 0.341844 0.02826887 0.341844 0.00999999 0.25 0.02826887 0.1581559 0.1581559 0.02826887 0.25 0.00999999 0.4717311 0.1581559 0.25 0.00999999 0.341844 0.02826887 0.4717311 0.1581559 0.4717311 0.1581559 0.49 0.25 0.4717311 0.341844 0.02826887 0.341844 0.02826887 0.1581559 0.1581559 0.02826887 0.4717311 0.1581559 0.4717311 0.341844 0.341844 0.4717311 0.341844 0.4717311 0.02826887 0.341844 0.4717311 0.1581559 0.0625 1 0.03125 1 0.03125 0.5 0.03125 1 0 1 0 0.5 0.7031784 0.4853885 0.75 0.49 0.7968217 0.4853885 0.7968217 0.4853885 0.841844 0.4717311 0.7031784 0.4853885 0.841844 0.4717311 0.8833369 0.4495527 0.7031784 0.4853885 0.8833369 0.4495527 0.9197056 0.4197056 0.9495527 0.3833369 0.9495527 0.3833369 0.9717311 0.341844 0.9853885 0.2968217 0.9853885 0.2968217 0.99 0.25 0.9853885 0.2031783 0.9853885 0.2031783 0.9717311 0.1581559 0.9853885 0.2968217 0.9717311 0.1581559 0.9495527 0.1166631 0.9853885 0.2968217 0.9495527 0.1166631 0.9197056 0.08029437 0.8833369 0.05044728 0.8833369 0.05044728 0.841844 0.02826887 0.9495527 0.1166631 0.841844 0.02826887 0.7968217 0.01461154 0.9495527 0.1166631 0.7968217 0.01461154 0.75 0.00999999 0.7031784 0.01461154 0.7031784 0.01461154 0.658156 0.02826887 0.7968217 0.01461154 0.658156 0.02826887 0.6166632 0.05044728 0.7968217 0.01461154 0.6166632 0.05044728 0.5802944 0.08029437 0.5504473 0.1166631 0.5504473 0.1166631 0.5282689 0.1581559 0.5146116 0.2031783 0.5146116 0.2031783 0.51 0.25 0.5146116 0.2968217 0.5146116 0.2968217 0.5282689 0.341844 0.5146116 0.2031783 0.5282689 0.341844 0.5504473 0.3833369 0.5146116 0.2031783 0.5504473 0.3833369 0.5802944 0.4197056 0.6166632 0.4495527 0.6166632 0.4495527 0.658156 0.4717311 0.5504473 0.3833369 0.658156 0.4717311 0.7031784 0.4853885 0.5504473 0.3833369 0.8833369 0.4495527 0.9495527 0.3833369 0.7031784 0.4853885 0.9495527 0.3833369 0.9853885 0.2968217 0.7031784 0.4853885 0.6166632 0.05044728 0.5504473 0.1166631 0.7968217 0.01461154 0.5504473 0.1166631 0.5146116 0.2031783 0.7968217 0.01461154 0.9853885 0.2968217 0.9495527 0.1166631 0.7968217 0.01461154 0.5146116 0.2031783 0.5504473 0.3833369 0.7031784 0.4853885 0.7031784 0.4853885 0.9853885 0.2968217 0.7968217 0.01461154 1 0.5 1 1 0.96875 1 0.96875 1 0.9375 1 0.9375 0.5 0.9375 1 0.90625 1 0.90625 0.5 0.90625 0.5 0.90625 1 0.875 1 0.875 1 0.84375 1 0.84375 0.5 0.84375 1 0.8125 1 0.8125 0.5 0.8125 1 0.78125 1 0.78125 0.5 0.78125 0.5 0.78125 1 0.75 1 0.75 1 0.71875 1 0.71875 0.5 0.71875 0.5 0.71875 1 0.6875 1 0.6875 1 0.65625 1 0.65625 0.5 0.65625 1 0.625 1 0.625 0.5 0.625 1 0.59375 1 0.59375 0.5 0.59375 1 0.5625 1 0.5625 0.5 0.5625 1 0.53125 1 0.53125 0.5 0.53125 0.5 0.53125 1 0.5 1 0.5 1 0.46875 1 0.46875 0.5 0.46875 1 0.4375 1 0.4375 0.5 0.4375 1 0.40625 1 0.40625 0.5 0.40625 0.5 0.40625 1 0.375 1 0.375 1 0.34375 1 0.34375 0.5 0.34375 1 0.3125 1 0.3125 0.5 0.3125 1 0.28125 1 0.28125 0.5 0.28125 0.5 0.28125 1 0.25 1 0.25 1 0.21875 1 0.21875 0.5 0.21875 1 0.1875 1 0.1875 0.5 0.1875 0.5 0.1875 1 0.15625 1 0.15625 1 0.125 1 0.125 0.5 0.125 1 0.09375 1 0.09375 0.5 0.09375 1 0.0625 1 0.0625 0.5 0.341844 0.4717311 0.2968217 0.4853885 0.1581559 0.4717311 0.2968217 0.4853885 0.25 0.49 0.2031783 0.4853885 0.1581559 0.4717311 0.2968217 0.4853885 0.2031783 0.4853885 0.1581559 0.4717311 0.1166631 0.4495527 0.341844 0.4717311 0.1166631 0.4495527 0.08029437 0.4197056 0.3833369 0.4495527 0.341844 0.4717311 0.1166631 0.4495527 0.3833369 0.4495527 0.08029437 0.4197056 0.05044728 0.3833369 0.4197056 0.4197056 0.05044728 0.3833369 0.02826887 0.341844 0.4495527 0.3833369 0.4197056 0.4197056 0.05044728 0.3833369 0.4495527 0.3833369 0.02826887 0.341844 0.01461154 0.2968217 0.4853885 0.2968217 0.01461154 0.2968217 0.00999999 0.25 0.49 0.25 0.00999999 0.25 0.01461154 0.2031783 0.4853885 0.2031783 0.01461154 0.2031783 0.02826887 0.1581559 0.4717311 0.1581559 0.02826887 0.1581559 0.05044728 0.1166631 0.4717311 0.1581559 0.05044728 0.1166631 0.08029437 0.08029437 0.4495527 0.1166631 0.4717311 0.1581559 0.05044728 0.1166631 0.4495527 0.1166631 0.08029437 0.08029437 0.1166631 0.05044728 0.4197056 0.08029437 0.1166631 0.05044728 0.1581559 0.02826887 0.3833369 0.05044728 0.4197056 0.08029437 0.1166631 0.05044728 0.3833369 0.05044728 0.1581559 0.02826887 0.2031783 0.01461154 0.341844 0.02826887 0.2031783 0.01461154 0.25 0.00999999 0.2968217 0.01461154 0.341844 0.02826887 0.2031783 0.01461154 0.2968217 0.01461154 0.341844 0.02826887 0.3833369 0.05044728 0.1581559 0.02826887 0.4197056 0.08029437 0.4495527 0.1166631 0.08029437 0.08029437 0.4717311 0.1581559 0.4853885 0.2031783 0.01461154 0.2031783 0.4853885 0.2031783 0.49 0.25 0.00999999 0.25 0.49 0.25 0.4853885 0.2968217 0.01461154 0.2968217 0.4853885 0.2968217 0.4717311 0.341844 0.02826887 0.341844 0.4717311 0.341844 0.4495527 0.3833369 0.02826887 0.341844 0.0625 0.5 0.0625 1 0.03125 1 0.03125 1 0 1 0 0.5 0.7031784 0.4853885 0.75 0.49 0.7968217 0.4853885 0.7968217 0.4853885 0.841844 0.4717311 0.7031784 0.4853885 0.841844 0.4717311 0.8833369 0.4495527 0.658156 0.4717311 0.7031784 0.4853885 0.841844 0.4717311 0.658156 0.4717311 0.8833369 0.4495527 0.9197056 0.4197056 0.5802944 0.4197056 0.9197056 0.4197056 0.9495527 0.3833369 0.5504473 0.3833369 0.9495527 0.3833369 0.9717311 0.341844 0.5504473 0.3833369 0.9717311 0.341844 0.9853885 0.2968217 0.5282689 0.341844 0.5504473 0.3833369 0.9717311 0.341844 0.5282689 0.341844 0.9853885 0.2968217 0.99 0.25 0.51 0.25 0.99 0.25 0.9853885 0.2031783 0.5146116 0.2031783 0.9853885 0.2031783 0.9717311 0.1581559 0.5146116 0.2031783 0.9717311 0.1581559 0.9495527 0.1166631 0.5282689 0.1581559 0.5146116 0.2031783 0.9717311 0.1581559 0.5282689 0.1581559 0.9495527 0.1166631 0.9197056 0.08029437 0.5802944 0.08029437 0.9197056 0.08029437 0.8833369 0.05044728 0.6166632 0.05044728 0.8833369 0.05044728 0.841844 0.02826887 0.6166632 0.05044728 0.841844 0.02826887 0.7968217 0.01461154 0.658156 0.02826887 0.6166632 0.05044728 0.841844 0.02826887 0.658156 0.02826887 0.7968217 0.01461154 0.75 0.00999999 0.7031784 0.01461154 0.7031784 0.01461154 0.658156 0.02826887 0.7968217 0.01461154 0.6166632 0.05044728 0.5802944 0.08029437 0.9197056 0.08029437 0.5802944 0.08029437 0.5504473 0.1166631 0.9495527 0.1166631 0.5504473 0.1166631 0.5282689 0.1581559 0.9495527 0.1166631 0.5146116 0.2031783 0.51 0.25 0.99 0.25 0.51 0.25 0.5146116 0.2968217 0.9853885 0.2968217 0.5146116 0.2968217 0.5282689 0.341844 0.9853885 0.2968217 0.5504473 0.3833369 0.5802944 0.4197056 0.9197056 0.4197056 0.5802944 0.4197056 0.6166632 0.4495527 0.8833369 0.4495527 0.875 0.5 0.875 0.75 0.625 0.75 0.375 0.75 0.625 0.75 0.625 1 0.625 0 0.625 0.25 0.375 0.25 0.375 0.5 0.375 0.75 0.125 0.75 0.625 0.5 0.625 0.75 0.375 0.75 0.625 0.25 0.625 0.5 0.375 0.5 1 0.5 1 1 0.96875 1 0.96875 1 0.9375 1 0.9375 0.5 0.9375 1 0.90625 1 0.90625 0.5 0.90625 1 0.875 1 0.875 0.5 0.875 0.5 0.875 1 0.84375 1 0.84375 1 0.8125 1 0.8125 0.5 0.8125 1 0.78125 1 0.78125 0.5 0.78125 1 0.75 1 0.75 0.5 0.75 0.5 0.75 1 0.71875 1 0.71875 1 0.6875 1 0.6875 0.5 0.6875 1 0.65625 1 0.65625 0.5 0.65625 1 0.625 1 0.625 0.5 0.625 0.5 0.625 1 0.59375 1 0.59375 1 0.5625 1 0.5625 0.5 0.5625 1 0.53125 1 0.53125 0.5 0.53125 1 0.5 1 0.5 0.5 0.5 1 0.46875 1 0.46875 0.5 0.46875 1 0.4375 1 0.4375 0.5 0.4375 1 0.40625 1 0.40625 0.5 0.40625 1 0.375 1 0.375 0.5 0.375 1 0.34375 1 0.34375 0.5 0.34375 1 0.3125 1 0.3125 0.5 0.3125 1 0.28125 1 0.28125 0.5 0.28125 1 0.25 1 0.25 0.5 0.25 0.5 0.25 1 0.21875 1 0.21875 0.5 0.21875 1 0.1875 1 0.1875 1 0.15625 1 0.15625 0.5 0.15625 1 0.125 1 0.125 0.5 0.125 1 0.09375 1 0.09375 0.5 0.09375 1 0.0625 1 0.0625 0.5 0.341844 0.4717311 0.2968217 0.4853885 0.1581559 0.4717311 0.2968217 0.4853885 0.25 0.49 0.2031783 0.4853885 0.1581559 0.4717311 0.2968217 0.4853885 0.2031783 0.4853885 0.1581559 0.4717311 0.1166631 0.4495527 0.341844 0.4717311 0.1166631 0.4495527 0.08029437 0.4197056 0.3833369 0.4495527 0.341844 0.4717311 0.1166631 0.4495527 0.3833369 0.4495527 0.08029437 0.4197056 0.05044728 0.3833369 0.4197056 0.4197056 0.05044728 0.3833369 0.02826887 0.341844 0.4495527 0.3833369 0.4197056 0.4197056 0.05044728 0.3833369 0.4495527 0.3833369 0.02826887 0.341844 0.01461154 0.2968217 0.4853885 0.2968217 0.01461154 0.2968217 0.00999999 0.25 0.49 0.25 0.00999999 0.25 0.01461154 0.2031783 0.4853885 0.2031783 0.01461154 0.2031783 0.02826887 0.1581559 0.4717311 0.1581559 0.02826887 0.1581559 0.05044728 0.1166631 0.4717311 0.1581559 0.05044728 0.1166631 0.08029437 0.08029437 0.4495527 0.1166631 0.4717311 0.1581559 0.05044728 0.1166631 0.4495527 0.1166631 0.08029437 0.08029437 0.1166631 0.05044728 0.4197056 0.08029437 0.1166631 0.05044728 0.1581559 0.02826887 0.3833369 0.05044728 0.4197056 0.08029437 0.1166631 0.05044728 0.3833369 0.05044728 0.1581559 0.02826887 0.2031783 0.01461154 0.2968217 0.01461154 0.2031783 0.01461154 0.25 0.00999999 0.2968217 0.01461154 0.2968217 0.01461154 0.341844 0.02826887 0.1581559 0.02826887 0.341844 0.02826887 0.3833369 0.05044728 0.1581559 0.02826887 0.4197056 0.08029437 0.4495527 0.1166631 0.08029437 0.08029437 0.4717311 0.1581559 0.4853885 0.2031783 0.01461154 0.2031783 0.4853885 0.2031783 0.49 0.25 0.00999999 0.25 0.49 0.25 0.4853885 0.2968217 0.01461154 0.2968217 0.4853885 0.2968217 0.4717311 0.341844 0.02826887 0.341844 0.4717311 0.341844 0.4495527 0.3833369 0.02826887 0.341844 0.0625 0.5 0.0625 1 0.03125 1 0.03125 1 0 1 0 0.5 0.7031784 0.4853885 0.75 0.49 0.7968217 0.4853885 0.7968217 0.4853885 0.841844 0.4717311 0.7031784 0.4853885 0.841844 0.4717311 0.8833369 0.4495527 0.658156 0.4717311 0.7031784 0.4853885 0.841844 0.4717311 0.658156 0.4717311 0.8833369 0.4495527 0.9197056 0.4197056 0.5802944 0.4197056 0.9197056 0.4197056 0.9495527 0.3833369 0.5504473 0.3833369 0.9495527 0.3833369 0.9717311 0.341844 0.5504473 0.3833369 0.9717311 0.341844 0.9853885 0.2968217 0.5282689 0.341844 0.5504473 0.3833369 0.9717311 0.341844 0.5282689 0.341844 0.9853885 0.2968217 0.99 0.25 0.51 0.25 0.99 0.25 0.9853885 0.2031783 0.5146116 0.2031783 0.9853885 0.2031783 0.9717311 0.1581559 0.5146116 0.2031783 0.9717311 0.1581559 0.9495527 0.1166631 0.5282689 0.1581559 0.5146116 0.2031783 0.9717311 0.1581559 0.5282689 0.1581559 0.9495527 0.1166631 0.9197056 0.08029437 0.5802944 0.08029437 0.9197056 0.08029437 0.8833369 0.05044728 0.6166632 0.05044728 0.8833369 0.05044728 0.841844 0.02826887 0.6166632 0.05044728 0.841844 0.02826887 0.7968217 0.01461154 0.658156 0.02826887 0.6166632 0.05044728 0.841844 0.02826887 0.658156 0.02826887 0.7968217 0.01461154 0.75 0.00999999 0.7031784 0.01461154 0.7031784 0.01461154 0.658156 0.02826887 0.7968217 0.01461154 0.6166632 0.05044728 0.5802944 0.08029437 0.9197056 0.08029437 0.5802944 0.08029437 0.5504473 0.1166631 0.9495527 0.1166631 0.5504473 0.1166631 0.5282689 0.1581559 0.9495527 0.1166631 0.5146116 0.2031783 0.51 0.25 0.99 0.25 0.51 0.25 0.5146116 0.2968217 0.9853885 0.2968217 0.5146116 0.2968217 0.5282689 0.341844 0.9853885 0.2968217 0.5504473 0.3833369 0.5802944 0.4197056 0.9197056 0.4197056 0.5802944 0.4197056 0.6166632 0.4495527 0.8833369 0.4495527 1 1 0.96875 1 0.96875 0.5 0.96875 0.5 0.96875 1 0.9375 1 0.9375 1 0.90625 1 0.90625 0.5 0.90625 0.5 0.90625 1 0.875 1 0.875 1 0.84375 1 0.84375 0.5 0.84375 0.5 0.84375 1 0.8125 1 0.8125 1 0.78125 1 0.78125 0.5 0.78125 0.5 0.78125 1 0.75 1 0.75 1 0.71875 1 0.71875 0.5 0.71875 1 0.6875 1 0.6875 0.5 0.6875 1 0.65625 1 0.65625 0.5 0.65625 1 0.625 1 0.625 0.5 0.625 0.5 0.625 1 0.59375 1 0.59375 1 0.5625 1 0.5625 0.5 0.5625 1 0.53125 1 0.53125 0.5 0.53125 1 0.5 1 0.5 0.5 0.5 1 0.46875 1 0.46875 0.5 0.46875 1 0.4375 1 0.4375 0.5 0.4375 0.5 0.4375 1 0.40625 1 0.40625 1 0.375 1 0.375 0.5 0.375 0.5 0.375 1 0.34375 1 0.34375 0.5 0.34375 1 0.3125 1 0.3125 1 0.28125 1 0.28125 0.5 0.28125 1 0.25 1 0.25 0.5 0.25 1 0.21875 1 0.21875 0.5 0.21875 0.5 0.21875 1 0.1875 1 0.1875 1 0.15625 1 0.15625 0.5 0.15625 0.5 0.15625 1 0.125 1 0.125 1 0.09375 1 0.09375 0.5 0.09375 0.5 0.09375 1 0.0625 1 0.341844 0.4717311 0.2968217 0.4853885 0.2031783 0.4853885 0.2968217 0.4853885 0.25 0.49 0.2031783 0.4853885 0.2031783 0.4853885 0.1581559 0.4717311 0.341844 0.4717311 0.1581559 0.4717311 0.1166631 0.4495527 0.341844 0.4717311 0.1166631 0.4495527 0.08029437 0.4197056 0.3833369 0.4495527 0.341844 0.4717311 0.1166631 0.4495527 0.3833369 0.4495527 0.08029437 0.4197056 0.05044728 0.3833369 0.4197056 0.4197056 0.05044728 0.3833369 0.02826887 0.341844 0.4495527 0.3833369 0.4197056 0.4197056 0.05044728 0.3833369 0.4495527 0.3833369 0.02826887 0.341844 0.01461154 0.2968217 0.4853885 0.2968217 0.01461154 0.2968217 0.00999999 0.25 0.49 0.25 0.00999999 0.25 0.01461154 0.2031783 0.4853885 0.2031783 0.01461154 0.2031783 0.02826887 0.1581559 0.4717311 0.1581559 0.02826887 0.1581559 0.05044728 0.1166631 0.4717311 0.1581559 0.05044728 0.1166631 0.08029437 0.08029437 0.4495527 0.1166631 0.4717311 0.1581559 0.05044728 0.1166631 0.4495527 0.1166631 0.08029437 0.08029437 0.1166631 0.05044728 0.4197056 0.08029437 0.1166631 0.05044728 0.1581559 0.02826887 0.3833369 0.05044728 0.4197056 0.08029437 0.1166631 0.05044728 0.3833369 0.05044728 0.1581559 0.02826887 0.2031783 0.01461154 0.2968217 0.01461154 0.2031783 0.01461154 0.25 0.00999999 0.2968217 0.01461154 0.2968217 0.01461154 0.341844 0.02826887 0.1581559 0.02826887 0.341844 0.02826887 0.3833369 0.05044728 0.1581559 0.02826887 0.4197056 0.08029437 0.4495527 0.1166631 0.08029437 0.08029437 0.4717311 0.1581559 0.4853885 0.2031783 0.01461154 0.2031783 0.4853885 0.2031783 0.49 0.25 0.00999999 0.25 0.49 0.25 0.4853885 0.2968217 0.01461154 0.2968217 0.4853885 0.2968217 0.4717311 0.341844 0.02826887 0.341844 0.4717311 0.341844 0.4495527 0.3833369 0.02826887 0.341844 0.0625 1 0.03125 1 0.03125 0.5 0.03125 0.5 0.03125 1 0 1 0.7031784 0.4853885 0.75 0.49 0.7968217 0.4853885 0.7968217 0.4853885 0.841844 0.4717311 0.7031784 0.4853885 0.841844 0.4717311 0.8833369 0.4495527 0.658156 0.4717311 0.7031784 0.4853885 0.841844 0.4717311 0.658156 0.4717311 0.8833369 0.4495527 0.9197056 0.4197056 0.5802944 0.4197056 0.9197056 0.4197056 0.9495527 0.3833369 0.5504473 0.3833369 0.9495527 0.3833369 0.9717311 0.341844 0.5504473 0.3833369 0.9717311 0.341844 0.9853885 0.2968217 0.5282689 0.341844 0.5504473 0.3833369 0.9717311 0.341844 0.5282689 0.341844 0.9853885 0.2968217 0.99 0.25 0.51 0.25 0.99 0.25 0.9853885 0.2031783 0.5146116 0.2031783 0.9853885 0.2031783 0.9717311 0.1581559 0.5146116 0.2031783 0.9717311 0.1581559 0.9495527 0.1166631 0.5282689 0.1581559 0.5146116 0.2031783 0.9717311 0.1581559 0.5282689 0.1581559 0.9495527 0.1166631 0.9197056 0.08029437 0.5802944 0.08029437 0.9197056 0.08029437 0.8833369 0.05044728 0.6166632 0.05044728 0.8833369 0.05044728 0.841844 0.02826887 0.6166632 0.05044728 0.841844 0.02826887 0.7968217 0.01461154 0.658156 0.02826887 0.6166632 0.05044728 0.841844 0.02826887 0.658156 0.02826887 0.7968217 0.01461154 0.75 0.00999999 0.7031784 0.01461154 0.7031784 0.01461154 0.658156 0.02826887 0.7968217 0.01461154 0.6166632 0.05044728 0.5802944 0.08029437 0.9197056 0.08029437 0.5802944 0.08029437 0.5504473 0.1166631 0.9495527 0.1166631 0.5504473 0.1166631 0.5282689 0.1581559 0.9495527 0.1166631 0.5146116 0.2031783 0.51 0.25 0.99 0.25 0.51 0.25 0.5146116 0.2968217 0.9853885 0.2968217 0.5146116 0.2968217 0.5282689 0.341844 0.9853885 0.2968217 0.5504473 0.3833369 0.5802944 0.4197056 0.9197056 0.4197056 0.5802944 0.4197056 0.6166632 0.4495527 0.8833369 0.4495527 1 1 0.96875 1 0.96875 0.5 0.96875 0.5 0.96875 1 0.9375 1 0.9375 1 0.90625 1 0.90625 0.5 0.90625 0.5 0.90625 1 0.875 1 0.875 1 0.84375 1 0.84375 0.5 0.84375 0.5 0.84375 1 0.8125 1 0.8125 1 0.78125 1 0.78125 0.5 0.78125 0.5 0.78125 1 0.75 1 0.75 1 0.71875 1 0.71875 0.5 0.71875 1 0.6875 1 0.6875 0.5 0.6875 1 0.65625 1 0.65625 0.5 0.65625 1 0.625 1 0.625 0.5 0.625 0.5 0.625 1 0.59375 1 0.59375 1 0.5625 1 0.5625 0.5 0.5625 1 0.53125 1 0.53125 0.5 0.53125 1 0.5 1 0.5 0.5 0.5 1 0.46875 1 0.46875 0.5 0.46875 0.5 0.46875 1 0.4375 1 0.4375 1 0.40625 1 0.40625 0.5 0.40625 1 0.375 1 0.375 0.5 0.375 1 0.34375 1 0.34375 0.5 0.34375 0.5 0.34375 1 0.3125 1 0.3125 1 0.28125 1 0.28125 0.5 0.28125 1 0.25 1 0.25 0.5 0.25 1 0.21875 1 0.21875 0.5 0.21875 0.5 0.21875 1 0.1875 1 0.1875 1 0.15625 1 0.15625 0.5 0.15625 0.5 0.15625 1 0.125 1 0.125 1 0.09375 1 0.09375 0.5 0.09375 0.5 0.09375 1 0.0625 1 0.341844 0.4717311 0.2968217 0.4853885 0.2031783 0.4853885 0.2968217 0.4853885 0.25 0.49 0.2031783 0.4853885 0.2031783 0.4853885 0.1581559 0.4717311 0.341844 0.4717311 0.1581559 0.4717311 0.1166631 0.4495527 0.341844 0.4717311 0.1166631 0.4495527 0.08029437 0.4197056 0.3833369 0.4495527 0.341844 0.4717311 0.1166631 0.4495527 0.3833369 0.4495527 0.08029437 0.4197056 0.05044728 0.3833369 0.4197056 0.4197056 0.05044728 0.3833369 0.02826887 0.341844 0.4495527 0.3833369 0.4197056 0.4197056 0.05044728 0.3833369 0.4495527 0.3833369 0.02826887 0.341844 0.01461154 0.2968217 0.4853885 0.2968217 0.01461154 0.2968217 0.00999999 0.25 0.49 0.25 0.00999999 0.25 0.01461154 0.2031783 0.4853885 0.2031783 0.01461154 0.2031783 0.02826887 0.1581559 0.4717311 0.1581559 0.02826887 0.1581559 0.05044728 0.1166631 0.4717311 0.1581559 0.05044728 0.1166631 0.08029437 0.08029437 0.4495527 0.1166631 0.4717311 0.1581559 0.05044728 0.1166631 0.4495527 0.1166631 0.08029437 0.08029437 0.1166631 0.05044728 0.4197056 0.08029437 0.1166631 0.05044728 0.1581559 0.02826887 0.3833369 0.05044728 0.4197056 0.08029437 0.1166631 0.05044728 0.3833369 0.05044728 0.1581559 0.02826887 0.2031783 0.01461154 0.341844 0.02826887 0.2031783 0.01461154 0.25 0.00999999 0.2968217 0.01461154 0.341844 0.02826887 0.2031783 0.01461154 0.2968217 0.01461154 0.341844 0.02826887 0.3833369 0.05044728 0.1581559 0.02826887 0.4197056 0.08029437 0.4495527 0.1166631 0.08029437 0.08029437 0.4717311 0.1581559 0.4853885 0.2031783 0.01461154 0.2031783 0.4853885 0.2031783 0.49 0.25 0.00999999 0.25 0.49 0.25 0.4853885 0.2968217 0.01461154 0.2968217 0.4853885 0.2968217 0.4717311 0.341844 0.02826887 0.341844 0.4717311 0.341844 0.4495527 0.3833369 0.02826887 0.341844 0.0625 1 0.03125 1 0.03125 0.5 0.03125 0.5 0.03125 1 0 1 0.7031784 0.4853885 0.75 0.49 0.7968217 0.4853885 0.7968217 0.4853885 0.841844 0.4717311 0.7031784 0.4853885 0.841844 0.4717311 0.8833369 0.4495527 0.658156 0.4717311 0.7031784 0.4853885 0.841844 0.4717311 0.658156 0.4717311 0.8833369 0.4495527 0.9197056 0.4197056 0.5802944 0.4197056 0.9197056 0.4197056 0.9495527 0.3833369 0.5504473 0.3833369 0.9495527 0.3833369 0.9717311 0.341844 0.5504473 0.3833369 0.9717311 0.341844 0.9853885 0.2968217 0.5282689 0.341844 0.5504473 0.3833369 0.9717311 0.341844 0.5282689 0.341844 0.9853885 0.2968217 0.99 0.25 0.51 0.25 0.99 0.25 0.9853885 0.2031783 0.5146116 0.2031783 0.9853885 0.2031783 0.9717311 0.1581559 0.5146116 0.2031783 0.9717311 0.1581559 0.9495527 0.1166631 0.5282689 0.1581559 0.5146116 0.2031783 0.9717311 0.1581559 0.5282689 0.1581559 0.9495527 0.1166631 0.9197056 0.08029437 0.5802944 0.08029437 0.9197056 0.08029437 0.8833369 0.05044728 0.6166632 0.05044728 0.8833369 0.05044728 0.841844 0.02826887 0.6166632 0.05044728 0.841844 0.02826887 0.7968217 0.01461154 0.658156 0.02826887 0.6166632 0.05044728 0.841844 0.02826887 0.658156 0.02826887 0.7968217 0.01461154 0.75 0.00999999 0.7031784 0.01461154 0.7031784 0.01461154 0.658156 0.02826887 0.7968217 0.01461154 0.6166632 0.05044728 0.5802944 0.08029437 0.9197056 0.08029437 0.5802944 0.08029437 0.5504473 0.1166631 0.9495527 0.1166631 0.5504473 0.1166631 0.5282689 0.1581559 0.9495527 0.1166631 0.5146116 0.2031783 0.51 0.25 0.99 0.25 0.51 0.25 0.5146116 0.2968217 0.9853885 0.2968217 0.5146116 0.2968217 0.5282689 0.341844 0.9853885 0.2968217 0.5504473 0.3833369 0.5802944 0.4197056 0.9197056 0.4197056 0.5802944 0.4197056 0.6166632 0.4495527 0.8833369 0.4495527 1 1 0.96875 1 0.96875 0.5 0.96875 1 0.9375 1 0.9375 0.5 0.9375 1 0.90625 1 0.90625 0.5 0.90625 1 0.875 1 0.875 0.5 0.875 1 0.84375 1 0.84375 0.5 0.84375 1 0.8125 1 0.8125 0.5 0.8125 1 0.78125 1 0.78125 0.5 0.78125 1 0.75 1 0.75 0.5 0.75 1 0.71875 1 0.71875 0.5 0.71875 1 0.6875 1 0.6875 0.5 0.6875 1 0.65625 1 0.65625 0.5 0.65625 1 0.625 1 0.625 0.5 0.625 1 0.59375 1 0.59375 0.5 0.59375 1 0.5625 1 0.5625 0.5 0.5625 1 0.53125 1 0.53125 0.5 0.53125 1 0.5 1 0.5 0.5 0.5 1 0.46875 1 0.46875 0.5 0.46875 1 0.4375 1 0.4375 0.5 0.4375 1 0.40625 1 0.40625 0.5 0.40625 1 0.375 1 0.375 0.5 0.375 1 0.34375 1 0.34375 0.5 0.34375 1 0.3125 1 0.3125 0.5 0.3125 1 0.28125 1 0.28125 0.5 0.28125 1 0.25 1 0.25 0.5 0.25 1 0.21875 1 0.21875 0.5 0.21875 1 0.1875 1 0.1875 0.5 0.1875 1 0.15625 1 0.15625 0.5 0.15625 1 0.125 1 0.125 0.5 0.125 1 0.09375 1 0.09375 0.5 0.09375 1 0.0625 1 0.0625 0.5 0.341844 0.4717311 0.2968217 0.4853885 0.25 0.49 0.25 0.49 0.2031783 0.4853885 0.1581559 0.4717311 0.1581559 0.4717311 0.1166631 0.4495527 0.02826887 0.341844 0.1166631 0.4495527 0.08029437 0.4197056 0.02826887 0.341844 0.08029437 0.4197056 0.05044728 0.3833369 0.02826887 0.341844 0.02826887 0.341844 0.01461154 0.2968217 0.00999999 0.25 0.00999999 0.25 0.01461154 0.2031783 0.02826887 0.1581559 0.02826887 0.1581559 0.05044728 0.1166631 0.08029437 0.08029437 0.08029437 0.08029437 0.1166631 0.05044728 0.02826887 0.1581559 0.1166631 0.05044728 0.1581559 0.02826887 0.02826887 0.1581559 0.1581559 0.02826887 0.2031783 0.01461154 0.25 0.00999999 0.25 0.00999999 0.2968217 0.01461154 0.341844 0.02826887 0.341844 0.02826887 0.3833369 0.05044728 0.4717311 0.1581559 0.3833369 0.05044728 0.4197056 0.08029437 0.4717311 0.1581559 0.4197056 0.08029437 0.4495527 0.1166631 0.4717311 0.1581559 0.4717311 0.1581559 0.4853885 0.2031783 0.49 0.25 0.49 0.25 0.4853885 0.2968217 0.4717311 0.1581559 0.4853885 0.2968217 0.4717311 0.341844 0.4717311 0.1581559 0.4717311 0.341844 0.4495527 0.3833369 0.4197056 0.4197056 0.4197056 0.4197056 0.3833369 0.4495527 0.4717311 0.341844 0.3833369 0.4495527 0.341844 0.4717311 0.4717311 0.341844 0.341844 0.4717311 0.25 0.49 0.02826887 0.341844 0.25 0.49 0.1581559 0.4717311 0.02826887 0.341844 0.02826887 0.341844 0.00999999 0.25 0.02826887 0.1581559 0.1581559 0.02826887 0.25 0.00999999 0.4717311 0.1581559 0.25 0.00999999 0.341844 0.02826887 0.4717311 0.1581559 0.02826887 0.341844 0.02826887 0.1581559 0.1581559 0.02826887 0.4717311 0.1581559 0.4717311 0.341844 0.341844 0.4717311 0.341844 0.4717311 0.02826887 0.341844 0.4717311 0.1581559 0.0625 1 0.03125 1 0.03125 0.5 0.03125 1 0 1 0 0.5 0.7031784 0.4853885 0.75 0.49 0.8833369 0.4495527 0.75 0.49 0.7968217 0.4853885 0.8833369 0.4495527 0.7968217 0.4853885 0.841844 0.4717311 0.8833369 0.4495527 0.8833369 0.4495527 0.9197056 0.4197056 0.9495527 0.3833369 0.9495527 0.3833369 0.9717311 0.341844 0.8833369 0.4495527 0.9717311 0.341844 0.9853885 0.2968217 0.8833369 0.4495527 0.9853885 0.2968217 0.99 0.25 0.9853885 0.2031783 0.9853885 0.2031783 0.9717311 0.1581559 0.9853885 0.2968217 0.9717311 0.1581559 0.9495527 0.1166631 0.9853885 0.2968217 0.9495527 0.1166631 0.9197056 0.08029437 0.8833369 0.05044728 0.8833369 0.05044728 0.841844 0.02826887 0.7968217 0.01461154 0.7968217 0.01461154 0.75 0.00999999 0.6166632 0.05044728 0.75 0.00999999 0.7031784 0.01461154 0.6166632 0.05044728 0.7031784 0.01461154 0.658156 0.02826887 0.6166632 0.05044728 0.6166632 0.05044728 0.5802944 0.08029437 0.5504473 0.1166631 0.5504473 0.1166631 0.5282689 0.1581559 0.6166632 0.05044728 0.5282689 0.1581559 0.5146116 0.2031783 0.6166632 0.05044728 0.5146116 0.2031783 0.51 0.25 0.5146116 0.2968217 0.5146116 0.2968217 0.5282689 0.341844 0.5146116 0.2031783 0.5282689 0.341844 0.5504473 0.3833369 0.5146116 0.2031783 0.5504473 0.3833369 0.5802944 0.4197056 0.6166632 0.4495527 0.6166632 0.4495527 0.658156 0.4717311 0.7031784 0.4853885 0.9495527 0.1166631 0.8833369 0.05044728 0.9853885 0.2968217 0.8833369 0.05044728 0.7968217 0.01461154 0.9853885 0.2968217 0.5504473 0.3833369 0.6166632 0.4495527 0.5146116 0.2031783 0.6166632 0.4495527 0.7031784 0.4853885 0.5146116 0.2031783 0.7031784 0.4853885 0.8833369 0.4495527 0.7968217 0.01461154 0.8833369 0.4495527 0.9853885 0.2968217 0.7968217 0.01461154 0.7968217 0.01461154 0.6166632 0.05044728 0.7031784 0.4853885 1 1 0.96875 1 0.96875 0.5 0.96875 1 0.9375 1 0.9375 0.5 0.9375 1 0.90625 1 0.90625 0.5 0.90625 1 0.875 1 0.875 0.5 0.875 1 0.84375 1 0.84375 0.5 0.84375 1 0.8125 1 0.8125 0.5 0.8125 1 0.78125 1 0.78125 0.5 0.78125 1 0.75 1 0.75 0.5 0.75 1 0.71875 1 0.71875 0.5 0.71875 1 0.6875 1 0.6875 0.5 0.6875 1 0.65625 1 0.65625 0.5 0.65625 1 0.625 1 0.625 0.5 0.625 1 0.59375 1 0.59375 0.5 0.59375 1 0.5625 1 0.5625 0.5 0.5625 1 0.53125 1 0.53125 0.5 0.53125 1 0.5 1 0.5 0.5 0.5 1 0.46875 1 0.46875 0.5 0.46875 1 0.4375 1 0.4375 0.5 0.4375 1 0.40625 1 0.40625 0.5 0.40625 1 0.375 1 0.375 0.5 0.375 1 0.34375 1 0.34375 0.5 0.34375 1 0.3125 1 0.3125 0.5 0.3125 1 0.28125 1 0.28125 0.5 0.28125 1 0.25 1 0.25 0.5 0.25 1 0.21875 1 0.21875 0.5 0.21875 1 0.1875 1 0.1875 0.5 0.1875 1 0.15625 1 0.15625 0.5 0.15625 1 0.125 1 0.125 0.5 0.125 1 0.09375 1 0.09375 0.5 0.09375 1 0.0625 1 0.0625 0.5 0.341844 0.4717311 0.2968217 0.4853885 0.25 0.49 0.25 0.49 0.2031783 0.4853885 0.1581559 0.4717311 0.1581559 0.4717311 0.1166631 0.4495527 0.08029437 0.4197056 0.08029437 0.4197056 0.05044728 0.3833369 0.1581559 0.4717311 0.05044728 0.3833369 0.02826887 0.341844 0.1581559 0.4717311 0.02826887 0.341844 0.01461154 0.2968217 0.00999999 0.25 0.00999999 0.25 0.01461154 0.2031783 0.02826887 0.341844 0.01461154 0.2031783 0.02826887 0.1581559 0.02826887 0.341844 0.02826887 0.1581559 0.05044728 0.1166631 0.1581559 0.02826887 0.05044728 0.1166631 0.08029437 0.08029437 0.1581559 0.02826887 0.08029437 0.08029437 0.1166631 0.05044728 0.1581559 0.02826887 0.1581559 0.02826887 0.2031783 0.01461154 0.25 0.00999999 0.25 0.00999999 0.2968217 0.01461154 0.341844 0.02826887 0.341844 0.02826887 0.3833369 0.05044728 0.4197056 0.08029437 0.4197056 0.08029437 0.4495527 0.1166631 0.341844 0.02826887 0.4495527 0.1166631 0.4717311 0.1581559 0.341844 0.02826887 0.4717311 0.1581559 0.4853885 0.2031783 0.49 0.25 0.49 0.25 0.4853885 0.2968217 0.4717311 0.341844 0.4717311 0.341844 0.4495527 0.3833369 0.341844 0.4717311 0.4495527 0.3833369 0.4197056 0.4197056 0.341844 0.4717311 0.4197056 0.4197056 0.3833369 0.4495527 0.341844 0.4717311 0.341844 0.4717311 0.25 0.49 0.1581559 0.4717311 0.1581559 0.02826887 0.25 0.00999999 0.341844 0.02826887 0.4717311 0.1581559 0.49 0.25 0.4717311 0.341844 0.341844 0.4717311 0.1581559 0.4717311 0.1581559 0.02826887 0.1581559 0.4717311 0.02826887 0.341844 0.1581559 0.02826887 0.02826887 0.341844 0.02826887 0.1581559 0.1581559 0.02826887 0.1581559 0.02826887 0.341844 0.02826887 0.341844 0.4717311 0.341844 0.02826887 0.4717311 0.1581559 0.341844 0.4717311 0.0625 1 0.03125 1 0.03125 0.5 0.03125 1 0 1 0 0.5 0.7031784 0.4853885 0.75 0.49 0.7968217 0.4853885 0.7968217 0.4853885 0.841844 0.4717311 0.7031784 0.4853885 0.841844 0.4717311 0.8833369 0.4495527 0.7031784 0.4853885 0.8833369 0.4495527 0.9197056 0.4197056 0.9495527 0.3833369 0.9495527 0.3833369 0.9717311 0.341844 0.9853885 0.2968217 0.9853885 0.2968217 0.99 0.25 0.9495527 0.1166631 0.99 0.25 0.9853885 0.2031783 0.9495527 0.1166631 0.9853885 0.2031783 0.9717311 0.1581559 0.9495527 0.1166631 0.9495527 0.1166631 0.9197056 0.08029437 0.8833369 0.05044728 0.8833369 0.05044728 0.841844 0.02826887 0.9495527 0.1166631 0.841844 0.02826887 0.7968217 0.01461154 0.9495527 0.1166631 0.7968217 0.01461154 0.75 0.00999999 0.7031784 0.01461154 0.7031784 0.01461154 0.658156 0.02826887 0.7968217 0.01461154 0.658156 0.02826887 0.6166632 0.05044728 0.7968217 0.01461154 0.6166632 0.05044728 0.5802944 0.08029437 0.5504473 0.1166631 0.5504473 0.1166631 0.5282689 0.1581559 0.5146116 0.2031783 0.5146116 0.2031783 0.51 0.25 0.5146116 0.2968217 0.5146116 0.2968217 0.5282689 0.341844 0.5146116 0.2031783 0.5282689 0.341844 0.5504473 0.3833369 0.5146116 0.2031783 0.5504473 0.3833369 0.5802944 0.4197056 0.6166632 0.4495527 0.6166632 0.4495527 0.658156 0.4717311 0.5504473 0.3833369 0.658156 0.4717311 0.7031784 0.4853885 0.5504473 0.3833369 0.8833369 0.4495527 0.9495527 0.3833369 0.7031784 0.4853885 0.9495527 0.3833369 0.9853885 0.2968217 0.7031784 0.4853885 0.6166632 0.05044728 0.5504473 0.1166631 0.7968217 0.01461154 0.5504473 0.1166631 0.5146116 0.2031783 0.7968217 0.01461154 0.9853885 0.2968217 0.9495527 0.1166631 0.7031784 0.4853885 0.9495527 0.1166631 0.7968217 0.01461154 0.7031784 0.4853885 0.5146116 0.2031783 0.5504473 0.3833369 0.7968217 0.01461154 1 1 0.96875 1 0.96875 0.5 0.96875 1 0.9375 1 0.9375 0.5 0.9375 1 0.90625 1 0.90625 0.5 0.90625 1 0.875 1 0.875 0.5 0.875 1 0.84375 1 0.84375 0.5 0.84375 1 0.8125 1 0.8125 0.5 0.8125 1 0.78125 1 0.78125 0.5 0.78125 1 0.75 1 0.75 0.5 0.75 1 0.71875 1 0.71875 0.5 0.71875 1 0.6875 1 0.6875 0.5 0.6875 1 0.65625 1 0.65625 0.5 0.65625 1 0.625 1 0.625 0.5 0.625 1 0.59375 1 0.59375 0.5 0.59375 1 0.5625 1 0.5625 0.5 0.5625 1 0.53125 1 0.53125 0.5 0.53125 1 0.5 1 0.5 0.5 0.5 1 0.46875 1 0.46875 0.5 0.46875 1 0.4375 1 0.4375 0.5 0.4375 1 0.40625 1 0.40625 0.5 0.40625 1 0.375 1 0.375 0.5 0.375 1 0.34375 1 0.34375 0.5 0.34375 1 0.3125 1 0.3125 0.5 0.3125 1 0.28125 1 0.28125 0.5 0.28125 1 0.25 1 0.25 0.5 0.25 1 0.21875 1 0.21875 0.5 0.21875 1 0.1875 1 0.1875 0.5 0.1875 1 0.15625 1 0.15625 0.5 0.15625 1 0.125 1 0.125 0.5 0.125 1 0.09375 1 0.09375 0.5 0.09375 1 0.0625 1 0.0625 0.5 0.341844 0.4717311 0.2968217 0.4853885 0.25 0.49 0.25 0.49 0.2031783 0.4853885 0.1581559 0.4717311 0.1581559 0.4717311 0.1166631 0.4495527 0.08029437 0.4197056 0.08029437 0.4197056 0.05044728 0.3833369 0.1581559 0.4717311 0.05044728 0.3833369 0.02826887 0.341844 0.1581559 0.4717311 0.02826887 0.341844 0.01461154 0.2968217 0.00999999 0.25 0.00999999 0.25 0.01461154 0.2031783 0.02826887 0.1581559 0.02826887 0.1581559 0.05044728 0.1166631 0.1581559 0.02826887 0.05044728 0.1166631 0.08029437 0.08029437 0.1581559 0.02826887 0.08029437 0.08029437 0.1166631 0.05044728 0.1581559 0.02826887 0.1581559 0.02826887 0.2031783 0.01461154 0.25 0.00999999 0.25 0.00999999 0.2968217 0.01461154 0.341844 0.02826887 0.341844 0.02826887 0.3833369 0.05044728 0.4197056 0.08029437 0.4197056 0.08029437 0.4495527 0.1166631 0.341844 0.02826887 0.4495527 0.1166631 0.4717311 0.1581559 0.341844 0.02826887 0.4717311 0.1581559 0.4853885 0.2031783 0.4717311 0.341844 0.4853885 0.2031783 0.49 0.25 0.4717311 0.341844 0.49 0.25 0.4853885 0.2968217 0.4717311 0.341844 0.4717311 0.341844 0.4495527 0.3833369 0.341844 0.4717311 0.4495527 0.3833369 0.4197056 0.4197056 0.341844 0.4717311 0.4197056 0.4197056 0.3833369 0.4495527 0.341844 0.4717311 0.341844 0.4717311 0.25 0.49 0.1581559 0.4717311 0.02826887 0.341844 0.00999999 0.25 0.02826887 0.1581559 0.1581559 0.02826887 0.25 0.00999999 0.341844 0.02826887 0.341844 0.4717311 0.1581559 0.4717311 0.1581559 0.02826887 0.1581559 0.4717311 0.02826887 0.341844 0.1581559 0.02826887 0.02826887 0.341844 0.02826887 0.1581559 0.1581559 0.02826887 0.1581559 0.02826887 0.341844 0.02826887 0.341844 0.4717311 0.341844 0.02826887 0.4717311 0.1581559 0.341844 0.4717311 0.0625 1 0.03125 1 0.03125 0.5 0.03125 1 0 1 0 0.5 0.7031784 0.4853885 0.75 0.49 0.7968217 0.4853885 0.7968217 0.4853885 0.841844 0.4717311 0.7031784 0.4853885 0.841844 0.4717311 0.8833369 0.4495527 0.7031784 0.4853885 0.8833369 0.4495527 0.9197056 0.4197056 0.9495527 0.3833369 0.9495527 0.3833369 0.9717311 0.341844 0.9853885 0.2968217 0.9853885 0.2968217 0.99 0.25 0.9853885 0.2031783 0.9853885 0.2031783 0.9717311 0.1581559 0.9853885 0.2968217 0.9717311 0.1581559 0.9495527 0.1166631 0.9853885 0.2968217 0.9495527 0.1166631 0.9197056 0.08029437 0.8833369 0.05044728 0.8833369 0.05044728 0.841844 0.02826887 0.9495527 0.1166631 0.841844 0.02826887 0.7968217 0.01461154 0.9495527 0.1166631 0.7968217 0.01461154 0.75 0.00999999 0.7031784 0.01461154 0.7031784 0.01461154 0.658156 0.02826887 0.7968217 0.01461154 0.658156 0.02826887 0.6166632 0.05044728 0.7968217 0.01461154 0.6166632 0.05044728 0.5802944 0.08029437 0.5504473 0.1166631 0.5504473 0.1166631 0.5282689 0.1581559 0.5146116 0.2031783 0.5146116 0.2031783 0.51 0.25 0.5504473 0.3833369 0.51 0.25 0.5146116 0.2968217 0.5504473 0.3833369 0.5146116 0.2968217 0.5282689 0.341844 0.5504473 0.3833369 0.5504473 0.3833369 0.5802944 0.4197056 0.6166632 0.4495527 0.6166632 0.4495527 0.658156 0.4717311 0.5504473 0.3833369 0.658156 0.4717311 0.7031784 0.4853885 0.5504473 0.3833369 0.8833369 0.4495527 0.9495527 0.3833369 0.7031784 0.4853885 0.9495527 0.3833369 0.9853885 0.2968217 0.7031784 0.4853885 0.6166632 0.05044728 0.5504473 0.1166631 0.7968217 0.01461154 0.5504473 0.1166631 0.5146116 0.2031783 0.7968217 0.01461154 0.9853885 0.2968217 0.9495527 0.1166631 0.7031784 0.4853885 0.9495527 0.1166631 0.7968217 0.01461154 0.7031784 0.4853885 0.5146116 0.2031783 0.5504473 0.3833369 0.7968217 0.01461154</float_array>
          <technique_common>
            <accessor source="#Cylinder_007-mesh-map-0-array" count="3012" stride="2">
              <param name="S" type="float"/>
              <param name="T" type="float"/>
            </accessor>
          </technique_common>
        </source>
        <vertices id="Cylinder_007-mesh-vertices">
          <input semantic="POSITION" source="#Cylinder_007-mesh-positions"/>
        </vertices>
        <triangles material="Material-material" count="1004">
          <input semantic="VERTEX" source="#Cylinder_007-mesh-vertices" offset="0"/>
          <input semantic="NORMAL" source="#Cylinder_007-mesh-normals" offset="1"/>
          <input semantic="TEXCOORD" source="#Cylinder_007-mesh-map-0" offset="2" set="0"/>
          <p>1 0 0 2 0 1 0 0 2 3 1 3 4 1 4 2 1 5 5 2 6 6 2 7 4 2 8 7 3 9 8 3 10 6 3 11 9 4 12 10 4 13 8 4 14 11 5 15 12 5 16 10 5 17 13 6 18 14 6 19 12 6 20 15 7 21 16 7 22 14 7 23 17 8 24 18 8 25 16 8 26 19 9 27 20 9 28 18 9 29 21 10 30 22 10 31 20 10 32 23 11 33 24 11 34 22 11 35 25 12 36 26 12 37 24 12 38 27 13 39 28 13 40 26 13 41 29 14 42 30 14 43 28 14 44 31 15 45 32 15 46 30 15 47 33 16 48 34 16 49 32 16 50 35 17 51 36 17 52 34 17 53 37 18 54 38 18 55 36 18 56 39 19 57 40 19 58 38 19 59 41 20 60 42 20 61 40 20 62 43 21 63 44 21 64 42 21 65 45 22 66 46 22 67 44 22 68 47 23 69 48 23 70 46 23 71 49 24 72 50 24 73 48 24 74 51 25 75 52 25 76 50 25 77 53 26 78 54 26 79 52 26 80 55 27 81 56 27 82 54 27 83 57 28 84 58 28 85 56 28 86 59 29 87 60 29 88 58 29 89 53 30 90 37 30 91 21 30 92 61 31 93 62 31 94 60 31 95 63 32 96 0 32 97 62 32 98 30 33 99 46 33 100 62 33 101 64 34 102 67 34 103 66 34 104 67 35 105 68 35 106 66 35 107 69 36 108 70 36 109 68 36 110 70 37 111 73 37 112 72 37 113 73 38 114 74 38 115 72 38 116 75 39 117 76 39 118 74 39 119 77 40 120 78 40 121 76 40 122 78 41 123 81 41 124 80 41 125 81 42 126 82 42 127 80 42 128 82 43 129 85 43 130 84 43 131 85 44 132 86 44 133 84 44 134 87 45 135 88 45 136 86 45 137 89 46 138 90 46 139 88 46 140 91 47 141 92 47 142 90 47 143 93 48 144 94 48 145 92 48 146 94 49 147 97 49 148 96 49 149 97 50 150 98 50 151 96 50 152 99 51 153 100 51 154 98 51 155 101 52 156 102 52 157 100 52 158 102 53 159 105 53 160 104 53 161 105 54 162 106 54 163 104 54 164 107 55 165 108 55 166 106 55 167 109 56 168 110 56 169 108 56 170 110 57 171 113 57 172 112 57 173 113 58 174 114 58 175 112 58 176 115 59 177 116 59 178 114 59 179 116 60 180 119 60 181 118 60 182 119 61 183 120 61 184 118 61 185 121 62 186 122 62 187 120 62 188 123 63 189 124 63 190 122 63 191 73 64 192 71 64 193 121 64 194 124 65 195 127 65 196 126 65 197 127 66 198 64 66 199 126 66 200 122 67 201 124 67 202 70 67 203 132 68 204 130 68 205 128 68 206 131 69 207 134 69 208 135 69 209 134 70 210 133 70 211 135 70 212 129 71 213 135 71 214 133 71 215 128 72 216 131 72 217 129 72 218 132 73 219 129 73 220 133 73 221 136 74 222 139 74 223 138 74 224 139 75 225 140 75 226 138 75 227 141 76 228 142 76 229 140 76 230 143 77 231 144 77 232 142 77 233 144 78 234 147 78 235 146 78 236 147 79 237 148 79 238 146 79 239 149 80 240 150 80 241 148 80 242 151 81 243 152 81 244 150 81 245 152 82 246 155 82 247 154 82 248 155 83 249 156 83 250 154 83 251 157 84 252 158 84 253 156 84 254 159 85 255 160 85 256 158 85 257 160 86 258 163 86 259 162 86 260 163 87 261 164 87 262 162 87 263 165 88 264 166 88 265 164 88 266 167 89 267 168 89 268 166 89 269 169 90 270 170 90 271 168 90 272 171 91 273 172 91 274 170 91 275 173 92 276 174 92 277 172 92 278 175 93 279 176 93 280 174 93 281 177 94 282 178 94 283 176 94 284 179 95 285 180 95 286 178 95 287 181 96 288 182 96 289 180 96 290 183 97 291 184 97 292 182 97 293 184 98 294 187 98 295 186 98 296 186 99 297 189 99 298 188 99 299 189 100 300 190 100 301 188 100 302 191 101 303 192 101 304 190 101 305 193 102 306 194 102 307 192 102 308 195 103 309 196 103 310 194 103 311 145 104 312 143 104 313 193 104 314 196 105 315 199 105 316 198 105 317 199 106 318 136 106 319 198 106 320 194 107 321 196 107 322 142 107 323 201 108 324 202 108 325 200 108 326 202 109 327 205 109 328 204 109 329 205 110 330 206 110 331 204 110 332 206 111 333 209 111 334 208 111 335 209 112 336 210 112 337 208 112 338 210 113 339 213 113 340 212 113 341 213 114 342 214 114 343 212 114 344 214 115 345 217 115 346 216 115 347 217 116 348 218 116 349 216 116 350 219 117 351 220 117 352 218 117 353 221 118 354 222 118 355 220 118 356 223 119 357 224 119 358 222 119 359 224 120 360 227 120 361 226 120 362 227 121 363 228 121 364 226 121 365 229 122 366 230 122 367 228 122 368 231 123 369 232 123 370 230 123 371 233 124 372 234 124 373 232 124 374 235 125 375 236 125 376 234 125 377 236 126 378 239 126 379 238 126 380 239 127 381 240 127 382 238 127 383 240 128 384 243 128 385 242 128 386 242 129 387 245 129 388 244 129 389 245 130 390 246 130 391 244 130 392 247 131 393 248 131 394 246 131 395 249 132 396 250 132 397 248 132 398 250 133 399 253 133 400 252 133 401 253 134 402 254 134 403 252 134 404 254 135 405 257 135 406 256 135 407 257 136 408 258 136 409 256 136 410 258 137 411 261 137 412 260 137 413 209 138 414 207 138 415 257 138 416 261 139 417 262 139 418 260 139 419 262 140 420 201 140 421 200 140 422 258 141 423 260 141 424 206 141 425 265 142 426 266 142 427 264 142 428 266 143 429 269 143 430 268 143 431 269 144 432 270 144 433 268 144 434 270 145 435 273 145 436 272 145 437 273 146 438 274 146 439 272 146 440 274 147 441 277 147 442 276 147 443 277 148 444 278 148 445 276 148 446 278 149 447 281 149 448 280 149 449 281 150 450 282 150 451 280 150 452 283 151 453 284 151 454 282 151 455 285 152 456 286 152 457 284 152 458 287 153 459 288 153 460 286 153 461 288 154 462 291 154 463 290 154 464 291 155 465 292 155 466 290 155 467 293 156 468 294 156 469 292 156 470 295 157 471 296 157 472 294 157 473 297 158 474 298 158 475 296 158 476 298 159 477 301 159 478 300 159 479 301 160 480 302 160 481 300 160 482 303 161 483 304 161 484 302 161 485 305 162 486 306 162 487 304 162 488 306 163 489 309 163 490 308 163 491 309 164 492 310 164 493 308 164 494 311 165 495 312 165 496 310 165 497 313 166 498 314 166 499 312 166 500 314 167 501 317 167 502 316 167 503 317 168 504 318 168 505 316 168 506 318 169 507 321 169 508 320 169 509 321 170 510 322 170 511 320 170 512 322 171 513 325 171 514 324 171 515 273 172 516 271 172 517 321 172 518 325 173 519 326 173 520 324 173 521 326 174 522 265 174 523 264 174 524 322 175 525 324 175 526 270 175 527 329 176 528 330 176 529 328 176 530 331 177 531 332 177 532 330 177 533 333 178 534 334 178 535 332 178 536 335 179 537 336 179 538 334 179 539 337 180 540 338 180 541 336 180 542 339 181 543 340 181 544 338 181 545 341 182 546 342 182 547 340 182 548 343 183 549 344 183 550 342 183 551 345 184 552 346 184 553 344 184 554 347 185 555 348 185 556 346 185 557 349 186 558 350 186 559 348 186 560 351 187 561 352 187 562 350 187 563 353 188 564 354 188 565 352 188 566 355 189 567 356 189 568 354 189 569 357 190 570 358 190 571 356 190 572 359 191 573 360 191 574 358 191 575 361 192 576 362 192 577 360 192 578 363 193 579 364 193 580 362 193 581 365 194 582 366 194 583 364 194 584 367 195 585 368 195 586 366 195 587 369 196 588 370 196 589 368 196 590 371 197 591 372 197 592 370 197 593 373 198 594 374 198 595 372 198 596 375 199 597 376 199 598 374 199 599 377 200 600 378 200 601 376 200 602 379 201 603 380 201 604 378 201 605 381 202 606 382 202 607 380 202 608 383 203 609 384 203 610 382 203 611 385 204 612 386 204 613 384 204 614 387 205 615 388 205 616 386 205 617 381 206 618 365 206 619 349 206 620 389 207 621 390 207 622 388 207 623 391 208 624 328 208 625 390 208 626 366 209 627 374 209 628 390 209 629 393 210 630 394 210 631 392 210 632 395 211 633 396 211 634 394 211 635 397 212 636 398 212 637 396 212 638 399 213 639 400 213 640 398 213 641 401 214 642 402 214 643 400 214 644 403 215 645 404 215 646 402 215 647 405 216 648 406 216 649 404 216 650 407 217 651 408 217 652 406 217 653 409 218 654 410 218 655 408 218 656 411 219 657 412 219 658 410 219 659 413 220 660 414 220 661 412 220 662 415 221 663 416 221 664 414 221 665 417 222 666 418 222 667 416 222 668 419 223 669 420 223 670 418 223 671 421 224 672 422 224 673 420 224 674 423 225 675 424 225 676 422 225 677 425 226 678 426 226 679 424 226 680 427 227 681 428 227 682 426 227 683 429 228 684 430 228 685 428 228 686 431 229 687 432 229 688 430 229 689 433 230 690 434 230 691 432 230 692 435 231 693 436 231 694 434 231 695 437 232 696 438 232 697 436 232 698 439 233 699 440 233 700 438 233 701 441 234 702 442 234 703 440 234 704 443 235 705 444 235 706 442 235 707 445 236 708 446 236 709 444 236 710 447 237 711 448 237 712 446 237 713 449 238 714 450 238 715 448 238 716 451 239 717 452 239 718 450 239 719 413 240 720 405 240 721 397 240 722 453 241 723 454 241 724 452 241 725 455 242 726 392 242 727 454 242 728 446 243 729 454 243 730 422 243 731 457 244 732 458 244 733 456 244 734 459 245 735 460 245 736 458 245 737 461 246 738 462 246 739 460 246 740 463 247 741 464 247 742 462 247 743 465 248 744 466 248 745 464 248 746 467 249 747 468 249 748 466 249 749 469 250 750 470 250 751 468 250 752 471 251 753 472 251 754 470 251 755 473 252 756 474 252 757 472 252 758 475 253 759 476 253 760 474 253 761 477 254 762 478 254 763 476 254 764 479 255 765 480 255 766 478 255 767 481 256 768 482 256 769 480 256 770 483 257 771 484 257 772 482 257 773 485 258 774 486 258 775 484 258 776 487 259 777 488 259 778 486 259 779 489 260 780 490 260 781 488 260 782 491 261 783 492 261 784 490 261 785 493 262 786 494 262 787 492 262 788 495 263 789 496 263 790 494 263 791 497 264 792 498 264 793 496 264 794 499 265 795 500 265 796 498 265 797 501 266 798 502 266 799 500 266 800 503 267 801 504 267 802 502 267 803 505 268 804 506 268 805 504 268 806 507 269 807 508 269 808 506 269 809 509 270 810 510 270 811 508 270 812 511 271 813 512 271 814 510 271 815 513 272 816 514 272 817 512 272 818 515 273 819 516 273 820 514 273 821 477 274 822 469 274 823 461 274 824 517 275 825 518 275 826 516 275 827 519 276 828 456 276 829 518 276 830 510 277 831 518 277 832 486 277 833 1 278 834 3 278 835 2 278 836 3 279 837 5 279 838 4 279 839 5 280 840 7 280 841 6 280 842 7 281 843 9 281 844 8 281 845 9 282 846 11 282 847 10 282 848 11 283 849 13 283 850 12 283 851 13 284 852 15 284 853 14 284 854 15 285 855 17 285 856 16 285 857 17 286 858 19 286 859 18 286 860 19 287 861 21 287 862 20 287 863 21 288 864 23 288 865 22 288 866 23 289 867 25 289 868 24 289 869 25 290 870 27 290 871 26 290 872 27 291 873 29 291 874 28 291 875 29 292 876 31 292 877 30 292 878 31 293 879 33 293 880 32 293 881 33 294 882 35 294 883 34 294 884 35 295 885 37 295 886 36 295 887 37 296 888 39 296 889 38 296 890 39 297 891 41 297 892 40 297 893 41 298 894 43 298 895 42 298 896 43 299 897 45 299 898 44 299 899 45 300 900 47 300 901 46 300 902 47 301 903 49 301 904 48 301 905 49 302 906 51 302 907 50 302 908 51 303 909 53 303 910 52 303 911 53 304 912 55 304 913 54 304 914 55 305 915 57 305 916 56 305 917 57 306 918 59 306 919 58 306 920 59 307 921 61 307 922 60 307 923 5 308 924 3 308 925 1 308 926 1 309 927 63 309 928 61 309 929 61 310 930 59 310 931 57 310 932 57 311 933 55 311 934 61 311 935 55 312 936 53 312 937 61 312 938 53 313 939 51 313 940 49 313 941 49 314 942 47 314 943 45 314 944 45 315 945 43 315 946 37 315 947 43 316 948 41 316 949 37 316 950 41 317 951 39 317 952 37 317 953 37 318 954 35 318 955 33 318 956 33 319 957 31 319 958 29 319 959 29 320 960 27 320 961 25 320 962 25 321 963 23 321 964 29 321 965 23 322 966 21 322 967 29 322 968 21 323 969 19 323 970 17 323 971 17 324 972 15 324 973 13 324 974 13 325 975 11 325 976 5 325 977 11 326 978 9 326 979 5 326 980 9 327 981 7 327 982 5 327 983 5 328 984 1 328 985 53 328 986 1 329 987 61 329 988 53 329 989 53 330 990 49 330 991 45 330 992 37 331 993 33 331 994 21 331 995 33 332 996 29 332 997 21 332 998 21 333 999 17 333 1000 13 333 1001 53 334 1002 45 334 1003 37 334 1004 21 335 1005 13 335 1006 5 335 1007 5 336 1008 53 336 1009 21 336 1010 61 337 1011 63 337 1012 62 337 1013 63 338 1014 1 338 1015 0 338 1016 62 339 1017 0 339 1018 2 339 1019 2 340 1020 4 340 1021 62 340 1022 4 341 1023 6 341 1024 62 341 1025 6 342 1026 8 342 1027 10 342 1028 10 343 1029 12 343 1030 14 343 1031 14 344 1032 16 344 1033 18 344 1034 18 345 1035 20 345 1036 14 345 1037 20 346 1038 22 346 1039 14 346 1040 22 347 1041 24 347 1042 26 347 1043 26 348 1044 28 348 1045 22 348 1046 28 349 1047 30 349 1048 22 349 1049 30 350 1050 32 350 1051 34 350 1052 34 351 1053 36 351 1054 30 351 1055 36 352 1056 38 352 1057 30 352 1058 38 353 1059 40 353 1060 42 353 1061 42 354 1062 44 354 1063 46 354 1064 46 355 1065 48 355 1066 50 355 1067 50 356 1068 52 356 1069 46 356 1070 52 357 1071 54 357 1072 46 357 1073 54 358 1074 56 358 1075 58 358 1076 58 359 1077 60 359 1078 54 359 1079 60 360 1080 62 360 1081 54 360 1082 6 361 1083 10 361 1084 62 361 1085 10 362 1086 14 362 1087 62 362 1088 38 363 1089 42 363 1090 30 363 1091 42 364 1092 46 364 1093 30 364 1094 14 365 1095 22 365 1096 30 365 1097 46 366 1098 54 366 1099 62 366 1100 62 367 1101 14 367 1102 30 367 1103 64 368 1104 65 368 1105 67 368 1106 67 369 1107 69 369 1108 68 369 1109 69 370 1110 71 370 1111 70 370 1112 70 371 1113 71 371 1114 73 371 1115 73 372 1116 75 372 1117 74 372 1118 75 373 1119 77 373 1120 76 373 1121 77 374 1122 79 374 1123 78 374 1124 78 375 1125 79 375 1126 81 375 1127 81 376 1128 83 376 1129 82 376 1130 82 377 1131 83 377 1132 85 377 1133 85 378 1134 87 378 1135 86 378 1136 87 379 1137 89 379 1138 88 379 1139 89 380 1140 91 380 1141 90 380 1142 91 381 1143 93 381 1144 92 381 1145 93 382 1146 95 382 1147 94 382 1148 94 383 1149 95 383 1150 97 383 1151 97 384 1152 99 384 1153 98 384 1154 99 385 1155 101 385 1156 100 385 1157 101 386 1158 103 386 1159 102 386 1160 102 387 1161 103 387 1162 105 387 1163 105 388 1164 107 388 1165 106 388 1166 107 389 1167 109 389 1168 108 389 1169 109 390 1170 111 390 1171 110 390 1172 110 391 1173 111 391 1174 113 391 1175 113 392 1176 115 392 1177 114 392 1178 115 393 1179 117 393 1180 116 393 1181 116 394 1182 117 394 1183 119 394 1184 119 395 1185 121 395 1186 120 395 1187 121 396 1188 123 396 1189 122 396 1190 123 397 1191 125 397 1192 124 397 1193 69 398 1194 67 398 1195 125 398 1196 67 399 1197 65 399 1198 127 399 1199 125 400 1200 67 400 1201 127 400 1202 125 401 1203 123 401 1204 69 401 1205 123 402 1206 121 402 1207 71 402 1208 69 403 1209 123 403 1210 71 403 1211 121 404 1212 119 404 1213 73 404 1214 119 405 1215 117 405 1216 75 405 1217 73 406 1218 119 406 1219 75 406 1220 117 407 1221 115 407 1222 79 407 1223 115 408 1224 113 408 1225 81 408 1226 113 409 1227 111 409 1228 83 409 1229 111 410 1230 109 410 1231 85 410 1232 109 411 1233 107 411 1234 85 411 1235 107 412 1236 105 412 1237 87 412 1238 85 413 1239 107 413 1240 87 413 1241 105 414 1242 103 414 1243 89 414 1244 103 415 1245 101 415 1246 91 415 1247 89 416 1248 103 416 1249 91 416 1250 101 417 1251 99 417 1252 93 417 1253 99 418 1254 97 418 1255 95 418 1256 93 419 1257 99 419 1258 95 419 1259 93 420 1260 91 420 1261 101 420 1262 89 421 1263 87 421 1264 105 421 1265 85 422 1266 83 422 1267 111 422 1268 83 423 1269 81 423 1270 113 423 1271 81 424 1272 79 424 1273 115 424 1274 79 425 1275 77 425 1276 117 425 1277 77 426 1278 75 426 1279 117 426 1280 124 427 1281 125 427 1282 127 427 1283 127 428 1284 65 428 1285 64 428 1286 126 429 1287 64 429 1288 66 429 1289 66 430 1290 68 430 1291 126 430 1292 68 431 1293 70 431 1294 124 431 1295 126 432 1296 68 432 1297 124 432 1298 70 433 1299 72 433 1300 120 433 1301 72 434 1302 74 434 1303 118 434 1304 74 435 1305 76 435 1306 118 435 1307 76 436 1308 78 436 1309 116 436 1310 118 437 1311 76 437 1312 116 437 1313 78 438 1314 80 438 1315 112 438 1316 80 439 1317 82 439 1318 110 439 1319 82 440 1320 84 440 1321 110 440 1322 84 441 1323 86 441 1324 108 441 1325 110 442 1326 84 442 1327 108 442 1328 86 443 1329 88 443 1330 104 443 1331 88 444 1332 90 444 1333 102 444 1334 90 445 1335 92 445 1336 102 445 1337 92 446 1338 94 446 1339 100 446 1340 102 447 1341 92 447 1342 100 447 1343 94 448 1344 96 448 1345 98 448 1346 98 449 1347 100 449 1348 94 449 1349 102 450 1350 104 450 1351 88 450 1352 104 451 1353 106 451 1354 86 451 1355 106 452 1356 108 452 1357 86 452 1358 110 453 1359 112 453 1360 80 453 1361 112 454 1362 114 454 1363 78 454 1364 114 455 1365 116 455 1366 78 455 1367 118 456 1368 120 456 1369 72 456 1370 120 457 1371 122 457 1372 70 457 1373 132 458 1374 134 458 1375 130 458 1376 131 459 1377 130 459 1378 134 459 1379 134 460 1380 132 460 1381 133 460 1382 129 461 1383 131 461 1384 135 461 1385 128 462 1386 130 462 1387 131 462 1388 132 463 1389 128 463 1390 129 463 1391 136 464 1392 137 464 1393 139 464 1394 139 465 1395 141 465 1396 140 465 1397 141 466 1398 143 466 1399 142 466 1400 143 467 1401 145 467 1402 144 467 1403 144 468 1404 145 468 1405 147 468 1406 147 469 1407 149 469 1408 148 469 1409 149 470 1410 151 470 1411 150 470 1412 151 471 1413 153 471 1414 152 471 1415 152 472 1416 153 472 1417 155 472 1418 155 473 1419 157 473 1420 156 473 1421 157 474 1422 159 474 1423 158 474 1424 159 475 1425 161 475 1426 160 475 1427 160 476 1428 161 476 1429 163 476 1430 163 477 1431 165 477 1432 164 477 1433 165 478 1434 167 478 1435 166 478 1436 167 479 1437 169 479 1438 168 479 1439 169 480 1440 171 480 1441 170 480 1442 171 481 1443 173 481 1444 172 481 1445 173 482 1446 175 482 1447 174 482 1448 175 483 1449 177 483 1450 176 483 1451 177 484 1452 179 484 1453 178 484 1454 179 485 1455 181 485 1456 180 485 1457 181 486 1458 183 486 1459 182 486 1460 183 487 1461 185 487 1462 184 487 1463 184 488 1464 185 488 1465 187 488 1466 186 489 1467 187 489 1468 189 489 1469 189 490 1470 191 490 1471 190 490 1472 191 491 1473 193 491 1474 192 491 1475 193 492 1476 195 492 1477 194 492 1478 195 493 1479 197 493 1480 196 493 1481 141 494 1482 139 494 1483 197 494 1484 139 495 1485 137 495 1486 199 495 1487 197 496 1488 139 496 1489 199 496 1490 197 497 1491 195 497 1492 141 497 1493 195 498 1494 193 498 1495 143 498 1496 141 499 1497 195 499 1498 143 499 1499 193 500 1500 191 500 1501 145 500 1502 191 501 1503 189 501 1504 147 501 1505 145 502 1506 191 502 1507 147 502 1508 189 503 1509 187 503 1510 151 503 1511 187 504 1512 185 504 1513 153 504 1514 185 505 1515 183 505 1516 155 505 1517 183 506 1518 181 506 1519 157 506 1520 181 507 1521 179 507 1522 157 507 1523 179 508 1524 177 508 1525 159 508 1526 157 509 1527 179 509 1528 159 509 1529 177 510 1530 175 510 1531 161 510 1532 175 511 1533 173 511 1534 163 511 1535 161 512 1536 175 512 1537 163 512 1538 173 513 1539 171 513 1540 167 513 1541 171 514 1542 169 514 1543 167 514 1544 167 515 1545 165 515 1546 173 515 1547 165 516 1548 163 516 1549 173 516 1550 161 517 1551 159 517 1552 177 517 1553 157 518 1554 155 518 1555 183 518 1556 155 519 1557 153 519 1558 185 519 1559 153 520 1560 151 520 1561 187 520 1562 151 521 1563 149 521 1564 189 521 1565 149 522 1566 147 522 1567 189 522 1568 196 523 1569 197 523 1570 199 523 1571 199 524 1572 137 524 1573 136 524 1574 198 525 1575 136 525 1576 138 525 1577 138 526 1578 140 526 1579 198 526 1580 140 527 1581 142 527 1582 196 527 1583 198 528 1584 140 528 1585 196 528 1586 142 529 1587 144 529 1588 192 529 1589 144 530 1590 146 530 1591 190 530 1592 146 531 1593 148 531 1594 190 531 1595 148 532 1596 150 532 1597 188 532 1598 190 533 1599 148 533 1600 188 533 1601 150 534 1602 152 534 1603 184 534 1604 152 535 1605 154 535 1606 182 535 1607 154 536 1608 156 536 1609 182 536 1610 156 537 1611 158 537 1612 180 537 1613 182 538 1614 156 538 1615 180 538 1616 158 539 1617 160 539 1618 176 539 1619 160 540 1620 162 540 1621 174 540 1622 162 541 1623 164 541 1624 174 541 1625 164 542 1626 166 542 1627 172 542 1628 174 543 1629 164 543 1630 172 543 1631 166 544 1632 168 544 1633 170 544 1634 170 545 1635 172 545 1636 166 545 1637 174 546 1638 176 546 1639 160 546 1640 176 547 1641 178 547 1642 158 547 1643 178 548 1644 180 548 1645 158 548 1646 182 549 1647 184 549 1648 152 549 1649 184 550 1650 186 550 1651 150 550 1652 186 551 1653 188 551 1654 150 551 1655 190 552 1656 192 552 1657 144 552 1658 192 553 1659 194 553 1660 142 553 1661 201 554 1662 203 554 1663 202 554 1664 202 555 1665 203 555 1666 205 555 1667 205 556 1668 207 556 1669 206 556 1670 206 557 1671 207 557 1672 209 557 1673 209 558 1674 211 558 1675 210 558 1676 210 559 1677 211 559 1678 213 559 1679 213 560 1680 215 560 1681 214 560 1682 214 561 1683 215 561 1684 217 561 1685 217 562 1686 219 562 1687 218 562 1688 219 563 1689 221 563 1690 220 563 1691 221 564 1692 223 564 1693 222 564 1694 223 565 1695 225 565 1696 224 565 1697 224 566 1698 225 566 1699 227 566 1700 227 567 1701 229 567 1702 228 567 1703 229 568 1704 231 568 1705 230 568 1706 231 569 1707 233 569 1708 232 569 1709 233 570 1710 235 570 1711 234 570 1712 235 571 1713 237 571 1714 236 571 1715 236 572 1716 237 572 1717 239 572 1718 239 573 1719 241 573 1720 240 573 1721 240 574 1722 241 574 1723 243 574 1724 242 575 1725 243 575 1726 245 575 1727 245 576 1728 247 576 1729 246 576 1730 247 577 1731 249 577 1732 248 577 1733 249 578 1734 251 578 1735 250 578 1736 250 579 1737 251 579 1738 253 579 1739 253 580 1740 255 580 1741 254 580 1742 254 581 1743 255 581 1744 257 581 1745 257 582 1746 259 582 1747 258 582 1748 258 583 1749 259 583 1750 261 583 1751 205 584 1752 203 584 1753 263 584 1754 203 585 1755 201 585 1756 263 585 1757 263 586 1758 261 586 1759 205 586 1760 261 587 1761 259 587 1762 205 587 1763 259 588 1764 257 588 1765 207 588 1766 205 589 1767 259 589 1768 207 589 1769 257 590 1770 255 590 1771 209 590 1772 255 591 1773 253 591 1774 211 591 1775 209 592 1776 255 592 1777 211 592 1778 253 593 1779 251 593 1780 215 593 1781 251 594 1782 249 594 1783 217 594 1784 249 595 1785 247 595 1786 219 595 1787 247 596 1788 245 596 1789 221 596 1790 245 597 1791 243 597 1792 221 597 1793 243 598 1794 241 598 1795 223 598 1796 221 599 1797 243 599 1798 223 599 1799 241 600 1800 239 600 1801 225 600 1802 239 601 1803 237 601 1804 227 601 1805 225 602 1806 239 602 1807 227 602 1808 237 603 1809 235 603 1810 231 603 1811 235 604 1812 233 604 1813 231 604 1814 231 605 1815 229 605 1816 237 605 1817 229 606 1818 227 606 1819 237 606 1820 225 607 1821 223 607 1822 241 607 1823 221 608 1824 219 608 1825 247 608 1826 219 609 1827 217 609 1828 249 609 1829 217 610 1830 215 610 1831 251 610 1832 215 611 1833 213 611 1834 253 611 1835 213 612 1836 211 612 1837 253 612 1838 261 613 1839 263 613 1840 262 613 1841 262 614 1842 263 614 1843 201 614 1844 262 615 1845 200 615 1846 202 615 1847 202 616 1848 204 616 1849 262 616 1850 204 617 1851 206 617 1852 260 617 1853 262 618 1854 204 618 1855 260 618 1856 206 619 1857 208 619 1858 256 619 1859 208 620 1860 210 620 1861 254 620 1862 210 621 1863 212 621 1864 254 621 1865 212 622 1866 214 622 1867 252 622 1868 254 623 1869 212 623 1870 252 623 1871 214 624 1872 216 624 1873 248 624 1874 216 625 1875 218 625 1876 246 625 1877 218 626 1878 220 626 1879 246 626 1880 220 627 1881 222 627 1882 244 627 1883 246 628 1884 220 628 1885 244 628 1886 222 629 1887 224 629 1888 240 629 1889 224 630 1890 226 630 1891 238 630 1892 226 631 1893 228 631 1894 238 631 1895 228 632 1896 230 632 1897 236 632 1898 238 633 1899 228 633 1900 236 633 1901 230 634 1902 232 634 1903 234 634 1904 234 635 1905 236 635 1906 230 635 1907 238 636 1908 240 636 1909 224 636 1910 240 637 1911 242 637 1912 222 637 1913 242 638 1914 244 638 1915 222 638 1916 246 639 1917 248 639 1918 216 639 1919 248 640 1920 250 640 1921 214 640 1922 250 641 1923 252 641 1924 214 641 1925 254 642 1926 256 642 1927 208 642 1928 256 643 1929 258 643 1930 206 643 1931 265 644 1932 267 644 1933 266 644 1934 266 645 1935 267 645 1936 269 645 1937 269 646 1938 271 646 1939 270 646 1940 270 647 1941 271 647 1942 273 647 1943 273 648 1944 275 648 1945 274 648 1946 274 649 1947 275 649 1948 277 649 1949 277 650 1950 279 650 1951 278 650 1952 278 651 1953 279 651 1954 281 651 1955 281 652 1956 283 652 1957 282 652 1958 283 653 1959 285 653 1960 284 653 1961 285 654 1962 287 654 1963 286 654 1964 287 655 1965 289 655 1966 288 655 1967 288 656 1968 289 656 1969 291 656 1970 291 657 1971 293 657 1972 292 657 1973 293 658 1974 295 658 1975 294 658 1976 295 659 1977 297 659 1978 296 659 1979 297 660 1980 299 660 1981 298 660 1982 298 661 1983 299 661 1984 301 661 1985 301 662 1986 303 662 1987 302 662 1988 303 663 1989 305 663 1990 304 663 1991 305 664 1992 307 664 1993 306 664 1994 306 665 1995 307 665 1996 309 665 1997 309 666 1998 311 666 1999 310 666 2000 311 667 2001 313 667 2002 312 667 2003 313 668 2004 315 668 2005 314 668 2006 314 669 2007 315 669 2008 317 669 2009 317 670 2010 319 670 2011 318 670 2012 318 671 2013 319 671 2014 321 671 2015 321 672 2016 323 672 2017 322 672 2018 322 673 2019 323 673 2020 325 673 2021 269 674 2022 267 674 2023 327 674 2024 267 675 2025 265 675 2026 327 675 2027 327 676 2028 325 676 2029 269 676 2030 325 677 2031 323 677 2032 269 677 2033 323 678 2034 321 678 2035 271 678 2036 269 679 2037 323 679 2038 271 679 2039 321 680 2040 319 680 2041 273 680 2042 319 681 2043 317 681 2044 275 681 2045 273 682 2046 319 682 2047 275 682 2048 317 683 2049 315 683 2050 279 683 2051 315 684 2052 313 684 2053 281 684 2054 313 685 2055 311 685 2056 283 685 2057 311 686 2058 309 686 2059 285 686 2060 309 687 2061 307 687 2062 285 687 2063 307 688 2064 305 688 2065 287 688 2066 285 689 2067 307 689 2068 287 689 2069 305 690 2070 303 690 2071 289 690 2072 303 691 2073 301 691 2074 291 691 2075 289 692 2076 303 692 2077 291 692 2078 301 693 2079 299 693 2080 293 693 2081 299 694 2082 297 694 2083 295 694 2084 293 695 2085 299 695 2086 295 695 2087 293 696 2088 291 696 2089 301 696 2090 289 697 2091 287 697 2092 305 697 2093 285 698 2094 283 698 2095 311 698 2096 283 699 2097 281 699 2098 313 699 2099 281 700 2100 279 700 2101 315 700 2102 279 701 2103 277 701 2104 317 701 2105 277 702 2106 275 702 2107 317 702 2108 325 703 2109 327 703 2110 326 703 2111 326 704 2112 327 704 2113 265 704 2114 326 705 2115 264 705 2116 266 705 2117 266 706 2118 268 706 2119 326 706 2120 268 707 2121 270 707 2122 324 707 2123 326 708 2124 268 708 2125 324 708 2126 270 709 2127 272 709 2128 320 709 2129 272 710 2130 274 710 2131 318 710 2132 274 711 2133 276 711 2134 318 711 2135 276 712 2136 278 712 2137 316 712 2138 318 713 2139 276 713 2140 316 713 2141 278 714 2142 280 714 2143 312 714 2144 280 715 2145 282 715 2146 310 715 2147 282 716 2148 284 716 2149 310 716 2150 284 717 2151 286 717 2152 308 717 2153 310 718 2154 284 718 2155 308 718 2156 286 719 2157 288 719 2158 304 719 2159 288 720 2160 290 720 2161 302 720 2162 290 721 2163 292 721 2164 302 721 2165 292 722 2166 294 722 2167 300 722 2168 302 723 2169 292 723 2170 300 723 2171 294 724 2172 296 724 2173 298 724 2174 298 725 2175 300 725 2176 294 725 2177 302 726 2178 304 726 2179 288 726 2180 304 727 2181 306 727 2182 286 727 2183 306 728 2184 308 728 2185 286 728 2186 310 729 2187 312 729 2188 280 729 2189 312 730 2190 314 730 2191 278 730 2192 314 731 2193 316 731 2194 278 731 2195 318 732 2196 320 732 2197 272 732 2198 320 733 2199 322 733 2200 270 733 2201 329 734 2202 331 734 2203 330 734 2204 331 735 2205 333 735 2206 332 735 2207 333 736 2208 335 736 2209 334 736 2210 335 737 2211 337 737 2212 336 737 2213 337 738 2214 339 738 2215 338 738 2216 339 739 2217 341 739 2218 340 739 2219 341 740 2220 343 740 2221 342 740 2222 343 741 2223 345 741 2224 344 741 2225 345 742 2226 347 742 2227 346 742 2228 347 743 2229 349 743 2230 348 743 2231 349 744 2232 351 744 2233 350 744 2234 351 745 2235 353 745 2236 352 745 2237 353 746 2238 355 746 2239 354 746 2240 355 747 2241 357 747 2242 356 747 2243 357 748 2244 359 748 2245 358 748 2246 359 749 2247 361 749 2248 360 749 2249 361 750 2250 363 750 2251 362 750 2252 363 751 2253 365 751 2254 364 751 2255 365 752 2256 367 752 2257 366 752 2258 367 753 2259 369 753 2260 368 753 2261 369 754 2262 371 754 2263 370 754 2264 371 755 2265 373 755 2266 372 755 2267 373 756 2268 375 756 2269 374 756 2270 375 757 2271 377 757 2272 376 757 2273 377 758 2274 379 758 2275 378 758 2276 379 759 2277 381 759 2278 380 759 2279 381 760 2280 383 760 2281 382 760 2282 383 761 2283 385 761 2284 384 761 2285 385 762 2286 387 762 2287 386 762 2288 387 763 2289 389 763 2290 388 763 2291 333 764 2292 331 764 2293 329 764 2294 329 765 2295 391 765 2296 389 765 2297 389 766 2298 387 766 2299 381 766 2300 387 767 2301 385 767 2302 381 767 2303 385 768 2304 383 768 2305 381 768 2306 381 769 2307 379 769 2308 377 769 2309 377 770 2310 375 770 2311 373 770 2312 373 771 2313 371 771 2314 369 771 2315 369 772 2316 367 772 2317 373 772 2318 367 773 2319 365 773 2320 373 773 2321 365 774 2322 363 774 2323 361 774 2324 361 775 2325 359 775 2326 357 775 2327 357 776 2328 355 776 2329 349 776 2330 355 777 2331 353 777 2332 349 777 2333 353 778 2334 351 778 2335 349 778 2336 349 779 2337 347 779 2338 345 779 2339 345 780 2340 343 780 2341 349 780 2342 343 781 2343 341 781 2344 349 781 2345 341 782 2346 339 782 2347 337 782 2348 337 783 2349 335 783 2350 341 783 2351 335 784 2352 333 784 2353 341 784 2354 333 785 2355 329 785 2356 381 785 2357 329 786 2358 389 786 2359 381 786 2360 381 787 2361 377 787 2362 373 787 2363 365 788 2364 361 788 2365 349 788 2366 361 789 2367 357 789 2368 349 789 2369 381 790 2370 373 790 2371 365 790 2372 349 791 2373 341 791 2374 333 791 2375 333 792 2376 381 792 2377 349 792 2378 389 793 2379 391 793 2380 390 793 2381 391 794 2382 329 794 2383 328 794 2384 390 795 2385 328 795 2386 334 795 2387 328 796 2388 330 796 2389 334 796 2390 330 797 2391 332 797 2392 334 797 2393 334 798 2394 336 798 2395 338 798 2396 338 799 2397 340 799 2398 334 799 2399 340 800 2400 342 800 2401 334 800 2402 342 801 2403 344 801 2404 346 801 2405 346 802 2406 348 802 2407 342 802 2408 348 803 2409 350 803 2410 342 803 2411 350 804 2412 352 804 2413 354 804 2414 354 805 2415 356 805 2416 358 805 2417 358 806 2418 360 806 2419 366 806 2420 360 807 2421 362 807 2422 366 807 2423 362 808 2424 364 808 2425 366 808 2426 366 809 2427 368 809 2428 370 809 2429 370 810 2430 372 810 2431 366 810 2432 372 811 2433 374 811 2434 366 811 2435 374 812 2436 376 812 2437 378 812 2438 378 813 2439 380 813 2440 374 813 2441 380 814 2442 382 814 2443 374 814 2444 382 815 2445 384 815 2446 386 815 2447 386 816 2448 388 816 2449 390 816 2450 350 817 2451 354 817 2452 342 817 2453 354 818 2454 358 818 2455 342 818 2456 382 819 2457 386 819 2458 374 819 2459 386 820 2460 390 820 2461 374 820 2462 390 821 2463 334 821 2464 358 821 2465 334 822 2466 342 822 2467 358 822 2468 358 823 2469 366 823 2470 390 823 2471 393 824 2472 395 824 2473 394 824 2474 395 825 2475 397 825 2476 396 825 2477 397 826 2478 399 826 2479 398 826 2480 399 827 2481 401 827 2482 400 827 2483 401 828 2484 403 828 2485 402 828 2486 403 829 2487 405 829 2488 404 829 2489 405 830 2490 407 830 2491 406 830 2492 407 831 2493 409 831 2494 408 831 2495 409 832 2496 411 832 2497 410 832 2498 411 833 2499 413 833 2500 412 833 2501 413 834 2502 415 834 2503 414 834 2504 415 835 2505 417 835 2506 416 835 2507 417 836 2508 419 836 2509 418 836 2510 419 837 2511 421 837 2512 420 837 2513 421 838 2514 423 838 2515 422 838 2516 423 839 2517 425 839 2518 424 839 2519 425 840 2520 427 840 2521 426 840 2522 427 841 2523 429 841 2524 428 841 2525 429 842 2526 431 842 2527 430 842 2528 431 843 2529 433 843 2530 432 843 2531 433 844 2532 435 844 2533 434 844 2534 435 845 2535 437 845 2536 436 845 2537 437 846 2538 439 846 2539 438 846 2540 439 847 2541 441 847 2542 440 847 2543 441 848 2544 443 848 2545 442 848 2546 443 849 2547 445 849 2548 444 849 2549 445 850 2550 447 850 2551 446 850 2552 447 851 2553 449 851 2554 448 851 2555 449 852 2556 451 852 2557 450 852 2558 451 853 2559 453 853 2560 452 853 2561 397 854 2562 395 854 2563 393 854 2564 393 855 2565 455 855 2566 453 855 2567 453 856 2568 451 856 2569 449 856 2570 449 857 2571 447 857 2572 453 857 2573 447 858 2574 445 858 2575 453 858 2576 445 859 2577 443 859 2578 441 859 2579 441 860 2580 439 860 2581 445 860 2582 439 861 2583 437 861 2584 445 861 2585 437 862 2586 435 862 2587 429 862 2588 435 863 2589 433 863 2590 429 863 2591 433 864 2592 431 864 2593 429 864 2594 429 865 2595 427 865 2596 425 865 2597 425 866 2598 423 866 2599 421 866 2600 421 867 2601 419 867 2602 417 867 2603 417 868 2604 415 868 2605 421 868 2606 415 869 2607 413 869 2608 421 869 2609 413 870 2610 411 870 2611 409 870 2612 409 871 2613 407 871 2614 405 871 2615 405 872 2616 403 872 2617 397 872 2618 403 873 2619 401 873 2620 397 873 2621 401 874 2622 399 874 2623 397 874 2624 397 875 2625 393 875 2626 453 875 2627 429 876 2628 425 876 2629 421 876 2630 413 877 2631 409 877 2632 405 877 2633 397 878 2634 453 878 2635 429 878 2636 453 879 2637 445 879 2638 429 879 2639 445 880 2640 437 880 2641 429 880 2642 429 881 2643 421 881 2644 397 881 2645 421 882 2646 413 882 2647 397 882 2648 453 883 2649 455 883 2650 454 883 2651 455 884 2652 393 884 2653 392 884 2654 454 885 2655 392 885 2656 394 885 2657 394 886 2658 396 886 2659 454 886 2660 396 887 2661 398 887 2662 454 887 2663 398 888 2664 400 888 2665 402 888 2666 402 889 2667 404 889 2668 406 889 2669 406 890 2670 408 890 2671 414 890 2672 408 891 2673 410 891 2674 414 891 2675 410 892 2676 412 892 2677 414 892 2678 414 893 2679 416 893 2680 418 893 2681 418 894 2682 420 894 2683 414 894 2684 420 895 2685 422 895 2686 414 895 2687 422 896 2688 424 896 2689 426 896 2690 426 897 2691 428 897 2692 422 897 2693 428 898 2694 430 898 2695 422 898 2696 430 899 2697 432 899 2698 434 899 2699 434 900 2700 436 900 2701 438 900 2702 438 901 2703 440 901 2704 442 901 2705 442 902 2706 444 902 2707 438 902 2708 444 903 2709 446 903 2710 438 903 2711 446 904 2712 448 904 2713 450 904 2714 450 905 2715 452 905 2716 446 905 2717 452 906 2718 454 906 2719 446 906 2720 398 907 2721 402 907 2722 454 907 2723 402 908 2724 406 908 2725 454 908 2726 430 909 2727 434 909 2728 422 909 2729 434 910 2730 438 910 2731 422 910 2732 406 911 2733 414 911 2734 454 911 2735 414 912 2736 422 912 2737 454 912 2738 438 913 2739 446 913 2740 422 913 2741 457 914 2742 459 914 2743 458 914 2744 459 915 2745 461 915 2746 460 915 2747 461 916 2748 463 916 2749 462 916 2750 463 917 2751 465 917 2752 464 917 2753 465 918 2754 467 918 2755 466 918 2756 467 919 2757 469 919 2758 468 919 2759 469 920 2760 471 920 2761 470 920 2762 471 921 2763 473 921 2764 472 921 2765 473 922 2766 475 922 2767 474 922 2768 475 923 2769 477 923 2770 476 923 2771 477 924 2772 479 924 2773 478 924 2774 479 925 2775 481 925 2776 480 925 2777 481 926 2778 483 926 2779 482 926 2780 483 927 2781 485 927 2782 484 927 2783 485 928 2784 487 928 2785 486 928 2786 487 929 2787 489 929 2788 488 929 2789 489 930 2790 491 930 2791 490 930 2792 491 931 2793 493 931 2794 492 931 2795 493 932 2796 495 932 2797 494 932 2798 495 933 2799 497 933 2800 496 933 2801 497 934 2802 499 934 2803 498 934 2804 499 935 2805 501 935 2806 500 935 2807 501 936 2808 503 936 2809 502 936 2810 503 937 2811 505 937 2812 504 937 2813 505 938 2814 507 938 2815 506 938 2816 507 939 2817 509 939 2818 508 939 2819 509 940 2820 511 940 2821 510 940 2822 511 941 2823 513 941 2824 512 941 2825 513 942 2826 515 942 2827 514 942 2828 515 943 2829 517 943 2830 516 943 2831 461 944 2832 459 944 2833 457 944 2834 457 945 2835 519 945 2836 517 945 2837 517 946 2838 515 946 2839 513 946 2840 513 947 2841 511 947 2842 517 947 2843 511 948 2844 509 948 2845 517 948 2846 509 949 2847 507 949 2848 505 949 2849 505 950 2850 503 950 2851 501 950 2852 501 951 2853 499 951 2854 493 951 2855 499 952 2856 497 952 2857 493 952 2858 497 953 2859 495 953 2860 493 953 2861 493 954 2862 491 954 2863 489 954 2864 489 955 2865 487 955 2866 485 955 2867 485 956 2868 483 956 2869 481 956 2870 481 957 2871 479 957 2872 485 957 2873 479 958 2874 477 958 2875 485 958 2876 477 959 2877 475 959 2878 469 959 2879 475 960 2880 473 960 2881 469 960 2882 473 961 2883 471 961 2884 469 961 2885 469 962 2886 467 962 2887 461 962 2888 467 963 2889 465 963 2890 461 963 2891 465 964 2892 463 964 2893 461 964 2894 461 965 2895 457 965 2896 517 965 2897 509 966 2898 505 966 2899 501 966 2900 493 967 2901 489 967 2902 485 967 2903 461 968 2904 517 968 2905 493 968 2906 517 969 2907 509 969 2908 493 969 2909 509 970 2910 501 970 2911 493 970 2912 493 971 2913 485 971 2914 461 971 2915 485 972 2916 477 972 2917 461 972 2918 517 973 2919 519 973 2920 518 973 2921 519 974 2922 457 974 2923 456 974 2924 518 975 2925 456 975 2926 458 975 2927 458 976 2928 460 976 2929 518 976 2930 460 977 2931 462 977 2932 518 977 2933 462 978 2934 464 978 2935 466 978 2936 466 979 2937 468 979 2938 470 979 2939 470 980 2940 472 980 2941 474 980 2942 474 981 2943 476 981 2944 470 981 2945 476 982 2946 478 982 2947 470 982 2948 478 983 2949 480 983 2950 482 983 2951 482 984 2952 484 984 2953 478 984 2954 484 985 2955 486 985 2956 478 985 2957 486 986 2958 488 986 2959 490 986 2960 490 987 2961 492 987 2962 486 987 2963 492 988 2964 494 988 2965 486 988 2966 494 989 2967 496 989 2968 498 989 2969 498 990 2970 500 990 2971 502 990 2972 502 991 2973 504 991 2974 510 991 2975 504 992 2976 506 992 2977 510 992 2978 506 993 2979 508 993 2980 510 993 2981 510 994 2982 512 994 2983 514 994 2984 514 995 2985 516 995 2986 510 995 2987 516 996 2988 518 996 2989 510 996 2990 462 997 2991 466 997 2992 518 997 2993 466 998 2994 470 998 2995 518 998 2996 494 999 2997 498 999 2998 486 999 2999 498 1000 3000 502 1000 3001 486 1000 3002 470 1001 3003 478 1001 3004 518 1001 3005 478 1002 3006 486 1002 3007 518 1002 3008 502 1003 3009 510 1003 3010 486 1003 3011</p>
        </triangles>
      </mesh>
    </geometry>
  </library_geometries>
  <library_visual_scenes>
    <visual_scene id="Scene" name="Scene">
      <node id="tmp_export_Cylinder_007" name="tmp_export_Cylinder.007" type="NODE">
        <matrix sid="transform">1 0 0 0 0 1 0 0 0 0 1 0 0 0 0 1</matrix>
        <instance_geometry url="#Cylinder_007-mesh" name="tmp_export_Cylinder.007">
          <bind_material>
            <technique_common>
              <instance_material symbol="Material-material" target="#Material-material">
                <bind_vertex_input semantic="UVMap" input_semantic="TEXCOORD" input_set="0"/>
              </instance_material>
            </technique_common>
          </bind_material>
        </instance_geometry>
      </node>
    </visual_scene>
  </library_visual_scenes>
  <scene>
    <instance_visual_scene url="#Scene"/>
  </scene>
</COLLADA>