<?xml version="1.0" encoding="utf-8"?>
<COLLADA xmlns="http://www.collada.org/2005/11/COLLADASchema" version="1.4.1" xmlns:xsi="http://www.w3.org/2001/XMLSchema-instance">
  <asset>
    <contributor>
      <author>Blender User</author>
      <authoring_tool>Blender 4.2.18 LTS commit date:2026-02-16, commit time:13:37, hash:d71e3422e438</authoring_tool>
    </contributor>
    <created>2026-03-30T11:53:07</created>
    <modified>2026-03-30T11:53:07</modified>
    <unit name="meter" meter="1"/>
    <up_axis>Z_UP</up_axis>
  </asset>
  <library_effects>
    <effect id="Material-effect">
      <profile_COMMON>
        <technique sid="common">
          <lambert>
            <emission>
              <color sid="emission">0 0 0 1</color>
            </emission>
            <diffuse>
              <color sid="diffuse">0.8 0.8 0.8 1</color>
            </diffuse>
            <index_of_refraction>
              <float sid="ior">1.45</float>
            </index_of_refraction>
          </lambert>
        </technique>
      </profile_COMMON>
    </effect>
  </library_effects>
  <library_images/>
  <library_materials>
    <material id="Material-material" name="Material">
      <instance_effect url="#Material-effect"/>
    </material>
  </library_materials>
  <library_geometries>
    <geometry id="Cylinder_002-mesh" name="Cylinder.002">
      <mesh>
        <source id="Cylinder_002-mesh-positions">
          <float_array id="Cylinder_002-mesh-positions-array" count="2232">-6.87563e-5 11.30579 2.395203 -6.87563e-5 11.30579 4.395203 0.1950215 11.28657 2.395203 0.1950215 11.28657 4.395203 0.3826147 11.22967 2.395203 0.3826147 11.22967 4.395203 0.5555015 11.13726 2.395203 0.5555015 11.13726 4.395203 0.707038 11.0129 2.395203 0.707038 11.0129 4.395203 0.8314008 10.86136 2.395203 0.8314008 10.86136 4.395203 0.9238107 10.68847 2.395203 0.9238107 10.68847 4.395203 0.9807165 10.50088 2.395203 0.9807165 10.50088 4.395203 0.9999312 10.30579 2.395203 0.9999312 10.30579 4.395203 0.9807165 10.1107 2.395203 0.9807165 10.1107 4.395203 0.9238107 9.923106 2.395203 0.9238107 9.923106 4.395203 0.8314008 9.750219 2.395203 0.8314008 9.750219 4.395203 0.707038 9.598683 2.395203 0.707038 9.598683 4.395203 0.5555015 9.47432 2.395203 0.5555015 9.47432 4.395203 0.3826147 9.38191 2.395203 0.3826147 9.38191 4.395203 0.1950215 9.325004 2.395203 0.1950215 9.325004 4.395203 -6.87563e-5 9.305789 2.395203 -6.87563e-5 9.305789 4.395203 -0.195159 9.325004 2.395203 -0.195159 9.325004 4.395203 -0.3827522 9.38191 2.395203 -0.3827522 9.38191 4.395203 -0.555639 9.47432 2.395203 -0.555639 9.47432 4.395203 -0.7071756 9.598683 2.395203 -0.7071756 9.598683 4.395203 -0.8315384 9.750219 2.395203 -0.8315384 9.750219 4.395203 -0.9239483 9.923106 2.395203 -0.9239483 9.923106 4.395203 -0.980854 10.1107 2.395203 -0.980854 10.1107 4.395203 -1.000069 10.30579 2.395203 -1.000069 10.30579 4.395203 -0.980854 10.50088 2.395203 -0.980854 10.50088 4.395203 -0.9239483 10.68847 2.395203 -0.9239483 10.68847 4.395203 -0.8315384 10.86136 2.395203 -0.8315384 10.86136 4.395203 -0.7071756 11.0129 2.395203 -0.7071756 11.0129 4.395203 -0.555639 11.13726 2.395203 -0.555639 11.13726 4.395203 -0.3827522 11.22967 2.395203 -0.3827522 11.22967 4.395203 -0.195159 11.28657 2.395203 -0.195159 11.28657 4.395203 -11.50007 18.30579 -2.212946 -6.500069 18.30579 -2.212946 -11.50007 18.28658 -2.251965 -6.500069 18.28658 -2.251965 -11.50007 18.22967 -2.289483 -6.500069 18.22967 -2.289483 -11.50007 18.13726 -2.32406 -6.500069 18.13726 -2.32406 -11.50007 18.0129 -2.354368 -6.500069 18.0129 -2.354367 -11.50007 17.86136 -2.37924 -6.500069 17.86136 -2.37924 -11.50007 17.68848 -2.397722 -6.500069 17.68848 -2.397722 -11.50007 17.50089 -2.409103 -6.500069 17.50089 -2.409103 -11.50007 17.30579 -2.412947 -6.500069 17.30579 -2.412946 -11.50007 17.1107 -2.409103 -6.500069 17.1107 -2.409103 -11.50007 16.92311 -2.397722 -6.500069 16.92311 -2.397722 -11.50007 16.75022 -2.37924 -6.500069 16.75022 -2.37924 -11.50007 16.59868 -2.354368 -6.500069 16.59868 -2.354367 -11.50007 16.47432 -2.32406 -6.500069 16.47432 -2.32406 -11.50007 16.38191 -2.289483 -6.500069 16.38191 -2.289483 -11.50007 16.32501 -2.251965 -6.500069 16.32501 -2.251965 -11.50007 16.30579 -2.212946 -6.500069 16.30579 -2.212946 -11.50007 16.32501 -2.173928 -6.500069 16.32501 -2.173928 -11.50007 16.38191 -2.13641 -6.500069 16.38191 -2.13641 -11.50007 16.47432 -2.101832 -6.500069 16.47432 -2.101832 -11.50007 16.59868 -2.071525 -6.500069 16.59868 -2.071525 -11.50007 16.75022 -2.046652 -6.500069 16.75022 -2.046652 -11.50007 16.92311 -2.028171 -6.500069 16.92311 -2.028171 -11.50007 17.1107 -2.016789 -6.500069 17.1107 -2.016789 -11.50007 17.30579 -2.012946 -6.500069 17.30579 -2.012946 -11.50007 17.50089 -2.016789 -6.500069 17.50089 -2.016789 -11.50007 17.68848 -2.028171 -6.500069 17.68848 -2.028171 -11.50007 17.86136 -2.046652 -6.500069 17.86136 -2.046652 -11.50007 18.0129 -2.071525 -6.500069 18.0129 -2.071525 -11.50007 18.13726 -2.101832 -6.500069 18.13726 -2.101832 -11.50007 18.22967 -2.13641 -6.500069 18.22967 -2.13641 -11.50007 18.28658 -2.173928 -6.500069 18.28658 -2.173928 7.49993 17.93232 -2.055408 7.499928 9.093483 -0.2876415 7.695019 17.91873 -2.058125 7.695019 9.079896 -0.290359 7.882613 17.87849 -2.066174 7.882611 9.039658 -0.2984064 8.0555 17.81315 -2.079242 8.055498 8.974314 -0.3114753 8.207036 17.72521 -2.096829 8.207035 8.886377 -0.3290629 8.331399 17.61806 -2.11826 8.331398 8.779224 -0.3504932 8.423809 17.49581 -2.14271 8.423807 8.656974 -0.3749433 8.480714 17.36316 -2.169239 8.480712 8.524327 -0.4014728 8.49993 17.22521 -2.19683 8.499929 8.386377 -0.4290629 8.480714 17.08726 -2.22442 8.480712 8.248427 -0.4566527 8.423809 16.95461 -2.250949 8.423807 8.115779 -0.4831824 8.331399 16.83236 -2.275399 8.331398 7.993529 -0.5076323 8.207036 16.72521 -2.296829 8.207035 7.886376 -0.5290628 8.0555 16.63727 -2.314417 8.055498 7.798438 -0.5466504 7.882613 16.57193 -2.327486 7.882611 7.733094 -0.5597191 7.695019 16.53169 -2.335534 7.695019 7.692857 -0.5677667 7.49993 16.51811 -2.338251 7.499928 7.67927 -0.5704842 7.304839 16.53169 -2.335534 7.304837 7.692857 -0.5677667 7.117247 16.57193 -2.327486 7.117245 7.733094 -0.5597191 6.94436 16.63727 -2.314417 6.944358 7.798438 -0.5466504 6.792823 16.72521 -2.29683 6.792821 7.886376 -0.5290628 6.66846 16.83236 -2.275399 6.668459 7.993529 -0.5076323 6.576049 16.95461 -2.250949 6.576049 8.115779 -0.4831824 6.519144 17.08726 -2.22442 6.519143 8.248427 -0.4566527 6.499929 17.22521 -2.19683 6.499929 8.386377 -0.4290629 6.519144 17.36316 -2.16924 6.519143 8.524327 -0.4014728 6.576049 17.49581 -2.14271 6.576049 8.656974 -0.3749433 6.66846 17.61806 -2.11826 6.668459 8.779224 -0.3504934 6.792823 17.72521 -2.096829 6.792821 8.886377 -0.3290629 6.94436 17.81315 -2.079242 6.944358 8.974314 -0.3114753 7.117247 17.87849 -2.066174 7.117245 9.039658 -0.2984064 7.304839 17.91873 -2.058125 7.304837 9.079896 -0.290359 9.999928 17.80579 0.4870539 9.999928 17.80579 -0.5129461 9.999928 -17.1942 0.4870539 9.999928 -17.19421 -0.5129461 -10.00007 17.80579 0.4870534 -10.00007 17.80579 -0.5129464 -10.00007 -17.1942 0.4870532 -10.00007 -17.19421 -0.5129464 -7.500069 17.93232 -2.055408 -7.500071 9.093484 -0.2876415 -7.304979 17.91873 -2.058125 -7.30498 9.079897 -0.290359 -7.117385 17.87849 -2.066174 -7.117387 9.039659 -0.2984066 -6.944499 17.81315 -2.079242 -6.9445 8.974315 -0.3114753 -6.792963 17.72521 -2.096829 -6.792964 8.886377 -0.3290629 -6.6686 17.61806 -2.11826 -6.668601 8.779225 -0.3504934 -6.576189 17.49581 -2.14271 -6.576191 8.656975 -0.3749433 -6.519284 17.36316 -2.169239 -6.519285 8.524327 -0.4014731 -6.500069 17.22521 -2.19683 -6.500071 8.386377 -0.4290631 -6.519284 17.08726 -2.22442 -6.519285 8.248428 -0.4566529 -6.576189 16.95461 -2.250949 -6.576191 8.115779 -0.4831824 -6.6686 16.83236 -2.275399 -6.668601 7.993529 -0.5076325 -6.792963 16.72521 -2.296829 -6.792964 7.886376 -0.529063 -6.944499 16.63727 -2.314417 -6.9445 7.798439 -0.5466504 -7.117385 16.57193 -2.327486 -7.117387 7.733096 -0.5597193 -7.304979 16.53169 -2.335534 -7.30498 7.692857 -0.5677669 -7.500069 16.51811 -2.338251 -7.500071 7.679271 -0.5704844 -7.695159 16.53169 -2.335534 -7.695161 7.692857 -0.5677669 -7.882753 16.57193 -2.327486 -7.882754 7.733096 -0.5597193 -8.055641 16.63727 -2.314417 -8.055642 7.798439 -0.5466504 -8.207178 16.72521 -2.29683 -8.207179 7.886376 -0.529063 -8.331541 16.83236 -2.275399 -8.331542 7.993529 -0.5076325 -8.42395 16.95461 -2.250949 -8.423951 8.115779 -0.4831824 -8.480855 17.08726 -2.22442 -8.480856 8.248428 -0.4566529 -8.50007 17.22521 -2.19683 -8.500071 8.386377 -0.4290631 -8.480855 17.36316 -2.16924 -8.480856 8.524327 -0.4014731 -8.42395 17.49581 -2.14271 -8.423951 8.656975 -0.3749435 -8.331541 17.61806 -2.11826 -8.331542 8.779225 -0.3504937 -8.207178 17.72521 -2.09683 -8.207179 8.886377 -0.3290629 -8.055641 17.81315 -2.079242 -8.055642 8.974315 -0.3114753 -7.882753 17.87849 -2.066174 -7.882754 9.039659 -0.2984066 -7.695159 17.91873 -2.058125 -7.695161 9.079897 -0.290359 -7.500069 -15.90651 -2.338252 -7.500071 -7.067679 -0.5704849 -7.304979 -15.9201 -2.335534 -7.30498 -7.081265 -0.5677674 -7.117385 -15.96034 -2.327486 -7.117387 -7.121505 -0.5597196 -6.944499 -16.02568 -2.314418 -6.9445 -7.186849 -0.5466511 -6.792963 -16.11362 -2.29683 -6.792964 -7.274787 -0.5290635 -6.6686 -16.22077 -2.275399 -6.668601 -7.38194 -0.5076327 -6.576189 -16.34303 -2.25095 -6.576191 -7.504188 -0.4831832 -6.519284 -16.47567 -2.22442 -6.519285 -7.636838 -0.4566534 -6.500069 -16.61362 -2.19683 -6.500071 -7.774787 -0.4290633 -6.519284 -16.75157 -2.16924 -6.519285 -7.912736 -0.4014735 -6.576189 -16.88422 -2.142711 -6.576191 -8.045385 -0.3749437 -6.6686 -17.00647 -2.11826 -6.668601 -8.167634 -0.3504939 -6.792963 -17.11362 -2.09683 -6.792964 -8.274785 -0.3290634 -6.944499 -17.20156 -2.079243 -6.9445 -8.362724 -0.3114758 -7.117385 -17.2669 -2.066174 -7.117387 -8.428068 -0.2984071 -7.304979 -17.30714 -2.058126 -7.30498 -8.468309 -0.2903593 -7.500069 -17.32073 -2.055408 -7.500071 -8.481893 -0.287642 -7.695159 -17.30714 -2.058126 -7.695161 -8.468309 -0.2903593 -7.882753 -17.2669 -2.066174 -7.882754 -8.428068 -0.2984071 -8.055641 -17.20156 -2.079243 -8.055642 -8.362724 -0.3114758 -8.207178 -17.11362 -2.09683 -8.207179 -8.274785 -0.3290634 -8.331541 -17.00647 -2.118261 -8.331542 -8.167634 -0.3504939 -8.42395 -16.88422 -2.142711 -8.423951 -8.045385 -0.3749437 -8.480855 -16.75157 -2.16924 -8.480856 -7.912736 -0.4014735 -8.50007 -16.61362 -2.19683 -8.500071 -7.774787 -0.4290633 -8.480855 -16.47567 -2.224421 -8.480856 -7.636838 -0.4566534 -8.42395 -16.34303 -2.25095 -8.423951 -7.504188 -0.4831832 -8.331541 -16.22077 -2.2754 -8.331542 -7.38194 -0.5076327 -8.207178 -16.11362 -2.29683 -8.207179 -7.274787 -0.5290635 -8.055641 -16.02568 -2.314418 -8.055642 -7.186849 -0.5466511 -7.882753 -15.96034 -2.327486 -7.882754 -7.121505 -0.5597196 -7.695159 -15.9201 -2.335534 -7.695161 -7.081265 -0.5677674 7.499928 -15.90651 -2.338252 7.499928 -7.067679 -0.5704844 7.695019 -15.9201 -2.335534 7.695019 -7.081265 -0.5677669 7.882612 -15.96034 -2.327486 7.882611 -7.121505 -0.5597193 8.0555 -16.02568 -2.314418 8.055498 -7.186849 -0.5466504 8.207036 -16.11362 -2.29683 8.207035 -7.274787 -0.5290628 8.331399 -16.22077 -2.275399 8.331398 -7.38194 -0.5076325 8.423809 -16.34303 -2.25095 8.423807 -7.504188 -0.4831827 8.480714 -16.47567 -2.22442 8.480712 -7.636838 -0.4566531 8.499929 -16.61362 -2.19683 8.499927 -7.774787 -0.4290631 8.480714 -16.75157 -2.16924 8.480712 -7.912736 -0.4014731 8.423809 -16.88422 -2.14271 8.423807 -8.045385 -0.3749433 8.331399 -17.00647 -2.11826 8.331398 -8.167634 -0.3504934 8.207036 -17.11362 -2.09683 8.207035 -8.274785 -0.3290629 8.0555 -17.20156 -2.079242 8.055498 -8.362724 -0.3114753 7.882612 -17.2669 -2.066174 7.882611 -8.428068 -0.2984068 7.695019 -17.30714 -2.058126 7.695019 -8.468309 -0.290359 7.499928 -17.32073 -2.055408 7.499928 -8.481893 -0.2876415 7.304839 -17.30714 -2.058126 7.304837 -8.468309 -0.290359 7.117245 -17.2669 -2.066174 7.117245 -8.428068 -0.2984068 6.944358 -17.20156 -2.079242 6.944358 -8.362724 -0.3114753 6.792822 -17.11362 -2.09683 6.792821 -8.274785 -0.3290629 6.668459 -17.00647 -2.11826 6.668457 -8.167634 -0.3504934 6.576049 -16.88422 -2.142711 6.576049 -8.045385 -0.3749433 6.519144 -16.75157 -2.16924 6.519143 -7.912736 -0.4014731 6.499929 -16.61362 -2.19683 6.499928 -7.774787 -0.4290631 6.519144 -16.47567 -2.22442 6.519143 -7.636838 -0.4566531 6.576049 -16.34303 -2.25095 6.576049 -7.504188 -0.4831827 6.668459 -16.22077 -2.275399 6.668457 -7.38194 -0.5076325 6.792822 -16.11362 -2.29683 6.792821 -7.274787 -0.5290628 6.944358 -16.02568 -2.314418 6.944358 -7.186849 -0.5466504 7.117245 -15.96034 -2.327486 7.117245 -7.121505 -0.5597193 7.304839 -15.9201 -2.335534 7.304837 -7.081265 -0.5677669 6.499929 18.30579 -2.212946 11.49993 18.30579 -2.212946 6.499929 18.28658 -2.251965 11.49993 18.28658 -2.251964 6.499929 18.22967 -2.289483 11.49993 18.22967 -2.289483 6.499929 18.13726 -2.32406 11.49993 18.13726 -2.32406 6.499929 18.0129 -2.354367 11.49993 18.0129 -2.354367 6.499929 17.86136 -2.37924 11.49993 17.86136 -2.37924 6.499929 17.68848 -2.397722 11.49993 17.68848 -2.397722 6.499929 17.50089 -2.409103 11.49993 17.50089 -2.409103 6.499929 17.30579 -2.412946 11.49993 17.30579 -2.412946 6.499929 17.1107 -2.409103 11.49993 17.1107 -2.409103 6.499929 16.92311 -2.397722 11.49993 16.92311 -2.397722 6.499929 16.75022 -2.37924 11.49993 16.75022 -2.37924 6.499929 16.59868 -2.354367 11.49993 16.59868 -2.354367 6.499929 16.47432 -2.32406 11.49993 16.47432 -2.32406 6.499929 16.38191 -2.289483 11.49993 16.38191 -2.289483 6.499929 16.32501 -2.251965 11.49993 16.32501 -2.251964 6.499929 16.30579 -2.212946 11.49993 16.30579 -2.212946 6.499929 16.32501 -2.173928 11.49993 16.32501 -2.173928 6.499929 16.38191 -2.13641 11.49993 16.38191 -2.136409 6.499929 16.47432 -2.101832 11.49993 16.47432 -2.101832 6.499929 16.59868 -2.071525 11.49993 16.59868 -2.071525 6.499929 16.75022 -2.046652 11.49993 16.75022 -2.046652 6.499929 16.92311 -2.02817 11.49993 16.92311 -2.02817 6.499929 17.1107 -2.016789 11.49993 17.1107 -2.016789 6.499929 17.30579 -2.012946 11.49993 17.30579 -2.012946 6.499929 17.50089 -2.016789 11.49993 17.50089 -2.016789 6.499929 17.68848 -2.02817 11.49993 17.68848 -2.02817 6.499929 17.86136 -2.046652 11.49993 17.86136 -2.046652 6.499929 18.0129 -2.071525 11.49993 18.0129 -2.071525 6.499929 18.13726 -2.101832 11.49993 18.13726 -2.101832 6.499929 18.22967 -2.13641 11.49993 18.22967 -2.136409 6.499929 18.28658 -2.173928 11.49993 18.28658 -2.173928 -11.50007 -15.6942 -2.212946 -6.500069 -15.6942 -2.212946 -11.50007 -15.71342 -2.251965 -6.500069 -15.71342 -2.251965 -11.50007 -15.77032 -2.289483 -6.500069 -15.77032 -2.289483 -11.50007 -15.86273 -2.32406 -6.500069 -15.86273 -2.32406 -11.50007 -15.98709 -2.354368 -6.500069 -15.98709 -2.354368 -11.50007 -16.13863 -2.37924 -6.500069 -16.13863 -2.37924 -11.50007 -16.31152 -2.397722 -6.500069 -16.31152 -2.397722 -11.50007 -16.49911 -2.409103 -6.500069 -16.49911 -2.409103 -11.50007 -16.6942 -2.412947 -6.500069 -16.6942 -2.412946 -11.50007 -16.88929 -2.409103 -6.500069 -16.88929 -2.409103 -11.50007 -17.07689 -2.397722 -6.500069 -17.07689 -2.397722 -11.50007 -17.24977 -2.37924 -6.500069 -17.24977 -2.37924 -11.50007 -17.40131 -2.354368 -6.500069 -17.40131 -2.354368 -11.50007 -17.52567 -2.32406 -6.500069 -17.52567 -2.32406 -11.50007 -17.61808 -2.289483 -6.500069 -17.61808 -2.289483 -11.50007 -17.67499 -2.251965 -6.500069 -17.67499 -2.251965 -11.50007 -17.6942 -2.212946 -6.500069 -17.6942 -2.212946 -11.50007 -17.67499 -2.173928 -6.500069 -17.67499 -2.173928 -11.50007 -17.61808 -2.13641 -6.500069 -17.61808 -2.13641 -11.50007 -17.52567 -2.101832 -6.500069 -17.52567 -2.101832 -11.50007 -17.40131 -2.071525 -6.500069 -17.40131 -2.071525 -11.50007 -17.24977 -2.046652 -6.500069 -17.24977 -2.046652 -11.50007 -17.07689 -2.028171 -6.500069 -17.07689 -2.028171 -11.50007 -16.88929 -2.016789 -6.500069 -16.88929 -2.016789 -11.50007 -16.6942 -2.012946 -6.500069 -16.6942 -2.012946 -11.50007 -16.49911 -2.016789 -6.500069 -16.49911 -2.016789 -11.50007 -16.31152 -2.028171 -6.500069 -16.31152 -2.028171 -11.50007 -16.13863 -2.046652 -6.500069 -16.13863 -2.046652 -11.50007 -15.98709 -2.071525 -6.500069 -15.98709 -2.071525 -11.50007 -15.86273 -2.101832 -6.500069 -15.86273 -2.101832 -11.50007 -15.77032 -2.13641 -6.500069 -15.77032 -2.13641 -11.50007 -15.71342 -2.173928 -6.500069 -15.71342 -2.173928 6.499929 -15.6942 -2.212946 11.49993 -15.6942 -2.212946 6.499929 -15.71342 -2.251965 11.49993 -15.71342 -2.251964 6.499929 -15.77032 -2.289483 11.49993 -15.77032 -2.289483 6.499929 -15.86273 -2.32406 11.49993 -15.86273 -2.32406 6.499929 -15.98709 -2.354367 11.49993 -15.98709 -2.354367 6.499929 -16.13863 -2.37924 11.49993 -16.13863 -2.37924 6.499929 -16.31152 -2.397722 11.49993 -16.31152 -2.397722 6.499929 -16.49911 -2.409103 11.49993 -16.49911 -2.409103 6.499929 -16.6942 -2.412946 11.49993 -16.6942 -2.412946 6.499929 -16.88929 -2.409103 11.49993 -16.88929 -2.409103 6.499929 -17.07689 -2.397722 11.49993 -17.07689 -2.397722 6.499929 -17.24977 -2.37924 11.49993 -17.24977 -2.37924 6.499929 -17.40131 -2.354367 11.49993 -17.40131 -2.354367 6.499929 -17.52567 -2.32406 11.49993 -17.52567 -2.32406 6.499929 -17.61808 -2.289483 11.49993 -17.61808 -2.289483 6.499929 -17.67499 -2.251965 11.49993 -17.67499 -2.251964 6.499929 -17.6942 -2.212946 11.49993 -17.6942 -2.212946 6.499929 -17.67499 -2.173928 11.49993 -17.67499 -2.173928 6.499929 -17.61808 -2.13641 11.49993 -17.61808 -2.136409 6.499929 -17.52567 -2.101832 11.49993 -17.52567 -2.101832 6.499929 -17.40131 -2.071525 11.49993 -17.40131 -2.071525 6.499929 -17.24977 -2.046652 11.49993 -17.24977 -2.046652 6.499929 -17.07689 -2.02817 11.49993 -17.07689 -2.02817 6.499929 -16.88929 -2.016789 11.49993 -16.88929 -2.016789 6.499929 -16.6942 -2.012946 11.49993 -16.6942 -2.012946 6.499929 -16.49911 -2.016789 11.49993 -16.49911 -2.016789 6.499929 -16.31152 -2.02817 11.49993 -16.31152 -2.02817 6.499929 -16.13863 -2.046652 11.49993 -16.13863 -2.046652 6.499929 -15.98709 -2.071525 11.49993 -15.98709 -2.071525 6.499929 -15.86273 -2.101832 11.49993 -15.86273 -2.101832 6.499929 -15.77032 -2.13641 11.49993 -15.77032 -2.136409 6.499929 -15.71342 -2.173928 11.49993 -15.71342 -2.173928 -10.00007 -17.19421 0.4870439 -10.00007 -17.19421 1.687044 -10.00007 -16.69421 0.4870439 -10.00007 -16.69421 1.687044 9.999928 -17.19421 0.4870439 9.999928 -17.19421 1.687044 9.999928 -16.69421 0.4870439 9.999928 -16.69421 1.687044 -10.00007 -2.444206 0.4870024 -10.00007 -2.444206 1.687002 -10.00007 -1.944206 0.4870024 -10.00007 -1.944206 1.687002 9.999928 -2.444206 0.4870024 9.999928 -2.444206 1.687002 9.999928 -1.944206 0.4870024 9.999928 -1.944206 1.687002 -10.00007 -16.77431 0.4870024 -10.00007 -16.77431 1.687002 -10.00007 -2.024308 0.4870024 -10.00007 -2.024308 1.687002 -9.500071 -16.77431 0.4870024 -9.500071 -16.77431 1.687002 -9.500071 -2.024308 0.4870024 -9.500071 -2.024308 1.687002 9.499929 -16.79931 0.4870024 9.499929 -16.79931 1.687002 9.499929 -1.999307 0.4870024 9.499929 -1.999307 1.687002 9.999929 -16.79931 0.4870024 9.999929 -16.79931 1.687002 9.999929 -1.999307 0.4870024 9.999929 -1.999307 1.687002 -0.06044292 12.80579 0.4868951 -0.06044292 12.80579 0.6868949 0.4272828 12.75776 0.4868951 0.4272828 12.75776 0.6868949 0.8962655 12.61549 0.4868951 0.8962655 12.61549 0.6868949 1.328482 12.38447 0.4868951 1.328482 12.38447 0.6868949 1.707324 12.07356 0.4868951 1.707324 12.07356 0.6868949 2.018231 11.69472 0.4868951 2.018231 11.69472 0.6868949 2.249256 11.2625 0.4868951 2.249256 11.2625 0.6868949 2.39152 10.79352 0.4868951 2.39152 10.79352 0.6868949 2.439557 10.30579 0.4868951 2.439557 10.30579 0.6868949 2.39152 9.818067 0.4868951 2.39152 9.818067 0.6868949 2.249256 9.349083 0.4868951 2.249256 9.349083 0.6868949 2.018231 8.916868 0.4868951 2.018231 8.916868 0.6868949 1.707324 8.538025 0.4868951 1.707324 8.538025 0.6868949 1.328482 8.227119 0.4868951 1.328482 8.227119 0.6868949 0.8962655 7.996093 0.4868951 0.8962655 7.996093 0.6868949 0.4272828 7.853829 0.4868951 0.4272828 7.853829 0.6868949 -0.06044292 7.805792 0.4868951 -0.06044292 7.805792 0.6868949 -0.5481688 7.853829 0.4868951 -0.5481688 7.853829 0.6868949 -1.017152 7.996093 0.4868951 -1.017152 7.996093 0.6868949 -1.449368 8.227119 0.4868951 -1.449368 8.227119 0.6868949 -1.82821 8.538025 0.4868951 -1.82821 8.538025 0.6868949 -2.139117 8.916868 0.4868951 -2.139117 8.916868 0.6868949 -2.370141 9.349083 0.4868951 -2.370141 9.349083 0.6868949 -2.512406 9.818067 0.4868951 -2.512406 9.818067 0.6868949 -2.560442 10.30579 0.4868951 -2.560442 10.30579 0.6868949 -2.512406 10.79352 0.4868951 -2.512406 10.79352 0.6868949 -2.370141 11.2625 0.4868951 -2.370141 11.2625 0.6868949 -2.139117 11.69472 0.4868951 -2.139117 11.69472 0.6868949 -1.82821 12.07356 0.4868951 -1.82821 12.07356 0.6868949 -1.449368 12.38447 0.4868951 -1.449368 12.38447 0.6868949 -1.017152 12.61549 0.4868951 -1.017152 12.61549 0.6868949 -0.5481688 12.75776 0.4868951 -0.5481688 12.75776 0.6868949 -7.06299e-5 11.30579 0.4143486 -7.06299e-5 11.30579 2.414349 0.1950197 11.28658 0.4143486 0.1950197 11.28658 2.414349 0.3826128 11.22967 0.4143486 0.3826128 11.22967 2.414349 0.5554995 11.13726 0.4143486 0.5554995 11.13726 2.414349 0.707036 11.0129 0.4143486 0.707036 11.0129 2.414349 0.8313988 10.86136 0.4143486 0.8313988 10.86136 2.414349 0.9238088 10.68848 0.4143486 0.9238088 10.68848 2.414349 0.9807144 10.50088 0.4143486 0.9807144 10.50088 2.414349 0.9999292 10.30579 0.4143486 0.9999292 10.30579 2.414349 0.9807144 10.1107 0.4143486 0.9807144 10.1107 2.414349 0.9238088 9.92311 0.4143486 0.9238088 9.92311 2.414349 0.8313988 9.750223 0.4143486 0.8313988 9.750223 2.414349 0.707036 9.598686 0.4143486 0.707036 9.598686 2.414349 0.5554995 9.474324 0.4143486 0.5554995 9.474324 2.414349 0.3826128 9.381913 0.4143486 0.3826128 9.381913 2.414349 0.1950197 9.325007 0.4143486 0.1950197 9.325007 2.414349 -7.06299e-5 9.305792 0.4143486 -7.06299e-5 9.305792 2.414349 -0.1951609 9.325007 0.4143486 -0.1951609 9.325007 2.414349 -0.382754 9.381913 0.4143486 -0.382754 9.381913 2.414349 -0.5556409 9.474324 0.4143486 -0.5556409 9.474324 2.414349 -0.7071775 9.598686 0.4143486 -0.7071775 9.598686 2.414349 -0.8315402 9.750223 0.4143486 -0.8315402 9.750223 2.414349 -0.9239501 9.92311 0.4143486 -0.9239501 9.92311 2.414349 -0.9808559 10.1107 0.4143486 -0.9808559 10.1107 2.414349 -1.000071 10.30579 0.4143486 -1.000071 10.30579 2.414349 -0.9808559 10.50088 0.4143486 -0.9808559 10.50088 2.414349 -0.9239501 10.68848 0.4143486 -0.9239501 10.68848 2.414349 -0.8315402 10.86136 0.4143486 -0.8315402 10.86136 2.414349 -0.7071775 11.0129 0.4143486 -0.7071775 11.0129 2.414349 -0.5556409 11.13726 0.4143486 -0.5556409 11.13726 2.414349 -0.382754 11.22967 0.4143486 -0.382754 11.22967 2.414349 -0.1951609 11.28658 0.4143486 -0.1951609 11.28658 2.414349</float_array>
          <technique_common>
            <accessor source="#Cylinder_002-mesh-positions-array" count="744" stride="3">
              <param name="X" type="float"/>
              <param name="Y" type="float"/>
              <param name="Z" type="float"/>
            </accessor>
          </technique_common>
        </source>
        <source id="Cylinder_002-mesh-normals">
          <float_array id="Cylinder_002-mesh-normals-array" count="4272">0.09801667 0.9951848 0 0.2902846 0.9569404 0 0.4713975 0.8819209 0 0.6343937 0.7730101 0 0.7730093 0.6343947 0 0.8819214 0.4713966 0 0.9569405 0.2902842 0 0.9951847 0.09801727 0 0.9951847 -0.09801727 0 0.9569405 -0.2902842 0 0.8819214 -0.4713966 0 0.7730093 -0.6343947 0 0.6343937 -0.7730101 0 0.4713975 -0.8819209 0 0.2902846 -0.9569404 0 0.09801667 -0.9951848 0 -0.09801667 -0.9951848 0 -0.2902846 -0.9569404 0 -0.4713973 -0.8819209 0 -0.6343937 -0.7730101 0 -0.7730093 -0.6343947 0 -0.8819214 -0.4713966 0 -0.9569405 -0.2902842 0 -0.9951847 -0.09801727 0 -0.9951847 0.09801727 0 -0.9569405 0.2902842 0 -0.8819214 0.4713966 0 -0.7730093 0.6343947 0 -0.6343937 0.7730101 0 -0.4713973 0.8819209 0 0 0 1 -0.2902846 0.9569404 0 -0.09801667 0.9951848 0 0 0 -1 0 0.8971188 -0.4417893 0 0.5504277 -0.8348828 0 0.3504412 -0.9365848 0 0.2367777 -0.9715638 0 0.1619674 -0.9867961 0 0.1062957 -0.9943345 0 0.06055843 -0.9981647 0 0.01969623 -0.9998061 0 -0.01969623 -0.9998061 0 -0.06055843 -0.9981647 0 -0.1062933 -0.9943348 0 -0.1619674 -0.9867961 0 -0.2367777 -0.9715638 0 -0.3504412 -0.9365848 0 -0.5504534 -0.8348658 0 -0.897084 -0.4418599 0 -0.897084 0.4418599 0 -0.5504534 0.8348658 0 -0.3504412 0.9365848 0 -0.2367777 0.9715638 0 -0.1619674 0.9867961 0 -0.1062933 0.9943348 0 -0.06055843 0.9981647 0 -0.01969623 0.9998061 0 0.01969623 0.9998061 0 0.06055843 0.9981647 0 0.1062957 0.9943345 0 0.1619674 0.9867961 0 0.2367777 0.9715638 0 0.3504412 0.9365848 1 0 0 0 0.5504277 0.8348828 0 0.8971188 0.4417893 -1 0 0 0.02730208 0.1960429 0.9802152 0.08384114 0.1954256 0.9771282 0.1466466 0.193996 0.9699795 0.2219293 0.1912254 0.9561278 0.3201693 0.1857926 0.9289633 0.4605726 0.1740769 0.8703851 0.6747758 0.144738 0.7236909 0.9423418 0.06563055 0.3281534 0.9423395 -0.0656321 -0.3281596 0.6747732 -0.1447387 -0.7236932 0.4605807 -0.1740762 -0.8703808 0.3201578 -0.1857933 -0.9289671 0.2219417 -0.191225 -0.956125 0.1466453 -0.193996 -0.9699798 0.08384168 -0.1954257 -0.9771281 0.02730208 -0.196043 -0.9802152 -0.02730184 -0.1960431 -0.9802151 -0.08384227 -0.1954255 -0.9771281 -0.1466416 -0.193996 -0.9699803 -0.2219429 -0.1912248 -0.9561247 -0.3201607 -0.1857932 -0.9289661 -0.4605692 -0.1740773 -0.8703867 -0.6747759 -0.1447381 -0.7236908 -0.9423472 -0.06562763 -0.3281384 -0.9423486 0.06562691 0.3281342 -0.674776 0.1447381 0.7236908 -0.4605693 0.1740774 0.8703867 -0.3201694 0.1857926 0.9289633 -0.2219301 0.1912256 0.9561275 -0.1466464 0.193996 0.9699795 1.6073e-7 -0.1961162 0.9805807 -0.08384174 0.1954255 0.9771281 -0.02730184 0.196043 0.9802152 0 0.1961161 -0.9805806 0 0 1 0 -1 3.8147e-6 -1 0 0 0 0 -1 1 0 0 0 1 0 0.02730202 0.196043 0.9802151 0.08384114 0.1954256 0.9771282 0.1466464 0.193996 0.9699796 0.2219359 0.1912252 0.9561262 0.3201632 0.1857931 0.9289653 0.4605689 0.1740773 0.8703869 0.6747759 0.144738 0.7236908 0.9423468 0.06562775 0.3281396 0.9423447 -0.06562918 -0.3281452 0.6747731 -0.1447387 -0.7236933 0.4605762 -0.1740766 -0.8703832 0.3201612 -0.1857932 -0.9289659 0.2219391 -0.1912251 -0.9561254 0.1466446 -0.193996 -0.9699799 0.08383893 -0.1954257 -0.9771283 0.02730417 -0.196043 -0.9802151 -0.02730464 -0.196043 -0.9802151 -0.08383888 -0.1954256 -0.9771283 -0.1466416 -0.1939961 -0.9699803 -0.2219339 -0.1912254 -0.9561267 -0.3201687 -0.1857926 -0.9289636 -0.4605767 -0.1740765 -0.870383 -0.6747758 -0.144738 -0.7236908 -0.9423445 -0.06562906 -0.3281458 -0.9423463 0.06562823 0.3281408 -0.6747761 0.1447382 0.7236906 -0.4605768 0.1740766 0.8703829 -0.3201608 0.1857933 0.9289661 -0.2219372 0.1912253 0.9561259 -0.1466464 0.193996 0.9699796 -1.49815e-7 -0.1961162 0.9805806 -0.08384114 0.1954256 0.9771282 -0.02730196 0.1960431 0.9802151 0 0.196116 -0.9805808 0.02730798 0.196043 -0.980215 0.08384168 0.1954255 -0.9771282 0.1466322 0.1939964 -0.9699817 0.2219482 0.1912247 -0.9561234 0.3201625 0.1857931 -0.9289655 0.4605745 0.1740767 -0.870384 0.6747717 0.144739 -0.7236945 0.9423472 0.06562781 -0.3281384 0.9423461 -0.06562811 0.3281415 0.6747721 -0.1447387 0.7236943 0.460576 -0.1740765 0.8703833 0.3201559 -0.1857935 0.9289677 0.2219435 -0.1912248 0.9561245 0.1466445 -0.1939958 0.96998 0.083835 -0.1954258 0.9771287 0.02730852 -0.1960429 0.980215 -0.02730846 -0.196043 0.980215 -0.08383494 -0.1954256 0.9771287 -0.1466445 -0.1939959 0.96998 -0.2219416 -0.1912249 0.956125 -0.3201607 -0.1857932 0.9289661 -0.4605767 -0.1740766 0.870383 -0.674776 -0.1447381 0.7236907 -0.9423461 -0.06562834 0.3281413 -0.9423469 0.06562769 -0.328139 -0.6747675 0.1447395 -0.7236983 -0.4605823 0.174076 -0.8703801 -0.3201607 0.1857932 -0.9289662 -0.2219463 0.1912248 -0.9561239 -0.1466315 0.1939962 -0.9699817 0 0.196116 0.9805807 -0.08384108 0.1954256 -0.9771282 -0.02730792 0.196043 -0.980215 4.39114e-7 -0.1961165 -0.9805806 0.0273078 0.196043 -0.980215 0.08384174 0.1954255 -0.9771282 0.1466313 0.1939966 -0.9699817 0.2219475 0.1912248 -0.9561237 0.3201622 0.1857932 -0.9289656 0.460579 0.1740764 -0.8703817 0.6747747 0.1447384 -0.7236918 0.9423462 0.0656284 -0.3281412 0.9423458 -0.06562817 0.3281421 0.6747757 -0.144738 0.7236909 0.4605765 -0.1740765 0.8703831 0.3201584 -0.1857933 0.9289668 0.2219429 -0.1912248 0.9561247 0.1466418 -0.193996 0.9699803 0.08383566 -0.1954258 0.9771286 0.0273078 -0.196043 0.980215 -0.02730858 -0.196043 0.980215 -0.08383494 -0.1954257 0.9771287 -0.1466422 -0.193996 0.9699802 -0.2219423 -0.1912249 0.9561249 -0.3201618 -0.1857932 0.9289658 -0.4605769 -0.1740766 0.8703828 -0.674773 -0.1447387 0.7236934 -0.9423487 -0.06562691 0.328134 -0.9423497 0.06562626 -0.3281316 -0.6747713 0.1447389 -0.7236949 -0.4605754 0.1740766 -0.8703836 -0.3201654 0.1857929 -0.9289646 -0.221947 0.1912249 -0.9561238 -0.1466315 0.1939963 -0.9699817 0 0.196116 0.9805807 -0.08384168 0.1954256 -0.9771282 -0.02730858 0.196043 -0.980215 3.51291e-7 -0.1961159 -0.9805807 0 0.897121 -0.441785 0 0.5504278 -0.8348829 0 0.3504412 -0.9365847 0 0.2367742 -0.9715647 0 0.1619674 -0.9867961 0 0.1062984 -0.9943343 0 0.06055843 -0.9981647 0 0.01969379 -0.9998061 0 -0.01969379 -0.9998061 0 -0.06055843 -0.9981647 0 -0.1062961 -0.9943345 0 -0.1619674 -0.9867961 0 -0.2367742 -0.9715647 0 -0.3504412 -0.9365847 0 -0.5504535 -0.8348659 0 -0.8970862 -0.4418556 0 -0.8970819 0.4418643 0 -0.5504535 0.8348659 0 -0.3504455 0.9365832 0 -0.2367777 0.9715639 0 -0.1619644 0.9867966 0 -0.1062961 0.9943345 0 -0.06055843 0.9981647 0 -0.01969379 0.9998061 0 0.01969379 0.9998061 0 0.06055843 0.9981647 0 0.1062984 0.9943343 0 0.1619644 0.9867966 0 0.2367777 0.9715639 0 0.3504455 0.9365832 1 0 0 0 0.5504278 0.8348829 0 0.8971167 0.4417937 -1 0 0 0 0.8971014 -0.4418246 0 0.5504406 -0.8348743 0 0.3504475 -0.9365824 0 0.2367778 -0.9715639 0 0.1619614 -0.9867971 0 0.1062957 -0.9943346 0 0.06055843 -0.9981647 0 0.01969623 -0.9998061 0 -0.01969623 -0.9998061 0 -0.06055843 -0.9981647 0 -0.1062957 -0.9943346 0 -0.1619644 -0.9867966 0 -0.2367743 -0.9715647 0 -0.3504539 -0.93658 0 -0.5504277 -0.8348828 0 -0.8971188 -0.4417893 0 -0.8971188 0.4417893 0 -0.5504277 0.8348828 0 -0.3504539 0.93658 0 -0.2367708 0.9715656 0 -0.1619674 0.9867961 0 -0.1062957 0.9943346 0 -0.06055843 0.9981647 0 -0.01969623 0.9998061 0 0.01969623 0.9998061 0 0.06055843 0.9981647 0 0.1062957 0.9943346 0 0.1619645 0.9867966 0 0.2367743 0.9715647 0 0.3504475 0.9365824 1 0 0 0 0.5504406 0.8348743 0 0.8971014 0.4418246 -1 0 0 0 0.8971036 -0.4418203 0 0.5504407 -0.8348743 0 0.3504475 -0.9365824 0 0.2367708 -0.9715656 0 0.1619644 -0.9867966 0 0.1062984 -0.9943343 0 0.06055843 -0.9981647 0 0.01969379 -0.9998061 0 -0.01969379 -0.9998061 0 -0.06055843 -0.9981647 0 -0.1062984 -0.9943343 0 -0.1619674 -0.9867961 0 -0.2367673 -0.9715664 0 -0.3504539 -0.93658 0 -0.5504278 -0.8348829 0 -0.897121 -0.441785 0 -0.8971167 0.4417937 0 -0.5504278 0.8348829 0 -0.3504582 0.9365785 0 -0.2367708 0.9715656 0 -0.1619644 0.9867966 0 -0.1062984 0.9943343 0 -0.06055843 0.9981647 0 -0.01969379 0.9998061 0 0.01969379 0.9998061 0 0.06055843 0.9981647 0 0.1062984 0.9943343 0 0.1619614 0.9867971 0 0.2367743 0.9715647 0 0.3504518 0.9365808 1 0 0 0 0.5504407 0.8348743 0 0.8970993 0.441829 -1 0 0 0 0.8971209 -0.441785 0 0.5504277 -0.8348828 0 0.3504412 -0.9365848 0 0.2367742 -0.9715647 0 0.1619674 -0.9867961 0 0.1062983 -0.9943342 0 0.06055843 -0.9981647 0 0.01969379 -0.9998061 0 -0.01969379 -0.9998061 0 -0.06055843 -0.9981647 0 -0.1062961 -0.9943345 0 -0.1619674 -0.9867961 0 -0.2367742 -0.9715647 0 -0.3504412 -0.9365848 0 -0.5504534 -0.8348658 0 -0.8970862 -0.4418556 0 -0.8970819 0.4418643 0 -0.5504534 0.8348658 0 -0.3504412 0.9365848 0 -0.2367777 0.9715638 0 -0.1619674 0.9867961 0 -0.1062933 0.9943348 0 -0.06055843 0.9981647 0 -0.01969623 0.9998061 0 0.01969623 0.9998061 0 0.06055843 0.9981647 0 0.1062957 0.9943345 0 0.1619674 0.9867961 0 0.2367777 0.9715638 0 0.3504412 0.9365848 1 0 0 1 0 0 1 0 0 1 0 0 1 0 0 1 0 0 1 0 0 1 0 0 1 0 0 1 0 0 1 0 0 1 0 0 1 0 0 1 0 0 1 0 0 1 0 0 1 0 0 1 0 0 1 0 0 1 0 0 1 0 0 1 0 0 1 0 0 1 0 0 1 0 0 1 0 0 1 0 0 1 0 0 1 0 0 0 0.5504277 0.8348828 0 0.8971167 0.4417937 -1 0 0 -1 0 0 -1 0 0 -1 0 0 -1 0 0 -1 0 0 -1 0 0 -1 0 0 -1 0 0 -1 0 0 -1 0 0 -1 0 0 -1 0 0 -1 0 0 -1 0 0 -1 0 0 -1 0 0 -1 0 0 -1 0 0 -1 0 0 -1 0 0 -1 0 0 -1 0 0 -1 0 0 -1 0 0 -1 0 0 -1 0 0 -1 0 0 -1 0 0 0.02730709 0.196043 0.9802151 0.08383542 0.1954256 0.9771287 0.146646 0.1939959 0.9699796 0.2219383 0.1912252 0.9561257 0.3201594 0.1857932 0.9289666 0.4605823 0.174076 0.8703801 0.6747731 0.1447385 0.7236934 0.9423356 0.06563389 0.3281704 0.9423353 -0.06563431 -0.328171 0.6747751 -0.1447384 -0.7236915 0.4605806 -0.1740762 -0.8703809 0.3201611 -0.1857932 -0.9289659 0.2219394 -0.191225 -0.9561254 0.1466447 -0.193996 -0.9699798 0.08383572 -0.1954257 -0.9771286 0.02730661 -0.1960431 -0.980215 -0.02730661 -0.196043 -0.9802151 -0.08383572 -0.1954258 -0.9771286 -0.1466438 -0.1939959 -0.96998 -0.2219401 -0.191225 -0.9561253 -0.3201643 -0.1857929 -0.9289649 -0.460573 -0.1740769 -0.8703848 -0.6747749 -0.1447383 -0.7236917 -0.9423484 -0.06562697 -0.3281352 -0.9423488 0.0656268 0.3281337 -0.6747733 0.1447387 0.7236931 -0.4605731 0.174077 0.8703848 -0.3201645 0.185793 0.9289649 -0.2219389 0.1912251 0.9561256 -0.1466452 0.193996 0.9699798 1.54905e-6 -0.1961014 0.9805837 -5.23046e-7 -0.1961155 0.9805808 0 -0.1961083 0.9805822 0 -0.1961181 0.9805803 2.58402e-7 -0.1961156 0.9805808 0 -0.1961165 0.9805806 1.19722e-5 -0.1961132 0.9805812 0 -0.1961153 0.9805808 2.76292e-7 -0.196115 0.9805809 -1.55037e-6 -0.1961187 0.9805802 1.18031e-6 -0.1961131 0.9805813 -1.18031e-6 -0.1961131 0.9805813 1.5504e-6 -0.1961187 0.9805802 2.58384e-7 -0.1961155 0.9805808 -1.19729e-5 -0.1961132 0.9805813 0 -0.1961165 0.9805806 0 -0.1961165 0.9805806 -1.03784e-5 -0.1961247 0.980579 0 -0.1961181 0.9805803 0 -0.1961181 0.9805802 -4.80267e-7 -0.1961148 0.9805809 0 -0.1961165 0.9805806 5.64529e-7 -0.1961173 0.9805805 -1.0431e-6 -0.196114 0.9805811 -1.77344e-7 -0.1961151 0.9805809 2.51606e-6 -0.1961131 0.9805814 0 -0.1961165 0.9805806 -3.79906e-7 -0.1961159 0.9805807 3.09964e-7 -0.1961165 0.9805806 -0.08383548 0.1954258 0.9771286 -0.02730709 0.1960429 0.9802151 0 0.1961293 -0.980578 -1.23816e-6 0.1961061 -0.9805827 -1.32189e-5 0.1961013 -0.9805836 -1.20693e-5 0.1961029 -0.9805833 5.63409e-7 0.196117 -0.9805805 7.27793e-6 0.1961177 -0.9805803 -1.05283e-5 0.1961178 -0.9805804 4.56667e-6 0.1961157 -0.9805808 -4.45779e-6 0.1961194 -0.98058 -7.97908e-6 0.1961475 -0.9805744 6.00516e-7 0.196121 -0.9805797 -1.17779e-6 0.1961131 -0.9805813 4.43654e-6 0.1961315 -0.9805776 5.18948e-6 0.1961206 -0.9805799 -4.53698e-6 0.1961135 -0.9805812 4.47878e-6 0.1961187 -0.9805802 -6.46453e-6 0.1961178 -0.9805803 6.07827e-6 0.1961126 -0.9805813 -4.47878e-6 0.1961187 -0.9805802 1.3219e-5 0.1961013 -0.9805836 1.23819e-6 0.196106 -0.9805827 0 0.1961102 -0.9805819 4.09001e-6 0.1961078 -0.9805824 -4.77749e-6 0.1961258 -0.9805788 1.0726e-6 0.1961175 -0.9805804 7.12916e-7 0.1961168 -0.9805806 0 0.1961161 -0.9805808 -1.77725e-7 0.1961157 -0.9805808 0 0.1961161 -0.9805807 0 0 1 0 -1 3.8147e-6 -1 0 0 0 0 -1 1 0 0 0 1 0 0.02730715 0.196043 0.980215 0.08383625 0.1954256 0.9771286 0.1466439 0.193996 0.96998 0.2219408 0.1912251 0.9561251 0.3201609 0.1857932 0.928966 0.4605749 0.1740767 0.8703838 0.6747761 0.144738 0.7236907 0.9423461 0.06562811 0.3281414 0.9423456 -0.06562876 -0.328143 0.6747747 -0.1447384 -0.7236918 0.4605767 -0.1740766 -0.8703829 0.3201622 -0.1857931 -0.9289656 0.2219382 -0.1912251 -0.9561257 0.1466447 -0.193996 -0.9699799 0.08383673 -0.1954256 -0.9771286 0.02730619 -0.196043 -0.9802151 -0.02730619 -0.196043 -0.980215 -0.08383673 -0.1954257 -0.9771286 -0.1466446 -0.1939959 -0.9699798 -0.2219368 -0.1912252 -0.956126 -0.3201633 -0.1857931 -0.9289652 -0.4605785 -0.1740763 -0.870382 -0.6747745 -0.1447383 -0.723692 -0.9423453 -0.06562858 -0.3281436 -0.9423463 0.06562829 0.3281409 -0.6747747 0.1447384 0.7236919 -0.4605768 0.1740766 0.8703829 -0.3201637 0.1857931 0.9289651 -0.2219395 0.1912251 0.9561254 -0.1466439 0.1939961 0.96998 0 -0.1961139 0.9805811 3.20826e-7 -0.1961183 0.9805802 -9.48816e-7 -0.1961097 0.9805819 1.45301e-6 -0.1961184 0.9805802 1.30876e-6 -0.1961182 0.9805803 -9.43126e-6 -0.1961085 0.9805822 4.78035e-6 -0.1961171 0.9805805 8.14342e-7 -0.196116 0.9805808 -1.45301e-6 -0.1961157 0.9805807 -4.95256e-6 -0.1961209 0.9805798 -9.30652e-7 -0.1961171 0.9805805 2.4019e-6 -0.1961134 0.9805812 2.60811e-6 -0.1960999 0.9805839 -8.80705e-7 -0.1961238 0.9805791 0 -0.1961116 0.9805815 -2.4019e-6 -0.1961134 0.9805812 9.3067e-7 -0.1961172 0.9805804 4.95255e-6 -0.1961209 0.9805797 3.66067e-6 -0.1961166 0.9805806 2.09402e-6 -0.1961162 0.9805807 1.63093e-6 -0.1961161 0.9805807 4.04811e-6 -0.1961124 0.9805814 -1.55036e-6 -0.1961186 0.9805802 0 -0.1961161 0.9805807 -3.37031e-7 -0.1961162 0.9805807 0 -0.1961165 0.9805806 7.35845e-7 -0.1961157 0.9805808 0 -0.1961167 0.9805806 0 -0.196116 0.9805806 -0.08383625 0.1954258 0.9771286 -0.02730715 0.1960429 0.980215 9.30404e-7 0.1961165 -0.9805806 -1.82478e-6 0.1961042 -0.9805831 -1.23817e-6 0.1961061 -0.9805827 1.89782e-6 0.1961182 -0.9805802 -1.53267e-5 0.1961057 -0.9805828 1.61929e-5 0.1961235 -0.9805792 7.27829e-6 0.1961177 -0.9805803 -1.05283e-5 0.1961178 -0.9805804 4.56661e-6 0.1961157 -0.9805807 2.30606e-5 0.196082 -0.9805876 -1.374e-5 0.1961621 -0.9805715 2.40947e-6 0.1961292 -0.9805781 -4.72573e-6 0.1960972 -0.9805845 1.01974e-5 0.1961462 -0.9805747 1.89472e-6 0.1961182 -0.9805802 -4.36248e-7 0.196115 -0.9805809 1.7792e-6 0.1961175 -0.9805804 -1.94662e-5 0.1961161 -0.9805806 -4.47899e-6 0.1961187 -0.9805802 2.90699e-6 0.1961154 -0.9805809 1.23817e-6 0.1961061 -0.9805827 -3.31617e-6 0.1961178 -0.9805803 3.62307e-7 0.1961158 -0.9805808 0 0.1961161 -0.9805807 2.95805e-6 0.1961153 -0.9805809 -2.51091e-6 0.1961184 -0.9805802 8.58442e-7 0.196116 -0.9805807 -2.16975e-7 0.1961163 -0.9805806 4.69403e-7 0.1961159 -0.9805808 0.02730619 0.196043 -0.9802151 0.08383846 0.1954256 -0.9771285 0.1466425 0.1939959 -0.9699801 0.2219408 0.1912251 -0.9561251 0.3201639 0.185793 -0.9289651 0.4605703 0.1740773 -0.8703861 0.6747789 0.1447376 -0.7236881 0.942346 0.06562852 -0.3281418 0.9423452 -0.06562852 0.3281437 0.6747761 -0.144738 0.7236908 0.4605748 -0.1740767 0.8703839 0.3201596 -0.1857932 0.9289665 0.2219407 -0.1912249 0.9561251 0.1466438 -0.1939959 0.96998 0.08384042 -0.1954256 0.9771283 0.02730309 -0.196043 0.9802151 -0.02730309 -0.1960429 0.9802151 -0.08384042 -0.1954256 0.9771282 -0.1466438 -0.1939959 0.96998 -0.2219394 -0.1912251 0.9561255 -0.3201608 -0.1857932 0.9289661 -0.4605768 -0.1740766 0.8703829 -0.6747763 -0.1447381 0.7236905 -0.9423454 -0.0656287 0.3281431 -0.9423457 0.06562834 -0.3281423 -0.6747789 0.1447376 -0.7236881 -0.4605721 0.1740769 -0.8703853 -0.3201649 0.1857929 -0.9289647 -0.2219394 0.191225 -0.9561254 -0.1466426 0.1939961 -0.9699801 -2.24874e-6 0.196105 0.9805829 2.24874e-6 0.196105 0.9805829 -5.42632e-6 0.196125 0.9805788 -3.60633e-6 0.1961214 0.9805797 -1.12685e-6 0.1961173 0.9805804 -1.31785e-5 0.1961195 0.98058 -2.41173e-6 0.1961158 0.9805808 -8.39755e-6 0.1961093 0.980582 1.04702e-6 0.1961178 0.9805803 1.36406e-6 0.1961182 0.9805802 -4.27217e-6 0.1960869 0.9805865 4.27217e-6 0.1960869 0.9805865 -1.55036e-6 0.1961186 0.9805802 8.39754e-6 0.1961093 0.9805821 2.41173e-6 0.1961158 0.9805808 -3.1992e-6 0.1961174 0.9805805 5.13001e-6 0.1961162 0.9805807 -2.28258e-6 0.1961148 0.9805809 5.42625e-6 0.196125 0.9805789 0 0.1961203 0.9805799 -3.70732e-7 0.196116 0.9805807 0 0.1961165 0.9805806 0 0.1961161 0.9805807 0 0.1961155 0.9805808 -2.27497e-7 0.1961171 0.9805805 -7.47299e-7 0.1961162 0.9805806 1.33127e-6 0.1961168 0.9805805 0 0.1961157 0.9805808 -1.29151e-7 0.1961162 0.9805806 -0.08383846 0.1954256 -0.9771285 -0.02730619 0.196043 -0.9802151 0 -0.1961095 -0.980582 0 -0.1961116 -0.9805816 -1.86106e-6 -0.1961374 -0.9805764 -3.51065e-5 -0.1961619 -0.9805715 -5.21585e-5 -0.1961438 -0.9805752 1.21877e-5 -0.1961151 -0.9805809 -1.79587e-5 -0.196106 -0.9805827 -2.80231e-6 -0.1961113 -0.9805816 -7.2266e-6 -0.1961001 -0.9805839 4.52204e-6 -0.1961386 -0.9805762 0 -0.1961095 -0.980582 -4.52204e-6 -0.1961386 -0.9805762 -5.18943e-6 -0.1961206 -0.9805798 4.53692e-6 -0.1961135 -0.9805812 -4.47899e-6 -0.1961187 -0.9805802 -1.21877e-5 -0.1961151 -0.9805809 2.97195e-5 -0.1961311 -0.9805777 2.73304e-5 -0.1961491 -0.9805741 -1.74467e-5 -0.1960882 -0.9805862 1.94981e-6 -0.1961203 -0.9805798 1.89152e-6 -0.1961117 -0.9805816 1.30599e-6 -0.1961136 -0.9805812 -1.07849e-6 -0.1961151 -0.9805809 -6.14963e-7 -0.1961157 -0.9805808 0 -0.1961174 -0.9805804 3.31609e-6 -0.1961129 -0.9805814 -2.44345e-7 -0.1961151 -0.9805809 -1.40118e-6 -0.1961135 -0.9805812 3.12545e-7 -0.1961156 -0.9805808 0.02730613 0.196043 -0.9802151 0.08383768 0.1954257 -0.9771285 0.146646 0.1939958 -0.9699797 0.2219395 0.1912253 -0.9561253 0.3201618 0.1857932 -0.9289658 0.4605741 0.1740769 -0.8703842 0.6747773 0.144738 -0.7236895 0.942346 0.06562852 -0.3281416 0.9423457 -0.06562829 0.3281426 0.674776 -0.144738 0.7236907 0.4605767 -0.1740764 0.870383 0.3201607 -0.1857931 0.9289661 0.2219394 -0.191225 0.9561255 0.1466433 -0.1939959 0.9699801 0.08384084 -0.1954256 0.9771282 0.02730423 -0.196043 0.9802151 -0.02730423 -0.196043 0.9802151 -0.0838409 -0.1954257 0.9771282 -0.1466425 -0.193996 0.9699801 -0.2219401 -0.191225 0.9561253 -0.3201586 -0.1857933 0.9289668 -0.4605787 -0.1740764 0.8703819 -0.6747763 -0.1447381 0.7236904 -0.9423432 -0.06562989 0.3281492 -0.9423431 0.06562978 -0.3281497 -0.6747772 0.1447379 -0.7236896 -0.4605758 0.1740766 -0.8703835 -0.3201594 0.1857932 -0.9289665 -0.2219401 0.1912251 -0.9561253 -0.1466453 0.1939961 -0.9699798 -2.84759e-6 0.1960966 0.9805846 9.61589e-7 0.1961227 0.9805794 0 0.1961094 0.9805821 2.32556e-6 0.1961122 0.9805814 -1.32213e-5 0.1961279 0.9805783 -1.92511e-5 0.1961203 0.9805799 -6.51465e-6 0.1961169 0.9805805 -1.45301e-6 0.1961162 0.9805807 -8.39729e-6 0.1961093 0.980582 5.42629e-6 0.1961251 0.9805789 -6.04695e-6 0.196079 0.9805881 6.04695e-6 0.196079 0.9805881 -5.4264e-6 0.1961251 0.9805789 -4.97347e-6 0.1961242 0.980579 5.9306e-7 0.1961149 0.9805809 -3.40226e-6 0.1961182 0.9805803 1.92509e-5 0.1961203 0.9805799 1.32217e-5 0.1961279 0.9805784 -2.32561e-6 0.1961122 0.9805815 0 0.196117 0.9805805 1.85368e-7 0.1961157 0.9805808 -7.473e-7 0.1961162 0.9805806 1.33127e-6 0.1961168 0.9805806 0 0.1961203 0.9805799 3.99025e-6 0.1961162 0.9805806 3.11376e-7 0.1961162 0.9805807 -4.97121e-7 0.196116 0.9805807 0 0.1961161 0.9805807 -2.58303e-7 0.1961161 0.9805806 -0.08383762 0.1954256 -0.9771285 -0.02730613 0.196043 -0.9802151 0 -0.1961095 -0.980582 0 -0.1961116 -0.9805816 -1.86106e-6 -0.1961374 -0.9805764 -1.53318e-5 -0.1961292 -0.9805781 1.21274e-5 -0.1961092 -0.9805821 -6.29276e-5 -0.1961516 -0.9805736 0 -0.1961135 -0.9805812 4.47899e-6 -0.1961187 -0.9805802 1.7496e-6 -0.1961206 -0.9805798 -4.60935e-6 -0.1961044 -0.980583 9.69031e-7 -0.1961227 -0.9805793 0 -0.1961095 -0.980582 -9.69011e-7 -0.1961227 -0.9805794 -5.18946e-6 -0.1961206 -0.9805797 4.53698e-6 -0.1961135 -0.9805812 1.79587e-5 -0.196106 -0.9805827 -3.08395e-6 -0.1961139 -0.9805811 5.61299e-6 -0.1961175 -0.9805805 5.21585e-5 -0.1961438 -0.9805752 3.51053e-5 -0.1961619 -0.9805715 -1.54984e-5 -0.1960932 -0.9805853 2.55773e-6 -0.1961231 -0.9805793 -2.27494e-6 -0.1961135 -0.9805812 -6.14962e-7 -0.1961157 -0.9805808 0 -0.1961166 -0.9805806 1.51793e-6 -0.1961145 -0.9805811 1.57143e-6 -0.1961139 -0.9805811 -1.78348e-6 -0.1961143 -0.980581 4.02951e-7 -0.1961163 -0.9805808 0 0.8971188 -0.4417894 0 0.5504278 -0.8348829 0 0.3504412 -0.9365847 0 0.2367777 -0.9715639 0 0.1619674 -0.9867961 0 0.1062957 -0.9943346 0 0.06055843 -0.9981647 0 0.01969379 -0.9998061 0 -0.01969379 -0.9998061 0 -0.06055843 -0.9981647 0 -0.1062933 -0.9943348 0 -0.1619674 -0.9867961 0 -0.2367777 -0.9715639 0 -0.3504412 -0.9365847 0 -0.5504535 -0.8348659 0 -0.8970841 -0.44186 0 -0.8970819 0.4418643 0 -0.5504584 0.8348627 0 -0.3504412 0.9365847 0 -0.2367777 0.9715639 0 -0.1619644 0.9867966 0 -0.1062961 0.9943345 0 -0.06055843 0.9981647 0 -0.01969379 0.9998061 0 0.01969379 0.9998061 0 0.06055843 0.9981647 0 0.1062984 0.9943343 0 0.1619644 0.9867966 0 0.2367777 0.9715639 0 0.3504412 0.9365847 1 0 0 1 0 0 1 0 0 1 0 0 1 0 0 1 0 0 1 0 0 1 0 0 1 0 0 1 0 0 1 0 0 1 0 0 1 0 0 1 0 0 1 0 0 1 0 0 1 0 0 1 0 0 1 0 0 1 0 0 1 0 0 1 0 0 1 0 0 1 0 0 1 0 0 1 0 0 1 0 0 1 0 0 1 0 0 0 0.5504327 0.8348796 0 0.8971167 0.4417937 -1 0 0 -1 0 0 -1 0 0 -1 0 0 -1 0 0 -1 0 0 -1 0 0 -1 0 0 -1 0 0 -1 0 0 -1 0 0 -1 0 0 -1 0 0 -1 0 0 -1 0 0 -1 0 0 -1 0 0 -1 0 0 -1 0 0 -1 0 0 -1 0 0 -1 0 0 -1 0 0 -1 0 0 -1 0 0 -1 0 0 -1 0 0 -1 0 0 -1 0 0 0 0.8971036 -0.4418203 0 0.5504406 -0.8348743 0 0.3504475 -0.9365824 0 0.2367743 -0.9715647 0 0.1619614 -0.9867971 0 0.1062984 -0.9943343 0 0.06055843 -0.9981647 0 0.01969379 -0.9998061 0 -0.01969379 -0.9998061 0 -0.06055843 -0.9981647 0 -0.1062984 -0.9943343 0 -0.1619644 -0.9867966 0 -0.2367708 -0.9715656 0 -0.3504539 -0.93658 0 -0.5504277 -0.8348828 0 -0.897121 -0.441785 0 -0.8971167 0.4417937 0 -0.5504277 0.8348828 0 -0.3504539 0.93658 0 -0.2367708 0.9715656 0 -0.1619674 0.9867961 0 -0.1062957 0.9943346 0 -0.06055843 0.9981647 0 -0.01969623 0.9998061 0 0.01969623 0.9998061 0 0.06055843 0.9981647 0 0.1062957 0.9943346 0 0.1619645 0.9867966 0 0.2367743 0.9715647 0 0.3504475 0.9365824 1 0 0 1 0 0 1 0 0 1 0 0 1 0 0 1 0 0 1 0 0 1 0 0 1 0 0 1 0 0 1 0 0 1 0 0 1 0 0 1 0 0 1 0 0 1 0 0 1 0 0 1 0 0 1 0 0 1 0 0 1 0 0 1 0 0 1 0 0 1 0 0 1 0 0 1 0 0 1 0 0 1 0 0 1 0 0 0 0.5504406 0.8348743 0 0.8970993 0.441829 -1 0 0 -1 0 0 -1 0 0 -1 0 0 -1 0 0 -1 0 0 -1 0 0 -1 0 0 -1 0 0 -1 0 0 -1 0 0 -1 0 0 -1 0 0 -1 0 0 -1 0 0 -1 0 0 -1 0 0 -1 0 0 -1 0 0 -1 0 0 -1 0 0 -1 0 0 -1 0 0 -1 0 0 -1 0 0 -1 0 0 -1 0 0 -1 0 0 -1 0 0 0 0.8971014 -0.4418247 0 0.5504407 -0.8348743 0 0.3504475 -0.9365824 0 0.2367743 -0.9715647 0 0.1619644 -0.9867966 0 0.1062957 -0.9943346 0 0.06055843 -0.9981647 0 0.01969379 -0.9998061 0 -0.01969379 -0.9998061 0 -0.06055843 -0.9981647 0 -0.1062957 -0.9943346 0 -0.1619674 -0.9867961 0 -0.2367708 -0.9715656 0 -0.3504539 -0.93658 0 -0.5504278 -0.8348829 0 -0.8971188 -0.4417894 0 -0.8971167 0.4417937 0 -0.5504327 0.8348796 0 -0.3504539 0.93658 0 -0.2367708 0.9715656 0 -0.1619644 0.9867966 0 -0.1062984 0.9943343 0 -0.06055843 0.9981647 0 -0.01969379 0.9998061 0 0.01969379 0.9998061 0 0.06055843 0.9981647 0 0.1062984 0.9943343 0 0.1619614 0.9867971 0 0.2367743 0.9715647 0 0.3504475 0.9365824 1 0 0 1 0 0 1 0 0 1 0 0 1 0 0 1 0 0 1 0 0 1 0 0 1 0 0 1 0 0 1 0 0 1 0 0 1 0 0 1 0 0 1 0 0 1 0 0 1 0 0 1 0 0 1 0 0 1 0 0 1 0 0 1 0 0 1 0 0 1 0 0 1 0 0 1 0 0 1 0 0 1 0 0 1 0 0 0 0.5504455 0.8348711 0 0.8970993 0.441829 -1 0 0 -1 0 0 -1 0 0 -1 0 0 -1 0 0 -1 0 0 -1 0 0 -1 0 0 -1 0 0 -1 0 0 -1 0 0 -1 0 0 -1 0 0 -1 0 0 -1 0 0 -1 0 0 -1 0 0 -1 0 0 -1 0 0 -1 0 0 -1 0 0 -1 0 0 -1 0 0 -1 0 0 -1 0 0 -1 0 0 -1 0 0 -1 0 0 -1 0 0 -1 0 0 0 1 0 1 0 0 0 -1 0 0 0 -1 0 0 1 -1 0 0 0 1 0 1 0 0 0 -1 0 0 0 -1 0 0 1 -1 0 0 0 1 0 1 0 0 0 -1 0 0 0 -1 0 0 1 -1 0 0 0 1 0 1 0 0 0 -1 0 0 0 -1 0 0 1 0.09801667 0.9951848 0 0.2902847 0.9569403 0 0.4713966 0.8819213 0 0.6343937 0.7730101 0 0.7730102 0.6343936 0 0.8819216 0.4713962 0 0.9569402 0.2902852 0 0.9951847 0.09801709 0 0.9951847 -0.09801727 0 0.9569405 -0.2902842 0 0.8819208 -0.4713978 0 0.7730109 -0.6343926 0 0.6343926 -0.7730111 0 0.4713981 -0.8819205 0 0.2902838 -0.9569406 0 0.09801667 -0.9951848 0 -0.09801667 -0.9951848 0 -0.2902837 -0.9569406 0 -0.4713982 -0.8819205 0 -0.6343926 -0.7730111 0 -0.7730116 -0.634392 0 -0.8819208 -0.4713978 0 -0.9569405 -0.2902842 0 -0.9951847 -0.09801727 0 -0.9951847 0.09801709 0 -0.9569402 0.2902852 0 -0.8819216 0.4713962 0 -0.7730108 0.6343929 0 -0.6343937 0.7730101 0 -0.4713967 0.8819212 0 0 0 1 -0.2902846 0.9569404 0 -0.09801667 0.9951848 0 0 0 -1 0.09801667 0.9951847 0 0.2902846 0.9569404 0 0.4713977 0.8819208 0 0.6343937 0.7730101 0 0.7730095 0.6343945 0 0.8819212 0.4713968 0 0.9569402 0.2902852 0 0.9951847 0.09801679 0 0.9951847 -0.09801775 0 0.9569406 -0.2902839 0 0.8819212 -0.4713968 0 0.7730114 -0.6343921 0 0.6343908 -0.7730125 0 0.4714015 -0.8819188 0 0.2902846 -0.9569404 0 0.09801667 -0.9951847 0 -0.09801667 -0.9951847 0 -0.2902847 -0.9569403 0 -0.4714011 -0.881919 0 -0.6343907 -0.7730126 0 -0.7730114 -0.6343921 0 -0.8819214 -0.4713966 0 -0.9569405 -0.2902842 0 -0.9951847 -0.09801745 0 -0.9951847 0.0980165 0 -0.9569401 0.2902855 0 -0.8819214 0.4713966 0 -0.7730095 0.6343945 0 -0.6343936 0.7730103 0 -0.4713973 0.881921 0 0 0 1 -0.2902847 0.9569403 0 -0.09801667 0.9951847 0 0 0 -1 -1 0 0 0 1 0 1 0 0 0 -1 0 0 0 -1 0 0 1 -1 0 0 0 1 0 1 0 0 0 -1 0 0 0 -1 0 0 1 -1 0 0 0 1 0 1 0 0 0 -1 0 0 0 -1 0 0 1 -1 0 0 0 1 0 1 0 0 0 -1 0 0 0 -1 0 0 1 0.09801667 0.9951848 0 0.2902847 0.9569403 0 0.4713966 0.8819213 0 0.6343937 0.7730101 0 0.7730102 0.6343936 0 0.8819216 0.4713962 0 0.9569402 0.2902852 0 0.9951847 0.09801709 0 0.9951847 -0.09801727 0 0.9569405 -0.2902842 0 0.8819208 -0.4713978 0 0.7730109 -0.6343926 0 0.6343926 -0.7730111 0 0.4713981 -0.8819205 0 0.2902838 -0.9569406 0 0.09801667 -0.9951848 0 -0.09801667 -0.9951848 0 -0.2902837 -0.9569406 0 -0.4713982 -0.8819205 0 -0.6343926 -0.7730111 0 -0.7730116 -0.634392 0 -0.8819208 -0.4713978 0 -0.9569405 -0.2902842 0 -0.9951847 -0.09801727 0 -0.9951847 0.09801709 0 -0.9569402 0.2902852 0 -0.8819216 0.4713962 0 -0.7730108 0.6343929 0 -0.6343937 0.7730101 0 -0.4713967 0.8819212 0 0 0 1 0 0 1 0 0 1 0 0 1 0 0 1 0 0 1 0 0 1 0 0 1 0 0 1 0 0 1 0 0 1 0 0 1 0 0 1 0 0 1 0 0 1 0 0 1 0 0 1 0 0 1 0 0 1 0 0 1 0 0 1 0 0 1 0 0 1 0 0 1 0 0 1 0 0 1 0 0 1 0 0 1 0 0 1 -0.2902846 0.9569404 0 -0.09801667 0.9951848 0 0 0 -1 0 0 -1 0 0 -1 0 0 -1 0 0 -1 0 0 -1 0 0 -1 0 0 -1 0 0 -1 0 0 -1 0 0 -1 0 0 -1 0 0 -1 0 0 -1 0 0 -1 0 0 -1 0 0 -1 0 0 -1 0 0 -1 0 0 -1 0 0 -1 0 0 -1 0 0 -1 0 0 -1 0 0 -1 0 0 -1 0 0 -1 0 0 -1 0 0 -1 0.09801667 0.9951847 0 0.2902846 0.9569404 0 0.4713977 0.8819208 0 0.6343937 0.7730101 0 0.7730095 0.6343945 0 0.8819212 0.4713968 0 0.9569402 0.2902852 0 0.9951847 0.09801679 0 0.9951847 -0.09801775 0 0.9569406 -0.2902839 0 0.8819212 -0.4713968 0 0.7730114 -0.6343921 0 0.6343908 -0.7730125 0 0.4714015 -0.8819188 0 0.2902846 -0.9569404 0 0.09801667 -0.9951847 0 -0.09801667 -0.9951847 0 -0.2902847 -0.9569403 0 -0.4714011 -0.881919 0 -0.6343907 -0.7730126 0 -0.7730114 -0.6343921 0 -0.8819214 -0.4713966 0 -0.9569405 -0.2902842 0 -0.9951847 -0.09801745 0 -0.9951847 0.0980165 0 -0.9569401 0.2902855 0 -0.8819214 0.4713966 0 -0.7730095 0.6343945 0 -0.6343936 0.7730103 0 -0.4713973 0.881921 0 0 0 1 0 0 1 0 0 1 0 0 1 0 0 1 0 0 1 0 0 1 0 0 1 0 0 1 0 0 1 0 0 1 0 0 1 0 0 1 0 0 1 0 0 1 0 0 1 0 0 1 0 0 1 0 0 1 0 0 1 0 0 1 0 0 1 0 0 1 0 0 1 0 0 1 0 0 1 0 0 1 0 0 1 0 0 1 -0.2902847 0.9569403 0 -0.09801667 0.9951847 0 0 0 -1 0 0 -1 0 0 -1 0 0 -1 0 0 -1 0 0 -1 0 0 -1 0 0 -1 0 0 -1 0 0 -1 0 0 -1 0 0 -1 0 0 -1 0 0 -1 0 0 -1 0 0 -1 0 0 -1 0 0 -1 0 0 -1 0 0 -1 0 0 -1 0 0 -1 0 0 -1 0 0 -1 0 0 -1 0 0 -1 0 0 -1 0 0 -1 0 0 -1 0.09801667 0.9951848 0 0.2902846 0.9569404 0 0.4713975 0.8819209 0 0.6343937 0.7730101 0 0.7730093 0.6343947 0 0.8819214 0.4713966 0 0.9569405 0.2902842 0 0.9951847 0.09801727 0 0.9951847 -0.09801727 0 0.9569405 -0.2902842 0 0.8819214 -0.4713966 0 0.7730093 -0.6343947 0 0.6343937 -0.7730101 0 0.4713975 -0.8819209 0 0.2902846 -0.9569404 0 0.09801667 -0.9951848 0 -0.09801667 -0.9951848 0 -0.2902846 -0.9569404 0 -0.4713973 -0.8819209 0 -0.6343937 -0.7730101 0 -0.7730093 -0.6343947 0 -0.8819214 -0.4713966 0 -0.9569405 -0.2902842 0 -0.9951847 -0.09801727 0 -0.9951847 0.09801727 0 -0.9569405 0.2902842 0 -0.8819214 0.4713966 0 -0.7730093 0.6343947 0 -0.6343937 0.7730101 0 -0.4713973 0.8819209 0 0 0 1 0 0 1 0 0 1 0 0 1 0 0 1 0 0 1 0 0 1 0 0 1 0 0 1 0 0 1 0 0 1 0 0 1 0 0 1 0 0 1 0 0 1 0 0 1 0 0 1 0 0 1 0 0 1 0 0 1 0 0 1 0 0 1 0 0 1 0 0 1 0 0 1 0 0 1 0 0 1 0 0 1 0 0 1 -0.2902846 0.9569404 0 -0.09801667 0.9951848 0 0 0 -1 0 0 -1 0 0 -1 0 0 -1 0 0 -1 0 0 -1 0 0 -1 0 0 -1 0 0 -1 0 0 -1 0 0 -1 0 0 -1 0 0 -1 0 0 -1 0 0 -1 0 0 -1 0 0 -1 0 0 -1 0 0 -1 0 0 -1 0 0 -1 0 0 -1 0 0 -1 0 0 -1 0 0 -1 0 0 -1 0 0 -1 0 0 -1 0 0 -1</float_array>
          <technique_common>
            <accessor source="#Cylinder_002-mesh-normals-array" count="1424" stride="3">
              <param name="X" type="float"/>
              <param name="Y" type="float"/>
              <param name="Z" type="float"/>
            </accessor>
          </technique_common>
        </source>
        <source id="Cylinder_002-mesh-map-0">
          <float_array id="Cylinder_002-mesh-map-0-array" count="8544">1 0.5 0.96875 1 0.96875 0.5 0.96875 0.5 0.9375 1 0.9375 0.5 0.9375 0.5 0.90625 1 0.90625 0.5 0.90625 0.5 0.875 1 0.875 0.5 0.875 0.5 0.84375 1 0.84375 0.5 0.84375 0.5 0.8125 1 0.8125 0.5 0.8125 0.5 0.78125 1 0.78125 0.5 0.78125 0.5 0.75 1 0.75 0.5 0.75 0.5 0.71875 1 0.71875 0.5 0.71875 0.5 0.6875 1 0.6875 0.5 0.6875 0.5 0.65625 1 0.65625 0.5 0.65625 0.5 0.625 1 0.625 0.5 0.625 0.5 0.59375 1 0.59375 0.5 0.59375 0.5 0.5625 1 0.5625 0.5 0.5625 0.5 0.53125 1 0.53125 0.5 0.53125 0.5 0.5 1 0.5 0.5 0.5 0.5 0.46875 1 0.46875 0.5 0.46875 0.5 0.4375 1 0.4375 0.5 0.4375 0.5 0.40625 1 0.40625 0.5 0.40625 0.5 0.375 1 0.375 0.5 0.375 0.5 0.34375 1 0.34375 0.5 0.34375 0.5 0.3125 1 0.3125 0.5 0.3125 0.5 0.28125 1 0.28125 0.5 0.28125 0.5 0.25 1 0.25 0.5 0.25 0.5 0.21875 1 0.21875 0.5 0.21875 0.5 0.1875 1 0.1875 0.5 0.1875 0.5 0.15625 1 0.15625 0.5 0.15625 0.5 0.125 1 0.125 0.5 0.125 0.5 0.09375 1 0.09375 0.5 0.09375 0.5 0.0625 1 0.0625 0.5 0.1581559 0.02826887 0.4717311 0.1581559 0.341844 0.4717311 0.0625 0.5 0.03125 1 0.03125 0.5 0.03125 0.5 0 1 0 0.5 0.7968217 0.01461154 0.5146116 0.2031783 0.7031784 0.4853885 1 0.5 0.96875 1 0.96875 0.5 0.96875 0.5 0.9375 1 0.9375 0.5 0.9375 0.5 0.90625 1 0.90625 0.5 0.90625 0.5 0.875 1 0.875 0.5 0.875 0.5 0.84375 1 0.84375 0.5 0.84375 0.5 0.8125 1 0.8125 0.5 0.8125 0.5 0.78125 1 0.78125 0.5 0.78125 0.5 0.75 1 0.75 0.5 0.75 0.5 0.71875 1 0.71875 0.5 0.71875 0.5 0.6875 1 0.6875 0.5 0.6875 0.5 0.65625 1 0.65625 0.5 0.65625 0.5 0.625 1 0.625 0.5 0.625 0.5 0.59375 1 0.59375 0.5 0.59375 0.5 0.5625 1 0.5625 0.5 0.5625 0.5 0.53125 1 0.53125 0.5 0.53125 0.5 0.5 1 0.5 0.5 0.5 0.5 0.46875 1 0.46875 0.5 0.46875 0.5 0.4375 1 0.4375 0.5 0.4375 0.5 0.40625 1 0.40625 0.5 0.40625 0.5 0.375 1 0.375 0.5 0.375 0.5 0.34375 1 0.34375 0.5 0.34375 0.5 0.3125 1 0.3125 0.5 0.3125 0.5 0.28125 1 0.28125 0.5 0.28125 0.5 0.25 1 0.25 0.5 0.25 0.5 0.21875 1 0.21875 0.5 0.21875 0.5 0.1875 1 0.1875 0.5 0.1875 0.5 0.15625 1 0.15625 0.5 0.15625 0.5 0.125 1 0.125 0.5 0.125 0.5 0.09375 1 0.09375 0.5 0.09375 0.5 0.0625 1 0.0625 0.5 0.02826887 0.341844 0.1581559 0.02826887 0.4717311 0.1581559 0.0625 0.5 0.03125 1 0.03125 0.5 0.03125 0.5 0 1 0 0.5 0.7968217 0.01461154 0.5146116 0.2031783 0.7031784 0.4853885 1 0.5 0.96875 1 0.96875 0.5 0.96875 0.5 0.9375 1 0.9375 0.5 0.9375 0.5 0.90625 1 0.90625 0.5 0.90625 0.5 0.875 1 0.875 0.5 0.875 0.5 0.84375 1 0.84375 0.5 0.84375 0.5 0.8125 1 0.8125 0.5 0.8125 0.5 0.78125 1 0.78125 0.5 0.78125 0.5 0.75 1 0.75 0.5 0.75 0.5 0.71875 1 0.71875 0.5 0.71875 0.5 0.6875 1 0.6875 0.5 0.6875 0.5 0.65625 1 0.65625 0.5 0.65625 0.5 0.625 1 0.625 0.5 0.625 0.5 0.59375 1 0.59375 0.5 0.59375 0.5 0.5625 1 0.5625 0.5 0.5625 0.5 0.53125 1 0.53125 0.5 0.53125 0.5 0.5 1 0.5 0.5 0.5 0.5 0.46875 1 0.46875 0.5 0.46875 0.5 0.4375 1 0.4375 0.5 0.4375 0.5 0.40625 1 0.40625 0.5 0.40625 0.5 0.375 1 0.375 0.5 0.375 0.5 0.34375 1 0.34375 0.5 0.34375 0.5 0.3125 1 0.3125 0.5 0.3125 0.5 0.28125 1 0.28125 0.5 0.28125 0.5 0.25 1 0.25 0.5 0.25 0.5 0.21875 1 0.21875 0.5 0.21875 0.5 0.1875 1 0.1875 0.5 0.1875 0.5 0.15625 1 0.15625 0.5 0.15625 0.5 0.125 1 0.125 0.5 0.125 0.5 0.09375 1 0.09375 0.5 0.09375 0.5 0.0625 1 0.0625 0.5 0.4717311 0.341844 0.341844 0.4717311 0.1581559 0.02826887 0.0625 0.5 0.03125 1 0.03125 0.5 0.03125 0.5 0 1 0 0.5 0.5504473 0.3833369 0.7031784 0.4853885 0.7968217 0.01461154 0.625 0.5 0.875 0.75 0.625 0.75 0.375 0.75 0.625 1 0.375 1 0.375 0 0.625 0.25 0.375 0.25 0.125 0.5 0.375 0.75 0.125 0.75 0.375 0.5 0.625 0.75 0.375 0.75 0.375 0.25 0.625 0.5 0.375 0.5 1 0.5 0.96875 1 0.96875 0.5 0.96875 0.5 0.9375 1 0.9375 0.5 0.9375 0.5 0.90625 1 0.90625 0.5 0.90625 0.5 0.875 1 0.875 0.5 0.875 0.5 0.84375 1 0.84375 0.5 0.84375 0.5 0.8125 1 0.8125 0.5 0.8125 0.5 0.78125 1 0.78125 0.5 0.78125 0.5 0.75 1 0.75 0.5 0.75 0.5 0.71875 1 0.71875 0.5 0.71875 0.5 0.6875 1 0.6875 0.5 0.6875 0.5 0.65625 1 0.65625 0.5 0.65625 0.5 0.625 1 0.625 0.5 0.625 0.5 0.59375 1 0.59375 0.5 0.59375 0.5 0.5625 1 0.5625 0.5 0.5625 0.5 0.53125 1 0.53125 0.5 0.53125 0.5 0.5 1 0.5 0.5 0.5 0.5 0.46875 1 0.46875 0.5 0.46875 0.5 0.4375 1 0.4375 0.5 0.4375 0.5 0.40625 1 0.40625 0.5 0.40625 0.5 0.375 1 0.375 0.5 0.375 0.5 0.34375 1 0.34375 0.5 0.34375 0.5 0.3125 1 0.3125 0.5 0.3125 0.5 0.28125 1 0.28125 0.5 0.28125 0.5 0.25 1 0.25 0.5 0.25 0.5 0.21875 1 0.21875 0.5 0.21875 0.5 0.1875 1 0.1875 0.5 0.1875 0.5 0.15625 1 0.15625 0.5 0.15625 0.5 0.125 1 0.125 0.5 0.125 0.5 0.09375 1 0.09375 0.5 0.09375 0.5 0.0625 1 0.0625 0.5 0.02826887 0.341844 0.1581559 0.02826887 0.4717311 0.1581559 0.0625 0.5 0.03125 1 0.03125 0.5 0.03125 0.5 0 1 0 0.5 0.6166632 0.05044728 0.5146116 0.2031783 0.7031784 0.4853885 1 0.5 0.96875 1 0.96875 0.5 0.96875 0.5 0.9375 1 0.9375 0.5 0.9375 0.5 0.90625 1 0.90625 0.5 0.90625 0.5 0.875 1 0.875 0.5 0.875 0.5 0.84375 1 0.84375 0.5 0.84375 0.5 0.8125 1 0.8125 0.5 0.8125 0.5 0.78125 1 0.78125 0.5 0.78125 0.5 0.75 1 0.75 0.5 0.75 0.5 0.71875 1 0.71875 0.5 0.71875 0.5 0.6875 1 0.6875 0.5 0.6875 0.5 0.65625 1 0.65625 0.5 0.65625 0.5 0.625 1 0.625 0.5 0.625 0.5 0.59375 1 0.59375 0.5 0.59375 0.5 0.5625 1 0.5625 0.5 0.5625 0.5 0.53125 1 0.53125 0.5 0.53125 0.5 0.5 1 0.5 0.5 0.5 0.5 0.46875 1 0.46875 0.5 0.46875 0.5 0.4375 1 0.4375 0.5 0.4375 0.5 0.40625 1 0.40625 0.5 0.40625 0.5 0.375 1 0.375 0.5 0.375 0.5 0.34375 1 0.34375 0.5 0.34375 0.5 0.3125 1 0.3125 0.5 0.3125 0.5 0.28125 1 0.28125 0.5 0.28125 0.5 0.25 1 0.25 0.5 0.25 0.5 0.21875 1 0.21875 0.5 0.21875 0.5 0.1875 1 0.1875 0.5 0.1875 0.5 0.15625 1 0.15625 0.5 0.15625 0.5 0.125 1 0.125 0.5 0.125 0.5 0.09375 1 0.09375 0.5 0.09375 0.5 0.0625 1 0.0625 0.5 0.1581559 0.02826887 0.4717311 0.1581559 0.341844 0.4717311 0.0625 0.5 0.03125 1 0.03125 0.5 0.03125 0.5 0 1 0 0.5 0.9853885 0.2968217 0.7968217 0.01461154 0.5146116 0.2031783 1 0.5 0.96875 1 0.96875 0.5 0.96875 0.5 0.9375 1 0.9375 0.5 0.9375 0.5 0.90625 1 0.90625 0.5 0.90625 0.5 0.875 1 0.875 0.5 0.875 0.5 0.84375 1 0.84375 0.5 0.84375 0.5 0.8125 1 0.8125 0.5 0.8125 0.5 0.78125 1 0.78125 0.5 0.78125 0.5 0.75 1 0.75 0.5 0.75 0.5 0.71875 1 0.71875 0.5 0.71875 0.5 0.6875 1 0.6875 0.5 0.6875 0.5 0.65625 1 0.65625 0.5 0.65625 0.5 0.625 1 0.625 0.5 0.625 0.5 0.59375 1 0.59375 0.5 0.59375 0.5 0.5625 1 0.5625 0.5 0.5625 0.5 0.53125 1 0.53125 0.5 0.53125 0.5 0.5 1 0.5 0.5 0.5 0.5 0.46875 1 0.46875 0.5 0.46875 0.5 0.4375 1 0.4375 0.5 0.4375 0.5 0.40625 1 0.40625 0.5 0.40625 0.5 0.375 1 0.375 0.5 0.375 0.5 0.34375 1 0.34375 0.5 0.34375 0.5 0.3125 1 0.3125 0.5 0.3125 0.5 0.28125 1 0.28125 0.5 0.28125 0.5 0.25 1 0.25 0.5 0.25 0.5 0.21875 1 0.21875 0.5 0.21875 0.5 0.1875 1 0.1875 0.5 0.1875 0.5 0.15625 1 0.15625 0.5 0.15625 0.5 0.125 1 0.125 0.5 0.125 0.5 0.09375 1 0.09375 0.5 0.09375 0.5 0.0625 1 0.0625 0.5 0.341844 0.4717311 0.02826887 0.341844 0.1581559 0.02826887 0.0625 0.5 0.03125 1 0.03125 0.5 0.03125 0.5 0 1 0 0.5 0.9853885 0.2968217 0.7968217 0.01461154 0.5146116 0.2031783 1 0.5 0.96875 1 0.96875 0.5 0.96875 0.5 0.9375 1 0.9375 0.5 0.9375 0.5 0.90625 1 0.90625 0.5 0.90625 0.5 0.875 1 0.875 0.5 0.875 0.5 0.84375 1 0.84375 0.5 0.84375 0.5 0.8125 1 0.8125 0.5 0.8125 0.5 0.78125 1 0.78125 0.5 0.78125 0.5 0.75 1 0.75 0.5 0.75 0.5 0.71875 1 0.71875 0.5 0.71875 0.5 0.6875 1 0.6875 0.5 0.6875 0.5 0.65625 1 0.65625 0.5 0.65625 0.5 0.625 1 0.625 0.5 0.625 0.5 0.59375 1 0.59375 0.5 0.59375 0.5 0.5625 1 0.5625 0.5 0.5625 0.5 0.53125 1 0.53125 0.5 0.53125 0.5 0.5 1 0.5 0.5 0.5 0.5 0.46875 1 0.46875 0.5 0.46875 0.5 0.4375 1 0.4375 0.5 0.4375 0.5 0.40625 1 0.40625 0.5 0.40625 0.5 0.375 1 0.375 0.5 0.375 0.5 0.34375 1 0.34375 0.5 0.34375 0.5 0.3125 1 0.3125 0.5 0.3125 0.5 0.28125 1 0.28125 0.5 0.28125 0.5 0.25 1 0.25 0.5 0.25 0.5 0.21875 1 0.21875 0.5 0.21875 0.5 0.1875 1 0.1875 0.5 0.1875 0.5 0.15625 1 0.15625 0.5 0.15625 0.5 0.125 1 0.125 0.5 0.125 0.5 0.09375 1 0.09375 0.5 0.09375 0.5 0.0625 1 0.0625 0.5 0.02826887 0.341844 0.1581559 0.02826887 0.4717311 0.1581559 0.0625 0.5 0.03125 1 0.03125 0.5 0.03125 0.5 0 1 0 0.5 0.6166632 0.05044728 0.5146116 0.2031783 0.7031784 0.4853885 1 0.5 0.96875 1 0.96875 0.5 0.96875 0.5 0.9375 1 0.9375 0.5 0.9375 0.5 0.90625 1 0.90625 0.5 0.90625 0.5 0.875 1 0.875 0.5 0.875 0.5 0.84375 1 0.84375 0.5 0.84375 0.5 0.8125 1 0.8125 0.5 0.8125 0.5 0.78125 1 0.78125 0.5 0.78125 0.5 0.75 1 0.75 0.5 0.75 0.5 0.71875 1 0.71875 0.5 0.71875 0.5 0.6875 1 0.6875 0.5 0.6875 0.5 0.65625 1 0.65625 0.5 0.65625 0.5 0.625 1 0.625 0.5 0.625 0.5 0.59375 1 0.59375 0.5 0.59375 0.5 0.5625 1 0.5625 0.5 0.5625 0.5 0.53125 1 0.53125 0.5 0.53125 0.5 0.5 1 0.5 0.5 0.5 0.5 0.46875 1 0.46875 0.5 0.46875 0.5 0.4375 1 0.4375 0.5 0.4375 0.5 0.40625 1 0.40625 0.5 0.40625 0.5 0.375 1 0.375 0.5 0.375 0.5 0.34375 1 0.34375 0.5 0.34375 0.5 0.3125 1 0.3125 0.5 0.3125 0.5 0.28125 1 0.28125 0.5 0.28125 0.5 0.25 1 0.25 0.5 0.25 0.5 0.21875 1 0.21875 0.5 0.21875 0.5 0.1875 1 0.1875 0.5 0.1875 0.5 0.15625 1 0.15625 0.5 0.15625 0.5 0.125 1 0.125 0.5 0.125 0.5 0.09375 1 0.09375 0.5 0.09375 0.5 0.0625 1 0.0625 0.5 0.341844 0.02826887 0.4717311 0.1581559 0.341844 0.4717311 0.0625 0.5 0.03125 1 0.03125 0.5 0.03125 0.5 0 1 0 0.5 0.5504473 0.3833369 0.7031784 0.4853885 0.7968217 0.01461154 1 0.5 0.96875 1 0.96875 0.5 0.96875 0.5 0.9375 1 0.9375 0.5 0.9375 0.5 0.90625 1 0.90625 0.5 0.90625 0.5 0.875 1 0.875 0.5 0.875 0.5 0.84375 1 0.84375 0.5 0.84375 0.5 0.8125 1 0.8125 0.5 0.8125 0.5 0.78125 1 0.78125 0.5 0.78125 0.5 0.75 1 0.75 0.5 0.75 0.5 0.71875 1 0.71875 0.5 0.71875 0.5 0.6875 1 0.6875 0.5 0.6875 0.5 0.65625 1 0.65625 0.5 0.65625 0.5 0.625 1 0.625 0.5 0.625 0.5 0.59375 1 0.59375 0.5 0.59375 0.5 0.5625 1 0.5625 0.5 0.5625 0.5 0.53125 1 0.53125 0.5 0.53125 0.5 0.5 1 0.5 0.5 0.5 0.5 0.46875 1 0.46875 0.5 0.46875 0.5 0.4375 1 0.4375 0.5 0.4375 0.5 0.40625 1 0.40625 0.5 0.40625 0.5 0.375 1 0.375 0.5 0.375 0.5 0.34375 1 0.34375 0.5 0.34375 0.5 0.3125 1 0.3125 0.5 0.3125 0.5 0.28125 1 0.28125 0.5 0.28125 0.5 0.25 1 0.25 0.5 0.25 0.5 0.21875 1 0.21875 0.5 0.21875 0.5 0.1875 1 0.1875 0.5 0.1875 0.5 0.15625 1 0.15625 0.5 0.15625 0.5 0.125 1 0.125 0.5 0.125 0.5 0.09375 1 0.09375 0.5 0.09375 0.5 0.0625 1 0.0625 0.5 0.4717311 0.1581559 0.4717311 0.341844 0.341844 0.4717311 0.0625 0.5 0.03125 1 0.03125 0.5 0.03125 0.5 0 1 0 0.5 0.5504473 0.3833369 0.7031784 0.4853885 0.7968217 0.01461154 1 0.5 1 1 0.96875 1 0.96875 0.5 0.96875 1 0.9375 1 0.9375 0.5 0.9375 1 0.90625 1 0.90625 0.5 0.90625 1 0.875 1 0.875 0.5 0.875 1 0.84375 1 0.84375 0.5 0.84375 1 0.8125 1 0.8125 0.5 0.8125 1 0.78125 1 0.78125 0.5 0.78125 1 0.75 1 0.75 0.5 0.75 1 0.71875 1 0.71875 0.5 0.71875 1 0.6875 1 0.6875 0.5 0.6875 1 0.65625 1 0.65625 0.5 0.65625 1 0.625 1 0.625 0.5 0.625 1 0.59375 1 0.59375 0.5 0.59375 1 0.5625 1 0.5625 0.5 0.5625 1 0.53125 1 0.53125 0.5 0.53125 1 0.5 1 0.5 0.5 0.5 1 0.46875 1 0.46875 0.5 0.46875 1 0.4375 1 0.4375 0.5 0.4375 1 0.40625 1 0.40625 0.5 0.40625 1 0.375 1 0.375 0.5 0.375 1 0.34375 1 0.34375 0.5 0.34375 1 0.3125 1 0.3125 0.5 0.3125 1 0.28125 1 0.28125 0.5 0.28125 1 0.25 1 0.25 0.5 0.25 1 0.21875 1 0.21875 0.5 0.21875 1 0.1875 1 0.1875 0.5 0.1875 1 0.15625 1 0.15625 0.5 0.15625 1 0.125 1 0.125 0.5 0.125 1 0.09375 1 0.09375 0.5 0.09375 1 0.0625 1 0.341844 0.4717311 0.2968217 0.4853885 0.25 0.49 0.25 0.49 0.2031783 0.4853885 0.1581559 0.4717311 0.1581559 0.4717311 0.1166631 0.4495527 0.08029437 0.4197056 0.08029437 0.4197056 0.05044728 0.3833369 0.02826887 0.341844 0.02826887 0.341844 0.01461154 0.2968217 0.00999999 0.25 0.00999999 0.25 0.01461154 0.2031783 0.02826887 0.1581559 0.02826887 0.1581559 0.05044728 0.1166631 0.1581559 0.02826887 0.05044728 0.1166631 0.08029437 0.08029437 0.1581559 0.02826887 0.08029437 0.08029437 0.1166631 0.05044728 0.1581559 0.02826887 0.1581559 0.02826887 0.2031783 0.01461154 0.25 0.00999999 0.25 0.00999999 0.2968217 0.01461154 0.1581559 0.02826887 0.2968217 0.01461154 0.341844 0.02826887 0.1581559 0.02826887 0.341844 0.02826887 0.3833369 0.05044728 0.4197056 0.08029437 0.4197056 0.08029437 0.4495527 0.1166631 0.4717311 0.1581559 0.4717311 0.1581559 0.4853885 0.2031783 0.49 0.25 0.49 0.25 0.4853885 0.2968217 0.4717311 0.341844 0.4717311 0.341844 0.4495527 0.3833369 0.4197056 0.4197056 0.4197056 0.4197056 0.3833369 0.4495527 0.341844 0.4717311 0.341844 0.4717311 0.25 0.49 0.02826887 0.341844 0.25 0.49 0.1581559 0.4717311 0.02826887 0.341844 0.1581559 0.4717311 0.08029437 0.4197056 0.02826887 0.341844 0.02826887 0.341844 0.00999999 0.25 0.02826887 0.1581559 0.341844 0.02826887 0.4197056 0.08029437 0.4717311 0.1581559 0.4717311 0.1581559 0.49 0.25 0.4717311 0.341844 0.4717311 0.341844 0.4197056 0.4197056 0.4717311 0.1581559 0.4197056 0.4197056 0.341844 0.4717311 0.4717311 0.1581559 0.02826887 0.341844 0.02826887 0.1581559 0.1581559 0.02826887 0.1581559 0.02826887 0.341844 0.02826887 0.4717311 0.1581559 0.341844 0.4717311 0.02826887 0.341844 0.4717311 0.1581559 0.0625 0.5 0.0625 1 0.03125 1 0.03125 0.5 0.03125 1 0 1 0.7031784 0.4853885 0.75 0.49 0.8833369 0.4495527 0.75 0.49 0.7968217 0.4853885 0.8833369 0.4495527 0.7968217 0.4853885 0.841844 0.4717311 0.8833369 0.4495527 0.8833369 0.4495527 0.9197056 0.4197056 0.9853885 0.2968217 0.9197056 0.4197056 0.9495527 0.3833369 0.9853885 0.2968217 0.9495527 0.3833369 0.9717311 0.341844 0.9853885 0.2968217 0.9853885 0.2968217 0.99 0.25 0.9495527 0.1166631 0.99 0.25 0.9853885 0.2031783 0.9495527 0.1166631 0.9853885 0.2031783 0.9717311 0.1581559 0.9495527 0.1166631 0.9495527 0.1166631 0.9197056 0.08029437 0.8833369 0.05044728 0.8833369 0.05044728 0.841844 0.02826887 0.9495527 0.1166631 0.841844 0.02826887 0.7968217 0.01461154 0.9495527 0.1166631 0.7968217 0.01461154 0.75 0.00999999 0.7031784 0.01461154 0.7031784 0.01461154 0.658156 0.02826887 0.6166632 0.05044728 0.6166632 0.05044728 0.5802944 0.08029437 0.5504473 0.1166631 0.5504473 0.1166631 0.5282689 0.1581559 0.6166632 0.05044728 0.5282689 0.1581559 0.5146116 0.2031783 0.6166632 0.05044728 0.5146116 0.2031783 0.51 0.25 0.5146116 0.2968217 0.5146116 0.2968217 0.5282689 0.341844 0.5146116 0.2031783 0.5282689 0.341844 0.5504473 0.3833369 0.5146116 0.2031783 0.5504473 0.3833369 0.5802944 0.4197056 0.7031784 0.4853885 0.5802944 0.4197056 0.6166632 0.4495527 0.7031784 0.4853885 0.6166632 0.4495527 0.658156 0.4717311 0.7031784 0.4853885 0.7968217 0.01461154 0.7031784 0.01461154 0.5146116 0.2031783 0.7031784 0.01461154 0.6166632 0.05044728 0.5146116 0.2031783 0.7031784 0.4853885 0.8833369 0.4495527 0.9853885 0.2968217 0.9853885 0.2968217 0.9495527 0.1166631 0.7968217 0.01461154 0.5146116 0.2031783 0.5504473 0.3833369 0.7031784 0.4853885 0.7031784 0.4853885 0.9853885 0.2968217 0.7968217 0.01461154 1 0.5 1 1 0.96875 1 0.96875 0.5 0.96875 1 0.9375 1 0.9375 0.5 0.9375 1 0.90625 1 0.90625 0.5 0.90625 1 0.875 1 0.875 0.5 0.875 1 0.84375 1 0.84375 0.5 0.84375 1 0.8125 1 0.8125 0.5 0.8125 1 0.78125 1 0.78125 0.5 0.78125 1 0.75 1 0.75 0.5 0.75 1 0.71875 1 0.71875 0.5 0.71875 1 0.6875 1 0.6875 0.5 0.6875 1 0.65625 1 0.65625 0.5 0.65625 1 0.625 1 0.625 0.5 0.625 1 0.59375 1 0.59375 0.5 0.59375 1 0.5625 1 0.5625 0.5 0.5625 1 0.53125 1 0.53125 0.5 0.53125 1 0.5 1 0.5 0.5 0.5 1 0.46875 1 0.46875 0.5 0.46875 1 0.4375 1 0.4375 0.5 0.4375 1 0.40625 1 0.40625 0.5 0.40625 1 0.375 1 0.375 0.5 0.375 1 0.34375 1 0.34375 0.5 0.34375 1 0.3125 1 0.3125 0.5 0.3125 1 0.28125 1 0.28125 0.5 0.28125 1 0.25 1 0.25 0.5 0.25 1 0.21875 1 0.21875 0.5 0.21875 1 0.1875 1 0.1875 0.5 0.1875 1 0.15625 1 0.15625 0.5 0.15625 1 0.125 1 0.125 0.5 0.125 1 0.09375 1 0.09375 0.5 0.09375 1 0.0625 1 0.341844 0.4717311 0.2968217 0.4853885 0.25 0.49 0.25 0.49 0.2031783 0.4853885 0.341844 0.4717311 0.2031783 0.4853885 0.1581559 0.4717311 0.341844 0.4717311 0.1581559 0.4717311 0.1166631 0.4495527 0.08029437 0.4197056 0.08029437 0.4197056 0.05044728 0.3833369 0.02826887 0.341844 0.02826887 0.341844 0.01461154 0.2968217 0.00999999 0.25 0.00999999 0.25 0.01461154 0.2031783 0.02826887 0.1581559 0.02826887 0.1581559 0.05044728 0.1166631 0.1581559 0.02826887 0.05044728 0.1166631 0.08029437 0.08029437 0.1581559 0.02826887 0.08029437 0.08029437 0.1166631 0.05044728 0.1581559 0.02826887 0.1581559 0.02826887 0.2031783 0.01461154 0.25 0.00999999 0.25 0.00999999 0.2968217 0.01461154 0.341844 0.02826887 0.341844 0.02826887 0.3833369 0.05044728 0.4197056 0.08029437 0.4197056 0.08029437 0.4495527 0.1166631 0.4717311 0.1581559 0.4717311 0.1581559 0.4853885 0.2031783 0.49 0.25 0.49 0.25 0.4853885 0.2968217 0.4717311 0.1581559 0.4853885 0.2968217 0.4717311 0.341844 0.4717311 0.1581559 0.4717311 0.341844 0.4495527 0.3833369 0.4197056 0.4197056 0.4197056 0.4197056 0.3833369 0.4495527 0.341844 0.4717311 0.1581559 0.4717311 0.08029437 0.4197056 0.341844 0.4717311 0.08029437 0.4197056 0.02826887 0.341844 0.341844 0.4717311 0.02826887 0.341844 0.00999999 0.25 0.02826887 0.1581559 0.1581559 0.02826887 0.25 0.00999999 0.4717311 0.1581559 0.25 0.00999999 0.341844 0.02826887 0.4717311 0.1581559 0.341844 0.02826887 0.4197056 0.08029437 0.4717311 0.1581559 0.4717311 0.341844 0.4197056 0.4197056 0.341844 0.4717311 0.02826887 0.341844 0.02826887 0.1581559 0.341844 0.4717311 0.02826887 0.1581559 0.1581559 0.02826887 0.341844 0.4717311 0.4717311 0.1581559 0.4717311 0.341844 0.1581559 0.02826887 0.0625 0.5 0.0625 1 0.03125 1 0.03125 0.5 0.03125 1 0 1 0.7031784 0.4853885 0.75 0.49 0.7968217 0.4853885 0.7968217 0.4853885 0.841844 0.4717311 0.8833369 0.4495527 0.8833369 0.4495527 0.9197056 0.4197056 0.9495527 0.3833369 0.9495527 0.3833369 0.9717311 0.341844 0.8833369 0.4495527 0.9717311 0.341844 0.9853885 0.2968217 0.8833369 0.4495527 0.9853885 0.2968217 0.99 0.25 0.9853885 0.2031783 0.9853885 0.2031783 0.9717311 0.1581559 0.9853885 0.2968217 0.9717311 0.1581559 0.9495527 0.1166631 0.9853885 0.2968217 0.9495527 0.1166631 0.9197056 0.08029437 0.8833369 0.05044728 0.8833369 0.05044728 0.841844 0.02826887 0.7968217 0.01461154 0.7968217 0.01461154 0.75 0.00999999 0.6166632 0.05044728 0.75 0.00999999 0.7031784 0.01461154 0.6166632 0.05044728 0.7031784 0.01461154 0.658156 0.02826887 0.6166632 0.05044728 0.6166632 0.05044728 0.5802944 0.08029437 0.5146116 0.2031783 0.5802944 0.08029437 0.5504473 0.1166631 0.5146116 0.2031783 0.5504473 0.1166631 0.5282689 0.1581559 0.5146116 0.2031783 0.5146116 0.2031783 0.51 0.25 0.5504473 0.3833369 0.51 0.25 0.5146116 0.2968217 0.5504473 0.3833369 0.5146116 0.2968217 0.5282689 0.341844 0.5504473 0.3833369 0.5504473 0.3833369 0.5802944 0.4197056 0.6166632 0.4495527 0.6166632 0.4495527 0.658156 0.4717311 0.7031784 0.4853885 0.7031784 0.4853885 0.7968217 0.4853885 0.8833369 0.4495527 0.9495527 0.1166631 0.8833369 0.05044728 0.7968217 0.01461154 0.5504473 0.3833369 0.6166632 0.4495527 0.7031784 0.4853885 0.7031784 0.4853885 0.8833369 0.4495527 0.9853885 0.2968217 0.9853885 0.2968217 0.9495527 0.1166631 0.7031784 0.4853885 0.9495527 0.1166631 0.7968217 0.01461154 0.7031784 0.4853885 0.7968217 0.01461154 0.6166632 0.05044728 0.5146116 0.2031783 0.5146116 0.2031783 0.5504473 0.3833369 0.7968217 0.01461154 0.625 0.5 0.875 0.5 0.875 0.75 0.375 0.75 0.625 0.75 0.625 1 0.375 0 0.625 0 0.625 0.25 0.125 0.5 0.375 0.5 0.375 0.75 0.375 0.5 0.625 0.5 0.625 0.75 0.375 0.25 0.625 0.25 0.625 0.5 1 0.5 1 1 0.96875 1 0.96875 0.5 0.96875 1 0.9375 1 0.9375 0.5 0.9375 1 0.90625 1 0.90625 0.5 0.90625 1 0.875 1 0.875 0.5 0.875 1 0.84375 1 0.84375 0.5 0.84375 1 0.8125 1 0.8125 0.5 0.8125 1 0.78125 1 0.78125 0.5 0.78125 1 0.75 1 0.75 0.5 0.75 1 0.71875 1 0.71875 0.5 0.71875 1 0.6875 1 0.6875 0.5 0.6875 1 0.65625 1 0.65625 0.5 0.65625 1 0.625 1 0.625 0.5 0.625 1 0.59375 1 0.59375 0.5 0.59375 1 0.5625 1 0.5625 0.5 0.5625 1 0.53125 1 0.53125 0.5 0.53125 1 0.5 1 0.5 0.5 0.5 1 0.46875 1 0.46875 0.5 0.46875 1 0.4375 1 0.4375 0.5 0.4375 1 0.40625 1 0.40625 0.5 0.40625 1 0.375 1 0.375 0.5 0.375 1 0.34375 1 0.34375 0.5 0.34375 1 0.3125 1 0.3125 0.5 0.3125 1 0.28125 1 0.28125 0.5 0.28125 1 0.25 1 0.25 0.5 0.25 1 0.21875 1 0.21875 0.5 0.21875 1 0.1875 1 0.1875 0.5 0.1875 1 0.15625 1 0.15625 0.5 0.15625 1 0.125 1 0.125 0.5 0.125 1 0.09375 1 0.09375 0.5 0.09375 1 0.0625 1 0.341844 0.4717311 0.2968217 0.4853885 0.1581559 0.4717311 0.2968217 0.4853885 0.25 0.49 0.1581559 0.4717311 0.25 0.49 0.2031783 0.4853885 0.1581559 0.4717311 0.1581559 0.4717311 0.1166631 0.4495527 0.02826887 0.341844 0.1166631 0.4495527 0.08029437 0.4197056 0.02826887 0.341844 0.08029437 0.4197056 0.05044728 0.3833369 0.02826887 0.341844 0.02826887 0.341844 0.01461154 0.2968217 0.00999999 0.25 0.00999999 0.25 0.01461154 0.2031783 0.02826887 0.341844 0.01461154 0.2031783 0.02826887 0.1581559 0.02826887 0.341844 0.02826887 0.1581559 0.05044728 0.1166631 0.08029437 0.08029437 0.08029437 0.08029437 0.1166631 0.05044728 0.02826887 0.1581559 0.1166631 0.05044728 0.1581559 0.02826887 0.02826887 0.1581559 0.1581559 0.02826887 0.2031783 0.01461154 0.25 0.00999999 0.25 0.00999999 0.2968217 0.01461154 0.1581559 0.02826887 0.2968217 0.01461154 0.341844 0.02826887 0.1581559 0.02826887 0.341844 0.02826887 0.3833369 0.05044728 0.4717311 0.1581559 0.3833369 0.05044728 0.4197056 0.08029437 0.4717311 0.1581559 0.4197056 0.08029437 0.4495527 0.1166631 0.4717311 0.1581559 0.4717311 0.1581559 0.4853885 0.2031783 0.49 0.25 0.49 0.25 0.4853885 0.2968217 0.4717311 0.1581559 0.4853885 0.2968217 0.4717311 0.341844 0.4717311 0.1581559 0.4717311 0.341844 0.4495527 0.3833369 0.4197056 0.4197056 0.4197056 0.4197056 0.3833369 0.4495527 0.341844 0.4717311 0.4717311 0.341844 0.4197056 0.4197056 0.4717311 0.1581559 0.4197056 0.4197056 0.341844 0.4717311 0.4717311 0.1581559 0.341844 0.4717311 0.1581559 0.4717311 0.02826887 0.341844 0.02826887 0.341844 0.02826887 0.1581559 0.1581559 0.02826887 0.1581559 0.02826887 0.341844 0.02826887 0.4717311 0.1581559 0.341844 0.4717311 0.02826887 0.341844 0.4717311 0.1581559 0.0625 0.5 0.0625 1 0.03125 1 0.03125 0.5 0.03125 1 0 1 0.7031784 0.4853885 0.75 0.49 0.8833369 0.4495527 0.75 0.49 0.7968217 0.4853885 0.8833369 0.4495527 0.7968217 0.4853885 0.841844 0.4717311 0.8833369 0.4495527 0.8833369 0.4495527 0.9197056 0.4197056 0.9853885 0.2968217 0.9197056 0.4197056 0.9495527 0.3833369 0.9853885 0.2968217 0.9495527 0.3833369 0.9717311 0.341844 0.9853885 0.2968217 0.9853885 0.2968217 0.99 0.25 0.9853885 0.2031783 0.9853885 0.2031783 0.9717311 0.1581559 0.9853885 0.2968217 0.9717311 0.1581559 0.9495527 0.1166631 0.9853885 0.2968217 0.9495527 0.1166631 0.9197056 0.08029437 0.8833369 0.05044728 0.8833369 0.05044728 0.841844 0.02826887 0.7968217 0.01461154 0.7968217 0.01461154 0.75 0.00999999 0.6166632 0.05044728 0.75 0.00999999 0.7031784 0.01461154 0.6166632 0.05044728 0.7031784 0.01461154 0.658156 0.02826887 0.6166632 0.05044728 0.6166632 0.05044728 0.5802944 0.08029437 0.5504473 0.1166631 0.5504473 0.1166631 0.5282689 0.1581559 0.6166632 0.05044728 0.5282689 0.1581559 0.5146116 0.2031783 0.6166632 0.05044728 0.5146116 0.2031783 0.51 0.25 0.5146116 0.2968217 0.5146116 0.2968217 0.5282689 0.341844 0.5504473 0.3833369 0.5504473 0.3833369 0.5802944 0.4197056 0.6166632 0.4495527 0.6166632 0.4495527 0.658156 0.4717311 0.7031784 0.4853885 0.9495527 0.1166631 0.8833369 0.05044728 0.9853885 0.2968217 0.8833369 0.05044728 0.7968217 0.01461154 0.9853885 0.2968217 0.5146116 0.2031783 0.5146116 0.2968217 0.5504473 0.3833369 0.5504473 0.3833369 0.6166632 0.4495527 0.5146116 0.2031783 0.6166632 0.4495527 0.7031784 0.4853885 0.5146116 0.2031783 0.7031784 0.4853885 0.8833369 0.4495527 0.7968217 0.01461154 0.8833369 0.4495527 0.9853885 0.2968217 0.7968217 0.01461154 0.7968217 0.01461154 0.6166632 0.05044728 0.7031784 0.4853885 1 0.5 1 1 0.96875 1 0.96875 0.5 0.96875 1 0.9375 1 0.9375 0.5 0.9375 1 0.90625 1 0.90625 0.5 0.90625 1 0.875 1 0.875 0.5 0.875 1 0.84375 1 0.84375 0.5 0.84375 1 0.8125 1 0.8125 0.5 0.8125 1 0.78125 1 0.78125 0.5 0.78125 1 0.75 1 0.75 0.5 0.75 1 0.71875 1 0.71875 0.5 0.71875 1 0.6875 1 0.6875 0.5 0.6875 1 0.65625 1 0.65625 0.5 0.65625 1 0.625 1 0.625 0.5 0.625 1 0.59375 1 0.59375 0.5 0.59375 1 0.5625 1 0.5625 0.5 0.5625 1 0.53125 1 0.53125 0.5 0.53125 1 0.5 1 0.5 0.5 0.5 1 0.46875 1 0.46875 0.5 0.46875 1 0.4375 1 0.4375 0.5 0.4375 1 0.40625 1 0.40625 0.5 0.40625 1 0.375 1 0.375 0.5 0.375 1 0.34375 1 0.34375 0.5 0.34375 1 0.3125 1 0.3125 0.5 0.3125 1 0.28125 1 0.28125 0.5 0.28125 1 0.25 1 0.25 0.5 0.25 1 0.21875 1 0.21875 0.5 0.21875 1 0.1875 1 0.1875 0.5 0.1875 1 0.15625 1 0.15625 0.5 0.15625 1 0.125 1 0.125 0.5 0.125 1 0.09375 1 0.09375 0.5 0.09375 1 0.0625 1 0.341844 0.4717311 0.2968217 0.4853885 0.25 0.49 0.25 0.49 0.2031783 0.4853885 0.1581559 0.4717311 0.1581559 0.4717311 0.1166631 0.4495527 0.08029437 0.4197056 0.08029437 0.4197056 0.05044728 0.3833369 0.1581559 0.4717311 0.05044728 0.3833369 0.02826887 0.341844 0.1581559 0.4717311 0.02826887 0.341844 0.01461154 0.2968217 0.00999999 0.25 0.00999999 0.25 0.01461154 0.2031783 0.02826887 0.1581559 0.02826887 0.1581559 0.05044728 0.1166631 0.08029437 0.08029437 0.08029437 0.08029437 0.1166631 0.05044728 0.02826887 0.1581559 0.1166631 0.05044728 0.1581559 0.02826887 0.02826887 0.1581559 0.1581559 0.02826887 0.2031783 0.01461154 0.25 0.00999999 0.25 0.00999999 0.2968217 0.01461154 0.341844 0.02826887 0.341844 0.02826887 0.3833369 0.05044728 0.4197056 0.08029437 0.4197056 0.08029437 0.4495527 0.1166631 0.4717311 0.1581559 0.4717311 0.1581559 0.4853885 0.2031783 0.49 0.25 0.49 0.25 0.4853885 0.2968217 0.4717311 0.1581559 0.4853885 0.2968217 0.4717311 0.341844 0.4717311 0.1581559 0.4717311 0.341844 0.4495527 0.3833369 0.4197056 0.4197056 0.4197056 0.4197056 0.3833369 0.4495527 0.341844 0.4717311 0.341844 0.4717311 0.25 0.49 0.1581559 0.4717311 0.02826887 0.341844 0.00999999 0.25 0.1581559 0.02826887 0.00999999 0.25 0.02826887 0.1581559 0.1581559 0.02826887 0.1581559 0.02826887 0.25 0.00999999 0.341844 0.02826887 0.341844 0.02826887 0.4197056 0.08029437 0.1581559 0.02826887 0.4197056 0.08029437 0.4717311 0.1581559 0.1581559 0.02826887 0.4717311 0.341844 0.4197056 0.4197056 0.4717311 0.1581559 0.4197056 0.4197056 0.341844 0.4717311 0.4717311 0.1581559 0.341844 0.4717311 0.1581559 0.4717311 0.02826887 0.341844 0.341844 0.4717311 0.02826887 0.341844 0.1581559 0.02826887 0.0625 0.5 0.0625 1 0.03125 1 0.03125 0.5 0.03125 1 0 1 0.7031784 0.4853885 0.75 0.49 0.7968217 0.4853885 0.7968217 0.4853885 0.841844 0.4717311 0.7031784 0.4853885 0.841844 0.4717311 0.8833369 0.4495527 0.7031784 0.4853885 0.8833369 0.4495527 0.9197056 0.4197056 0.9495527 0.3833369 0.9495527 0.3833369 0.9717311 0.341844 0.9853885 0.2968217 0.9853885 0.2968217 0.99 0.25 0.9853885 0.2031783 0.9853885 0.2031783 0.9717311 0.1581559 0.9495527 0.1166631 0.9495527 0.1166631 0.9197056 0.08029437 0.7968217 0.01461154 0.9197056 0.08029437 0.8833369 0.05044728 0.7968217 0.01461154 0.8833369 0.05044728 0.841844 0.02826887 0.7968217 0.01461154 0.7968217 0.01461154 0.75 0.00999999 0.7031784 0.01461154 0.7031784 0.01461154 0.658156 0.02826887 0.6166632 0.05044728 0.6166632 0.05044728 0.5802944 0.08029437 0.5146116 0.2031783 0.5802944 0.08029437 0.5504473 0.1166631 0.5146116 0.2031783 0.5504473 0.1166631 0.5282689 0.1581559 0.5146116 0.2031783 0.5146116 0.2031783 0.51 0.25 0.5146116 0.2968217 0.5146116 0.2968217 0.5282689 0.341844 0.5504473 0.3833369 0.5504473 0.3833369 0.5802944 0.4197056 0.6166632 0.4495527 0.6166632 0.4495527 0.658156 0.4717311 0.5504473 0.3833369 0.658156 0.4717311 0.7031784 0.4853885 0.5504473 0.3833369 0.8833369 0.4495527 0.9495527 0.3833369 0.7031784 0.4853885 0.9495527 0.3833369 0.9853885 0.2968217 0.7031784 0.4853885 0.9853885 0.2968217 0.9853885 0.2031783 0.7968217 0.01461154 0.9853885 0.2031783 0.9495527 0.1166631 0.7968217 0.01461154 0.7968217 0.01461154 0.7031784 0.01461154 0.5146116 0.2031783 0.7031784 0.01461154 0.6166632 0.05044728 0.5146116 0.2031783 0.5146116 0.2031783 0.5146116 0.2968217 0.7031784 0.4853885 0.5146116 0.2968217 0.5504473 0.3833369 0.7031784 0.4853885 0.7031784 0.4853885 0.9853885 0.2968217 0.5146116 0.2031783 1 0.5 1 1 0.96875 1 0.96875 0.5 0.96875 1 0.9375 1 0.9375 0.5 0.9375 1 0.90625 1 0.90625 0.5 0.90625 1 0.875 1 0.875 0.5 0.875 1 0.84375 1 0.84375 0.5 0.84375 1 0.8125 1 0.8125 0.5 0.8125 1 0.78125 1 0.78125 0.5 0.78125 1 0.75 1 0.75 0.5 0.75 1 0.71875 1 0.71875 0.5 0.71875 1 0.6875 1 0.6875 0.5 0.6875 1 0.65625 1 0.65625 0.5 0.65625 1 0.625 1 0.625 0.5 0.625 1 0.59375 1 0.59375 0.5 0.59375 1 0.5625 1 0.5625 0.5 0.5625 1 0.53125 1 0.53125 0.5 0.53125 1 0.5 1 0.5 0.5 0.5 1 0.46875 1 0.46875 0.5 0.46875 1 0.4375 1 0.4375 0.5 0.4375 1 0.40625 1 0.40625 0.5 0.40625 1 0.375 1 0.375 0.5 0.375 1 0.34375 1 0.34375 0.5 0.34375 1 0.3125 1 0.3125 0.5 0.3125 1 0.28125 1 0.28125 0.5 0.28125 1 0.25 1 0.25 0.5 0.25 1 0.21875 1 0.21875 0.5 0.21875 1 0.1875 1 0.1875 0.5 0.1875 1 0.15625 1 0.15625 0.5 0.15625 1 0.125 1 0.125 0.5 0.125 1 0.09375 1 0.09375 0.5 0.09375 1 0.0625 1 0.341844 0.4717311 0.2968217 0.4853885 0.25 0.49 0.25 0.49 0.2031783 0.4853885 0.341844 0.4717311 0.2031783 0.4853885 0.1581559 0.4717311 0.341844 0.4717311 0.1581559 0.4717311 0.1166631 0.4495527 0.08029437 0.4197056 0.08029437 0.4197056 0.05044728 0.3833369 0.02826887 0.341844 0.02826887 0.341844 0.01461154 0.2968217 0.00999999 0.25 0.00999999 0.25 0.01461154 0.2031783 0.02826887 0.341844 0.01461154 0.2031783 0.02826887 0.1581559 0.02826887 0.341844 0.02826887 0.1581559 0.05044728 0.1166631 0.08029437 0.08029437 0.08029437 0.08029437 0.1166631 0.05044728 0.1581559 0.02826887 0.1581559 0.02826887 0.2031783 0.01461154 0.25 0.00999999 0.25 0.00999999 0.2968217 0.01461154 0.341844 0.02826887 0.341844 0.02826887 0.3833369 0.05044728 0.4197056 0.08029437 0.4197056 0.08029437 0.4495527 0.1166631 0.341844 0.02826887 0.4495527 0.1166631 0.4717311 0.1581559 0.341844 0.02826887 0.4717311 0.1581559 0.4853885 0.2031783 0.49 0.25 0.49 0.25 0.4853885 0.2968217 0.4717311 0.341844 0.4717311 0.341844 0.4495527 0.3833369 0.4197056 0.4197056 0.4197056 0.4197056 0.3833369 0.4495527 0.341844 0.4717311 0.1581559 0.4717311 0.08029437 0.4197056 0.341844 0.4717311 0.08029437 0.4197056 0.02826887 0.341844 0.341844 0.4717311 0.02826887 0.1581559 0.08029437 0.08029437 0.02826887 0.341844 0.08029437 0.08029437 0.1581559 0.02826887 0.02826887 0.341844 0.1581559 0.02826887 0.25 0.00999999 0.341844 0.02826887 0.4717311 0.1581559 0.49 0.25 0.4717311 0.341844 0.4717311 0.341844 0.4197056 0.4197056 0.4717311 0.1581559 0.4197056 0.4197056 0.341844 0.4717311 0.4717311 0.1581559 0.1581559 0.02826887 0.341844 0.02826887 0.341844 0.4717311 0.341844 0.02826887 0.4717311 0.1581559 0.341844 0.4717311 0.0625 0.5 0.0625 1 0.03125 1 0.03125 0.5 0.03125 1 0 1 0.7031784 0.4853885 0.75 0.49 0.7968217 0.4853885 0.7968217 0.4853885 0.841844 0.4717311 0.7031784 0.4853885 0.841844 0.4717311 0.8833369 0.4495527 0.7031784 0.4853885 0.8833369 0.4495527 0.9197056 0.4197056 0.9853885 0.2968217 0.9197056 0.4197056 0.9495527 0.3833369 0.9853885 0.2968217 0.9495527 0.3833369 0.9717311 0.341844 0.9853885 0.2968217 0.9853885 0.2968217 0.99 0.25 0.9853885 0.2031783 0.9853885 0.2031783 0.9717311 0.1581559 0.9495527 0.1166631 0.9495527 0.1166631 0.9197056 0.08029437 0.7968217 0.01461154 0.9197056 0.08029437 0.8833369 0.05044728 0.7968217 0.01461154 0.8833369 0.05044728 0.841844 0.02826887 0.7968217 0.01461154 0.7968217 0.01461154 0.75 0.00999999 0.7031784 0.01461154 0.7031784 0.01461154 0.658156 0.02826887 0.6166632 0.05044728 0.6166632 0.05044728 0.5802944 0.08029437 0.5146116 0.2031783 0.5802944 0.08029437 0.5504473 0.1166631 0.5146116 0.2031783 0.5504473 0.1166631 0.5282689 0.1581559 0.5146116 0.2031783 0.5146116 0.2031783 0.51 0.25 0.5504473 0.3833369 0.51 0.25 0.5146116 0.2968217 0.5504473 0.3833369 0.5146116 0.2968217 0.5282689 0.341844 0.5504473 0.3833369 0.5504473 0.3833369 0.5802944 0.4197056 0.6166632 0.4495527 0.6166632 0.4495527 0.658156 0.4717311 0.5504473 0.3833369 0.658156 0.4717311 0.7031784 0.4853885 0.5504473 0.3833369 0.9853885 0.2968217 0.9853885 0.2031783 0.7968217 0.01461154 0.9853885 0.2031783 0.9495527 0.1166631 0.7968217 0.01461154 0.7968217 0.01461154 0.7031784 0.01461154 0.5146116 0.2031783 0.7031784 0.01461154 0.6166632 0.05044728 0.5146116 0.2031783 0.7031784 0.4853885 0.8833369 0.4495527 0.9853885 0.2968217 0.5146116 0.2031783 0.5504473 0.3833369 0.7031784 0.4853885 0.7031784 0.4853885 0.9853885 0.2968217 0.5146116 0.2031783 1 0.5 1 1 0.96875 1 0.96875 0.5 0.96875 1 0.9375 1 0.9375 0.5 0.9375 1 0.90625 1 0.90625 0.5 0.90625 1 0.875 1 0.875 0.5 0.875 1 0.84375 1 0.84375 0.5 0.84375 1 0.8125 1 0.8125 0.5 0.8125 1 0.78125 1 0.78125 0.5 0.78125 1 0.75 1 0.75 0.5 0.75 1 0.71875 1 0.71875 0.5 0.71875 1 0.6875 1 0.6875 0.5 0.6875 1 0.65625 1 0.65625 0.5 0.65625 1 0.625 1 0.625 0.5 0.625 1 0.59375 1 0.59375 0.5 0.59375 1 0.5625 1 0.5625 0.5 0.5625 1 0.53125 1 0.53125 0.5 0.53125 1 0.5 1 0.5 0.5 0.5 1 0.46875 1 0.46875 0.5 0.46875 1 0.4375 1 0.4375 0.5 0.4375 1 0.40625 1 0.40625 0.5 0.40625 1 0.375 1 0.375 0.5 0.375 1 0.34375 1 0.34375 0.5 0.34375 1 0.3125 1 0.3125 0.5 0.3125 1 0.28125 1 0.28125 0.5 0.28125 1 0.25 1 0.25 0.5 0.25 1 0.21875 1 0.21875 0.5 0.21875 1 0.1875 1 0.1875 0.5 0.1875 1 0.15625 1 0.15625 0.5 0.15625 1 0.125 1 0.125 0.5 0.125 1 0.09375 1 0.09375 0.5 0.09375 1 0.0625 1 0.341844 0.4717311 0.2968217 0.4853885 0.25 0.49 0.25 0.49 0.2031783 0.4853885 0.1581559 0.4717311 0.1581559 0.4717311 0.1166631 0.4495527 0.02826887 0.341844 0.1166631 0.4495527 0.08029437 0.4197056 0.02826887 0.341844 0.08029437 0.4197056 0.05044728 0.3833369 0.02826887 0.341844 0.02826887 0.341844 0.01461154 0.2968217 0.00999999 0.25 0.00999999 0.25 0.01461154 0.2031783 0.02826887 0.1581559 0.02826887 0.1581559 0.05044728 0.1166631 0.08029437 0.08029437 0.08029437 0.08029437 0.1166631 0.05044728 0.02826887 0.1581559 0.1166631 0.05044728 0.1581559 0.02826887 0.02826887 0.1581559 0.1581559 0.02826887 0.2031783 0.01461154 0.341844 0.02826887 0.2031783 0.01461154 0.25 0.00999999 0.341844 0.02826887 0.25 0.00999999 0.2968217 0.01461154 0.341844 0.02826887 0.341844 0.02826887 0.3833369 0.05044728 0.4717311 0.1581559 0.3833369 0.05044728 0.4197056 0.08029437 0.4717311 0.1581559 0.4197056 0.08029437 0.4495527 0.1166631 0.4717311 0.1581559 0.4717311 0.1581559 0.4853885 0.2031783 0.49 0.25 0.49 0.25 0.4853885 0.2968217 0.4717311 0.1581559 0.4853885 0.2968217 0.4717311 0.341844 0.4717311 0.1581559 0.4717311 0.341844 0.4495527 0.3833369 0.4197056 0.4197056 0.4197056 0.4197056 0.3833369 0.4495527 0.4717311 0.341844 0.3833369 0.4495527 0.341844 0.4717311 0.4717311 0.341844 0.341844 0.4717311 0.25 0.49 0.02826887 0.341844 0.25 0.49 0.1581559 0.4717311 0.02826887 0.341844 0.02826887 0.341844 0.00999999 0.25 0.02826887 0.1581559 0.02826887 0.341844 0.02826887 0.1581559 0.1581559 0.02826887 0.1581559 0.02826887 0.341844 0.02826887 0.4717311 0.1581559 0.4717311 0.1581559 0.4717311 0.341844 0.341844 0.4717311 0.341844 0.4717311 0.02826887 0.341844 0.4717311 0.1581559 0.0625 0.5 0.0625 1 0.03125 1 0.03125 0.5 0.03125 1 0 1 0.7031784 0.4853885 0.75 0.49 0.8833369 0.4495527 0.75 0.49 0.7968217 0.4853885 0.8833369 0.4495527 0.7968217 0.4853885 0.841844 0.4717311 0.8833369 0.4495527 0.8833369 0.4495527 0.9197056 0.4197056 0.9495527 0.3833369 0.9495527 0.3833369 0.9717311 0.341844 0.8833369 0.4495527 0.9717311 0.341844 0.9853885 0.2968217 0.8833369 0.4495527 0.9853885 0.2968217 0.99 0.25 0.9853885 0.2031783 0.9853885 0.2031783 0.9717311 0.1581559 0.9853885 0.2968217 0.9717311 0.1581559 0.9495527 0.1166631 0.9853885 0.2968217 0.9495527 0.1166631 0.9197056 0.08029437 0.8833369 0.05044728 0.8833369 0.05044728 0.841844 0.02826887 0.7968217 0.01461154 0.7968217 0.01461154 0.75 0.00999999 0.7031784 0.01461154 0.7031784 0.01461154 0.658156 0.02826887 0.6166632 0.05044728 0.6166632 0.05044728 0.5802944 0.08029437 0.5504473 0.1166631 0.5504473 0.1166631 0.5282689 0.1581559 0.6166632 0.05044728 0.5282689 0.1581559 0.5146116 0.2031783 0.6166632 0.05044728 0.5146116 0.2031783 0.51 0.25 0.5146116 0.2968217 0.5146116 0.2968217 0.5282689 0.341844 0.5146116 0.2031783 0.5282689 0.341844 0.5504473 0.3833369 0.5146116 0.2031783 0.5504473 0.3833369 0.5802944 0.4197056 0.6166632 0.4495527 0.6166632 0.4495527 0.658156 0.4717311 0.7031784 0.4853885 0.9495527 0.1166631 0.8833369 0.05044728 0.9853885 0.2968217 0.8833369 0.05044728 0.7968217 0.01461154 0.9853885 0.2968217 0.7968217 0.01461154 0.7031784 0.01461154 0.6166632 0.05044728 0.5504473 0.3833369 0.6166632 0.4495527 0.5146116 0.2031783 0.6166632 0.4495527 0.7031784 0.4853885 0.5146116 0.2031783 0.7031784 0.4853885 0.8833369 0.4495527 0.7968217 0.01461154 0.8833369 0.4495527 0.9853885 0.2968217 0.7968217 0.01461154 0.7968217 0.01461154 0.6166632 0.05044728 0.7031784 0.4853885 1 0.5 1 1 0.96875 1 0.96875 0.5 0.96875 1 0.9375 1 0.9375 0.5 0.9375 1 0.90625 1 0.90625 0.5 0.90625 1 0.875 1 0.875 0.5 0.875 1 0.84375 1 0.84375 0.5 0.84375 1 0.8125 1 0.8125 0.5 0.8125 1 0.78125 1 0.78125 0.5 0.78125 1 0.75 1 0.75 0.5 0.75 1 0.71875 1 0.71875 0.5 0.71875 1 0.6875 1 0.6875 0.5 0.6875 1 0.65625 1 0.65625 0.5 0.65625 1 0.625 1 0.625 0.5 0.625 1 0.59375 1 0.59375 0.5 0.59375 1 0.5625 1 0.5625 0.5 0.5625 1 0.53125 1 0.53125 0.5 0.53125 1 0.5 1 0.5 0.5 0.5 1 0.46875 1 0.46875 0.5 0.46875 1 0.4375 1 0.4375 0.5 0.4375 1 0.40625 1 0.40625 0.5 0.40625 1 0.375 1 0.375 0.5 0.375 1 0.34375 1 0.34375 0.5 0.34375 1 0.3125 1 0.3125 0.5 0.3125 1 0.28125 1 0.28125 0.5 0.28125 1 0.25 1 0.25 0.5 0.25 1 0.21875 1 0.21875 0.5 0.21875 1 0.1875 1 0.1875 0.5 0.1875 1 0.15625 1 0.15625 0.5 0.15625 1 0.125 1 0.125 0.5 0.125 1 0.09375 1 0.09375 0.5 0.09375 1 0.0625 1 0.341844 0.4717311 0.2968217 0.4853885 0.1581559 0.4717311 0.2968217 0.4853885 0.25 0.49 0.1581559 0.4717311 0.25 0.49 0.2031783 0.4853885 0.1581559 0.4717311 0.1581559 0.4717311 0.1166631 0.4495527 0.08029437 0.4197056 0.08029437 0.4197056 0.05044728 0.3833369 0.1581559 0.4717311 0.05044728 0.3833369 0.02826887 0.341844 0.1581559 0.4717311 0.02826887 0.341844 0.01461154 0.2968217 0.02826887 0.1581559 0.01461154 0.2968217 0.00999999 0.25 0.02826887 0.1581559 0.00999999 0.25 0.01461154 0.2031783 0.02826887 0.1581559 0.02826887 0.1581559 0.05044728 0.1166631 0.1581559 0.02826887 0.05044728 0.1166631 0.08029437 0.08029437 0.1581559 0.02826887 0.08029437 0.08029437 0.1166631 0.05044728 0.1581559 0.02826887 0.1581559 0.02826887 0.2031783 0.01461154 0.25 0.00999999 0.25 0.00999999 0.2968217 0.01461154 0.341844 0.02826887 0.341844 0.02826887 0.3833369 0.05044728 0.4197056 0.08029437 0.4197056 0.08029437 0.4495527 0.1166631 0.341844 0.02826887 0.4495527 0.1166631 0.4717311 0.1581559 0.341844 0.02826887 0.4717311 0.1581559 0.4853885 0.2031783 0.49 0.25 0.49 0.25 0.4853885 0.2968217 0.4717311 0.341844 0.4717311 0.341844 0.4495527 0.3833369 0.341844 0.4717311 0.4495527 0.3833369 0.4197056 0.4197056 0.341844 0.4717311 0.4197056 0.4197056 0.3833369 0.4495527 0.341844 0.4717311 0.1581559 0.02826887 0.25 0.00999999 0.341844 0.02826887 0.4717311 0.1581559 0.49 0.25 0.341844 0.4717311 0.49 0.25 0.4717311 0.341844 0.341844 0.4717311 0.341844 0.4717311 0.1581559 0.4717311 0.1581559 0.02826887 0.1581559 0.4717311 0.02826887 0.341844 0.1581559 0.02826887 0.02826887 0.341844 0.02826887 0.1581559 0.1581559 0.02826887 0.1581559 0.02826887 0.341844 0.02826887 0.341844 0.4717311 0.0625 0.5 0.0625 1 0.03125 1 0.03125 0.5 0.03125 1 0 1 0.7031784 0.4853885 0.75 0.49 0.7968217 0.4853885 0.7968217 0.4853885 0.841844 0.4717311 0.7031784 0.4853885 0.841844 0.4717311 0.8833369 0.4495527 0.7031784 0.4853885 0.8833369 0.4495527 0.9197056 0.4197056 0.9495527 0.3833369 0.9495527 0.3833369 0.9717311 0.341844 0.9853885 0.2968217 0.9853885 0.2968217 0.99 0.25 0.9495527 0.1166631 0.99 0.25 0.9853885 0.2031783 0.9495527 0.1166631 0.9853885 0.2031783 0.9717311 0.1581559 0.9495527 0.1166631 0.9495527 0.1166631 0.9197056 0.08029437 0.8833369 0.05044728 0.8833369 0.05044728 0.841844 0.02826887 0.9495527 0.1166631 0.841844 0.02826887 0.7968217 0.01461154 0.9495527 0.1166631 0.7968217 0.01461154 0.75 0.00999999 0.7031784 0.01461154 0.7031784 0.01461154 0.658156 0.02826887 0.7968217 0.01461154 0.658156 0.02826887 0.6166632 0.05044728 0.7968217 0.01461154 0.6166632 0.05044728 0.5802944 0.08029437 0.5504473 0.1166631 0.5504473 0.1166631 0.5282689 0.1581559 0.5146116 0.2031783 0.5146116 0.2031783 0.51 0.25 0.5146116 0.2968217 0.5146116 0.2968217 0.5282689 0.341844 0.5146116 0.2031783 0.5282689 0.341844 0.5504473 0.3833369 0.5146116 0.2031783 0.5504473 0.3833369 0.5802944 0.4197056 0.6166632 0.4495527 0.6166632 0.4495527 0.658156 0.4717311 0.5504473 0.3833369 0.658156 0.4717311 0.7031784 0.4853885 0.5504473 0.3833369 0.8833369 0.4495527 0.9495527 0.3833369 0.7031784 0.4853885 0.9495527 0.3833369 0.9853885 0.2968217 0.7031784 0.4853885 0.6166632 0.05044728 0.5504473 0.1166631 0.7968217 0.01461154 0.5504473 0.1166631 0.5146116 0.2031783 0.7968217 0.01461154 0.9853885 0.2968217 0.9495527 0.1166631 0.7031784 0.4853885 0.9495527 0.1166631 0.7968217 0.01461154 0.7031784 0.4853885 0.5146116 0.2031783 0.5504473 0.3833369 0.7968217 0.01461154 1 0.5 1 1 0.96875 1 0.96875 0.5 0.96875 1 0.9375 1 0.9375 0.5 0.9375 1 0.90625 1 0.90625 0.5 0.90625 1 0.875 1 0.875 0.5 0.875 1 0.84375 1 0.84375 0.5 0.84375 1 0.8125 1 0.8125 0.5 0.8125 1 0.78125 1 0.78125 0.5 0.78125 1 0.75 1 0.75 0.5 0.75 1 0.71875 1 0.71875 0.5 0.71875 1 0.6875 1 0.6875 0.5 0.6875 1 0.65625 1 0.65625 0.5 0.65625 1 0.625 1 0.625 0.5 0.625 1 0.59375 1 0.59375 0.5 0.59375 1 0.5625 1 0.5625 0.5 0.5625 1 0.53125 1 0.53125 0.5 0.53125 1 0.5 1 0.5 0.5 0.5 1 0.46875 1 0.46875 0.5 0.46875 1 0.4375 1 0.4375 0.5 0.4375 1 0.40625 1 0.40625 0.5 0.40625 1 0.375 1 0.375 0.5 0.375 1 0.34375 1 0.34375 0.5 0.34375 1 0.3125 1 0.3125 0.5 0.3125 1 0.28125 1 0.28125 0.5 0.28125 1 0.25 1 0.25 0.5 0.25 1 0.21875 1 0.21875 0.5 0.21875 1 0.1875 1 0.1875 0.5 0.1875 1 0.15625 1 0.15625 0.5 0.15625 1 0.125 1 0.125 0.5 0.125 1 0.09375 1 0.09375 0.5 0.09375 1 0.0625 1 0.341844 0.4717311 0.2968217 0.4853885 0.25 0.49 0.25 0.49 0.2031783 0.4853885 0.341844 0.4717311 0.2031783 0.4853885 0.1581559 0.4717311 0.341844 0.4717311 0.1581559 0.4717311 0.1166631 0.4495527 0.08029437 0.4197056 0.08029437 0.4197056 0.05044728 0.3833369 0.1581559 0.4717311 0.05044728 0.3833369 0.02826887 0.341844 0.1581559 0.4717311 0.02826887 0.341844 0.01461154 0.2968217 0.00999999 0.25 0.00999999 0.25 0.01461154 0.2031783 0.02826887 0.1581559 0.02826887 0.1581559 0.05044728 0.1166631 0.1581559 0.02826887 0.05044728 0.1166631 0.08029437 0.08029437 0.1581559 0.02826887 0.08029437 0.08029437 0.1166631 0.05044728 0.1581559 0.02826887 0.1581559 0.02826887 0.2031783 0.01461154 0.25 0.00999999 0.25 0.00999999 0.2968217 0.01461154 0.341844 0.02826887 0.341844 0.02826887 0.3833369 0.05044728 0.4197056 0.08029437 0.4197056 0.08029437 0.4495527 0.1166631 0.341844 0.02826887 0.4495527 0.1166631 0.4717311 0.1581559 0.341844 0.02826887 0.4717311 0.1581559 0.4853885 0.2031783 0.49 0.25 0.49 0.25 0.4853885 0.2968217 0.4717311 0.1581559 0.4853885 0.2968217 0.4717311 0.341844 0.4717311 0.1581559 0.4717311 0.341844 0.4495527 0.3833369 0.341844 0.4717311 0.4495527 0.3833369 0.4197056 0.4197056 0.341844 0.4717311 0.4197056 0.4197056 0.3833369 0.4495527 0.341844 0.4717311 0.02826887 0.341844 0.00999999 0.25 0.02826887 0.1581559 0.1581559 0.02826887 0.25 0.00999999 0.341844 0.02826887 0.341844 0.4717311 0.1581559 0.4717311 0.1581559 0.02826887 0.1581559 0.4717311 0.02826887 0.341844 0.1581559 0.02826887 0.02826887 0.341844 0.02826887 0.1581559 0.1581559 0.02826887 0.1581559 0.02826887 0.341844 0.02826887 0.341844 0.4717311 0.341844 0.02826887 0.4717311 0.1581559 0.341844 0.4717311 0.0625 0.5 0.0625 1 0.03125 1 0.03125 0.5 0.03125 1 0 1 0.7031784 0.4853885 0.75 0.49 0.7968217 0.4853885 0.7968217 0.4853885 0.841844 0.4717311 0.7031784 0.4853885 0.841844 0.4717311 0.8833369 0.4495527 0.7031784 0.4853885 0.8833369 0.4495527 0.9197056 0.4197056 0.9495527 0.3833369 0.9495527 0.3833369 0.9717311 0.341844 0.8833369 0.4495527 0.9717311 0.341844 0.9853885 0.2968217 0.8833369 0.4495527 0.9853885 0.2968217 0.99 0.25 0.9853885 0.2031783 0.9853885 0.2031783 0.9717311 0.1581559 0.9853885 0.2968217 0.9717311 0.1581559 0.9495527 0.1166631 0.9853885 0.2968217 0.9495527 0.1166631 0.9197056 0.08029437 0.8833369 0.05044728 0.8833369 0.05044728 0.841844 0.02826887 0.9495527 0.1166631 0.841844 0.02826887 0.7968217 0.01461154 0.9495527 0.1166631 0.7968217 0.01461154 0.75 0.00999999 0.7031784 0.01461154 0.7031784 0.01461154 0.658156 0.02826887 0.7968217 0.01461154 0.658156 0.02826887 0.6166632 0.05044728 0.7968217 0.01461154 0.6166632 0.05044728 0.5802944 0.08029437 0.5504473 0.1166631 0.5504473 0.1166631 0.5282689 0.1581559 0.5146116 0.2031783 0.5146116 0.2031783 0.51 0.25 0.5146116 0.2968217 0.5146116 0.2968217 0.5282689 0.341844 0.5146116 0.2031783 0.5282689 0.341844 0.5504473 0.3833369 0.5146116 0.2031783 0.5504473 0.3833369 0.5802944 0.4197056 0.6166632 0.4495527 0.6166632 0.4495527 0.658156 0.4717311 0.5504473 0.3833369 0.658156 0.4717311 0.7031784 0.4853885 0.5504473 0.3833369 0.6166632 0.05044728 0.5504473 0.1166631 0.7968217 0.01461154 0.5504473 0.1166631 0.5146116 0.2031783 0.7968217 0.01461154 0.7031784 0.4853885 0.8833369 0.4495527 0.9853885 0.2968217 0.9853885 0.2968217 0.9495527 0.1166631 0.7031784 0.4853885 0.9495527 0.1166631 0.7968217 0.01461154 0.7031784 0.4853885 0.5146116 0.2031783 0.5504473 0.3833369 0.7968217 0.01461154 0.375 0 0.625 0.25 0.375 0.25 0.375 0.25 0.625 0.5 0.375 0.5 0.375 0.5 0.625 0.75 0.375 0.75 0.375 0.75 0.625 1 0.375 1 0.125 0.5 0.375 0.75 0.125 0.75 0.625 0.5 0.875 0.75 0.625 0.75 0.375 0 0.625 0.25 0.375 0.25 0.375 0.25 0.625 0.5 0.375 0.5 0.375 0.5 0.625 0.75 0.375 0.75 0.375 0.75 0.625 1 0.375 1 0.125 0.5 0.375 0.75 0.125 0.75 0.625 0.5 0.875 0.75 0.625 0.75 0.375 0 0.625 0.25 0.375 0.25 0.375 0.25 0.625 0.5 0.375 0.5 0.375 0.5 0.625 0.75 0.375 0.75 0.375 0.75 0.625 1 0.375 1 0.125 0.5 0.375 0.75 0.125 0.75 0.625 0.5 0.875 0.75 0.625 0.75 0.375 0 0.625 0.25 0.375 0.25 0.375 0.25 0.625 0.5 0.375 0.5 0.375 0.5 0.625 0.75 0.375 0.75 0.375 0.75 0.625 1 0.375 1 0.125 0.5 0.375 0.75 0.125 0.75 0.625 0.5 0.875 0.75 0.625 0.75 1 0.5 0.96875 1 0.96875 0.5 0.96875 0.5 0.9375 1 0.9375 0.5 0.9375 0.5 0.90625 1 0.90625 0.5 0.90625 0.5 0.875 1 0.875 0.5 0.875 0.5 0.84375 1 0.84375 0.5 0.84375 0.5 0.8125 1 0.8125 0.5 0.8125 0.5 0.78125 1 0.78125 0.5 0.78125 0.5 0.75 1 0.75 0.5 0.75 0.5 0.71875 1 0.71875 0.5 0.71875 0.5 0.6875 1 0.6875 0.5 0.6875 0.5 0.65625 1 0.65625 0.5 0.65625 0.5 0.625 1 0.625 0.5 0.625 0.5 0.59375 1 0.59375 0.5 0.59375 0.5 0.5625 1 0.5625 0.5 0.5625 0.5 0.53125 1 0.53125 0.5 0.53125 0.5 0.5 1 0.5 0.5 0.5 0.5 0.46875 1 0.46875 0.5 0.46875 0.5 0.4375 1 0.4375 0.5 0.4375 0.5 0.40625 1 0.40625 0.5 0.40625 0.5 0.375 1 0.375 0.5 0.375 0.5 0.34375 1 0.34375 0.5 0.34375 0.5 0.3125 1 0.3125 0.5 0.3125 0.5 0.28125 1 0.28125 0.5 0.28125 0.5 0.25 1 0.25 0.5 0.25 0.5 0.21875 1 0.21875 0.5 0.21875 0.5 0.1875 1 0.1875 0.5 0.1875 0.5 0.15625 1 0.15625 0.5 0.15625 0.5 0.125 1 0.125 0.5 0.125 0.5 0.09375 1 0.09375 0.5 0.09375 0.5 0.0625 1 0.0625 0.5 0.1581559 0.02826887 0.4717311 0.1581559 0.341844 0.4717311 0.0625 0.5 0.03125 1 0.03125 0.5 0.03125 0.5 0 1 0 0.5 0.9853885 0.2968217 0.7968217 0.01461154 0.5146116 0.2031783 1 0.5 0.96875 1 0.96875 0.5 0.96875 0.5 0.9375 1 0.9375 0.5 0.9375 0.5 0.90625 1 0.90625 0.5 0.90625 0.5 0.875 1 0.875 0.5 0.875 0.5 0.84375 1 0.84375 0.5 0.84375 0.5 0.8125 1 0.8125 0.5 0.8125 0.5 0.78125 1 0.78125 0.5 0.78125 0.5 0.75 1 0.75 0.5 0.75 0.5 0.71875 1 0.71875 0.5 0.71875 0.5 0.6875 1 0.6875 0.5 0.6875 0.5 0.65625 1 0.65625 0.5 0.65625 0.5 0.625 1 0.625 0.5 0.625 0.5 0.59375 1 0.59375 0.5 0.59375 0.5 0.5625 1 0.5625 0.5 0.5625 0.5 0.53125 1 0.53125 0.5 0.53125 0.5 0.5 1 0.5 0.5 0.5 0.5 0.46875 1 0.46875 0.5 0.46875 0.5 0.4375 1 0.4375 0.5 0.4375 0.5 0.40625 1 0.40625 0.5 0.40625 0.5 0.375 1 0.375 0.5 0.375 0.5 0.34375 1 0.34375 0.5 0.34375 0.5 0.3125 1 0.3125 0.5 0.3125 0.5 0.28125 1 0.28125 0.5 0.28125 0.5 0.25 1 0.25 0.5 0.25 0.5 0.21875 1 0.21875 0.5 0.21875 0.5 0.1875 1 0.1875 0.5 0.1875 0.5 0.15625 1 0.15625 0.5 0.15625 0.5 0.125 1 0.125 0.5 0.125 0.5 0.09375 1 0.09375 0.5 0.09375 0.5 0.0625 1 0.0625 0.5 0.1581559 0.02826887 0.4717311 0.1581559 0.341844 0.4717311 0.0625 0.5 0.03125 1 0.03125 0.5 0.03125 0.5 0 1 0 0.5 0.7031784 0.4853885 0.9853885 0.2968217 0.7968217 0.01461154 0.375 0 0.625 0 0.625 0.25 0.375 0.25 0.625 0.25 0.625 0.5 0.375 0.5 0.625 0.5 0.625 0.75 0.375 0.75 0.625 0.75 0.625 1 0.125 0.5 0.375 0.5 0.375 0.75 0.625 0.5 0.875 0.5 0.875 0.75 0.375 0 0.625 0 0.625 0.25 0.375 0.25 0.625 0.25 0.625 0.5 0.375 0.5 0.625 0.5 0.625 0.75 0.375 0.75 0.625 0.75 0.625 1 0.125 0.5 0.375 0.5 0.375 0.75 0.625 0.5 0.875 0.5 0.875 0.75 0.375 0 0.625 0 0.625 0.25 0.375 0.25 0.625 0.25 0.625 0.5 0.375 0.5 0.625 0.5 0.625 0.75 0.375 0.75 0.625 0.75 0.625 1 0.125 0.5 0.375 0.5 0.375 0.75 0.625 0.5 0.875 0.5 0.875 0.75 0.375 0 0.625 0 0.625 0.25 0.375 0.25 0.625 0.25 0.625 0.5 0.375 0.5 0.625 0.5 0.625 0.75 0.375 0.75 0.625 0.75 0.625 1 0.125 0.5 0.375 0.5 0.375 0.75 0.625 0.5 0.875 0.5 0.875 0.75 1 0.5 1 1 0.96875 1 0.96875 0.5 0.96875 1 0.9375 1 0.9375 0.5 0.9375 1 0.90625 1 0.90625 0.5 0.90625 1 0.875 1 0.875 0.5 0.875 1 0.84375 1 0.84375 0.5 0.84375 1 0.8125 1 0.8125 0.5 0.8125 1 0.78125 1 0.78125 0.5 0.78125 1 0.75 1 0.75 0.5 0.75 1 0.71875 1 0.71875 0.5 0.71875 1 0.6875 1 0.6875 0.5 0.6875 1 0.65625 1 0.65625 0.5 0.65625 1 0.625 1 0.625 0.5 0.625 1 0.59375 1 0.59375 0.5 0.59375 1 0.5625 1 0.5625 0.5 0.5625 1 0.53125 1 0.53125 0.5 0.53125 1 0.5 1 0.5 0.5 0.5 1 0.46875 1 0.46875 0.5 0.46875 1 0.4375 1 0.4375 0.5 0.4375 1 0.40625 1 0.40625 0.5 0.40625 1 0.375 1 0.375 0.5 0.375 1 0.34375 1 0.34375 0.5 0.34375 1 0.3125 1 0.3125 0.5 0.3125 1 0.28125 1 0.28125 0.5 0.28125 1 0.25 1 0.25 0.5 0.25 1 0.21875 1 0.21875 0.5 0.21875 1 0.1875 1 0.1875 0.5 0.1875 1 0.15625 1 0.15625 0.5 0.15625 1 0.125 1 0.125 0.5 0.125 1 0.09375 1 0.09375 0.5 0.09375 1 0.0625 1 0.341844 0.4717311 0.2968217 0.4853885 0.25 0.49 0.25 0.49 0.2031783 0.4853885 0.1581559 0.4717311 0.1581559 0.4717311 0.1166631 0.4495527 0.08029437 0.4197056 0.08029437 0.4197056 0.05044728 0.3833369 0.02826887 0.341844 0.02826887 0.341844 0.01461154 0.2968217 0.00999999 0.25 0.00999999 0.25 0.01461154 0.2031783 0.02826887 0.341844 0.01461154 0.2031783 0.02826887 0.1581559 0.02826887 0.341844 0.02826887 0.1581559 0.05044728 0.1166631 0.08029437 0.08029437 0.08029437 0.08029437 0.1166631 0.05044728 0.02826887 0.1581559 0.1166631 0.05044728 0.1581559 0.02826887 0.02826887 0.1581559 0.1581559 0.02826887 0.2031783 0.01461154 0.25 0.00999999 0.25 0.00999999 0.2968217 0.01461154 0.341844 0.02826887 0.341844 0.02826887 0.3833369 0.05044728 0.4717311 0.1581559 0.3833369 0.05044728 0.4197056 0.08029437 0.4717311 0.1581559 0.4197056 0.08029437 0.4495527 0.1166631 0.4717311 0.1581559 0.4717311 0.1581559 0.4853885 0.2031783 0.4717311 0.341844 0.4853885 0.2031783 0.49 0.25 0.4717311 0.341844 0.49 0.25 0.4853885 0.2968217 0.4717311 0.341844 0.4717311 0.341844 0.4495527 0.3833369 0.4197056 0.4197056 0.4197056 0.4197056 0.3833369 0.4495527 0.341844 0.4717311 0.341844 0.4717311 0.25 0.49 0.1581559 0.4717311 0.1581559 0.4717311 0.08029437 0.4197056 0.341844 0.4717311 0.08029437 0.4197056 0.02826887 0.341844 0.341844 0.4717311 0.1581559 0.02826887 0.25 0.00999999 0.4717311 0.1581559 0.25 0.00999999 0.341844 0.02826887 0.4717311 0.1581559 0.4717311 0.341844 0.4197056 0.4197056 0.4717311 0.1581559 0.4197056 0.4197056 0.341844 0.4717311 0.4717311 0.1581559 0.02826887 0.341844 0.02826887 0.1581559 0.1581559 0.02826887 0.341844 0.4717311 0.02826887 0.341844 0.1581559 0.02826887 0.0625 0.5 0.0625 1 0.03125 1 0.03125 0.5 0.03125 1 0 1 0.7031784 0.4853885 0.75 0.49 0.8833369 0.4495527 0.75 0.49 0.7968217 0.4853885 0.8833369 0.4495527 0.7968217 0.4853885 0.841844 0.4717311 0.8833369 0.4495527 0.8833369 0.4495527 0.9197056 0.4197056 0.9853885 0.2968217 0.9197056 0.4197056 0.9495527 0.3833369 0.9853885 0.2968217 0.9495527 0.3833369 0.9717311 0.341844 0.9853885 0.2968217 0.9853885 0.2968217 0.99 0.25 0.9853885 0.2031783 0.9853885 0.2031783 0.9717311 0.1581559 0.9495527 0.1166631 0.9495527 0.1166631 0.9197056 0.08029437 0.8833369 0.05044728 0.8833369 0.05044728 0.841844 0.02826887 0.7968217 0.01461154 0.7968217 0.01461154 0.75 0.00999999 0.6166632 0.05044728 0.75 0.00999999 0.7031784 0.01461154 0.6166632 0.05044728 0.7031784 0.01461154 0.658156 0.02826887 0.6166632 0.05044728 0.6166632 0.05044728 0.5802944 0.08029437 0.5504473 0.1166631 0.5504473 0.1166631 0.5282689 0.1581559 0.5146116 0.2031783 0.5146116 0.2031783 0.51 0.25 0.5146116 0.2968217 0.5146116 0.2968217 0.5282689 0.341844 0.5146116 0.2031783 0.5282689 0.341844 0.5504473 0.3833369 0.5146116 0.2031783 0.5504473 0.3833369 0.5802944 0.4197056 0.6166632 0.4495527 0.6166632 0.4495527 0.658156 0.4717311 0.7031784 0.4853885 0.9853885 0.2968217 0.9853885 0.2031783 0.9495527 0.1166631 0.9495527 0.1166631 0.8833369 0.05044728 0.9853885 0.2968217 0.8833369 0.05044728 0.7968217 0.01461154 0.9853885 0.2968217 0.6166632 0.05044728 0.5504473 0.1166631 0.5146116 0.2031783 0.5504473 0.3833369 0.6166632 0.4495527 0.5146116 0.2031783 0.6166632 0.4495527 0.7031784 0.4853885 0.5146116 0.2031783 0.7031784 0.4853885 0.8833369 0.4495527 0.9853885 0.2968217 0.7968217 0.01461154 0.6166632 0.05044728 0.5146116 0.2031783 0.7031784 0.4853885 0.9853885 0.2968217 0.5146116 0.2031783 1 0.5 1 1 0.96875 1 0.96875 0.5 0.96875 1 0.9375 1 0.9375 0.5 0.9375 1 0.90625 1 0.90625 0.5 0.90625 1 0.875 1 0.875 0.5 0.875 1 0.84375 1 0.84375 0.5 0.84375 1 0.8125 1 0.8125 0.5 0.8125 1 0.78125 1 0.78125 0.5 0.78125 1 0.75 1 0.75 0.5 0.75 1 0.71875 1 0.71875 0.5 0.71875 1 0.6875 1 0.6875 0.5 0.6875 1 0.65625 1 0.65625 0.5 0.65625 1 0.625 1 0.625 0.5 0.625 1 0.59375 1 0.59375 0.5 0.59375 1 0.5625 1 0.5625 0.5 0.5625 1 0.53125 1 0.53125 0.5 0.53125 1 0.5 1 0.5 0.5 0.5 1 0.46875 1 0.46875 0.5 0.46875 1 0.4375 1 0.4375 0.5 0.4375 1 0.40625 1 0.40625 0.5 0.40625 1 0.375 1 0.375 0.5 0.375 1 0.34375 1 0.34375 0.5 0.34375 1 0.3125 1 0.3125 0.5 0.3125 1 0.28125 1 0.28125 0.5 0.28125 1 0.25 1 0.25 0.5 0.25 1 0.21875 1 0.21875 0.5 0.21875 1 0.1875 1 0.1875 0.5 0.1875 1 0.15625 1 0.15625 0.5 0.15625 1 0.125 1 0.125 0.5 0.125 1 0.09375 1 0.09375 0.5 0.09375 1 0.0625 1 0.341844 0.4717311 0.2968217 0.4853885 0.1581559 0.4717311 0.2968217 0.4853885 0.25 0.49 0.1581559 0.4717311 0.25 0.49 0.2031783 0.4853885 0.1581559 0.4717311 0.1581559 0.4717311 0.1166631 0.4495527 0.02826887 0.341844 0.1166631 0.4495527 0.08029437 0.4197056 0.02826887 0.341844 0.08029437 0.4197056 0.05044728 0.3833369 0.02826887 0.341844 0.02826887 0.341844 0.01461154 0.2968217 0.00999999 0.25 0.00999999 0.25 0.01461154 0.2031783 0.02826887 0.341844 0.01461154 0.2031783 0.02826887 0.1581559 0.02826887 0.341844 0.02826887 0.1581559 0.05044728 0.1166631 0.08029437 0.08029437 0.08029437 0.08029437 0.1166631 0.05044728 0.02826887 0.1581559 0.1166631 0.05044728 0.1581559 0.02826887 0.02826887 0.1581559 0.1581559 0.02826887 0.2031783 0.01461154 0.25 0.00999999 0.25 0.00999999 0.2968217 0.01461154 0.341844 0.02826887 0.341844 0.02826887 0.3833369 0.05044728 0.4717311 0.1581559 0.3833369 0.05044728 0.4197056 0.08029437 0.4717311 0.1581559 0.4197056 0.08029437 0.4495527 0.1166631 0.4717311 0.1581559 0.4717311 0.1581559 0.4853885 0.2031783 0.4717311 0.341844 0.4853885 0.2031783 0.49 0.25 0.4717311 0.341844 0.49 0.25 0.4853885 0.2968217 0.4717311 0.341844 0.4717311 0.341844 0.4495527 0.3833369 0.4197056 0.4197056 0.4197056 0.4197056 0.3833369 0.4495527 0.4717311 0.341844 0.3833369 0.4495527 0.341844 0.4717311 0.4717311 0.341844 0.1581559 0.02826887 0.25 0.00999999 0.4717311 0.1581559 0.25 0.00999999 0.341844 0.02826887 0.4717311 0.1581559 0.341844 0.4717311 0.1581559 0.4717311 0.02826887 0.341844 0.02826887 0.341844 0.02826887 0.1581559 0.341844 0.4717311 0.02826887 0.1581559 0.1581559 0.02826887 0.341844 0.4717311 0.4717311 0.1581559 0.4717311 0.341844 0.341844 0.4717311 0.0625 0.5 0.0625 1 0.03125 1 0.03125 0.5 0.03125 1 0 1 0.7031784 0.4853885 0.75 0.49 0.7968217 0.4853885 0.7968217 0.4853885 0.841844 0.4717311 0.8833369 0.4495527 0.8833369 0.4495527 0.9197056 0.4197056 0.9495527 0.3833369 0.9495527 0.3833369 0.9717311 0.341844 0.8833369 0.4495527 0.9717311 0.341844 0.9853885 0.2968217 0.8833369 0.4495527 0.9853885 0.2968217 0.99 0.25 0.9853885 0.2031783 0.9853885 0.2031783 0.9717311 0.1581559 0.9495527 0.1166631 0.9495527 0.1166631 0.9197056 0.08029437 0.8833369 0.05044728 0.8833369 0.05044728 0.841844 0.02826887 0.7968217 0.01461154 0.7968217 0.01461154 0.75 0.00999999 0.6166632 0.05044728 0.75 0.00999999 0.7031784 0.01461154 0.6166632 0.05044728 0.7031784 0.01461154 0.658156 0.02826887 0.6166632 0.05044728 0.6166632 0.05044728 0.5802944 0.08029437 0.5504473 0.1166631 0.5504473 0.1166631 0.5282689 0.1581559 0.5146116 0.2031783 0.5146116 0.2031783 0.51 0.25 0.5146116 0.2968217 0.5146116 0.2968217 0.5282689 0.341844 0.5146116 0.2031783 0.5282689 0.341844 0.5504473 0.3833369 0.5146116 0.2031783 0.5504473 0.3833369 0.5802944 0.4197056 0.6166632 0.4495527 0.6166632 0.4495527 0.658156 0.4717311 0.7031784 0.4853885 0.7031784 0.4853885 0.7968217 0.4853885 0.9853885 0.2968217 0.7968217 0.4853885 0.8833369 0.4495527 0.9853885 0.2968217 0.9853885 0.2968217 0.9853885 0.2031783 0.9495527 0.1166631 0.9495527 0.1166631 0.8833369 0.05044728 0.9853885 0.2968217 0.8833369 0.05044728 0.7968217 0.01461154 0.9853885 0.2968217 0.6166632 0.05044728 0.5504473 0.1166631 0.5146116 0.2031783 0.5504473 0.3833369 0.6166632 0.4495527 0.5146116 0.2031783 0.6166632 0.4495527 0.7031784 0.4853885 0.5146116 0.2031783 0.7968217 0.01461154 0.6166632 0.05044728 0.7031784 0.4853885 0.6166632 0.05044728 0.5146116 0.2031783 0.7031784 0.4853885 1 0.5 1 1 0.96875 1 0.96875 0.5 0.96875 1 0.9375 1 0.9375 0.5 0.9375 1 0.90625 1 0.90625 0.5 0.90625 1 0.875 1 0.875 0.5 0.875 1 0.84375 1 0.84375 0.5 0.84375 1 0.8125 1 0.8125 0.5 0.8125 1 0.78125 1 0.78125 0.5 0.78125 1 0.75 1 0.75 0.5 0.75 1 0.71875 1 0.71875 0.5 0.71875 1 0.6875 1 0.6875 0.5 0.6875 1 0.65625 1 0.65625 0.5 0.65625 1 0.625 1 0.625 0.5 0.625 1 0.59375 1 0.59375 0.5 0.59375 1 0.5625 1 0.5625 0.5 0.5625 1 0.53125 1 0.53125 0.5 0.53125 1 0.5 1 0.5 0.5 0.5 1 0.46875 1 0.46875 0.5 0.46875 1 0.4375 1 0.4375 0.5 0.4375 1 0.40625 1 0.40625 0.5 0.40625 1 0.375 1 0.375 0.5 0.375 1 0.34375 1 0.34375 0.5 0.34375 1 0.3125 1 0.3125 0.5 0.3125 1 0.28125 1 0.28125 0.5 0.28125 1 0.25 1 0.25 0.5 0.25 1 0.21875 1 0.21875 0.5 0.21875 1 0.1875 1 0.1875 0.5 0.1875 1 0.15625 1 0.15625 0.5 0.15625 1 0.125 1 0.125 0.5 0.125 1 0.09375 1 0.09375 0.5 0.09375 1 0.0625 1 0.341844 0.4717311 0.2968217 0.4853885 0.25 0.49 0.25 0.49 0.2031783 0.4853885 0.1581559 0.4717311 0.1581559 0.4717311 0.1166631 0.4495527 0.08029437 0.4197056 0.08029437 0.4197056 0.05044728 0.3833369 0.02826887 0.341844 0.02826887 0.341844 0.01461154 0.2968217 0.02826887 0.1581559 0.01461154 0.2968217 0.00999999 0.25 0.02826887 0.1581559 0.00999999 0.25 0.01461154 0.2031783 0.02826887 0.1581559 0.02826887 0.1581559 0.05044728 0.1166631 0.08029437 0.08029437 0.08029437 0.08029437 0.1166631 0.05044728 0.1581559 0.02826887 0.1581559 0.02826887 0.2031783 0.01461154 0.25 0.00999999 0.25 0.00999999 0.2968217 0.01461154 0.341844 0.02826887 0.341844 0.02826887 0.3833369 0.05044728 0.4197056 0.08029437 0.4197056 0.08029437 0.4495527 0.1166631 0.4717311 0.1581559 0.4717311 0.1581559 0.4853885 0.2031783 0.49 0.25 0.49 0.25 0.4853885 0.2968217 0.4717311 0.1581559 0.4853885 0.2968217 0.4717311 0.341844 0.4717311 0.1581559 0.4717311 0.341844 0.4495527 0.3833369 0.4197056 0.4197056 0.4197056 0.4197056 0.3833369 0.4495527 0.341844 0.4717311 0.341844 0.4717311 0.25 0.49 0.1581559 0.4717311 0.1581559 0.4717311 0.08029437 0.4197056 0.341844 0.4717311 0.08029437 0.4197056 0.02826887 0.341844 0.341844 0.4717311 0.02826887 0.1581559 0.08029437 0.08029437 0.02826887 0.341844 0.08029437 0.08029437 0.1581559 0.02826887 0.02826887 0.341844 0.1581559 0.02826887 0.25 0.00999999 0.341844 0.02826887 0.341844 0.02826887 0.4197056 0.08029437 0.1581559 0.02826887 0.4197056 0.08029437 0.4717311 0.1581559 0.1581559 0.02826887 0.4717311 0.341844 0.4197056 0.4197056 0.4717311 0.1581559 0.4197056 0.4197056 0.341844 0.4717311 0.4717311 0.1581559 0.341844 0.4717311 0.02826887 0.341844 0.1581559 0.02826887 0.0625 0.5 0.0625 1 0.03125 1 0.03125 0.5 0.03125 1 0 1 0.7031784 0.4853885 0.75 0.49 0.8833369 0.4495527 0.75 0.49 0.7968217 0.4853885 0.8833369 0.4495527 0.7968217 0.4853885 0.841844 0.4717311 0.8833369 0.4495527 0.8833369 0.4495527 0.9197056 0.4197056 0.9853885 0.2968217 0.9197056 0.4197056 0.9495527 0.3833369 0.9853885 0.2968217 0.9495527 0.3833369 0.9717311 0.341844 0.9853885 0.2968217 0.9853885 0.2968217 0.99 0.25 0.9853885 0.2031783 0.9853885 0.2031783 0.9717311 0.1581559 0.9495527 0.1166631 0.9495527 0.1166631 0.9197056 0.08029437 0.7968217 0.01461154 0.9197056 0.08029437 0.8833369 0.05044728 0.7968217 0.01461154 0.8833369 0.05044728 0.841844 0.02826887 0.7968217 0.01461154 0.7968217 0.01461154 0.75 0.00999999 0.6166632 0.05044728 0.75 0.00999999 0.7031784 0.01461154 0.6166632 0.05044728 0.7031784 0.01461154 0.658156 0.02826887 0.6166632 0.05044728 0.6166632 0.05044728 0.5802944 0.08029437 0.5146116 0.2031783 0.5802944 0.08029437 0.5504473 0.1166631 0.5146116 0.2031783 0.5504473 0.1166631 0.5282689 0.1581559 0.5146116 0.2031783 0.5146116 0.2031783 0.51 0.25 0.5146116 0.2968217 0.5146116 0.2968217 0.5282689 0.341844 0.5504473 0.3833369 0.5504473 0.3833369 0.5802944 0.4197056 0.6166632 0.4495527 0.6166632 0.4495527 0.658156 0.4717311 0.7031784 0.4853885 0.9853885 0.2968217 0.9853885 0.2031783 0.7968217 0.01461154 0.9853885 0.2031783 0.9495527 0.1166631 0.7968217 0.01461154 0.5146116 0.2031783 0.5146116 0.2968217 0.5504473 0.3833369 0.5504473 0.3833369 0.6166632 0.4495527 0.5146116 0.2031783 0.6166632 0.4495527 0.7031784 0.4853885 0.5146116 0.2031783 0.7031784 0.4853885 0.8833369 0.4495527 0.7968217 0.01461154 0.8833369 0.4495527 0.9853885 0.2968217 0.7968217 0.01461154 0.7968217 0.01461154 0.6166632 0.05044728 0.5146116 0.2031783</float_array>
          <technique_common>
            <accessor source="#Cylinder_002-mesh-map-0-array" count="4272" stride="2">
              <param name="S" type="float"/>
              <param name="T" type="float"/>
            </accessor>
          </technique_common>
        </source>
        <vertices id="Cylinder_002-mesh-vertices">
          <input semantic="POSITION" source="#Cylinder_002-mesh-positions"/>
        </vertices>
        <triangles material="Material-material" count="1424">
          <input semantic="VERTEX" source="#Cylinder_002-mesh-vertices" offset="0"/>
          <input semantic="NORMAL" source="#Cylinder_002-mesh-normals" offset="1"/>
          <input semantic="TEXCOORD" source="#Cylinder_002-mesh-map-0" offset="2" set="0"/>
          <p>0 0 0 3 0 1 2 0 2 2 1 3 5 1 4 4 1 5 4 2 6 7 2 7 6 2 8 6 3 9 9 3 10 8 3 11 8 4 12 11 4 13 10 4 14 10 5 15 13 5 16 12 5 17 12 6 18 15 6 19 14 6 20 14 7 21 17 7 22 16 7 23 16 8 24 19 8 25 18 8 26 18 9 27 21 9 28 20 9 29 20 10 30 23 10 31 22 10 32 22 11 33 25 11 34 24 11 35 24 12 36 27 12 37 26 12 38 26 13 39 29 13 40 28 13 41 28 14 42 31 14 43 30 14 44 30 15 45 33 15 46 32 15 47 32 16 48 35 16 49 34 16 50 34 17 51 37 17 52 36 17 53 36 18 54 39 18 55 38 18 56 38 19 57 41 19 58 40 19 59 40 20 60 43 20 61 42 20 62 42 21 63 45 21 64 44 21 65 44 22 66 47 22 67 46 22 68 46 23 69 49 23 70 48 23 71 48 24 72 51 24 73 50 24 74 50 25 75 53 25 76 52 25 77 52 26 78 55 26 79 54 26 80 54 27 81 57 27 82 56 27 83 56 28 84 59 28 85 58 28 86 58 29 87 61 29 88 60 29 89 37 30 90 21 30 91 5 30 92 60 31 93 63 31 94 62 31 95 62 32 96 1 32 97 0 32 98 30 33 99 46 33 100 62 33 101 64 34 102 67 34 103 66 34 104 66 35 105 69 35 106 68 35 107 68 36 108 71 36 109 70 36 110 70 37 111 73 37 112 72 37 113 72 38 114 75 38 115 74 38 116 74 39 117 77 39 118 76 39 119 76 40 120 79 40 121 78 40 122 78 41 123 81 41 124 80 41 125 80 42 126 83 42 127 82 42 128 82 43 129 85 43 130 84 43 131 84 44 132 87 44 133 86 44 134 86 45 135 89 45 136 88 45 137 88 46 138 91 46 139 90 46 140 90 47 141 93 47 142 92 47 143 92 48 144 95 48 145 94 48 146 94 49 147 97 49 148 96 49 149 96 50 150 99 50 151 98 50 152 98 51 153 101 51 154 100 51 155 100 52 156 103 52 157 102 52 158 102 53 159 105 53 160 104 53 161 104 54 162 107 54 163 106 54 164 106 55 165 109 55 166 108 55 167 108 56 168 111 56 169 110 56 170 110 57 171 113 57 172 112 57 173 112 58 174 115 58 175 114 58 176 114 59 177 117 59 178 116 59 179 116 60 180 119 60 181 118 60 182 118 61 183 121 61 184 120 61 185 120 62 186 123 62 187 122 62 188 122 63 189 125 63 190 124 63 191 117 64 192 101 64 193 85 64 194 124 65 195 127 65 196 126 65 197 126 66 198 65 66 199 64 66 200 94 67 201 110 67 202 126 67 203 128 68 204 131 68 205 130 68 206 130 69 207 133 69 208 132 69 209 132 70 210 135 70 211 134 70 212 134 71 213 137 71 214 136 71 215 136 72 216 139 72 217 138 72 218 138 73 219 141 73 220 140 73 221 140 74 222 143 74 223 142 74 224 142 75 225 145 75 226 144 75 227 144 76 228 147 76 229 146 76 230 146 77 231 149 77 232 148 77 233 148 78 234 151 78 235 150 78 236 150 79 237 153 79 238 152 79 239 152 80 240 155 80 241 154 80 242 154 81 243 157 81 244 156 81 245 156 82 246 159 82 247 158 82 248 158 83 249 161 83 250 160 83 251 160 84 252 163 84 253 162 84 254 162 85 255 165 85 256 164 85 257 164 86 258 167 86 259 166 86 260 166 87 261 169 87 262 168 87 263 168 88 264 171 88 265 170 88 266 170 89 267 173 89 268 172 89 269 172 90 270 175 90 271 174 90 272 174 91 273 177 91 274 176 91 275 176 92 276 179 92 277 178 92 278 178 93 279 181 93 280 180 93 281 180 94 282 183 94 283 182 94 284 182 95 285 185 95 286 184 95 287 184 96 288 187 96 289 186 96 290 186 97 291 189 97 292 188 97 293 141 98 294 133 98 295 165 98 296 188 99 297 191 99 298 190 99 299 190 100 300 129 100 301 128 100 302 182 101 303 190 101 304 158 101 305 192 102 306 198 102 307 194 102 308 195 103 309 198 103 310 199 103 311 199 104 312 196 104 313 197 104 314 197 105 315 195 105 316 199 105 317 193 106 318 194 106 319 195 106 320 197 107 321 192 107 322 193 107 323 200 108 324 203 108 325 202 108 326 202 109 327 205 109 328 204 109 329 204 110 330 207 110 331 206 110 332 206 111 333 209 111 334 208 111 335 208 112 336 211 112 337 210 112 338 210 113 339 213 113 340 212 113 341 212 114 342 215 114 343 214 114 344 214 115 345 217 115 346 216 115 347 216 116 348 219 116 349 218 116 350 218 117 351 221 117 352 220 117 353 220 118 354 223 118 355 222 118 356 222 119 357 225 119 358 224 119 359 224 120 360 227 120 361 226 120 362 226 121 363 229 121 364 228 121 365 228 122 366 231 122 367 230 122 368 230 123 369 233 123 370 232 123 371 232 124 372 235 124 373 234 124 374 234 125 375 237 125 376 236 125 377 236 126 378 239 126 379 238 126 380 238 127 381 241 127 382 240 127 383 240 128 384 243 128 385 242 128 386 242 129 387 245 129 388 244 129 389 244 130 390 247 130 391 246 130 392 246 131 393 249 131 394 248 131 395 248 132 396 251 132 397 250 132 398 250 133 399 253 133 400 252 133 401 252 134 402 255 134 403 254 134 404 254 135 405 257 135 406 256 135 407 256 136 408 259 136 409 258 136 410 258 137 411 261 137 412 260 137 413 253 138 414 237 138 415 221 138 416 260 139 417 263 139 418 262 139 419 262 140 420 201 140 421 200 140 422 238 141 423 246 141 424 262 141 425 264 142 426 267 142 427 266 142 428 266 143 429 269 143 430 268 143 431 268 144 432 271 144 433 270 144 434 270 145 435 273 145 436 272 145 437 272 146 438 275 146 439 274 146 440 274 147 441 277 147 442 276 147 443 276 148 444 279 148 445 278 148 446 278 149 447 281 149 448 280 149 449 280 150 450 283 150 451 282 150 452 282 151 453 285 151 454 284 151 455 284 152 456 287 152 457 286 152 458 286 153 459 289 153 460 288 153 461 288 154 462 291 154 463 290 154 464 290 155 465 293 155 466 292 155 467 292 156 468 295 156 469 294 156 470 294 157 471 297 157 472 296 157 473 296 158 474 299 158 475 298 158 476 298 159 477 301 159 478 300 159 479 300 160 480 303 160 481 302 160 482 302 161 483 305 161 484 304 161 485 304 162 486 307 162 487 306 162 488 306 163 489 309 163 490 308 163 491 308 164 492 311 164 493 310 164 494 310 165 495 313 165 496 312 165 497 312 166 498 315 166 499 314 166 500 314 167 501 317 167 502 316 167 503 316 168 504 319 168 505 318 168 506 318 169 507 321 169 508 320 169 509 320 170 510 323 170 511 322 170 512 322 171 513 325 171 514 324 171 515 301 172 516 285 172 517 269 172 518 324 173 519 327 173 520 326 173 521 326 174 522 265 174 523 264 174 524 278 175 525 294 175 526 310 175 527 328 176 528 331 176 529 330 176 530 330 177 531 333 177 532 332 177 533 332 178 534 335 178 535 334 178 536 334 179 537 337 179 538 336 179 539 336 180 540 339 180 541 338 180 542 338 181 543 341 181 544 340 181 545 340 182 546 343 182 547 342 182 548 342 183 549 345 183 550 344 183 551 344 184 552 347 184 553 346 184 554 346 185 555 349 185 556 348 185 557 348 186 558 351 186 559 350 186 560 350 187 561 353 187 562 352 187 563 352 188 564 355 188 565 354 188 566 354 189 567 357 189 568 356 189 569 356 190 570 359 190 571 358 190 572 358 191 573 361 191 574 360 191 575 360 192 576 363 192 577 362 192 578 362 193 579 365 193 580 364 193 581 364 194 582 367 194 583 366 194 584 366 195 585 369 195 586 368 195 587 368 196 588 371 196 589 370 196 590 370 197 591 373 197 592 372 197 593 372 198 594 375 198 595 374 198 596 374 199 597 377 199 598 376 199 599 376 200 600 379 200 601 378 200 602 378 201 603 381 201 604 380 201 605 380 202 606 383 202 607 382 202 608 382 203 609 385 203 610 384 203 611 384 204 612 387 204 613 386 204 614 386 205 615 389 205 616 388 205 617 333 206 618 381 206 619 365 206 620 388 207 621 391 207 622 390 207 623 390 208 624 329 208 625 328 208 626 342 209 627 358 209 628 374 209 629 392 210 630 395 210 631 394 210 632 394 211 633 397 211 634 396 211 635 396 212 636 399 212 637 398 212 638 398 213 639 401 213 640 400 213 641 400 214 642 403 214 643 402 214 644 402 215 645 405 215 646 404 215 647 404 216 648 407 216 649 406 216 650 406 217 651 409 217 652 408 217 653 408 218 654 411 218 655 410 218 656 410 219 657 413 219 658 412 219 659 412 220 660 415 220 661 414 220 662 414 221 663 417 221 664 416 221 665 416 222 666 419 222 667 418 222 668 418 223 669 421 223 670 420 223 671 420 224 672 423 224 673 422 224 674 422 225 675 425 225 676 424 225 677 424 226 678 427 226 679 426 226 680 426 227 681 429 227 682 428 227 683 428 228 684 431 228 685 430 228 686 430 229 687 433 229 688 432 229 689 432 230 690 435 230 691 434 230 692 434 231 693 437 231 694 436 231 695 436 232 696 439 232 697 438 232 698 438 233 699 441 233 700 440 233 701 440 234 702 443 234 703 442 234 704 442 235 705 445 235 706 444 235 707 444 236 708 447 236 709 446 236 710 446 237 711 449 237 712 448 237 713 448 238 714 451 238 715 450 238 716 450 239 717 453 239 718 452 239 719 445 240 720 429 240 721 413 240 722 452 241 723 455 241 724 454 241 725 454 242 726 393 242 727 392 242 728 430 243 729 438 243 730 454 243 731 456 244 732 459 244 733 458 244 734 458 245 735 461 245 736 460 245 737 460 246 738 463 246 739 462 246 740 462 247 741 465 247 742 464 247 743 464 248 744 467 248 745 466 248 746 466 249 747 469 249 748 468 249 749 468 250 750 471 250 751 470 250 752 470 251 753 473 251 754 472 251 755 472 252 756 475 252 757 474 252 758 474 253 759 477 253 760 476 253 761 476 254 762 479 254 763 478 254 764 478 255 765 481 255 766 480 255 767 480 256 768 483 256 769 482 256 770 482 257 771 485 257 772 484 257 773 484 258 774 487 258 775 486 258 776 486 259 777 489 259 778 488 259 779 488 260 780 491 260 781 490 260 782 490 261 783 493 261 784 492 261 785 492 262 786 495 262 787 494 262 788 494 263 789 497 263 790 496 263 791 496 264 792 499 264 793 498 264 794 498 265 795 501 265 796 500 265 797 500 266 798 503 266 799 502 266 800 502 267 801 505 267 802 504 267 803 504 268 804 507 268 805 506 268 806 506 269 807 509 269 808 508 269 809 508 270 810 511 270 811 510 270 812 510 271 813 513 271 814 512 271 815 512 272 816 515 272 817 514 272 818 514 273 819 517 273 820 516 273 821 485 274 822 477 274 823 461 274 824 516 275 825 519 275 826 518 275 827 518 276 828 457 276 829 456 276 830 510 277 831 518 277 832 486 277 833 520 278 834 523 278 835 522 278 836 522 279 837 525 279 838 524 279 839 524 280 840 527 280 841 526 280 842 526 281 843 529 281 844 528 281 845 528 282 846 531 282 847 530 282 848 530 283 849 533 283 850 532 283 851 532 284 852 535 284 853 534 284 854 534 285 855 537 285 856 536 285 857 536 286 858 539 286 859 538 286 860 538 287 861 541 287 862 540 287 863 540 288 864 543 288 865 542 288 866 542 289 867 545 289 868 544 289 869 544 290 870 547 290 871 546 290 872 546 291 873 549 291 874 548 291 875 548 292 876 551 292 877 550 292 878 550 293 879 553 293 880 552 293 881 552 294 882 555 294 883 554 294 884 554 295 885 557 295 886 556 295 887 556 296 888 559 296 889 558 296 890 558 297 891 561 297 892 560 297 893 560 298 894 563 298 895 562 298 896 562 299 897 565 299 898 564 299 899 564 300 900 567 300 901 566 300 902 566 301 903 569 301 904 568 301 905 568 302 906 571 302 907 570 302 908 570 303 909 573 303 910 572 303 911 572 304 912 575 304 913 574 304 914 574 305 915 577 305 916 576 305 917 576 306 918 579 306 919 578 306 920 578 307 921 581 307 922 580 307 923 541 308 924 533 308 925 525 308 926 580 309 927 583 309 928 582 309 929 582 310 930 521 310 931 520 310 932 574 311 933 582 311 934 550 311 935 64 312 936 65 312 937 67 312 938 66 313 939 67 313 940 69 313 941 68 314 942 69 314 943 71 314 944 70 315 945 71 315 946 73 315 947 72 316 948 73 316 949 75 316 950 74 317 951 75 317 952 77 317 953 76 318 954 77 318 955 79 318 956 78 319 957 79 319 958 81 319 959 80 320 960 81 320 961 83 320 962 82 321 963 83 321 964 85 321 965 84 322 966 85 322 967 87 322 968 86 323 969 87 323 970 89 323 971 88 324 972 89 324 973 91 324 974 90 325 975 91 325 976 93 325 977 92 326 978 93 326 979 95 326 980 94 327 981 95 327 982 97 327 983 96 328 984 97 328 985 99 328 986 98 329 987 99 329 988 101 329 989 100 330 990 101 330 991 103 330 992 102 331 993 103 331 994 105 331 995 104 332 996 105 332 997 107 332 998 106 333 999 107 333 1000 109 333 1001 108 334 1002 109 334 1003 111 334 1004 110 335 1005 111 335 1006 113 335 1007 112 336 1008 113 336 1009 115 336 1010 114 337 1011 115 337 1012 117 337 1013 116 338 1014 117 338 1015 119 338 1016 118 339 1017 119 339 1018 121 339 1019 120 340 1020 121 340 1021 123 340 1022 122 341 1023 123 341 1024 125 341 1025 69 342 1026 67 342 1027 65 342 1028 65 343 1029 127 343 1030 125 343 1031 125 344 1032 123 344 1033 121 344 1034 121 345 1035 119 345 1036 117 345 1037 117 346 1038 115 346 1039 113 346 1040 113 347 1041 111 347 1042 109 347 1043 109 348 1044 107 348 1045 101 348 1046 107 349 1047 105 349 1048 101 349 1049 105 350 1050 103 350 1051 101 350 1052 101 351 1053 99 351 1054 97 351 1055 97 352 1056 95 352 1057 101 352 1058 95 353 1059 93 353 1060 101 353 1061 93 354 1062 91 354 1063 89 354 1064 89 355 1065 87 355 1066 85 355 1067 85 356 1068 83 356 1069 81 356 1070 81 357 1071 79 357 1072 77 357 1073 77 358 1074 75 358 1075 73 358 1076 73 359 1077 71 359 1078 69 359 1079 69 360 1080 65 360 1081 117 360 1082 65 361 1083 125 361 1084 117 361 1085 125 362 1086 121 362 1087 117 362 1088 117 363 1089 113 363 1090 109 363 1091 93 364 1092 89 364 1093 85 364 1094 85 365 1095 81 365 1096 77 365 1097 77 366 1098 73 366 1099 85 366 1100 73 367 1101 69 367 1102 85 367 1103 117 368 1104 109 368 1105 101 368 1106 101 369 1107 93 369 1108 85 369 1109 69 370 1110 117 370 1111 85 370 1112 124 371 1113 125 371 1114 127 371 1115 126 372 1116 127 372 1117 65 372 1118 126 373 1119 64 373 1120 70 373 1121 64 374 1122 66 374 1123 70 374 1124 66 375 1125 68 375 1126 70 375 1127 70 376 1128 72 376 1129 78 376 1130 72 377 1131 74 377 1132 78 377 1133 74 378 1134 76 378 1135 78 378 1136 78 379 1137 80 379 1138 86 379 1139 80 380 1140 82 380 1141 86 380 1142 82 381 1143 84 381 1144 86 381 1145 86 382 1146 88 382 1147 90 382 1148 90 383 1149 92 383 1150 86 383 1151 92 384 1152 94 384 1153 86 384 1154 94 385 1155 96 385 1156 98 385 1157 98 386 1158 100 386 1159 102 386 1160 102 387 1161 104 387 1162 106 387 1163 106 388 1164 108 388 1165 102 388 1166 108 389 1167 110 389 1168 102 389 1169 110 390 1170 112 390 1171 114 390 1172 114 391 1173 116 391 1174 110 391 1175 116 392 1176 118 392 1177 110 392 1178 118 393 1179 120 393 1180 126 393 1181 120 394 1182 122 394 1183 126 394 1184 122 395 1185 124 395 1186 126 395 1187 94 396 1188 98 396 1189 110 396 1190 98 397 1191 102 397 1192 110 397 1193 126 398 1194 70 398 1195 78 398 1196 78 399 1197 86 399 1198 94 399 1199 110 400 1200 118 400 1201 126 400 1202 126 401 1203 78 401 1204 94 401 1205 128 402 1206 129 402 1207 131 402 1208 130 403 1209 131 403 1210 133 403 1211 132 404 1212 133 404 1213 135 404 1214 134 405 1215 135 405 1216 137 405 1217 136 406 1218 137 406 1219 139 406 1220 138 407 1221 139 407 1222 141 407 1223 140 408 1224 141 408 1225 143 408 1226 142 409 1227 143 409 1228 145 409 1229 144 410 1230 145 410 1231 147 410 1232 146 411 1233 147 411 1234 149 411 1235 148 412 1236 149 412 1237 151 412 1238 150 413 1239 151 413 1240 153 413 1241 152 414 1242 153 414 1243 155 414 1244 154 415 1245 155 415 1246 157 415 1247 156 416 1248 157 416 1249 159 416 1250 158 417 1251 159 417 1252 161 417 1253 160 418 1254 161 418 1255 163 418 1256 162 419 1257 163 419 1258 165 419 1259 164 420 1260 165 420 1261 167 420 1262 166 421 1263 167 421 1264 169 421 1265 168 422 1266 169 422 1267 171 422 1268 170 423 1269 171 423 1270 173 423 1271 172 424 1272 173 424 1273 175 424 1274 174 425 1275 175 425 1276 177 425 1277 176 426 1278 177 426 1279 179 426 1280 178 427 1281 179 427 1282 181 427 1283 180 428 1284 181 428 1285 183 428 1286 182 429 1287 183 429 1288 185 429 1289 184 430 1290 185 430 1291 187 430 1292 186 431 1293 187 431 1294 189 431 1295 133 432 1296 131 432 1297 129 432 1298 129 433 1299 191 433 1300 133 433 1301 191 434 1302 189 434 1303 133 434 1304 189 435 1305 187 435 1306 185 435 1307 185 436 1308 183 436 1309 181 436 1310 181 437 1311 179 437 1312 177 437 1313 177 438 1314 175 438 1315 173 438 1316 173 439 1317 171 439 1318 165 439 1319 171 440 1320 169 440 1321 165 440 1322 169 441 1323 167 441 1324 165 441 1325 165 442 1326 163 442 1327 161 442 1328 161 443 1329 159 443 1330 157 443 1331 157 444 1332 155 444 1333 153 444 1334 153 445 1335 151 445 1336 149 445 1337 149 446 1338 147 446 1339 145 446 1340 145 447 1341 143 447 1342 149 447 1343 143 448 1344 141 448 1345 149 448 1346 141 449 1347 139 449 1348 137 449 1349 137 450 1350 135 450 1351 133 450 1352 189 451 1353 185 451 1354 133 451 1355 185 452 1356 181 452 1357 133 452 1358 181 453 1359 177 453 1360 173 453 1361 165 454 1362 161 454 1363 149 454 1364 161 455 1365 157 455 1366 149 455 1367 157 456 1368 153 456 1369 149 456 1370 141 457 1371 137 457 1372 133 457 1373 181 458 1374 173 458 1375 133 458 1376 173 459 1377 165 459 1378 133 459 1379 149 460 1380 141 460 1381 165 460 1382 188 461 1383 189 461 1384 191 461 1385 190 462 1386 191 462 1387 129 462 1388 190 463 1389 128 463 1390 130 463 1391 130 464 1392 132 464 1393 134 464 1394 134 465 1395 136 465 1396 138 465 1397 138 466 1398 140 466 1399 134 466 1400 140 467 1401 142 467 1402 134 467 1403 142 468 1404 144 468 1405 146 468 1406 146 469 1407 148 469 1408 142 469 1409 148 470 1410 150 470 1411 142 470 1412 150 471 1413 152 471 1414 154 471 1415 154 472 1416 156 472 1417 158 472 1418 158 473 1419 160 473 1420 166 473 1421 160 474 1422 162 474 1423 166 474 1424 162 475 1425 164 475 1426 166 475 1427 166 476 1428 168 476 1429 174 476 1430 168 477 1431 170 477 1432 174 477 1433 170 478 1434 172 478 1435 174 478 1436 174 479 1437 176 479 1438 182 479 1439 176 480 1440 178 480 1441 182 480 1442 178 481 1443 180 481 1444 182 481 1445 182 482 1446 184 482 1447 186 482 1448 186 483 1449 188 483 1450 190 483 1451 190 484 1452 130 484 1453 134 484 1454 150 485 1455 154 485 1456 158 485 1457 182 486 1458 186 486 1459 190 486 1460 190 487 1461 134 487 1462 142 487 1463 142 488 1464 150 488 1465 190 488 1466 150 489 1467 158 489 1468 190 489 1469 158 490 1470 166 490 1471 174 490 1472 174 491 1473 182 491 1474 158 491 1475 192 492 1476 196 492 1477 198 492 1478 195 493 1479 194 493 1480 198 493 1481 199 494 1482 198 494 1483 196 494 1484 197 495 1485 193 495 1486 195 495 1487 193 496 1488 192 496 1489 194 496 1490 197 497 1491 196 497 1492 192 497 1493 200 498 1494 201 498 1495 203 498 1496 202 499 1497 203 499 1498 205 499 1499 204 500 1500 205 500 1501 207 500 1502 206 501 1503 207 501 1504 209 501 1505 208 502 1506 209 502 1507 211 502 1508 210 503 1509 211 503 1510 213 503 1511 212 504 1512 213 504 1513 215 504 1514 214 505 1515 215 505 1516 217 505 1517 216 506 1518 217 506 1519 219 506 1520 218 507 1521 219 507 1522 221 507 1523 220 508 1524 221 508 1525 223 508 1526 222 509 1527 223 509 1528 225 509 1529 224 510 1530 225 510 1531 227 510 1532 226 511 1533 227 511 1534 229 511 1535 228 512 1536 229 512 1537 231 512 1538 230 513 1539 231 513 1540 233 513 1541 232 514 1542 233 514 1543 235 514 1544 234 515 1545 235 515 1546 237 515 1547 236 516 1548 237 516 1549 239 516 1550 238 517 1551 239 517 1552 241 517 1553 240 518 1554 241 518 1555 243 518 1556 242 519 1557 243 519 1558 245 519 1559 244 520 1560 245 520 1561 247 520 1562 246 521 1563 247 521 1564 249 521 1565 248 522 1566 249 522 1567 251 522 1568 250 523 1569 251 523 1570 253 523 1571 252 524 1572 253 524 1573 255 524 1574 254 525 1575 255 525 1576 257 525 1577 256 526 1578 257 526 1579 259 526 1580 258 527 1581 259 527 1582 261 527 1583 205 528 1584 203 528 1585 261 528 1586 203 529 1587 201 529 1588 261 529 1589 201 530 1590 263 530 1591 261 530 1592 261 531 1593 259 531 1594 253 531 1595 259 532 1596 257 532 1597 253 532 1598 257 533 1599 255 533 1600 253 533 1601 253 534 1602 251 534 1603 249 534 1604 249 535 1605 247 535 1606 253 535 1607 247 536 1608 245 536 1609 253 536 1610 245 537 1611 243 537 1612 241 537 1613 241 538 1614 239 538 1615 245 538 1616 239 539 1617 237 539 1618 245 539 1619 237 540 1620 235 540 1621 233 540 1622 233 541 1623 231 541 1624 237 541 1625 231 542 1626 229 542 1627 237 542 1628 229 543 1629 227 543 1630 221 543 1631 227 544 1632 225 544 1633 221 544 1634 225 545 1635 223 545 1636 221 545 1637 221 546 1638 219 546 1639 217 546 1640 217 547 1641 215 547 1642 221 547 1643 215 548 1644 213 548 1645 221 548 1646 213 549 1647 211 549 1648 209 549 1649 209 550 1650 207 550 1651 205 550 1652 213 551 1653 209 551 1654 221 551 1655 209 552 1656 205 552 1657 221 552 1658 205 553 1659 261 553 1660 253 553 1661 253 554 1662 245 554 1663 237 554 1664 237 555 1665 229 555 1666 221 555 1667 205 556 1668 253 556 1669 221 556 1670 260 557 1671 261 557 1672 263 557 1673 262 558 1674 263 558 1675 201 558 1676 262 559 1677 200 559 1678 206 559 1679 200 560 1680 202 560 1681 206 560 1682 202 561 1683 204 561 1684 206 561 1685 206 562 1686 208 562 1687 214 562 1688 208 563 1689 210 563 1690 214 563 1691 210 564 1692 212 564 1693 214 564 1694 214 565 1695 216 565 1696 218 565 1697 218 566 1698 220 566 1699 214 566 1700 220 567 1701 222 567 1702 214 567 1703 222 568 1704 224 568 1705 226 568 1706 226 569 1707 228 569 1708 230 569 1709 230 570 1710 232 570 1711 238 570 1712 232 571 1713 234 571 1714 238 571 1715 234 572 1716 236 572 1717 238 572 1718 238 573 1719 240 573 1720 242 573 1721 242 574 1722 244 574 1723 238 574 1724 244 575 1725 246 575 1726 238 575 1727 246 576 1728 248 576 1729 250 576 1730 250 577 1731 252 577 1732 254 577 1733 254 578 1734 256 578 1735 258 578 1736 258 579 1737 260 579 1738 262 579 1739 222 580 1740 226 580 1741 214 580 1742 226 581 1743 230 581 1744 214 581 1745 246 582 1746 250 582 1747 254 582 1748 254 583 1749 258 583 1750 246 583 1751 258 584 1752 262 584 1753 246 584 1754 262 585 1755 206 585 1756 230 585 1757 206 586 1758 214 586 1759 230 586 1760 230 587 1761 238 587 1762 262 587 1763 264 588 1764 265 588 1765 267 588 1766 266 589 1767 267 589 1768 269 589 1769 268 590 1770 269 590 1771 271 590 1772 270 591 1773 271 591 1774 273 591 1775 272 592 1776 273 592 1777 275 592 1778 274 593 1779 275 593 1780 277 593 1781 276 594 1782 277 594 1783 279 594 1784 278 595 1785 279 595 1786 281 595 1787 280 596 1788 281 596 1789 283 596 1790 282 597 1791 283 597 1792 285 597 1793 284 598 1794 285 598 1795 287 598 1796 286 599 1797 287 599 1798 289 599 1799 288 600 1800 289 600 1801 291 600 1802 290 601 1803 291 601 1804 293 601 1805 292 602 1806 293 602 1807 295 602 1808 294 603 1809 295 603 1810 297 603 1811 296 604 1812 297 604 1813 299 604 1814 298 605 1815 299 605 1816 301 605 1817 300 606 1818 301 606 1819 303 606 1820 302 607 1821 303 607 1822 305 607 1823 304 608 1824 305 608 1825 307 608 1826 306 609 1827 307 609 1828 309 609 1829 308 610 1830 309 610 1831 311 610 1832 310 611 1833 311 611 1834 313 611 1835 312 612 1836 313 612 1837 315 612 1838 314 613 1839 315 613 1840 317 613 1841 316 614 1842 317 614 1843 319 614 1844 318 615 1845 319 615 1846 321 615 1847 320 616 1848 321 616 1849 323 616 1850 322 617 1851 323 617 1852 325 617 1853 269 618 1854 267 618 1855 265 618 1856 265 619 1857 327 619 1858 325 619 1859 325 620 1860 323 620 1861 321 620 1862 321 621 1863 319 621 1864 325 621 1865 319 622 1866 317 622 1867 325 622 1868 317 623 1869 315 623 1870 313 623 1871 313 624 1872 311 624 1873 309 624 1874 309 625 1875 307 625 1876 305 625 1877 305 626 1878 303 626 1879 309 626 1880 303 627 1881 301 627 1882 309 627 1883 301 628 1884 299 628 1885 297 628 1886 297 629 1887 295 629 1888 293 629 1889 293 630 1890 291 630 1891 289 630 1892 289 631 1893 287 631 1894 285 631 1895 285 632 1896 283 632 1897 281 632 1898 281 633 1899 279 633 1900 285 633 1901 279 634 1902 277 634 1903 285 634 1904 277 635 1905 275 635 1906 273 635 1907 273 636 1908 271 636 1909 269 636 1910 269 637 1911 265 637 1912 325 637 1913 317 638 1914 313 638 1915 301 638 1916 313 639 1917 309 639 1918 301 639 1919 301 640 1920 297 640 1921 293 640 1922 293 641 1923 289 641 1924 301 641 1925 289 642 1926 285 642 1927 301 642 1928 277 643 1929 273 643 1930 285 643 1931 273 644 1932 269 644 1933 285 644 1934 269 645 1935 325 645 1936 317 645 1937 269 646 1938 317 646 1939 301 646 1940 324 647 1941 325 647 1942 327 647 1943 326 648 1944 327 648 1945 265 648 1946 326 649 1947 264 649 1948 266 649 1949 266 650 1950 268 650 1951 326 650 1952 268 651 1953 270 651 1954 326 651 1955 270 652 1956 272 652 1957 274 652 1958 274 653 1959 276 653 1960 278 653 1961 278 654 1962 280 654 1963 282 654 1964 282 655 1965 284 655 1966 286 655 1967 286 656 1968 288 656 1969 294 656 1970 288 657 1971 290 657 1972 294 657 1973 290 658 1974 292 658 1975 294 658 1976 294 659 1977 296 659 1978 298 659 1979 298 660 1980 300 660 1981 302 660 1982 302 661 1983 304 661 1984 310 661 1985 304 662 1986 306 662 1987 310 662 1988 306 663 1989 308 663 1990 310 663 1991 310 664 1992 312 664 1993 314 664 1994 314 665 1995 316 665 1996 318 665 1997 318 666 1998 320 666 1999 322 666 2000 322 667 2001 324 667 2002 318 667 2003 324 668 2004 326 668 2005 318 668 2006 270 669 2007 274 669 2008 326 669 2009 274 670 2010 278 670 2011 326 670 2012 278 671 2013 282 671 2014 294 671 2015 282 672 2016 286 672 2017 294 672 2018 294 673 2019 298 673 2020 310 673 2021 298 674 2022 302 674 2023 310 674 2024 310 675 2025 314 675 2026 326 675 2027 314 676 2028 318 676 2029 326 676 2030 326 677 2031 278 677 2032 310 677 2033 328 678 2034 329 678 2035 331 678 2036 330 679 2037 331 679 2038 333 679 2039 332 680 2040 333 680 2041 335 680 2042 334 681 2043 335 681 2044 337 681 2045 336 682 2046 337 682 2047 339 682 2048 338 683 2049 339 683 2050 341 683 2051 340 684 2052 341 684 2053 343 684 2054 342 685 2055 343 685 2056 345 685 2057 344 686 2058 345 686 2059 347 686 2060 346 687 2061 347 687 2062 349 687 2063 348 688 2064 349 688 2065 351 688 2066 350 689 2067 351 689 2068 353 689 2069 352 690 2070 353 690 2071 355 690 2072 354 691 2073 355 691 2074 357 691 2075 356 692 2076 357 692 2077 359 692 2078 358 693 2079 359 693 2080 361 693 2081 360 694 2082 361 694 2083 363 694 2084 362 695 2085 363 695 2086 365 695 2087 364 696 2088 365 696 2089 367 696 2090 366 697 2091 367 697 2092 369 697 2093 368 698 2094 369 698 2095 371 698 2096 370 699 2097 371 699 2098 373 699 2099 372 700 2100 373 700 2101 375 700 2102 374 701 2103 375 701 2104 377 701 2105 376 702 2106 377 702 2107 379 702 2108 378 703 2109 379 703 2110 381 703 2111 380 704 2112 381 704 2113 383 704 2114 382 705 2115 383 705 2116 385 705 2117 384 706 2118 385 706 2119 387 706 2120 386 707 2121 387 707 2122 389 707 2123 333 708 2124 331 708 2125 329 708 2126 329 709 2127 391 709 2128 333 709 2129 391 710 2130 389 710 2131 333 710 2132 389 711 2133 387 711 2134 385 711 2135 385 712 2136 383 712 2137 381 712 2138 381 713 2139 379 713 2140 377 713 2141 377 714 2142 375 714 2143 381 714 2144 375 715 2145 373 715 2146 381 715 2147 373 716 2148 371 716 2149 369 716 2150 369 717 2151 367 717 2152 365 717 2153 365 718 2154 363 718 2155 361 718 2156 361 719 2157 359 719 2158 357 719 2159 357 720 2160 355 720 2161 353 720 2162 353 721 2163 351 721 2164 357 721 2165 351 722 2166 349 722 2167 357 722 2168 349 723 2169 347 723 2170 345 723 2171 345 724 2172 343 724 2173 341 724 2174 341 725 2175 339 725 2176 337 725 2177 337 726 2178 335 726 2179 333 726 2180 389 727 2181 385 727 2182 333 727 2183 385 728 2184 381 728 2185 333 728 2186 373 729 2187 369 729 2188 381 729 2189 369 730 2190 365 730 2191 381 730 2192 365 731 2193 361 731 2194 357 731 2195 349 732 2196 345 732 2197 341 732 2198 341 733 2199 337 733 2200 349 733 2201 337 734 2202 333 734 2203 349 734 2204 365 735 2205 357 735 2206 333 735 2207 357 736 2208 349 736 2209 333 736 2210 388 737 2211 389 737 2212 391 737 2213 390 738 2214 391 738 2215 329 738 2216 390 739 2217 328 739 2218 330 739 2219 330 740 2220 332 740 2221 390 740 2222 332 741 2223 334 741 2224 390 741 2225 334 742 2226 336 742 2227 342 742 2228 336 743 2229 338 743 2230 342 743 2231 338 744 2232 340 744 2233 342 744 2234 342 745 2235 344 745 2236 346 745 2237 346 746 2238 348 746 2239 350 746 2240 350 747 2241 352 747 2242 358 747 2243 352 748 2244 354 748 2245 358 748 2246 354 749 2247 356 749 2248 358 749 2249 358 750 2250 360 750 2251 362 750 2252 362 751 2253 364 751 2254 366 751 2255 366 752 2256 368 752 2257 374 752 2258 368 753 2259 370 753 2260 374 753 2261 370 754 2262 372 754 2263 374 754 2264 374 755 2265 376 755 2266 382 755 2267 376 756 2268 378 756 2269 382 756 2270 378 757 2271 380 757 2272 382 757 2273 382 758 2274 384 758 2275 386 758 2276 386 759 2277 388 759 2278 382 759 2279 388 760 2280 390 760 2281 382 760 2282 342 761 2283 346 761 2284 358 761 2285 346 762 2286 350 762 2287 358 762 2288 358 763 2289 362 763 2290 374 763 2291 362 764 2292 366 764 2293 374 764 2294 390 765 2295 334 765 2296 342 765 2297 374 766 2298 382 766 2299 390 766 2300 390 767 2301 342 767 2302 374 767 2303 392 768 2304 393 768 2305 395 768 2306 394 769 2307 395 769 2308 397 769 2309 396 770 2310 397 770 2311 399 770 2312 398 771 2313 399 771 2314 401 771 2315 400 772 2316 401 772 2317 403 772 2318 402 773 2319 403 773 2320 405 773 2321 404 774 2322 405 774 2323 407 774 2324 406 775 2325 407 775 2326 409 775 2327 408 776 2328 409 776 2329 411 776 2330 410 777 2331 411 777 2332 413 777 2333 412 778 2334 413 778 2335 415 778 2336 414 779 2337 415 779 2338 417 779 2339 416 780 2340 417 780 2341 419 780 2342 418 781 2343 419 781 2344 421 781 2345 420 782 2346 421 782 2347 423 782 2348 422 783 2349 423 783 2350 425 783 2351 424 784 2352 425 784 2353 427 784 2354 426 785 2355 427 785 2356 429 785 2357 428 786 2358 429 786 2359 431 786 2360 430 787 2361 431 787 2362 433 787 2363 432 788 2364 433 788 2365 435 788 2366 434 789 2367 435 789 2368 437 789 2369 436 790 2370 437 790 2371 439 790 2372 438 791 2373 439 791 2374 441 791 2375 440 792 2376 441 792 2377 443 792 2378 442 793 2379 443 793 2380 445 793 2381 444 794 2382 445 794 2383 447 794 2384 446 795 2385 447 795 2386 449 795 2387 448 796 2388 449 796 2389 451 796 2390 450 797 2391 451 797 2392 453 797 2393 397 798 2394 395 798 2395 393 798 2396 393 799 2397 455 799 2398 453 799 2399 453 800 2400 451 800 2401 445 800 2402 451 801 2403 449 801 2404 445 801 2405 449 802 2406 447 802 2407 445 802 2408 445 803 2409 443 803 2410 441 803 2411 441 804 2412 439 804 2413 437 804 2414 437 805 2415 435 805 2416 433 805 2417 433 806 2418 431 806 2419 437 806 2420 431 807 2421 429 807 2422 437 807 2423 429 808 2424 427 808 2425 421 808 2426 427 809 2427 425 809 2428 421 809 2429 425 810 2430 423 810 2431 421 810 2432 421 811 2433 419 811 2434 413 811 2435 419 812 2436 417 812 2437 413 812 2438 417 813 2439 415 813 2440 413 813 2441 413 814 2442 411 814 2443 409 814 2444 409 815 2445 407 815 2446 413 815 2447 407 816 2448 405 816 2449 413 816 2450 405 817 2451 403 817 2452 401 817 2453 401 818 2454 399 818 2455 405 818 2456 399 819 2457 397 819 2458 405 819 2459 397 820 2460 393 820 2461 445 820 2462 393 821 2463 453 821 2464 445 821 2465 445 822 2466 441 822 2467 437 822 2468 445 823 2469 437 823 2470 429 823 2471 429 824 2472 421 824 2473 413 824 2474 413 825 2475 405 825 2476 397 825 2477 397 826 2478 445 826 2479 413 826 2480 452 827 2481 453 827 2482 455 827 2483 454 828 2484 455 828 2485 393 828 2486 454 829 2487 392 829 2488 398 829 2489 392 830 2490 394 830 2491 398 830 2492 394 831 2493 396 831 2494 398 831 2495 398 832 2496 400 832 2497 402 832 2498 402 833 2499 404 833 2500 398 833 2501 404 834 2502 406 834 2503 398 834 2504 406 835 2505 408 835 2506 410 835 2507 410 836 2508 412 836 2509 406 836 2510 412 837 2511 414 837 2512 406 837 2513 414 838 2514 416 838 2515 418 838 2516 418 839 2517 420 839 2518 422 839 2519 422 840 2520 424 840 2521 426 840 2522 426 841 2523 428 841 2524 430 841 2525 430 842 2526 432 842 2527 434 842 2528 434 843 2529 436 843 2530 430 843 2531 436 844 2532 438 844 2533 430 844 2534 438 845 2535 440 845 2536 442 845 2537 442 846 2538 444 846 2539 438 846 2540 444 847 2541 446 847 2542 438 847 2543 446 848 2544 448 848 2545 450 848 2546 450 849 2547 452 849 2548 454 849 2549 414 850 2550 418 850 2551 406 850 2552 418 851 2553 422 851 2554 406 851 2555 422 852 2556 426 852 2557 430 852 2558 446 853 2559 450 853 2560 438 853 2561 450 854 2562 454 854 2563 438 854 2564 454 855 2565 398 855 2566 422 855 2567 398 856 2568 406 856 2569 422 856 2570 422 857 2571 430 857 2572 454 857 2573 456 858 2574 457 858 2575 459 858 2576 458 859 2577 459 859 2578 461 859 2579 460 860 2580 461 860 2581 463 860 2582 462 861 2583 463 861 2584 465 861 2585 464 862 2586 465 862 2587 467 862 2588 466 863 2589 467 863 2590 469 863 2591 468 864 2592 469 864 2593 471 864 2594 470 865 2595 471 865 2596 473 865 2597 472 866 2598 473 866 2599 475 866 2600 474 867 2601 475 867 2602 477 867 2603 476 868 2604 477 868 2605 479 868 2606 478 869 2607 479 869 2608 481 869 2609 480 870 2610 481 870 2611 483 870 2612 482 871 2613 483 871 2614 485 871 2615 484 872 2616 485 872 2617 487 872 2618 486 873 2619 487 873 2620 489 873 2621 488 874 2622 489 874 2623 491 874 2624 490 875 2625 491 875 2626 493 875 2627 492 876 2628 493 876 2629 495 876 2630 494 877 2631 495 877 2632 497 877 2633 496 878 2634 497 878 2635 499 878 2636 498 879 2637 499 879 2638 501 879 2639 500 880 2640 501 880 2641 503 880 2642 502 881 2643 503 881 2644 505 881 2645 504 882 2646 505 882 2647 507 882 2648 506 883 2649 507 883 2650 509 883 2651 508 884 2652 509 884 2653 511 884 2654 510 885 2655 511 885 2656 513 885 2657 512 886 2658 513 886 2659 515 886 2660 514 887 2661 515 887 2662 517 887 2663 461 888 2664 459 888 2665 517 888 2666 459 889 2667 457 889 2668 517 889 2669 457 890 2670 519 890 2671 517 890 2672 517 891 2673 515 891 2674 513 891 2675 513 892 2676 511 892 2677 517 892 2678 511 893 2679 509 893 2680 517 893 2681 509 894 2682 507 894 2683 501 894 2684 507 895 2685 505 895 2686 501 895 2687 505 896 2688 503 896 2689 501 896 2690 501 897 2691 499 897 2692 493 897 2693 499 898 2694 497 898 2695 493 898 2696 497 899 2697 495 899 2698 493 899 2699 493 900 2700 491 900 2701 489 900 2702 489 901 2703 487 901 2704 485 901 2705 485 902 2706 483 902 2707 481 902 2708 481 903 2709 479 903 2710 485 903 2711 479 904 2712 477 904 2713 485 904 2714 477 905 2715 475 905 2716 473 905 2717 473 906 2718 471 906 2719 469 906 2720 469 907 2721 467 907 2722 461 907 2723 467 908 2724 465 908 2725 461 908 2726 465 909 2727 463 909 2728 461 909 2729 493 910 2730 489 910 2731 485 910 2732 477 911 2733 473 911 2734 461 911 2735 473 912 2736 469 912 2737 461 912 2738 461 913 2739 517 913 2740 493 913 2741 517 914 2742 509 914 2743 493 914 2744 509 915 2745 501 915 2746 493 915 2747 493 916 2748 485 916 2749 461 916 2750 516 917 2751 517 917 2752 519 917 2753 518 918 2754 519 918 2755 457 918 2756 518 919 2757 456 919 2758 458 919 2759 458 920 2760 460 920 2761 518 920 2762 460 921 2763 462 921 2764 518 921 2765 462 922 2766 464 922 2767 466 922 2768 466 923 2769 468 923 2770 470 923 2771 470 924 2772 472 924 2773 478 924 2774 472 925 2775 474 925 2776 478 925 2777 474 926 2778 476 926 2779 478 926 2780 478 927 2781 480 927 2782 482 927 2783 482 928 2784 484 928 2785 478 928 2786 484 929 2787 486 929 2788 478 929 2789 486 930 2790 488 930 2791 490 930 2792 490 931 2793 492 931 2794 486 931 2795 492 932 2796 494 932 2797 486 932 2798 494 933 2799 496 933 2800 498 933 2801 498 934 2802 500 934 2803 502 934 2804 502 935 2805 504 935 2806 506 935 2807 506 936 2808 508 936 2809 502 936 2810 508 937 2811 510 937 2812 502 937 2813 510 938 2814 512 938 2815 514 938 2816 514 939 2817 516 939 2818 510 939 2819 516 940 2820 518 940 2821 510 940 2822 462 941 2823 466 941 2824 518 941 2825 466 942 2826 470 942 2827 518 942 2828 494 943 2829 498 943 2830 486 943 2831 498 944 2832 502 944 2833 486 944 2834 470 945 2835 478 945 2836 518 945 2837 478 946 2838 486 946 2839 518 946 2840 502 947 2841 510 947 2842 486 947 2843 520 948 2844 521 948 2845 523 948 2846 522 949 2847 523 949 2848 525 949 2849 524 950 2850 525 950 2851 527 950 2852 526 951 2853 527 951 2854 529 951 2855 528 952 2856 529 952 2857 531 952 2858 530 953 2859 531 953 2860 533 953 2861 532 954 2862 533 954 2863 535 954 2864 534 955 2865 535 955 2866 537 955 2867 536 956 2868 537 956 2869 539 956 2870 538 957 2871 539 957 2872 541 957 2873 540 958 2874 541 958 2875 543 958 2876 542 959 2877 543 959 2878 545 959 2879 544 960 2880 545 960 2881 547 960 2882 546 961 2883 547 961 2884 549 961 2885 548 962 2886 549 962 2887 551 962 2888 550 963 2889 551 963 2890 553 963 2891 552 964 2892 553 964 2893 555 964 2894 554 965 2895 555 965 2896 557 965 2897 556 966 2898 557 966 2899 559 966 2900 558 967 2901 559 967 2902 561 967 2903 560 968 2904 561 968 2905 563 968 2906 562 969 2907 563 969 2908 565 969 2909 564 970 2910 565 970 2911 567 970 2912 566 971 2913 567 971 2914 569 971 2915 568 972 2916 569 972 2917 571 972 2918 570 973 2919 571 973 2920 573 973 2921 572 974 2922 573 974 2923 575 974 2924 574 975 2925 575 975 2926 577 975 2927 576 976 2928 577 976 2929 579 976 2930 578 977 2931 579 977 2932 581 977 2933 525 978 2934 523 978 2935 521 978 2936 521 979 2937 583 979 2938 525 979 2939 583 980 2940 581 980 2941 525 980 2942 581 981 2943 579 981 2944 577 981 2945 577 982 2946 575 982 2947 581 982 2948 575 983 2949 573 983 2950 581 983 2951 573 984 2952 571 984 2953 569 984 2954 569 985 2955 567 985 2956 565 985 2957 565 986 2958 563 986 2959 557 986 2960 563 987 2961 561 987 2962 557 987 2963 561 988 2964 559 988 2965 557 988 2966 557 989 2967 555 989 2968 553 989 2969 553 990 2970 551 990 2971 549 990 2972 549 991 2973 547 991 2974 545 991 2975 545 992 2976 543 992 2977 549 992 2978 543 993 2979 541 993 2980 549 993 2981 541 994 2982 539 994 2983 537 994 2984 537 995 2985 535 995 2986 541 995 2987 535 996 2988 533 996 2989 541 996 2990 533 997 2991 531 997 2992 525 997 2993 531 998 2994 529 998 2995 525 998 2996 529 999 2997 527 999 2998 525 999 2999 573 1000 3000 569 1000 3001 565 1000 3002 557 1001 3003 553 1001 3004 549 1001 3005 525 1002 3006 581 1002 3007 557 1002 3008 581 1003 3009 573 1003 3010 557 1003 3011 573 1004 3012 565 1004 3013 557 1004 3014 557 1005 3015 549 1005 3016 525 1005 3017 549 1006 3018 541 1006 3019 525 1006 3020 580 1007 3021 581 1007 3022 583 1007 3023 582 1008 3024 583 1008 3025 521 1008 3026 582 1009 3027 520 1009 3028 522 1009 3029 522 1010 3030 524 1010 3031 582 1010 3032 524 1011 3033 526 1011 3034 582 1011 3035 526 1012 3036 528 1012 3037 530 1012 3038 530 1013 3039 532 1013 3040 526 1013 3041 532 1014 3042 534 1014 3043 526 1014 3044 534 1015 3045 536 1015 3046 538 1015 3047 538 1016 3048 540 1016 3049 534 1016 3050 540 1017 3051 542 1017 3052 534 1017 3053 542 1018 3054 544 1018 3055 546 1018 3056 546 1019 3057 548 1019 3058 542 1019 3059 548 1020 3060 550 1020 3061 542 1020 3062 550 1021 3063 552 1021 3064 554 1021 3065 554 1022 3066 556 1022 3067 550 1022 3068 556 1023 3069 558 1023 3070 550 1023 3071 558 1024 3072 560 1024 3073 562 1024 3074 562 1025 3075 564 1025 3076 566 1025 3077 566 1026 3078 568 1026 3079 570 1026 3080 570 1027 3081 572 1027 3082 566 1027 3083 572 1028 3084 574 1028 3085 566 1028 3086 574 1029 3087 576 1029 3088 578 1029 3089 578 1030 3090 580 1030 3091 574 1030 3092 580 1031 3093 582 1031 3094 574 1031 3095 558 1032 3096 562 1032 3097 550 1032 3098 562 1033 3099 566 1033 3100 550 1033 3101 582 1034 3102 526 1034 3103 534 1034 3104 534 1035 3105 542 1035 3106 582 1035 3107 542 1036 3108 550 1036 3109 582 1036 3110 566 1037 3111 574 1037 3112 550 1037 3113 584 1038 3114 587 1038 3115 586 1038 3116 586 1039 3117 591 1039 3118 590 1039 3119 590 1040 3120 589 1040 3121 588 1040 3122 588 1041 3123 585 1041 3124 584 1041 3125 586 1042 3126 588 1042 3127 584 1042 3128 591 1043 3129 585 1043 3130 589 1043 3131 592 1044 3132 595 1044 3133 594 1044 3134 594 1045 3135 599 1045 3136 598 1045 3137 598 1046 3138 597 1046 3139 596 1046 3140 596 1047 3141 593 1047 3142 592 1047 3143 594 1048 3144 596 1048 3145 592 1048 3146 599 1049 3147 593 1049 3148 597 1049 3149 600 1050 3150 603 1050 3151 602 1050 3152 602 1051 3153 607 1051 3154 606 1051 3155 606 1052 3156 605 1052 3157 604 1052 3158 604 1053 3159 601 1053 3160 600 1053 3161 602 1054 3162 604 1054 3163 600 1054 3164 607 1055 3165 601 1055 3166 605 1055 3167 608 1056 3168 611 1056 3169 610 1056 3170 610 1057 3171 615 1057 3172 614 1057 3173 614 1058 3174 613 1058 3175 612 1058 3176 612 1059 3177 609 1059 3178 608 1059 3179 610 1060 3180 612 1060 3181 608 1060 3182 615 1061 3183 609 1061 3184 613 1061 3185 616 1062 3186 619 1062 3187 618 1062 3188 618 1063 3189 621 1063 3190 620 1063 3191 620 1064 3192 623 1064 3193 622 1064 3194 622 1065 3195 625 1065 3196 624 1065 3197 624 1066 3198 627 1066 3199 626 1066 3200 626 1067 3201 629 1067 3202 628 1067 3203 628 1068 3204 631 1068 3205 630 1068 3206 630 1069 3207 633 1069 3208 632 1069 3209 632 1070 3210 635 1070 3211 634 1070 3212 634 1071 3213 637 1071 3214 636 1071 3215 636 1072 3216 639 1072 3217 638 1072 3218 638 1073 3219 641 1073 3220 640 1073 3221 640 1074 3222 643 1074 3223 642 1074 3224 642 1075 3225 645 1075 3226 644 1075 3227 644 1076 3228 647 1076 3229 646 1076 3230 646 1077 3231 649 1077 3232 648 1077 3233 648 1078 3234 651 1078 3235 650 1078 3236 650 1079 3237 653 1079 3238 652 1079 3239 652 1080 3240 655 1080 3241 654 1080 3242 654 1081 3243 657 1081 3244 656 1081 3245 656 1082 3246 659 1082 3247 658 1082 3248 658 1083 3249 661 1083 3250 660 1083 3251 660 1084 3252 663 1084 3253 662 1084 3254 662 1085 3255 665 1085 3256 664 1085 3257 664 1086 3258 667 1086 3259 666 1086 3260 666 1087 3261 669 1087 3262 668 1087 3263 668 1088 3264 671 1088 3265 670 1088 3266 670 1089 3267 673 1089 3268 672 1089 3269 672 1090 3270 675 1090 3271 674 1090 3272 674 1091 3273 677 1091 3274 676 1091 3275 653 1092 3276 637 1092 3277 621 1092 3278 676 1093 3279 679 1093 3280 678 1093 3281 678 1094 3282 617 1094 3283 616 1094 3284 630 1095 3285 646 1095 3286 662 1095 3287 680 1096 3288 683 1096 3289 682 1096 3290 682 1097 3291 685 1097 3292 684 1097 3293 684 1098 3294 687 1098 3295 686 1098 3296 686 1099 3297 689 1099 3298 688 1099 3299 688 1100 3300 691 1100 3301 690 1100 3302 690 1101 3303 693 1101 3304 692 1101 3305 692 1102 3306 695 1102 3307 694 1102 3308 694 1103 3309 697 1103 3310 696 1103 3311 696 1104 3312 699 1104 3313 698 1104 3314 698 1105 3315 701 1105 3316 700 1105 3317 700 1106 3318 703 1106 3319 702 1106 3320 702 1107 3321 705 1107 3322 704 1107 3323 704 1108 3324 707 1108 3325 706 1108 3326 706 1109 3327 709 1109 3328 708 1109 3329 708 1110 3330 711 1110 3331 710 1110 3332 710 1111 3333 713 1111 3334 712 1111 3335 712 1112 3336 715 1112 3337 714 1112 3338 714 1113 3339 717 1113 3340 716 1113 3341 716 1114 3342 719 1114 3343 718 1114 3344 718 1115 3345 721 1115 3346 720 1115 3347 720 1116 3348 723 1116 3349 722 1116 3350 722 1117 3351 725 1117 3352 724 1117 3353 724 1118 3354 727 1118 3355 726 1118 3356 726 1119 3357 729 1119 3358 728 1119 3359 728 1120 3360 731 1120 3361 730 1120 3362 730 1121 3363 733 1121 3364 732 1121 3365 732 1122 3366 735 1122 3367 734 1122 3368 734 1123 3369 737 1123 3370 736 1123 3371 736 1124 3372 739 1124 3373 738 1124 3374 738 1125 3375 741 1125 3376 740 1125 3377 717 1126 3378 701 1126 3379 685 1126 3380 740 1127 3381 743 1127 3382 742 1127 3383 742 1128 3384 681 1128 3385 680 1128 3386 742 1129 3387 694 1129 3388 710 1129 3389 584 1130 3390 585 1130 3391 587 1130 3392 586 1131 3393 587 1131 3394 591 1131 3395 590 1132 3396 591 1132 3397 589 1132 3398 588 1133 3399 589 1133 3400 585 1133 3401 586 1134 3402 590 1134 3403 588 1134 3404 591 1135 3405 587 1135 3406 585 1135 3407 592 1136 3408 593 1136 3409 595 1136 3410 594 1137 3411 595 1137 3412 599 1137 3413 598 1138 3414 599 1138 3415 597 1138 3416 596 1139 3417 597 1139 3418 593 1139 3419 594 1140 3420 598 1140 3421 596 1140 3422 599 1141 3423 595 1141 3424 593 1141 3425 600 1142 3426 601 1142 3427 603 1142 3428 602 1143 3429 603 1143 3430 607 1143 3431 606 1144 3432 607 1144 3433 605 1144 3434 604 1145 3435 605 1145 3436 601 1145 3437 602 1146 3438 606 1146 3439 604 1146 3440 607 1147 3441 603 1147 3442 601 1147 3443 608 1148 3444 609 1148 3445 611 1148 3446 610 1149 3447 611 1149 3448 615 1149 3449 614 1150 3450 615 1150 3451 613 1150 3452 612 1151 3453 613 1151 3454 609 1151 3455 610 1152 3456 614 1152 3457 612 1152 3458 615 1153 3459 611 1153 3460 609 1153 3461 616 1154 3462 617 1154 3463 619 1154 3464 618 1155 3465 619 1155 3466 621 1155 3467 620 1156 3468 621 1156 3469 623 1156 3470 622 1157 3471 623 1157 3472 625 1157 3473 624 1158 3474 625 1158 3475 627 1158 3476 626 1159 3477 627 1159 3478 629 1159 3479 628 1160 3480 629 1160 3481 631 1160 3482 630 1161 3483 631 1161 3484 633 1161 3485 632 1162 3486 633 1162 3487 635 1162 3488 634 1163 3489 635 1163 3490 637 1163 3491 636 1164 3492 637 1164 3493 639 1164 3494 638 1165 3495 639 1165 3496 641 1165 3497 640 1166 3498 641 1166 3499 643 1166 3500 642 1167 3501 643 1167 3502 645 1167 3503 644 1168 3504 645 1168 3505 647 1168 3506 646 1169 3507 647 1169 3508 649 1169 3509 648 1170 3510 649 1170 3511 651 1170 3512 650 1171 3513 651 1171 3514 653 1171 3515 652 1172 3516 653 1172 3517 655 1172 3518 654 1173 3519 655 1173 3520 657 1173 3521 656 1174 3522 657 1174 3523 659 1174 3524 658 1175 3525 659 1175 3526 661 1175 3527 660 1176 3528 661 1176 3529 663 1176 3530 662 1177 3531 663 1177 3532 665 1177 3533 664 1178 3534 665 1178 3535 667 1178 3536 666 1179 3537 667 1179 3538 669 1179 3539 668 1180 3540 669 1180 3541 671 1180 3542 670 1181 3543 671 1181 3544 673 1181 3545 672 1182 3546 673 1182 3547 675 1182 3548 674 1183 3549 675 1183 3550 677 1183 3551 621 1184 3552 619 1184 3553 617 1184 3554 617 1185 3555 679 1185 3556 677 1185 3557 677 1186 3558 675 1186 3559 673 1186 3560 673 1187 3561 671 1187 3562 669 1187 3563 669 1188 3564 667 1188 3565 665 1188 3566 665 1189 3567 663 1189 3568 669 1189 3569 663 1190 3570 661 1190 3571 669 1190 3572 661 1191 3573 659 1191 3574 657 1191 3575 657 1192 3576 655 1192 3577 661 1192 3578 655 1193 3579 653 1193 3580 661 1193 3581 653 1194 3582 651 1194 3583 649 1194 3584 649 1195 3585 647 1195 3586 645 1195 3587 645 1196 3588 643 1196 3589 637 1196 3590 643 1197 3591 641 1197 3592 637 1197 3593 641 1198 3594 639 1198 3595 637 1198 3596 637 1199 3597 635 1199 3598 629 1199 3599 635 1200 3600 633 1200 3601 629 1200 3602 633 1201 3603 631 1201 3604 629 1201 3605 629 1202 3606 627 1202 3607 625 1202 3608 625 1203 3609 623 1203 3610 621 1203 3611 621 1204 3612 617 1204 3613 677 1204 3614 677 1205 3615 673 1205 3616 621 1205 3617 673 1206 3618 669 1206 3619 621 1206 3620 653 1207 3621 649 1207 3622 637 1207 3623 649 1208 3624 645 1208 3625 637 1208 3626 629 1209 3627 625 1209 3628 637 1209 3629 625 1210 3630 621 1210 3631 637 1210 3632 669 1211 3633 661 1211 3634 653 1211 3635 621 1212 3636 669 1212 3637 653 1212 3638 676 1213 3639 677 1213 3640 679 1213 3641 678 1214 3642 679 1214 3643 617 1214 3644 678 1215 3645 616 1215 3646 622 1215 3647 616 1216 3648 618 1216 3649 622 1216 3650 618 1217 3651 620 1217 3652 622 1217 3653 622 1218 3654 624 1218 3655 630 1218 3656 624 1219 3657 626 1219 3658 630 1219 3659 626 1220 3660 628 1220 3661 630 1220 3662 630 1221 3663 632 1221 3664 634 1221 3665 634 1222 3666 636 1222 3667 638 1222 3668 638 1223 3669 640 1223 3670 642 1223 3671 642 1224 3672 644 1224 3673 646 1224 3674 646 1225 3675 648 1225 3676 654 1225 3677 648 1226 3678 650 1226 3679 654 1226 3680 650 1227 3681 652 1227 3682 654 1227 3683 654 1228 3684 656 1228 3685 658 1228 3686 658 1229 3687 660 1229 3688 662 1229 3689 662 1230 3690 664 1230 3691 666 1230 3692 666 1231 3693 668 1231 3694 662 1231 3695 668 1232 3696 670 1232 3697 662 1232 3698 670 1233 3699 672 1233 3700 674 1233 3701 674 1234 3702 676 1234 3703 678 1234 3704 630 1235 3705 634 1235 3706 638 1235 3707 638 1236 3708 642 1236 3709 630 1236 3710 642 1237 3711 646 1237 3712 630 1237 3713 654 1238 3714 658 1238 3715 662 1238 3716 670 1239 3717 674 1239 3718 662 1239 3719 674 1240 3720 678 1240 3721 662 1240 3722 678 1241 3723 622 1241 3724 630 1241 3725 646 1242 3726 654 1242 3727 662 1242 3728 678 1243 3729 630 1243 3730 662 1243 3731 680 1244 3732 681 1244 3733 683 1244 3734 682 1245 3735 683 1245 3736 685 1245 3737 684 1246 3738 685 1246 3739 687 1246 3740 686 1247 3741 687 1247 3742 689 1247 3743 688 1248 3744 689 1248 3745 691 1248 3746 690 1249 3747 691 1249 3748 693 1249 3749 692 1250 3750 693 1250 3751 695 1250 3752 694 1251 3753 695 1251 3754 697 1251 3755 696 1252 3756 697 1252 3757 699 1252 3758 698 1253 3759 699 1253 3760 701 1253 3761 700 1254 3762 701 1254 3763 703 1254 3764 702 1255 3765 703 1255 3766 705 1255 3767 704 1256 3768 705 1256 3769 707 1256 3770 706 1257 3771 707 1257 3772 709 1257 3773 708 1258 3774 709 1258 3775 711 1258 3776 710 1259 3777 711 1259 3778 713 1259 3779 712 1260 3780 713 1260 3781 715 1260 3782 714 1261 3783 715 1261 3784 717 1261 3785 716 1262 3786 717 1262 3787 719 1262 3788 718 1263 3789 719 1263 3790 721 1263 3791 720 1264 3792 721 1264 3793 723 1264 3794 722 1265 3795 723 1265 3796 725 1265 3797 724 1266 3798 725 1266 3799 727 1266 3800 726 1267 3801 727 1267 3802 729 1267 3803 728 1268 3804 729 1268 3805 731 1268 3806 730 1269 3807 731 1269 3808 733 1269 3809 732 1270 3810 733 1270 3811 735 1270 3812 734 1271 3813 735 1271 3814 737 1271 3815 736 1272 3816 737 1272 3817 739 1272 3818 738 1273 3819 739 1273 3820 741 1273 3821 685 1274 3822 683 1274 3823 741 1274 3824 683 1275 3825 681 1275 3826 741 1275 3827 681 1276 3828 743 1276 3829 741 1276 3830 741 1277 3831 739 1277 3832 733 1277 3833 739 1278 3834 737 1278 3835 733 1278 3836 737 1279 3837 735 1279 3838 733 1279 3839 733 1280 3840 731 1280 3841 729 1280 3842 729 1281 3843 727 1281 3844 733 1281 3845 727 1282 3846 725 1282 3847 733 1282 3848 725 1283 3849 723 1283 3850 721 1283 3851 721 1284 3852 719 1284 3853 725 1284 3854 719 1285 3855 717 1285 3856 725 1285 3857 717 1286 3858 715 1286 3859 713 1286 3860 713 1287 3861 711 1287 3862 709 1287 3863 709 1288 3864 707 1288 3865 701 1288 3866 707 1289 3867 705 1289 3868 701 1289 3869 705 1290 3870 703 1290 3871 701 1290 3872 701 1291 3873 699 1291 3874 693 1291 3875 699 1292 3876 697 1292 3877 693 1292 3878 697 1293 3879 695 1293 3880 693 1293 3881 693 1294 3882 691 1294 3883 689 1294 3884 689 1295 3885 687 1295 3886 693 1295 3887 687 1296 3888 685 1296 3889 693 1296 3890 717 1297 3891 713 1297 3892 701 1297 3893 713 1298 3894 709 1298 3895 701 1298 3896 685 1299 3897 741 1299 3898 733 1299 3899 733 1300 3900 725 1300 3901 685 1300 3902 725 1301 3903 717 1301 3904 685 1301 3905 701 1302 3906 693 1302 3907 685 1302 3908 740 1303 3909 741 1303 3910 743 1303 3911 742 1304 3912 743 1304 3913 681 1304 3914 742 1305 3915 680 1305 3916 682 1305 3917 682 1306 3918 684 1306 3919 686 1306 3920 686 1307 3921 688 1307 3922 690 1307 3923 690 1308 3924 692 1308 3925 686 1308 3926 692 1309 3927 694 1309 3928 686 1309 3929 694 1310 3930 696 1310 3931 698 1310 3932 698 1311 3933 700 1311 3934 702 1311 3935 702 1312 3936 704 1312 3937 706 1312 3938 706 1313 3939 708 1313 3940 710 1313 3941 710 1314 3942 712 1314 3943 718 1314 3944 712 1315 3945 714 1315 3946 718 1315 3947 714 1316 3948 716 1316 3949 718 1316 3950 718 1317 3951 720 1317 3952 722 1317 3953 722 1318 3954 724 1318 3955 726 1318 3956 726 1319 3957 728 1319 3958 730 1319 3959 730 1320 3960 732 1320 3961 726 1320 3962 732 1321 3963 734 1321 3964 726 1321 3965 734 1322 3966 736 1322 3967 738 1322 3968 738 1323 3969 740 1323 3970 742 1323 3971 742 1324 3972 682 1324 3973 694 1324 3974 682 1325 3975 686 1325 3976 694 1325 3977 694 1326 3978 698 1326 3979 702 1326 3980 702 1327 3981 706 1327 3982 694 1327 3983 706 1328 3984 710 1328 3985 694 1328 3986 718 1329 3987 722 1329 3988 726 1329 3989 734 1330 3990 738 1330 3991 726 1330 3992 738 1331 3993 742 1331 3994 726 1331 3995 710 1332 3996 718 1332 3997 742 1332 3998 718 1333 3999 726 1333 4000 742 1333 4001 0 1334 4002 1 1334 4003 3 1334 4004 2 1335 4005 3 1335 4006 5 1335 4007 4 1336 4008 5 1336 4009 7 1336 4010 6 1337 4011 7 1337 4012 9 1337 4013 8 1338 4014 9 1338 4015 11 1338 4016 10 1339 4017 11 1339 4018 13 1339 4019 12 1340 4020 13 1340 4021 15 1340 4022 14 1341 4023 15 1341 4024 17 1341 4025 16 1342 4026 17 1342 4027 19 1342 4028 18 1343 4029 19 1343 4030 21 1343 4031 20 1344 4032 21 1344 4033 23 1344 4034 22 1345 4035 23 1345 4036 25 1345 4037 24 1346 4038 25 1346 4039 27 1346 4040 26 1347 4041 27 1347 4042 29 1347 4043 28 1348 4044 29 1348 4045 31 1348 4046 30 1349 4047 31 1349 4048 33 1349 4049 32 1350 4050 33 1350 4051 35 1350 4052 34 1351 4053 35 1351 4054 37 1351 4055 36 1352 4056 37 1352 4057 39 1352 4058 38 1353 4059 39 1353 4060 41 1353 4061 40 1354 4062 41 1354 4063 43 1354 4064 42 1355 4065 43 1355 4066 45 1355 4067 44 1356 4068 45 1356 4069 47 1356 4070 46 1357 4071 47 1357 4072 49 1357 4073 48 1358 4074 49 1358 4075 51 1358 4076 50 1359 4077 51 1359 4078 53 1359 4079 52 1360 4080 53 1360 4081 55 1360 4082 54 1361 4083 55 1361 4084 57 1361 4085 56 1362 4086 57 1362 4087 59 1362 4088 58 1363 4089 59 1363 4090 61 1363 4091 5 1364 4092 3 1364 4093 1 1364 4094 1 1365 4095 63 1365 4096 61 1365 4097 61 1366 4098 59 1366 4099 57 1366 4100 57 1367 4101 55 1367 4102 53 1367 4103 53 1368 4104 51 1368 4105 45 1368 4106 51 1369 4107 49 1369 4108 45 1369 4109 49 1370 4110 47 1370 4111 45 1370 4112 45 1371 4113 43 1371 4114 41 1371 4115 41 1372 4116 39 1372 4117 37 1372 4118 37 1373 4119 35 1373 4120 33 1373 4121 33 1374 4122 31 1374 4123 29 1374 4124 29 1375 4125 27 1375 4126 25 1375 4127 25 1376 4128 23 1376 4129 21 1376 4130 21 1377 4131 19 1377 4132 17 1377 4133 17 1378 4134 15 1378 4135 21 1378 4136 15 1379 4137 13 1379 4138 21 1379 4139 13 1380 4140 11 1380 4141 9 1380 4142 9 1381 4143 7 1381 4144 5 1381 4145 5 1382 4146 1 1382 4147 61 1382 4148 61 1383 4149 57 1383 4150 5 1383 4151 57 1384 4152 53 1384 4153 5 1384 4154 45 1385 4155 41 1385 4156 53 1385 4157 41 1386 4158 37 1386 4159 53 1386 4160 37 1387 4161 33 1387 4162 29 1387 4163 29 1388 4164 25 1388 4165 37 1388 4166 25 1389 4167 21 1389 4168 37 1389 4169 13 1390 4170 9 1390 4171 21 1390 4172 9 1391 4173 5 1391 4174 21 1391 4175 5 1392 4176 53 1392 4177 37 1392 4178 60 1393 4179 61 1393 4180 63 1393 4181 62 1394 4182 63 1394 4183 1 1394 4184 62 1395 4185 0 1395 4186 6 1395 4187 0 1396 4188 2 1396 4189 6 1396 4190 2 1397 4191 4 1397 4192 6 1397 4193 6 1398 4194 8 1398 4195 14 1398 4196 8 1399 4197 10 1399 4198 14 1399 4199 10 1400 4200 12 1400 4201 14 1400 4202 14 1401 4203 16 1401 4204 18 1401 4205 18 1402 4206 20 1402 4207 22 1402 4208 22 1403 4209 24 1403 4210 30 1403 4211 24 1404 4212 26 1404 4213 30 1404 4214 26 1405 4215 28 1405 4216 30 1405 4217 30 1406 4218 32 1406 4219 38 1406 4220 32 1407 4221 34 1407 4222 38 1407 4223 34 1408 4224 36 1408 4225 38 1408 4226 38 1409 4227 40 1409 4228 46 1409 4229 40 1410 4230 42 1410 4231 46 1410 4232 42 1411 4233 44 1411 4234 46 1411 4235 46 1412 4236 48 1412 4237 50 1412 4238 50 1413 4239 52 1413 4240 54 1413 4241 54 1414 4242 56 1414 4243 58 1414 4244 58 1415 4245 60 1415 4246 62 1415 4247 14 1416 4248 18 1416 4249 30 1416 4250 18 1417 4251 22 1417 4252 30 1417 4253 46 1418 4254 50 1418 4255 54 1418 4256 54 1419 4257 58 1419 4258 46 1419 4259 58 1420 4260 62 1420 4261 46 1420 4262 62 1421 4263 6 1421 4264 30 1421 4265 6 1422 4266 14 1422 4267 30 1422 4268 30 1423 4269 38 1423 4270 46 1423 4271</p>
        </triangles>
      </mesh>
    </geometry>
  </library_geometries>
  <library_visual_scenes>
    <visual_scene id="Scene" name="Scene">
      <node id="tmp_export_Cylinder_002" name="tmp_export_Cylinder.002" type="NODE">
        <matrix sid="transform">1 0 0 0 0 1 0 0 0 0 1 0 0 0 0 1</matrix>
        <instance_geometry url="#Cylinder_002-mesh" name="tmp_export_Cylinder.002">
          <bind_material>
            <technique_common>
              <instance_material symbol="Material-material" target="#Material-material">
                <bind_vertex_input semantic="UVMap" input_semantic="TEXCOORD" input_set="0"/>
              </instance_material>
            </technique_common>
          </bind_material>
        </instance_geometry>
      </node>
    </visual_scene>
  </library_visual_scenes>
  <scene>
    <instance_visual_scene url="#Scene"/>
  </scene>
</COLLADA>