<?xml version="1.0" encoding="utf-8"?>
<COLLADA xmlns="http://www.collada.org/2005/11/COLLADASchema" version="1.4.1" xmlns:xsi="http://www.w3.org/2001/XMLSchema-instance">
  <asset>
    <contributor>
      <author>Blender User</author>
      <authoring_tool>Blender 4.2.18 LTS commit date:2026-02-16, commit time:13:37, hash:d71e3422e438</authoring_tool>
    </contributor>
    <created>2026-03-30T11:53:07</created>
    <modified>2026-03-30T11:53:07</modified>
    <unit name="meter" meter="1"/>
    <up_axis>Z_UP</up_axis>
  </asset>
  <library_effects/>
  <library_images/>
  <library_geometries>
    <geometry id="Torus-mesh" name="Torus">
      <mesh>
        <source id="Torus-mesh-positions">
          <float_array id="Torus-mesh-positions-array" count="1944">1.25 2.685328 -7.98731e-7 1.216506 2.685328 0.1249992 1.125 2.685328 0.2165055 1 2.685328 0.2499992 0.875 2.685328 0.2165055 0.7834936 2.685328 0.1249992 0.75 2.685328 -7.98731e-7 0.7834936 2.685328 -0.1250008 0.875 2.685328 -0.2165071 1 2.685328 -0.2500008 1.125 2.685328 -0.2165071 1.216506 2.685328 -0.1250008 1.239306 2.848486 -7.98731e-7 1.206099 2.844114 0.1249992 1.115375 2.83217 0.2165055 0.9914449 2.815854 0.2499992 0.8675143 2.799538 0.2165055 0.7767907 2.787594 0.1249992 0.7435837 2.783223 -7.98731e-7 0.7767907 2.787594 -0.1250008 0.8675143 2.799538 -0.2165071 0.9914449 2.815854 -0.2500008 1.115375 2.83217 -0.2165071 1.206099 2.844114 -0.1250008 1.207407 3.008852 -7.98731e-7 1.175055 3.000183 0.1249992 1.086667 2.976499 0.2165055 0.9659258 2.944147 0.2499992 0.8451851 2.911795 0.2165055 0.7567967 2.888111 0.1249992 0.7244444 2.879442 -7.98731e-7 0.7567967 2.888111 -0.1250008 0.8451851 2.911795 -0.2165071 0.9659258 2.944147 -0.2500008 1.086667 2.976499 -0.2165071 1.175055 3.000183 -0.1250008 1.154849 3.163682 -7.98731e-7 1.123905 3.150865 0.1249992 1.039364 3.115847 0.2165055 0.9238796 3.068011 0.2499992 0.8083946 3.020176 0.2165055 0.7238538 2.985158 0.1249992 0.6929097 2.972341 -7.98731e-7 0.7238538 2.985158 -0.1250008 0.8083946 3.020176 -0.2165071 0.9238796 3.068011 -0.2500008 1.039364 3.115847 -0.2165071 1.123905 3.150865 -0.1250008 1.082532 3.310328 -7.98731e-7 1.053525 3.293581 0.1249992 0.9742785 3.247828 0.2165055 0.8660253 3.185328 0.2499992 0.7577722 3.122828 0.2165055 0.6785253 3.077075 0.1249992 0.649519 3.060328 -7.98731e-7 0.6785253 3.077075 -0.1250008 0.7577722 3.122828 -0.2165071 0.8660253 3.185328 -0.2500008 0.9742785 3.247828 -0.2165071 1.053525 3.293581 -0.1250008 0.9916918 3.44628 -7.98731e-7 0.9651195 3.42589 0.1249992 0.8925226 3.370184 0.2165055 0.7933534 3.294089 0.2499992 0.6941843 3.217994 0.2165055 0.6215874 3.162289 0.1249992 0.5950151 3.141899 -7.98731e-7 0.6215874 3.162289 -0.1250008 0.6941843 3.217994 -0.2165071 0.7933534 3.294089 -0.2500008 0.8925226 3.370184 -0.2165071 0.9651195 3.42589 -0.1250008 0.8838834 3.569211 -7.98731e-7 0.8601998 3.545528 0.1249992 0.795495 3.480823 0.2165055 0.7071067 3.392435 0.2499992 0.6187184 3.304047 0.2165055 0.5540136 3.239342 0.1249992 0.5303301 3.215658 -7.98731e-7 0.5540136 3.239342 -0.1250008 0.6187184 3.304047 -0.2165071 0.7071067 3.392435 -0.2500008 0.795495 3.480823 -0.2165071 0.8601998 3.545528 -0.1250008 0.7609519 3.67702 -7.98731e-7 0.7405623 3.650447 0.1249992 0.6848568 3.57785 0.2165055 0.6087616 3.478681 0.2499992 0.5326663 3.379512 0.2165055 0.4769608 3.306915 0.1249992 0.4565712 3.280343 -7.98731e-7 0.4769608 3.306915 -0.1250008 0.5326663 3.379512 -0.2165071 0.6087616 3.478681 -0.2500008 0.6848568 3.57785 -0.2165071 0.7405623 3.650447 -0.1250008 0.625 3.76786 -7.98731e-7 0.6082531 3.738853 0.1249992 0.5625 3.659607 0.2165055 0.5 3.551353 0.2499992 0.4375 3.4431 0.2165055 0.3917468 3.363853 0.1249992 0.375 3.334847 -7.98731e-7 0.3917468 3.363853 -0.1250008 0.4375 3.4431 -0.2165071 0.5 3.551353 -0.2500008 0.5625 3.659607 -0.2165071 0.6082531 3.738853 -0.1250008 0.4783546 3.840177 -7.98731e-7 0.4655371 3.809233 0.1249992 0.4305191 3.724692 0.2165055 0.3826836 3.609207 0.2499992 0.3348482 3.493722 0.2165055 0.2998302 3.409182 0.1249992 0.2870128 3.378238 -7.98731e-7 0.2998302 3.409182 -0.1250008 0.3348482 3.493722 -0.2165071 0.3826836 3.609207 -0.2500008 0.4305191 3.724692 -0.2165071 0.4655371 3.809233 -0.1250008 0.3235238 3.892735 -7.98731e-7 0.314855 3.860383 0.1249992 0.2911714 3.771995 0.2165055 0.2588191 3.651254 0.2499992 0.2264667 3.530513 0.2165055 0.2027831 3.442125 0.1249992 0.1941143 3.409772 -7.98731e-7 0.2027831 3.442125 -0.1250008 0.2264667 3.530513 -0.2165071 0.2588191 3.651254 -0.2500008 0.2911714 3.771995 -0.2165071 0.314855 3.860383 -0.1250008 0.1631575 3.924634 -7.98731e-7 0.1587857 3.891427 0.1249992 0.1468417 3.800704 0.2165055 0.130526 3.676773 0.2499992 0.1142103 3.552842 0.2165055 0.1022663 3.462119 0.1249992 0.09789448 3.428912 -7.98731e-7 0.1022663 3.462119 -0.1250008 0.1142103 3.552842 -0.2165071 0.130526 3.676773 -0.2500008 0.1468417 3.800704 -0.2165071 0.1587857 3.891427 -0.1250008 0 3.935328 -7.98731e-7 0 3.901834 0.1249992 0 3.810328 0.2165055 0 3.685328 0.2499992 0 3.560328 0.2165055 0 3.468822 0.1249992 0 3.435328 -7.98731e-7 0 3.468822 -0.1250008 0 3.560328 -0.2165071 0 3.685328 -0.2500008 0 3.810328 -0.2165071 0 3.901834 -0.1250008 -0.1631579 3.924634 -7.98731e-7 -0.1587861 3.891427 0.1249992 -0.1468421 3.800704 0.2165055 -0.1305263 3.676773 0.2499992 -0.1142105 3.552842 0.2165055 -0.1022665 3.462119 0.1249992 -0.09789472 3.428912 -7.98731e-7 -0.1022665 3.462119 -0.1250008 -0.1142105 3.552842 -0.2165071 -0.1305263 3.676773 -0.2500008 -0.1468421 3.800704 -0.2165071 -0.1587861 3.891427 -0.1250008 -0.3235237 3.892735 -7.98731e-7 -0.3148549 3.860383 0.1249992 -0.2911713 3.771995 0.2165055 -0.2588189 3.651254 0.2499992 -0.2264665 3.530513 0.2165055 -0.2027829 3.442125 0.1249992 -0.1941142 3.409772 -7.98731e-7 -0.2027829 3.442125 -0.1250008 -0.2264665 3.530513 -0.2165071 -0.2588189 3.651254 -0.2500008 -0.2911713 3.771995 -0.2165071 -0.3148549 3.860383 -0.1250008 -0.4783544 3.840178 -7.98731e-7 -0.4655369 3.809233 0.1249992 -0.4305189 3.724692 0.2165055 -0.3826835 3.609208 0.2499992 -0.3348481 3.493722 0.2165055 -0.2998301 3.409182 0.1249992 -0.2870126 3.378238 -7.98731e-7 -0.2998301 3.409182 -0.1250008 -0.3348481 3.493722 -0.2165071 -0.3826835 3.609208 -0.2500008 -0.4305189 3.724692 -0.2165071 -0.4655369 3.809233 -0.1250008 -0.6249998 3.76786 -7.98731e-7 -0.608253 3.738853 0.1249992 -0.5624998 3.659607 0.2165055 -0.4999998 3.551353 0.2499992 -0.4374999 3.4431 0.2165055 -0.3917467 3.363853 0.1249992 -0.3749999 3.334847 -7.98731e-7 -0.3917467 3.363853 -0.1250008 -0.4374999 3.4431 -0.2165071 -0.4999998 3.551353 -0.2500008 -0.5624998 3.659607 -0.2165071 -0.608253 3.738853 -0.1250008 -0.7609518 3.67702 -7.98731e-7 -0.7405622 3.650447 0.1249992 -0.6848566 3.57785 0.2165055 -0.6087614 3.478681 0.2499992 -0.5326663 3.379512 0.2165055 -0.4769607 3.306915 0.1249992 -0.4565711 3.280343 -7.98731e-7 -0.4769607 3.306915 -0.1250008 -0.5326663 3.379512 -0.2165071 -0.6087614 3.478681 -0.2500008 -0.6848566 3.57785 -0.2165071 -0.7405622 3.650447 -0.1250008 -0.8838837 3.569211 -7.98731e-7 -0.8602001 3.545528 0.1249992 -0.7954953 3.480823 0.2165055 -0.707107 3.392435 0.2499992 -0.6187186 3.304046 0.2165055 -0.5540138 3.239341 0.1249992 -0.5303302 3.215658 -7.98731e-7 -0.5540138 3.239341 -0.1250008 -0.6187186 3.304046 -0.2165071 -0.707107 3.392435 -0.2500008 -0.7954953 3.480823 -0.2165071 -0.8602001 3.545528 -0.1250008 -0.9916917 3.44628 -7.98731e-7 -0.9651194 3.42589 0.1249992 -0.8925225 3.370185 0.2165055 -0.7933533 3.294089 0.2499992 -0.6941842 3.217994 0.2165055 -0.6215873 3.162289 0.1249992 -0.595015 3.141899 -7.98731e-7 -0.6215873 3.162289 -0.1250008 -0.6941842 3.217994 -0.2165071 -0.7933533 3.294089 -0.2500008 -0.8925225 3.370185 -0.2165071 -0.9651194 3.42589 -0.1250008 -1.082532 3.310328 -7.98731e-7 -1.053525 3.293581 0.1249992 -0.9742785 3.247828 0.2165055 -0.8660253 3.185328 0.2499992 -0.7577721 3.122828 0.2165055 -0.6785253 3.077075 0.1249992 -0.649519 3.060328 -7.98731e-7 -0.6785253 3.077075 -0.1250008 -0.7577721 3.122828 -0.2165071 -0.8660253 3.185328 -0.2500008 -0.9742785 3.247828 -0.2165071 -1.053525 3.293581 -0.1250008 -1.154849 3.163682 -7.98731e-7 -1.123905 3.150865 0.1249992 -1.039364 3.115847 0.2165055 -0.9238795 3.068011 0.2499992 -0.8083946 3.020176 0.2165055 -0.7238537 2.985158 0.1249992 -0.6929096 2.972341 -7.98731e-7 -0.7238537 2.985158 -0.1250008 -0.8083946 3.020176 -0.2165071 -0.9238795 3.068011 -0.2500008 -1.039364 3.115847 -0.2165071 -1.123905 3.150865 -0.1250008 -1.207407 3.008852 -7.98731e-7 -1.175055 3.000183 0.1249992 -1.086667 2.976499 0.2165055 -0.9659259 2.944147 0.2499992 -0.8451852 2.911795 0.2165055 -0.7567968 2.888111 0.1249992 -0.7244444 2.879442 -7.98731e-7 -0.7567968 2.888111 -0.1250008 -0.8451852 2.911795 -0.2165071 -0.9659259 2.944147 -0.2500008 -1.086667 2.976499 -0.2165071 -1.175055 3.000183 -0.1250008 -1.239306 2.848486 -7.98731e-7 -1.206099 2.844114 0.1249992 -1.115375 2.83217 0.2165055 -0.9914448 2.815854 0.2499992 -0.8675143 2.799539 0.2165055 -0.7767907 2.787595 0.1249992 -0.7435836 2.783223 -7.98731e-7 -0.7767907 2.787595 -0.1250008 -0.8675143 2.799539 -0.2165071 -0.9914448 2.815854 -0.2500008 -1.115375 2.83217 -0.2165071 -1.206099 2.844114 -0.1250008 -1.25 2.685328 -7.98731e-7 -1.216506 2.685328 0.1249992 -1.125 2.685328 0.2165055 -1 2.685328 0.2499992 -0.875 2.685328 0.2165055 -0.7834936 2.685328 0.1249992 -0.75 2.685328 -7.98731e-7 -0.7834936 2.685328 -0.1250008 -0.875 2.685328 -0.2165071 -1 2.685328 -0.2500008 -1.125 2.685328 -0.2165071 -1.216506 2.685328 -0.1250008 -1.239306 2.52217 -7.98731e-7 -1.206099 2.526542 0.1249992 -1.115375 2.538486 0.2165055 -0.9914448 2.554802 0.2499992 -0.8675143 2.571117 0.2165055 -0.7767907 2.583061 0.1249992 -0.7435836 2.587433 -7.98731e-7 -0.7767907 2.583061 -0.1250008 -0.8675143 2.571117 -0.2165071 -0.9914448 2.554802 -0.2500008 -1.115375 2.538486 -0.2165071 -1.206099 2.526542 -0.1250008 -1.207407 2.361804 -7.98731e-7 -1.175055 2.370473 0.1249992 -1.086667 2.394157 0.2165055 -0.9659259 2.426509 0.2499992 -0.8451852 2.458861 0.2165055 -0.7567968 2.482545 0.1249992 -0.7244444 2.491214 -7.98731e-7 -0.7567968 2.482545 -0.1250008 -0.8451852 2.458861 -0.2165071 -0.9659259 2.426509 -0.2500008 -1.086667 2.394157 -0.2165071 -1.175055 2.370473 -0.1250008 -1.15485 2.206974 -7.98731e-7 -1.123906 2.219792 0.1249992 -1.039365 2.25481 0.2165055 -0.9238797 2.302645 0.2499992 -0.8083947 2.35048 0.2165055 -0.7238538 2.385498 0.1249992 -0.6929098 2.398316 -7.98731e-7 -0.7238538 2.385498 -0.1250008 -0.8083947 2.35048 -0.2165071 -0.9238797 2.302645 -0.2500008 -1.039365 2.25481 -0.2165071 -1.123906 2.219792 -0.1250008 -1.082532 2.060328 -7.98731e-7 -1.053526 2.077075 0.1249992 -0.9742787 2.122828 0.2165055 -0.8660255 2.185328 0.2499992 -0.7577723 2.247828 0.2165055 -0.6785255 2.293581 0.1249992 -0.6495192 2.310328 -7.98731e-7 -0.6785255 2.293581 -0.1250008 -0.7577723 2.247828 -0.2165071 -0.8660255 2.185328 -0.2500008 -0.9742787 2.122828 -0.2165071 -1.053526 2.077075 -0.1250008 -0.9916917 1.924376 -7.98731e-7 -0.9651194 1.944766 0.1249992 -0.8925225 2.000471 0.2165055 -0.7933533 2.076567 0.2499992 -0.6941842 2.152662 0.2165055 -0.6215873 2.208367 0.1249992 -0.595015 2.228757 -7.98731e-7 -0.6215873 2.208367 -0.1250008 -0.6941842 2.152662 -0.2165071 -0.7933533 2.076567 -0.2500008 -0.8925225 2.000471 -0.2165071 -0.9651194 1.944766 -0.1250008 -0.8838837 1.801445 -7.98731e-7 -0.8602001 1.825128 0.1249992 -0.7954953 1.889833 0.2165055 -0.707107 1.978221 0.2499992 -0.6187186 2.06661 0.2165055 -0.5540138 2.131314 0.1249992 -0.5303302 2.154998 -7.98731e-7 -0.5540138 2.131314 -0.1250008 -0.6187186 2.06661 -0.2165071 -0.707107 1.978221 -0.2500008 -0.7954953 1.889833 -0.2165071 -0.8602001 1.825128 -0.1250008 -0.7609523 1.693637 -7.98731e-7 -0.7405627 1.720209 0.1249992 -0.6848571 1.792806 0.2165055 -0.6087619 1.891975 0.2499992 -0.5326666 1.991144 0.2165055 -0.476961 2.063741 0.1249992 -0.4565714 2.090313 -7.98731e-7 -0.476961 2.063741 -0.1250008 -0.5326666 1.991144 -0.2165071 -0.6087619 1.891975 -0.2500008 -0.6848571 1.792806 -0.2165071 -0.7405627 1.720209 -0.1250008 -0.6249998 1.602796 -7.98731e-7 -0.608253 1.631802 0.1249992 -0.5624998 1.711049 0.2165055 -0.4999998 1.819303 0.2499992 -0.4374999 1.927556 0.2165055 -0.3917467 2.006803 0.1249992 -0.3749999 2.035809 -7.98731e-7 -0.3917467 2.006803 -0.1250008 -0.4374999 1.927556 -0.2165071 -0.4999998 1.819303 -0.2500008 -0.5624998 1.711049 -0.2165071 -0.608253 1.631802 -0.1250008 -0.4783544 1.530479 -7.98731e-7 -0.4655369 1.561423 0.1249992 -0.4305189 1.645964 0.2165055 -0.3826835 1.761448 0.2499992 -0.3348481 1.876933 0.2165055 -0.2998301 1.961474 0.1249992 -0.2870126 1.992418 -7.98731e-7 -0.2998301 1.961474 -0.1250008 -0.3348481 1.876933 -0.2165071 -0.3826835 1.761448 -0.2500008 -0.4305189 1.645964 -0.2165071 -0.4655369 1.561423 -0.1250008 -0.3235242 1.477921 -7.98731e-7 -0.3148554 1.510273 0.1249992 -0.2911718 1.598662 0.2165055 -0.2588194 1.719402 0.2499992 -0.2264669 1.840143 0.2165055 -0.2027833 1.928531 0.1249992 -0.1941145 1.960884 -7.98731e-7 -0.2027833 1.928531 -0.1250008 -0.2264669 1.840143 -0.2165071 -0.2588194 1.719402 -0.2500008 -0.2911718 1.598662 -0.2165071 -0.3148554 1.510273 -0.1250008 -0.1631585 1.446022 -7.98731e-7 -0.1587867 1.479229 0.1249992 -0.1468426 1.569953 0.2165055 -0.1305268 1.693883 0.2499992 -0.1142109 1.817814 0.2165055 -0.1022669 1.908537 0.1249992 -0.09789508 1.941744 -7.98731e-7 -0.1022669 1.908537 -0.1250008 -0.1142109 1.817814 -0.2165071 -0.1305268 1.693883 -0.2500008 -0.1468426 1.569953 -0.2165071 -0.1587867 1.479229 -0.1250008 0 1.435328 -7.98731e-7 0 1.468822 0.1249992 0 1.560328 0.2165055 0 1.685328 0.2499992 0 1.810328 0.2165055 0 1.901834 0.1249992 0 1.935328 -7.98731e-7 0 1.901834 -0.1250008 0 1.810328 -0.2165071 0 1.685328 -0.2500008 0 1.560328 -0.2165071 0 1.468822 -0.1250008 0.1631575 1.446022 -7.98731e-7 0.1587857 1.479229 0.1249992 0.1468417 1.569952 0.2165055 0.130526 1.693883 0.2499992 0.1142103 1.817814 0.2165055 0.1022663 1.908537 0.1249992 0.09789448 1.941744 -7.98731e-7 0.1022663 1.908537 -0.1250008 0.1142103 1.817814 -0.2165071 0.130526 1.693883 -0.2500008 0.1468417 1.569952 -0.2165071 0.1587857 1.479229 -0.1250008 0.3235232 1.477921 -7.98731e-7 0.3148545 1.510273 0.1249992 0.2911709 1.598661 0.2165055 0.2588186 1.719402 0.2499992 0.2264662 1.840143 0.2165055 0.2027827 1.928531 0.1249992 0.1941139 1.960884 -7.98731e-7 0.2027827 1.928531 -0.1250008 0.2264662 1.840143 -0.2165071 0.2588186 1.719402 -0.2500008 0.2911709 1.598661 -0.2165071 0.3148545 1.510273 -0.1250008 0.4783546 1.530479 -7.98731e-7 0.4655371 1.561423 0.1249992 0.4305191 1.645964 0.2165055 0.3826836 1.761449 0.2499992 0.3348482 1.876934 0.2165055 0.2998302 1.961474 0.1249992 0.2870128 1.992418 -7.98731e-7 0.2998302 1.961474 -0.1250008 0.3348482 1.876934 -0.2165071 0.3826836 1.761449 -0.2500008 0.4305191 1.645964 -0.2165071 0.4655371 1.561423 -0.1250008 0.625 1.602796 -7.98731e-7 0.6082531 1.631803 0.1249992 0.5625 1.711049 0.2165055 0.5 1.819303 0.2499992 0.4375 1.927556 0.2165055 0.3917468 2.006803 0.1249992 0.375 2.035809 -7.98731e-7 0.3917468 2.006803 -0.1250008 0.4375 1.927556 -0.2165071 0.5 1.819303 -0.2500008 0.5625 1.711049 -0.2165071 0.6082531 1.631803 -0.1250008 0.7609515 1.693636 -7.98731e-7 0.7405619 1.720208 0.1249992 0.6848564 1.792805 0.2165055 0.6087612 1.891974 0.2499992 0.532666 1.991144 0.2165055 0.4769605 2.063741 0.1249992 0.4565709 2.090313 -7.98731e-7 0.4769605 2.063741 -0.1250008 0.532666 1.991144 -0.2165071 0.6087612 1.891974 -0.2500008 0.6848564 1.792805 -0.2165071 0.7405619 1.720208 -0.1250008 0.883883 1.801444 -7.98731e-7 0.8601995 1.825128 0.1249992 0.7954947 1.889832 0.2165055 0.7071064 1.978221 0.2499992 0.6187181 2.066609 0.2165055 0.5540134 2.131314 0.1249992 0.5303298 2.154998 -7.98731e-7 0.5540134 2.131314 -0.1250008 0.6187181 2.066609 -0.2165071 0.7071064 1.978221 -0.2500008 0.7954947 1.889832 -0.2165071 0.8601995 1.825128 -0.1250008 0.9916918 1.924376 -7.98731e-7 0.9651195 1.944766 0.1249992 0.8925226 2.000472 0.2165055 0.7933534 2.076567 0.2499992 0.6941843 2.152662 0.2165055 0.6215874 2.208367 0.1249992 0.5950151 2.228757 -7.98731e-7 0.6215874 2.208367 -0.1250008 0.6941843 2.152662 -0.2165071 0.7933534 2.076567 -0.2500008 0.8925226 2.000472 -0.2165071 0.9651195 1.944766 -0.1250008 1.082532 2.060328 -7.98731e-7 1.053525 2.077075 0.1249992 0.9742785 2.122828 0.2165055 0.8660253 2.185328 0.2499992 0.7577722 2.247828 0.2165055 0.6785253 2.293581 0.1249992 0.649519 2.310328 -7.98731e-7 0.6785253 2.293581 -0.1250008 0.7577722 2.247828 -0.2165071 0.8660253 2.185328 -0.2500008 0.9742785 2.122828 -0.2165071 1.053525 2.077075 -0.1250008 1.154849 2.206973 -7.98731e-7 1.123905 2.219791 0.1249992 1.039364 2.254809 0.2165055 0.9238794 2.302644 0.2499992 0.8083944 2.35048 0.2165055 0.7238537 2.385498 0.1249992 0.6929095 2.398315 -7.98731e-7 0.7238537 2.385498 -0.1250008 0.8083944 2.35048 -0.2165071 0.9238794 2.302644 -0.2500008 1.039364 2.254809 -0.2165071 1.123905 2.219791 -0.1250008 1.207407 2.361804 -7.98731e-7 1.175055 2.370473 0.1249992 1.086667 2.394157 0.2165055 0.9659259 2.426509 0.2499992 0.8451852 2.458862 0.2165055 0.7567968 2.482545 0.1249992 0.7244444 2.491214 -7.98731e-7 0.7567968 2.482545 -0.1250008 0.8451852 2.458862 -0.2165071 0.9659259 2.426509 -0.2500008 1.086667 2.394157 -0.2165071 1.175055 2.370473 -0.1250008 1.239306 2.52217 -7.98731e-7 1.206099 2.526542 0.1249992 1.115375 2.538486 0.2165055 0.9914449 2.554802 0.2499992 0.8675143 2.571118 0.2165055 0.7767907 2.583062 0.1249992 0.7435837 2.587433 -7.98731e-7 0.7767907 2.583062 -0.1250008 0.8675143 2.571118 -0.2165071 0.9914449 2.554802 -0.2500008 1.115375 2.538486 -0.2165071 1.206099 2.526542 -0.1250008 -0.8333334 -1.352668 -0.2500004 -0.8333334 -1.352668 0.2499996 -0.8333334 1.817212 -0.2500004 -0.8333334 1.817212 0.2499996 0.8333334 -1.352668 -0.2500004 0.8333334 -1.352668 0.2499996 0.8333334 1.817212 -0.2500004 0.8333334 1.817212 0.2499996 0 1.544791 -0.2499994 0 1.544791 0.2500005 0.1625753 1.494034 -0.2499994 0.1625753 1.494034 0.2500005 0.3189029 1.343713 -0.2499994 0.3189029 1.343713 0.2500005 0.4629753 1.099607 -0.2499994 0.4629753 1.099607 0.2500005 0.5892557 0.771094 -0.2499994 0.5892557 0.771094 0.2500005 0.6928914 0.3708 -0.2499994 0.6928914 0.3708 0.2500005 0.7698997 -0.0858922 -0.2499994 0.7698997 -0.0858922 0.2500005 0.8173211 -0.5814319 -0.2499994 0.8173211 -0.5814319 0.2500005 0.8333334 -1.096776 -0.2499994 0.8333334 -1.096776 0.2500005 0.8173211 -1.61212 -0.2499994 0.8173211 -1.61212 0.2500005 0.7698997 -2.10766 -0.2499994 0.7698997 -2.10766 0.2500005 0.6928914 -2.564352 -0.2499994 0.6928914 -2.564352 0.2500005 0.5892557 -2.964646 -0.2499994 0.5892557 -2.964646 0.2500005 0.4629753 -3.293159 -0.2499994 0.4629753 -3.293159 0.2500005 0.3189029 -3.537266 -0.2499994 0.3189029 -3.537266 0.2500005 0.1625753 -3.687586 -0.2499994 0.1625753 -3.687586 0.2500005 0 -3.738344 -0.2499994 0 -3.738344 0.2500005 -0.1625753 -3.687586 -0.2499994 -0.1625753 -3.687586 0.2500005 -0.3189029 -3.537266 -0.2499994 -0.3189029 -3.537266 0.2500005 -0.4629753 -3.293159 -0.2499994 -0.4629753 -3.293159 0.2500005 -0.5892557 -2.964646 -0.2499994 -0.5892557 -2.964646 0.2500005 -0.6928914 -2.564352 -0.2499994 -0.6928914 -2.564352 0.2500005 -0.7698997 -2.10766 -0.2499994 -0.7698997 -2.10766 0.2500005 -0.8173211 -1.61212 -0.2499994 -0.8173211 -1.61212 0.2500005 -0.8333334 -1.096776 -0.2499994 -0.8333334 -1.096776 0.2500005 -0.8173211 -0.5814319 -0.2499994 -0.8173211 -0.5814319 0.2500005 -0.7698997 -0.0858922 -0.2499994 -0.7698997 -0.0858922 0.2500005 -0.6928914 0.3708 -0.2499994 -0.6928914 0.3708 0.2500005 -0.5892557 0.771094 -0.2499994 -0.5892557 0.771094 0.2500005 -0.4629753 1.099607 -0.2499994 -0.4629753 1.099607 0.2500005 -0.3189029 1.343713 -0.2499994 -0.3189029 1.343713 0.2500005 -0.1625753 1.494034 -0.2499994 -0.1625753 1.494034 0.2500005</float_array>
          <technique_common>
            <accessor source="#Torus-mesh-positions-array" count="648" stride="3">
              <param name="X" type="float"/>
              <param name="Y" type="float"/>
              <param name="Z" type="float"/>
            </accessor>
          </technique_common>
        </source>
        <source id="Torus-mesh-normals">
          <float_array id="Torus-mesh-normals-array" count="1935">1 0 0 0.8612381 0.1133837 0.4953921 0.8686696 -6.08742e-7 0.495392 0.5036514 0.06630659 0.8613587 0.5079969 -7.0764e-7 0.861359 0.01068663 0.00140649 0.999942 0.01077866 -2.96183e-7 0.999942 -0.4876226 -0.06419646 0.8706911 -0.4918304 0 0.8706911 -0.8558957 -0.1126803 0.5047234 -0.8632813 4.95762e-7 0.5047231 -0.9914449 -0.1305262 0 -1 0 0 -0.8558959 -0.1126812 -0.5047229 -0.8632816 -5.12815e-7 -0.5047227 -0.4876218 -0.06419634 -0.8706916 -0.4918302 0 -0.8706911 0.01068657 0.001407325 -0.999942 0.01077866 2.97257e-7 -0.999942 0.5036505 0.06630754 -0.8613591 0.5079966 6.95599e-7 -0.8613591 0.8612381 0.1133848 -0.4953917 0.8686696 6.10604e-7 -0.4953918 0.9914448 0.1305264 -2.83507e-7 0.8390707 0.2248272 0.4953919 0.4906879 0.1314789 0.8613587 0.01041144 0.002789258 0.999942 -0.4750716 -0.1272948 0.8706911 -0.8338657 -0.2234328 0.5047236 -0.9659258 -0.2588192 -2.09316e-7 -0.8338658 -0.2234341 -0.504723 -0.4750708 -0.127295 -0.8706917 0.01041162 0.002790153 -0.999942 0.490687 0.1314797 -0.8613591 0.8390706 0.2248288 -0.4953914 0.9659258 0.2588191 -3.28271e-7 0.8025463 0.3324247 0.4953921 0.4693283 0.1944017 0.8613588 0.009958207 0.004124224 0.999942 -0.454392 -0.1882155 0.870691 -0.7975678 -0.3303628 0.5047237 -0.9238795 -0.3826837 0 -0.7975682 -0.3303641 -0.5047225 -0.4543913 -0.1882154 -0.8706914 0.009958148 0.004125237 -0.999942 0.4693272 0.1944023 -0.8613592 0.802546 0.3324262 -0.4953917 0.9238796 0.3826834 5.32197e-7 0.7522901 0.434334 0.4953925 0.439938 0.2539976 0.8613593 0.009334921 0.005388975 0.999942 -0.4259375 -0.2459148 0.8706912 -0.7476238 -0.43164 0.5047233 -0.8660256 -0.4999997 -6.96097e-7 -0.7476233 -0.431641 -0.5047231 -0.4259372 -0.245915 -0.8706913 0.009334206 0.00538963 -0.999942 0.4399381 0.253999 -0.8613589 0.7522896 0.4343358 -0.4953916 0.8660254 0.5000001 2.83507e-7 0.6891625 0.5288123 0.4953914 0.4030216 0.3092486 0.8613589 0.008551657 0.006561398 0.999942 -0.3901954 -0.2994068 0.8706913 -0.6848874 -0.5255319 0.5047233 -0.7933537 -0.6087611 -5.30591e-7 -0.6848869 -0.5255327 -0.5047231 -0.3901951 -0.2994069 -0.8706914 0.008551061 0.006562113 -0.999942 0.4030206 0.3092494 -0.861359 0.6891617 0.5288128 -0.495392 0.7933534 0.6087615 0 0.6142428 0.6142416 0.4953918 0.3592088 0.3592078 0.8613587 0.007621943 0.007621288 0.999942 -0.3477766 -0.3477764 0.8706911 -0.6104325 -0.6104316 0.5047233 -0.7071071 -0.7071066 -1.07092e-6 -0.6104316 -0.6104325 -0.5047231 -0.3477758 -0.3477764 -0.8706915 0.007621467 0.007621943 -0.999942 0.3592075 0.3592084 -0.8613591 0.6142417 0.6142421 -0.4953926 0.707107 0.7071067 0 0.528813 0.6891614 0.4953922 0.3092499 0.4030206 0.8613588 0.006561696 0.008550405 0.999942 -0.2994073 -0.3901955 0.870691 -0.5255327 -0.6848871 0.5047228 -0.6087611 -0.7933536 0 -0.5255324 -0.6848877 -0.5047225 -0.299407 -0.3901951 -0.8706912 0.006560742 0.008551001 -0.999942 0.3092486 0.4030213 -0.8613589 0.5288121 0.6891618 -0.4953926 0.6087618 0.7933531 -3.9293e-7 0.4343351 0.7522895 0.4953927 0.2539991 0.4399382 0.8613587 0.00538969 0.009334266 0.999942 -0.2459146 -0.4259365 0.8706918 -0.4316411 -0.7476232 0.5047231 -0.5000002 -0.8660253 5.15988e-7 -0.4316396 -0.7476237 -0.5047238 -0.2459144 -0.4259367 -0.8706917 0.005388975 0.009334862 -0.999942 0.2539984 0.4399392 -0.8613584 0.4343342 0.7522903 -0.4953919 0.5 0.8660255 -1.19371e-7 0.3324262 0.8025457 0.4953923 0.1944029 0.4693285 0.8613585 0.004124999 0.009957492 0.999942 -0.1882151 -0.454391 0.8706917 -0.3303642 -0.7975679 0.5047228 -0.3826841 -0.9238794 1.70373e-7 -0.3303636 -0.7975681 -0.5047228 -0.1882148 -0.4543913 -0.8706917 0.004124283 0.009957909 -0.999942 0.1944015 0.4693283 -0.8613588 0.3324251 0.802546 -0.4953923 0.3826833 0.9238796 -1.44738e-6 0.2248288 0.8390705 0.4953917 0.1314801 0.4906877 0.8613585 0.002789855 0.01041042 0.999942 -0.1272948 -0.4750713 0.8706914 -0.2234339 -0.8338655 0.5047234 -0.2588185 -0.9659261 0 -0.2234327 -0.8338661 -0.504723 -0.1272949 -0.4750714 -0.8706912 0.002789139 0.01041102 -0.999942 0.1314786 0.4906875 -0.8613589 0.224828 0.839071 -0.495391 0.2588189 0.9659259 -1.76073e-6 0.1133844 0.8612375 0.4953929 0.06630748 0.5036512 0.8613587 0.001407325 0.01068651 0.999942 -0.06419694 -0.487623 0.8706908 -0.1126806 -0.8558967 0.5047218 -0.1305258 -0.991445 9.97901e-7 -0.1126797 -0.8558965 -0.5047222 -0.06419652 -0.4876225 -0.8706912 0.001406431 0.01068645 -0.999942 0.06630623 0.503651 -0.861359 0.1133837 0.8612391 -0.49539 0.1305263 0.9914449 -6.76437e-7 7.74424e-7 0.8686689 0.4953933 8.03968e-7 0.5079966 0.8613591 5.19011e-7 0.01077866 0.999942 -2.46779e-7 -0.4918297 0.8706915 -7.10146e-7 -0.8632817 0.5047226 0 -1 -1.31431e-7 5.26214e-7 -0.8632811 -0.5047234 1.42326e-7 -0.4918301 -0.8706912 -3.62479e-7 0.0107786 -0.999942 -6.70591e-7 0.5079968 -0.861359 -4.70364e-7 0.8686702 -0.4953908 1.74083e-7 1 -1.07434e-6 -0.1133838 0.8612385 0.4953912 -0.06630635 0.5036513 0.8613588 -0.001406371 0.01068586 0.999942 0.06419628 -0.487623 0.8706909 0.1126798 -0.8558964 0.5047224 0.130526 -0.9914449 6.91229e-7 0.1126804 -0.8558958 -0.5047233 0.06419646 -0.4876223 -0.8706913 -0.001407384 0.01068627 -0.999942 -0.06630748 0.5036507 -0.8613591 -0.1133845 0.8612379 -0.4953921 -0.130526 0.9914449 -1.61648e-6 -0.224828 0.839071 0.4953911 -0.1314787 0.4906874 0.8613591 -0.002789258 0.01041185 0.999942 0.1272947 -0.4750705 0.8706917 0.2234328 -0.8338661 0.504723 0.2588189 -0.9659259 5.98741e-7 0.2234345 -0.8338659 -0.5047227 0.1272949 -0.4750711 -0.8706914 -0.002790153 0.01041114 -0.999942 -0.13148 0.4906864 -0.8613593 -0.2248288 0.8390696 -0.495393 -0.2588187 0.965926 -4.02878e-7 -0.3324247 0.8025454 0.4953936 -0.1944012 0.4693276 0.8613592 -0.004124522 0.009958326 0.999942 0.188215 -0.4543915 0.8706915 0.3303637 -0.7975685 0.5047221 0.3826833 -0.9238797 -8.95677e-7 0.330364 -0.7975681 -0.5047225 0.1882153 -0.4543913 -0.8706914 -0.004125237 0.009958624 -0.999942 -0.1944027 0.4693281 -0.8613588 -0.3324261 0.8025451 -0.4953931 -0.3826837 0.9238795 9.69892e-7 -0.4343343 0.7522902 0.4953922 -0.2539984 0.4399392 0.8613585 -0.005388796 0.009334743 0.999942 0.2459142 -0.4259371 0.8706915 0.4316399 -0.7476241 0.5047231 0.5000001 -0.8660254 1.60638e-7 0.4316412 -0.7476242 -0.5047217 0.2459148 -0.4259375 -0.8706912 -0.005389809 0.009334266 -0.999942 -0.2539991 0.4399381 -0.8613588 -0.434335 0.7522897 -0.4953922 -0.5000004 0.8660253 -5.47118e-7 -0.5288121 0.6891624 0.4953919 -0.3092479 0.4030212 0.8613592 -0.006561219 0.008551657 0.999942 0.299407 -0.3901943 0.8706916 0.5255322 -0.6848873 0.5047231 0.608762 -0.793353 -9.00545e-7 0.5255332 -0.6848868 -0.5047227 0.2994074 -0.3901944 -0.8706914 -0.006562054 0.008551299 -0.999942 -0.3092494 0.4030206 -0.861359 -0.5288127 0.6891617 -0.4953922 -0.6087614 0.7933533 -7.70939e-7 -0.6142416 0.6142421 0.4953928 -0.3592073 0.3592081 0.8613592 -0.007621288 0.007621884 0.999942 0.3477767 -0.3477762 0.8706912 0.6104322 -0.6104326 0.5047225 0.7071069 -0.7071067 -5.64666e-7 0.6104327 -0.6104319 -0.5047227 0.3477767 -0.3477761 -0.8706912 -0.007622063 0.007621467 -0.999942 -0.3592086 0.3592079 -0.8613587 -0.6142426 0.6142418 -0.4953917 -0.7071069 0.7071067 7.16227e-7 -0.6891615 0.5288128 0.4953922 -0.4030204 0.3092492 0.8613592 -0.008551061 0.006561994 0.999942 0.3901948 -0.2994072 0.8706914 0.6848869 -0.525533 0.504723 0.7933532 -0.6087617 3.40747e-7 0.6848875 -0.5255321 -0.5047229 0.3901954 -0.2994073 -0.8706911 -0.008551537 0.00656116 -0.999942 -0.4030212 0.3092479 -0.8613592 -0.6891621 0.5288119 -0.4953925 -0.7933535 0.6087612 -4.32721e-7 -0.7522895 0.4343351 0.4953923 -0.4399375 0.253999 0.8613592 -0.009334564 0.005389869 0.999942 0.4259371 -0.2459151 0.8706912 0.7476233 -0.4316411 0.504723 0.8660254 -0.5 6.32815e-7 0.747624 -0.4316403 -0.5047227 0.4259373 -0.2459148 -0.8706914 -0.009334921 0.005389034 -0.999942 -0.4399388 0.2539981 -0.8613587 -0.7522903 0.4343348 -0.4953914 -0.8660253 0.5000003 4.42668e-7 -0.8025456 0.332426 0.4953924 -0.4693277 0.1944023 0.861359 -0.009958148 0.004125237 0.999942 0.4543917 -0.1882154 0.8706912 0.7975681 -0.3303638 0.5047227 0.9238795 -0.3826835 -6.08477e-7 0.7975685 -0.3303628 -0.5047227 0.4543913 -0.1882149 -0.8706915 -0.009958505 0.004124522 -0.999942 -0.4693284 0.1944017 -0.8613587 -0.8025465 0.3324253 -0.4953914 -0.9238795 0.3826837 4.32721e-7 -0.8390703 0.2248286 0.495392 -0.4906867 0.13148 0.8613591 -0.01041126 0.002790093 0.999942 0.4750711 -0.1272953 0.8706914 0.8338657 -0.2234343 0.504723 0.9659259 -0.2588192 -2.48259e-7 0.8338662 -0.2234334 -0.5047224 0.4750715 -0.1272949 -0.8706912 -0.01041197 0.002789258 -0.999942 -0.4906874 0.1314786 -0.861359 -0.8390706 0.224828 -0.4953917 -0.965926 0.2588185 3.08376e-7 -0.8612381 0.1133845 0.4953919 -0.5036506 0.06630772 0.8613591 -0.01068651 0.001407325 0.999942 0.487622 -0.06419658 0.8706914 0.8558954 -0.1126813 0.5047237 0.9914449 -0.1305261 0 0.8558959 -0.1126803 -0.5047231 0.4876222 -0.06419652 -0.8706914 -0.01068693 0.00140649 -0.999942 -0.5036512 0.06630599 -0.8613588 -0.8612381 0.1133836 -0.4953921 -0.9914448 0.1305264 0 -0.8686698 3.87212e-7 0.4953919 -0.5079967 4.38725e-7 0.8613591 -0.0107786 4.43814e-7 0.999942 0.4918298 0 0.8706915 0.8632816 -3.30102e-7 0.5047229 1 0 0 0.8632816 3.33756e-7 -0.5047226 0.4918296 0 -0.8706915 -0.01077866 -4.25705e-7 -0.999942 -0.5079972 -4.06307e-7 -0.8613587 -0.8686698 -3.69837e-7 -0.4953916 -1 0 0 -0.8612381 -0.1133836 0.4953919 -0.503651 -0.06630623 0.861359 -0.01068669 -0.00140649 0.999942 0.4876215 0.0641964 0.8706918 0.8558955 0.1126803 0.5047237 0.991445 0.1305261 0 0.8558956 0.1126813 -0.5047233 0.4876222 0.06419658 -0.8706914 -0.01068639 -0.001407384 -0.999942 -0.503651 -0.06630772 -0.8613588 -0.8612381 -0.1133845 -0.4953917 -0.9914448 -0.1305264 0 -0.8390706 -0.2248276 0.4953921 -0.4906872 -0.131478 0.8613592 -0.01041179 -0.002789318 0.999942 0.4750714 0.1272948 0.8706913 0.833866 0.2234331 0.504723 0.9659259 0.2588188 1.89845e-7 0.8338655 0.2234342 -0.5047233 0.4750713 0.1272951 -0.8706914 -0.01041126 -0.002790033 -0.999942 -0.490687 -0.1314798 -0.8613591 -0.8390704 -0.2248283 -0.4953919 -0.9659259 -0.2588188 1.49214e-7 -0.8025462 -0.3324249 0.4953922 -0.4693281 -0.1944015 0.861359 -0.009958326 -0.004124462 0.999942 0.4543917 0.1882148 0.8706914 0.7975685 0.3303626 0.504723 0.9238798 0.3826828 0 0.797568 0.3303638 -0.504723 0.4543917 0.1882152 -0.8706914 -0.009958028 -0.004125118 -0.999942 -0.4693278 -0.1944024 -0.8613589 -0.8025459 -0.3324255 -0.4953923 -0.9238798 -0.382683 -1.39266e-7 -0.7522904 -0.4343338 0.4953923 -0.4399379 -0.2539975 0.8613594 -0.009334743 -0.005388915 0.999942 0.4259372 0.2459146 0.8706915 0.7476239 0.4316402 0.5047228 0.8660258 0.4999996 1.89845e-7 0.7476233 0.4316409 -0.5047233 0.4259373 0.2459149 -0.8706914 -0.009334087 -0.005389511 -0.999942 -0.439938 -0.2539991 -0.861359 -0.7522898 -0.4343357 -0.4953917 -0.8660255 -0.4999998 -2.93454e-7 -0.6891625 -0.5288122 0.4953916 -0.4030213 -0.3092484 0.861359 -0.00855118 -0.006560862 0.999942 0.3901947 0.2994068 0.8706915 0.6848877 0.5255325 0.5047221 0.793353 0.608762 6.32816e-7 0.6848867 0.5255331 -0.5047229 0.3901948 0.2994072 -0.8706913 -0.008550465 -0.006561636 -0.999942 -0.4030205 -0.3092493 -0.861359 -0.6891615 -0.528813 -0.495392 -0.7933535 -0.6087614 -2.38742e-7 -0.6142427 -0.6142415 0.4953921 -0.3592085 -0.3592073 0.8613591 -0.007622003 -0.007621407 0.999942 0.3477763 0.3477759 0.8706914 0.6104331 0.6104317 0.5047225 0.7071071 0.7071065 4.77046e-7 0.6104321 0.6104323 -0.5047228 0.3477763 0.3477764 -0.8706912 -0.007621347 -0.007622003 -0.999942 -0.3592076 -0.3592083 -0.861359 -0.6142419 -0.6142423 -0.4953922 -0.7071072 -0.7071065 -1.39266e-7 -0.528813 -0.6891611 0.4953926 -0.3092494 -0.4030202 0.8613592 -0.006562113 -0.008551418 0.999942 0.2994072 0.3901943 0.8706915 0.5255334 0.6848868 0.5047225 0.6087621 0.7933529 -1.46034e-7 0.5255325 0.6848873 -0.5047227 0.2994074 0.3901948 -0.8706912 -0.006561458 -0.008551716 -0.999942 -0.3092486 -0.4030212 -0.861359 -0.5288123 -0.689162 -0.4953922 -0.6087617 -0.7933531 0 -0.4343354 -0.7522897 0.4953919 -0.2539992 -0.4399378 0.8613589 -0.00538975 -0.009334444 0.999942 0.2459148 0.4259366 0.8706916 0.4316412 0.7476234 0.504723 0.4999998 0.8660255 -8.46999e-7 0.4316404 0.747624 -0.5047227 0.2459148 0.4259372 -0.8706914 -0.005388855 -0.009334862 -0.999942 -0.2539978 -0.4399385 -0.861359 -0.4343343 -0.75229 -0.4953922 -0.5000001 -0.8660255 -5.52092e-7 -0.332426 -0.8025461 0.4953916 -0.1944026 -0.4693278 0.8613589 -0.004125297 -0.009958326 0.999942 0.1882152 0.4543915 0.8706914 0.330364 0.7975678 0.504723 0.3826836 0.9238796 -7.39907e-7 0.3303629 0.7975682 -0.5047231 0.188215 0.4543915 -0.8706914 -0.004124522 -0.009958505 -0.999942 -0.1944014 -0.4693282 -0.8613589 -0.332425 -0.8025465 -0.4953917 -0.3826835 -0.9238795 2.78533e-7 -0.2248291 -0.8390702 0.4953922 -0.1314801 -0.4906874 0.8613588 -0.002790212 -0.01041162 0.999942 0.1272952 0.4750714 0.8706912 0.2234341 0.8338657 0.5047231 0.2588192 0.9659258 -4.08896e-7 0.2234334 0.8338661 -0.5047225 0.1272947 0.475071 -0.8706914 -0.002789318 -0.01041162 -0.999942 -0.1314788 -0.4906876 -0.8613589 -0.224828 -0.8390704 -0.4953921 -0.2588194 -0.9659258 2.53664e-7 -0.1133849 -0.8612378 0.4953922 -0.06630772 -0.503651 0.8613588 -0.001407325 -0.01068675 0.999942 0.064197 0.4876223 0.8706912 0.1126818 0.8558958 0.504723 0.1305263 0.991445 -9.88166e-7 0.1126808 0.8558962 -0.5047224 0.0641967 0.4876223 -0.8706912 -0.00140655 -0.01068687 -0.999942 -0.06630641 -0.5036511 -0.8613588 -0.113384 -0.8612384 -0.4953916 -0.1305264 -0.9914448 2.63611e-7 -6.67693e-7 -0.8686695 0.4953922 -7.47777e-7 -0.5079969 0.861359 -5.05199e-7 -0.01077872 0.999942 2.30897e-7 0.4918296 0.8706915 7.92975e-7 0.8632814 0.504723 3.71171e-7 1 -5.5493e-7 -2.03421e-7 0.8632816 -0.5047228 0 0.4918303 -0.8706912 4.06676e-7 -0.0107786 -0.999942 5.61913e-7 -0.5079969 -0.861359 4.14516e-7 -0.8686698 -0.4953917 -1.42997e-7 -1 -2.8848e-7 0.1133835 -0.8612384 0.4953913 0.06630605 -0.503651 0.8613589 0.001406311 -0.01068627 0.999942 -0.06419652 0.4876222 0.8706914 -0.1126803 0.8558959 0.5047231 -0.1305263 0.991445 2.33655e-7 -0.1126812 0.855896 -0.5047228 -0.06419676 0.4876222 -0.8706914 0.001407265 -0.01068609 -0.999942 0.06630742 -0.5036507 -0.861359 0.1133844 -0.8612381 -0.4953919 0.130526 -0.9914449 -2.73559e-7 0.2248276 -0.8390706 0.495392 0.1314786 -0.4906874 0.861359 0.002789318 -0.01041156 0.999942 -0.1272948 0.4750712 0.8706914 -0.2234331 0.8338661 0.5047228 -0.2588189 0.9659259 1.21695e-7 -0.223434 0.8338652 -0.5047237 -0.1272949 0.4750708 -0.8706916 0.002790153 -0.0104115 -0.999942 0.1314799 -0.4906873 -0.8613588 0.2248287 -0.8390703 -0.4953921 0.2588188 -0.9659259 3.1335e-7 0.3324249 -0.8025462 0.4953921 0.1944012 -0.4693282 0.861359 0.004124402 -0.009958386 0.999942 -0.1882149 0.4543915 0.8706915 -0.3303631 0.7975683 0.5047227 -0.3826835 0.9238796 6.18212e-7 -0.3303638 0.7975681 -0.5047227 -0.1882154 0.4543918 -0.8706912 0.004125118 -0.009957849 -0.999942 0.1944026 -0.4693277 -0.861359 0.332426 -0.802546 -0.4953918 0.3826835 -0.9238795 5.76961e-7 0.4343344 -0.7522903 0.4953917 0.2539978 -0.4399384 0.861359 0.005388915 -0.009334743 0.999942 -0.2459148 0.4259372 0.8706913 -0.4316405 0.7476239 0.5047228 -0.5000005 0.8660252 0 -0.4316414 0.747623 -0.5047233 -0.2459152 0.4259377 -0.870691 0.005389809 -0.009334385 -0.999942 0.2539989 -0.439938 -0.861359 0.4343352 -0.7522896 -0.4953923 0.5 -0.8660254 -4.9738e-7 0.5288118 -0.6891624 0.4953922 0.3092485 -0.4030216 0.8613589 0.006561219 -0.008551537 0.999942 -0.2994064 0.3901948 0.8706915 -0.5255319 0.6848877 0.504723 -0.6087608 0.7933539 -1.21695e-7 -0.5255327 0.6848868 -0.5047233 -0.299407 0.3901949 -0.8706914 0.006561994 -0.008551061 -0.999942 0.3092492 -0.4030206 -0.8613591 0.5288128 -0.689162 -0.4953916 0.6087612 -0.7933535 4.67537e-7 0.6142416 -0.6142427 0.495392 0.3592076 -0.3592087 0.8613589 0.007621228 -0.007621824 0.999942 -0.3477756 0.3477762 0.8706916 -0.610431 0.6104329 0.5047234 -0.7071061 0.7071076 0 -0.6104319 0.6104323 -0.5047231 -0.3477762 0.3477764 -0.8706914 0.007622122 -0.007621526 -0.999942 0.3592084 -0.3592077 -0.8613589 0.6142426 -0.6142421 -0.4953916 0.7071065 -0.7071071 0 0.6891617 -0.5288129 0.4953921 0.4030207 -0.3092494 0.8613589 0.008550882 -0.006561994 0.999942 -0.3901948 0.299407 0.8706914 -0.6848869 0.5255327 0.5047231 -0.7933536 0.6087611 -3.21276e-7 -0.6848872 0.5255319 -0.5047234 -0.3901948 0.2994068 -0.8706914 0.008551478 -0.006561279 -0.999942 0.4030215 -0.3092485 -0.8613588 0.6891627 -0.5288121 -0.4953914 0.7933534 -0.6087614 0 0.7522897 -0.4343358 0.4953917 0.4399375 -0.2539992 0.8613591 0.009334206 -0.005389511 0.999942 -0.425937 0.245915 0.8706914 -0.747623 0.4316414 0.5047234 -0.8660254 0.5 -2.33655e-7 -0.7476238 0.4316403 -0.5047231 -0.4259378 0.2459152 -0.870691 0.009334504 -0.005388736 -0.999942 0.4399381 -0.2539979 -0.8613591 0.7522901 -0.4343343 -0.4953922 0.8660255 -0.5000001 -2.63611e-7 0.8025459 -0.332426 0.495392 0.4693275 -0.1944025 0.8613591 0.00995779 -0.004125177 0.999942 -0.4543913 0.1882151 0.8706915 -0.7975676 0.3303643 0.5047231 -0.9238793 0.3826839 8.17792e-7 -0.797568 0.330363 -0.5047233 -0.4543915 0.1882153 -0.8706914 0.009958326 -0.004124283 -0.999942 0.4693284 -0.1944017 -0.8613587 0.802546 -0.3324254 -0.4953922 0.9238794 -0.382684 -2.58638e-7 0.8390703 -0.2248288 0.495392 0.4906871 -0.1314798 0.861359 0.01041138 -0.002789974 0.999942 -0.475071 0.1272947 0.8706915 -0.8338657 0.2234342 0.5047229 -0.9659259 0.2588193 0 -0.833866 0.2234327 -0.504723 -0.4750715 0.1272946 -0.8706912 0.01041138 -0.002789258 -0.999942 0.4906879 -0.1314787 -0.8613587 0.8390709 -0.2248274 -0.4953915 0.9659259 -0.2588187 0 0.8612381 -0.1133846 0.4953919 0.5036509 -0.06630766 0.8613589 0.01068651 -0.001407265 0.999942 -0.4876222 0.06419658 0.8706914 -0.8558957 0.1126811 0.5047231 -0.991445 0.1305261 -1.60638e-7 -0.8558957 0.1126802 -0.5047235 -0.487622 0.0641964 -0.8706915 0.01068693 -0.00140649 -0.999942 0.5036511 -0.06630629 -0.8613589 0.8612381 -0.1133838 -0.4953919 0.9914449 -0.130526 0 -1 0 0 0 1 0 1 0 0 0 -1 0 0 0 -1 0 0 1 0.2980203 0.9545596 0 0.6931214 0.7208209 0 0.8611932 0.5082778 0 0.9334128 0.3588043 0 0.9680816 0.2506353 0 0.9860796 0.1662744 0 0.9954523 0.09526139 0 0.9995177 0.0310561 0 0.9995177 -0.0310561 0 0.9954524 -0.09526127 0 0.9860796 -0.1662744 0 0.9680814 -0.2506359 0 0.9334131 -0.3588039 0 0.8611931 -0.508278 0 0.6931219 -0.7208204 0 0.2980216 -0.9545592 0 -0.2980216 -0.9545591 0 -0.693122 -0.7208203 0 -0.8611931 -0.508278 0 -0.9334131 -0.3588039 0 -0.9680816 -0.2506356 0 -0.9860796 -0.1662744 0 -0.9954524 -0.09526127 0 -0.9995177 -0.0310561 0 -0.9995177 0.0310561 0 -0.9954523 0.09526139 0 -0.9860796 0.1662744 0 -0.9680816 0.2506356 0 -0.9334128 0.3588043 0 -0.8611932 0.5082778 0 -0.6931214 0.7208209 0 -0.2980203 0.9545596 0 0.2980204 0.9545595 0 0.6931213 0.720821 0 0.8611932 0.5082779 0 0.9334128 0.3588043 0 0.9680816 0.2506356 0 0.9860795 0.1662744 0 0.9954524 0.09526139 0 0.9995177 0.0310561 0 0.9995177 -0.0310561 0 0.9954524 -0.09526127 0 0.9860795 -0.1662744 0 0.9680816 -0.2506356 0 0.933413 -0.3588039 0 0.8611931 -0.508278 0 0.693122 -0.7208203 0 -0.2980216 -0.9545592 0 -0.6931219 -0.7208204 0 -0.8611931 -0.508278 0 -0.933413 -0.3588039 0 -0.9680814 -0.2506359 0 -0.9860795 -0.1662744 0 -0.9954524 -0.09526127 0 -0.9995177 -0.0310561 0 -0.9995177 0.0310561 0 -0.9954524 0.09526139 0 -0.9860795 0.1662744 0 -0.9680816 0.2506353 0 -0.9334128 0.3588043 0 -0.8611932 0.5082779 0 -0.6931214 0.7208209 0 -0.2980204 0.9545596 0</float_array>
          <technique_common>
            <accessor source="#Torus-mesh-normals-array" count="645" stride="3">
              <param name="X" type="float"/>
              <param name="Y" type="float"/>
              <param name="Z" type="float"/>
            </accessor>
          </technique_common>
        </source>
        <source id="Torus-mesh-map-0">
          <float_array id="Torus-mesh-map-0-array" count="7728">0.5 0.5 0.5208333 0.5833333 0.5 0.5833333 0.5 0.5833333 0.5208333 0.6666667 0.5 0.6666667 0.5 0.6666667 0.5208333 0.75 0.5 0.75 0.5 0.75 0.5208333 0.8333333 0.5 0.8333333 0.5 0.8333333 0.5208333 0.9166667 0.5 0.9166667 0.5 0.9166667 0.5208333 1 0.5 1 0.5 0 0.5208333 0.08333331 0.5 0.08333331 0.5 0.08333331 0.5208333 0.1666666 0.5 0.1666666 0.5 0.1666666 0.5208333 0.25 0.5 0.25 0.5 0.25 0.5208333 0.3333333 0.5 0.3333333 0.5 0.3333333 0.5208333 0.4166666 0.5 0.4166666 0.5 0.4166666 0.5208333 0.5 0.5 0.5 0.5208333 0.5 0.5416667 0.5833333 0.5208333 0.5833333 0.5208333 0.5833333 0.5416667 0.6666667 0.5208333 0.6666667 0.5208333 0.6666667 0.5416667 0.75 0.5208333 0.75 0.5208333 0.75 0.5416667 0.8333333 0.5208333 0.8333333 0.5208333 0.8333333 0.5416667 0.9166667 0.5208333 0.9166667 0.5208333 0.9166667 0.5416667 1 0.5208333 1 0.5208333 0 0.5416667 0.08333331 0.5208333 0.08333331 0.5208333 0.08333331 0.5416667 0.1666666 0.5208333 0.1666666 0.5208333 0.1666666 0.5416667 0.25 0.5208333 0.25 0.5208333 0.25 0.5416667 0.3333333 0.5208333 0.3333333 0.5208333 0.3333333 0.5416667 0.4166666 0.5208333 0.4166666 0.5208333 0.4166666 0.5416667 0.5 0.5208333 0.5 0.5416667 0.5 0.5625 0.5833333 0.5416667 0.5833333 0.5416667 0.5833333 0.5625 0.6666667 0.5416667 0.6666667 0.5416667 0.6666667 0.5625 0.75 0.5416667 0.75 0.5416667 0.75 0.5625 0.8333333 0.5416667 0.8333333 0.5416667 0.8333333 0.5625 0.9166667 0.5416667 0.9166667 0.5416667 0.9166667 0.5625 1 0.5416667 1 0.5416667 0 0.5625 0.08333331 0.5416667 0.08333331 0.5416667 0.08333331 0.5625 0.1666666 0.5416667 0.1666666 0.5416667 0.1666666 0.5625 0.25 0.5416667 0.25 0.5416667 0.25 0.5625 0.3333333 0.5416667 0.3333333 0.5416667 0.3333333 0.5625 0.4166666 0.5416667 0.4166666 0.5416667 0.4166666 0.5625 0.5 0.5416667 0.5 0.5625 0.5 0.5833333 0.5833333 0.5625 0.5833333 0.5625 0.5833333 0.5833333 0.6666667 0.5625 0.6666667 0.5625 0.6666667 0.5833333 0.75 0.5625 0.75 0.5625 0.75 0.5833333 0.8333333 0.5625 0.8333333 0.5625 0.8333333 0.5833333 0.9166667 0.5625 0.9166667 0.5625 0.9166667 0.5833333 1 0.5625 1 0.5625 0 0.5833333 0.08333331 0.5625 0.08333331 0.5625 0.08333331 0.5833333 0.1666666 0.5625 0.1666666 0.5625 0.1666666 0.5833333 0.25 0.5625 0.25 0.5625 0.25 0.5833333 0.3333333 0.5625 0.3333333 0.5625 0.3333333 0.5833333 0.4166666 0.5625 0.4166666 0.5625 0.4166666 0.5833333 0.5 0.5625 0.5 0.5833333 0.5 0.6041667 0.5833333 0.5833333 0.5833333 0.5833333 0.5833333 0.6041667 0.6666667 0.5833333 0.6666667 0.5833333 0.6666667 0.6041667 0.75 0.5833333 0.75 0.5833333 0.75 0.6041667 0.8333333 0.5833333 0.8333333 0.5833333 0.8333333 0.6041667 0.9166667 0.5833333 0.9166667 0.5833333 0.9166667 0.6041667 1 0.5833333 1 0.5833333 0 0.6041667 0.08333331 0.5833333 0.08333331 0.5833333 0.08333331 0.6041667 0.1666666 0.5833333 0.1666666 0.5833333 0.1666666 0.6041667 0.25 0.5833333 0.25 0.5833333 0.25 0.6041667 0.3333333 0.5833333 0.3333333 0.5833333 0.3333333 0.6041667 0.4166666 0.5833333 0.4166666 0.5833333 0.4166666 0.6041667 0.5 0.5833333 0.5 0.6041667 0.5 0.625 0.5833333 0.6041667 0.5833333 0.6041667 0.5833333 0.625 0.6666667 0.6041667 0.6666667 0.6041667 0.6666667 0.625 0.75 0.6041667 0.75 0.6041667 0.75 0.625 0.8333333 0.6041667 0.8333333 0.6041667 0.8333333 0.625 0.9166667 0.6041667 0.9166667 0.6041667 0.9166667 0.625 1 0.6041667 1 0.6041667 0 0.625 0.08333331 0.6041667 0.08333331 0.6041667 0.08333331 0.625 0.1666666 0.6041667 0.1666666 0.6041667 0.1666666 0.625 0.25 0.6041667 0.25 0.6041667 0.25 0.625 0.3333333 0.6041667 0.3333333 0.6041667 0.3333333 0.625 0.4166666 0.6041667 0.4166666 0.6041667 0.4166666 0.625 0.5 0.6041667 0.5 0.625 0.5 0.6458333 0.5833333 0.625 0.5833333 0.625 0.5833333 0.6458333 0.6666667 0.625 0.6666667 0.625 0.6666667 0.6458333 0.75 0.625 0.75 0.625 0.75 0.6458333 0.8333333 0.625 0.8333333 0.625 0.8333333 0.6458333 0.9166667 0.625 0.9166667 0.625 0.9166667 0.6458333 1 0.625 1 0.625 0 0.6458333 0.08333331 0.625 0.08333331 0.625 0.08333331 0.6458333 0.1666666 0.625 0.1666666 0.625 0.1666666 0.6458333 0.25 0.625 0.25 0.625 0.25 0.6458333 0.3333333 0.625 0.3333333 0.625 0.3333333 0.6458333 0.4166666 0.625 0.4166666 0.625 0.4166666 0.6458333 0.5 0.625 0.5 0.6458333 0.5 0.6666667 0.5833333 0.6458333 0.5833333 0.6458333 0.5833333 0.6666667 0.6666667 0.6458333 0.6666667 0.6458333 0.6666667 0.6666667 0.75 0.6458333 0.75 0.6458333 0.75 0.6666667 0.8333333 0.6458333 0.8333333 0.6458333 0.8333333 0.6666667 0.9166667 0.6458333 0.9166667 0.6458333 0.9166667 0.6666667 1 0.6458333 1 0.6458333 0 0.6666667 0.08333331 0.6458333 0.08333331 0.6458333 0.08333331 0.6666667 0.1666666 0.6458333 0.1666666 0.6458333 0.1666666 0.6666667 0.25 0.6458333 0.25 0.6458333 0.25 0.6666667 0.3333333 0.6458333 0.3333333 0.6458333 0.3333333 0.6666667 0.4166666 0.6458333 0.4166666 0.6458333 0.4166666 0.6666667 0.5 0.6458333 0.5 0.6666667 0.5 0.6875 0.5833333 0.6666667 0.5833333 0.6666667 0.5833333 0.6875 0.6666667 0.6666667 0.6666667 0.6666667 0.6666667 0.6875 0.75 0.6666667 0.75 0.6666667 0.75 0.6875 0.8333333 0.6666667 0.8333333 0.6666667 0.8333333 0.6875 0.9166667 0.6666667 0.9166667 0.6666667 0.9166667 0.6875 1 0.6666667 1 0.6666667 0 0.6875 0.08333331 0.6666667 0.08333331 0.6666667 0.08333331 0.6875 0.1666666 0.6666667 0.1666666 0.6666667 0.1666666 0.6875 0.25 0.6666667 0.25 0.6666667 0.25 0.6875 0.3333333 0.6666667 0.3333333 0.6666667 0.3333333 0.6875 0.4166666 0.6666667 0.4166666 0.6666667 0.4166666 0.6875 0.5 0.6666667 0.5 0.6875 0.5 0.7083333 0.5833333 0.6875 0.5833333 0.6875 0.5833333 0.7083333 0.6666667 0.6875 0.6666667 0.6875 0.6666667 0.7083333 0.75 0.6875 0.75 0.6875 0.75 0.7083333 0.8333333 0.6875 0.8333333 0.6875 0.8333333 0.7083333 0.9166667 0.6875 0.9166667 0.6875 0.9166667 0.7083333 1 0.6875 1 0.6875 0 0.7083333 0.08333331 0.6875 0.08333331 0.6875 0.08333331 0.7083333 0.1666666 0.6875 0.1666666 0.6875 0.1666666 0.7083333 0.25 0.6875 0.25 0.6875 0.25 0.7083333 0.3333333 0.6875 0.3333333 0.6875 0.3333333 0.7083333 0.4166666 0.6875 0.4166666 0.6875 0.4166666 0.7083333 0.5 0.6875 0.5 0.7083333 0.5 0.7291667 0.5833333 0.7083333 0.5833333 0.7083333 0.5833333 0.7291667 0.6666667 0.7083333 0.6666667 0.7083333 0.6666667 0.7291667 0.75 0.7083333 0.75 0.7083333 0.75 0.7291667 0.8333333 0.7083333 0.8333333 0.7083333 0.8333333 0.7291667 0.9166667 0.7083333 0.9166667 0.7083333 0.9166667 0.7291667 1 0.7083333 1 0.7083333 0 0.7291667 0.08333331 0.7083333 0.08333331 0.7083333 0.08333331 0.7291667 0.1666666 0.7083333 0.1666666 0.7083333 0.1666666 0.7291667 0.25 0.7083333 0.25 0.7083333 0.25 0.7291667 0.3333333 0.7083333 0.3333333 0.7083333 0.3333333 0.7291667 0.4166666 0.7083333 0.4166666 0.7083333 0.4166666 0.7291667 0.5 0.7083333 0.5 0.7291667 0.5 0.75 0.5833333 0.7291667 0.5833333 0.7291667 0.5833333 0.75 0.6666667 0.7291667 0.6666667 0.7291667 0.6666667 0.75 0.75 0.7291667 0.75 0.7291667 0.75 0.75 0.8333333 0.7291667 0.8333333 0.7291667 0.8333333 0.75 0.9166667 0.7291667 0.9166667 0.7291667 0.9166667 0.75 1 0.7291667 1 0.7291667 0 0.75 0.08333331 0.7291667 0.08333331 0.7291667 0.08333331 0.75 0.1666666 0.7291667 0.1666666 0.7291667 0.1666666 0.75 0.25 0.7291667 0.25 0.7291667 0.25 0.75 0.3333333 0.7291667 0.3333333 0.7291667 0.3333333 0.75 0.4166666 0.7291667 0.4166666 0.7291667 0.4166666 0.75 0.5 0.7291667 0.5 0.75 0.5 0.7708333 0.5833333 0.75 0.5833333 0.75 0.5833333 0.7708333 0.6666667 0.75 0.6666667 0.75 0.6666667 0.7708333 0.75 0.75 0.75 0.75 0.75 0.7708333 0.8333333 0.75 0.8333333 0.75 0.8333333 0.7708333 0.9166667 0.75 0.9166667 0.75 0.9166667 0.7708333 1 0.75 1 0.75 0 0.7708333 0.08333331 0.75 0.08333331 0.75 0.08333331 0.7708333 0.1666666 0.75 0.1666666 0.75 0.1666666 0.7708333 0.25 0.75 0.25 0.75 0.25 0.7708333 0.3333333 0.75 0.3333333 0.75 0.3333333 0.7708333 0.4166666 0.75 0.4166666 0.75 0.4166666 0.7708333 0.5 0.75 0.5 0.7708333 0.5 0.7916667 0.5833333 0.7708333 0.5833333 0.7708333 0.5833333 0.7916667 0.6666667 0.7708333 0.6666667 0.7708333 0.6666667 0.7916667 0.75 0.7708333 0.75 0.7708333 0.75 0.7916667 0.8333333 0.7708333 0.8333333 0.7708333 0.8333333 0.7916667 0.9166667 0.7708333 0.9166667 0.7708333 0.9166667 0.7916667 1 0.7708333 1 0.7708333 0 0.7916667 0.08333331 0.7708333 0.08333331 0.7708333 0.08333331 0.7916667 0.1666666 0.7708333 0.1666666 0.7708333 0.1666666 0.7916667 0.25 0.7708333 0.25 0.7708333 0.25 0.7916667 0.3333333 0.7708333 0.3333333 0.7708333 0.3333333 0.7916667 0.4166666 0.7708333 0.4166666 0.7708333 0.4166666 0.7916667 0.5 0.7708333 0.5 0.7916667 0.5 0.8125 0.5833333 0.7916667 0.5833333 0.7916667 0.5833333 0.8125 0.6666667 0.7916667 0.6666667 0.7916667 0.6666667 0.8125 0.75 0.7916667 0.75 0.7916667 0.75 0.8125 0.8333333 0.7916667 0.8333333 0.7916667 0.8333333 0.8125 0.9166667 0.7916667 0.9166667 0.7916667 0.9166667 0.8125 1 0.7916667 1 0.7916667 0 0.8125 0.08333331 0.7916667 0.08333331 0.7916667 0.08333331 0.8125 0.1666666 0.7916667 0.1666666 0.7916667 0.1666666 0.8125 0.25 0.7916667 0.25 0.7916667 0.25 0.8125 0.3333333 0.7916667 0.3333333 0.7916667 0.3333333 0.8125 0.4166666 0.7916667 0.4166666 0.7916667 0.4166666 0.8125 0.5 0.7916667 0.5 0.8125 0.5 0.8333333 0.5833333 0.8125 0.5833333 0.8125 0.5833333 0.8333333 0.6666667 0.8125 0.6666667 0.8125 0.6666667 0.8333333 0.75 0.8125 0.75 0.8125 0.75 0.8333333 0.8333333 0.8125 0.8333333 0.8125 0.8333333 0.8333333 0.9166667 0.8125 0.9166667 0.8125 0.9166667 0.8333333 1 0.8125 1 0.8125 0 0.8333333 0.08333331 0.8125 0.08333331 0.8125 0.08333331 0.8333333 0.1666666 0.8125 0.1666666 0.8125 0.1666666 0.8333333 0.25 0.8125 0.25 0.8125 0.25 0.8333333 0.3333333 0.8125 0.3333333 0.8125 0.3333333 0.8333333 0.4166666 0.8125 0.4166666 0.8125 0.4166666 0.8333333 0.5 0.8125 0.5 0.8333333 0.5 0.8541667 0.5833333 0.8333333 0.5833333 0.8333333 0.5833333 0.8541667 0.6666667 0.8333333 0.6666667 0.8333333 0.6666667 0.8541667 0.75 0.8333333 0.75 0.8333333 0.75 0.8541667 0.8333333 0.8333333 0.8333333 0.8333333 0.8333333 0.8541667 0.9166667 0.8333333 0.9166667 0.8333333 0.9166667 0.8541667 1 0.8333333 1 0.8333333 0 0.8541667 0.08333331 0.8333333 0.08333331 0.8333333 0.08333331 0.8541667 0.1666666 0.8333333 0.1666666 0.8333333 0.1666666 0.8541667 0.25 0.8333333 0.25 0.8333333 0.25 0.8541667 0.3333333 0.8333333 0.3333333 0.8333333 0.3333333 0.8541667 0.4166666 0.8333333 0.4166666 0.8333333 0.4166666 0.8541667 0.5 0.8333333 0.5 0.8541667 0.5 0.875 0.5833333 0.8541667 0.5833333 0.8541667 0.5833333 0.875 0.6666667 0.8541667 0.6666667 0.8541667 0.6666667 0.875 0.75 0.8541667 0.75 0.8541667 0.75 0.875 0.8333333 0.8541667 0.8333333 0.8541667 0.8333333 0.875 0.9166667 0.8541667 0.9166667 0.8541667 0.9166667 0.875 1 0.8541667 1 0.8541667 0 0.875 0.08333331 0.8541667 0.08333331 0.8541667 0.08333331 0.875 0.1666666 0.8541667 0.1666666 0.8541667 0.1666666 0.875 0.25 0.8541667 0.25 0.8541667 0.25 0.875 0.3333333 0.8541667 0.3333333 0.8541667 0.3333333 0.875 0.4166666 0.8541667 0.4166666 0.8541667 0.4166666 0.875 0.5 0.8541667 0.5 0.875 0.5 0.8958333 0.5833333 0.875 0.5833333 0.875 0.5833333 0.8958333 0.6666667 0.875 0.6666667 0.875 0.6666667 0.8958333 0.75 0.875 0.75 0.875 0.75 0.8958333 0.8333333 0.875 0.8333333 0.875 0.8333333 0.8958333 0.9166667 0.875 0.9166667 0.875 0.9166667 0.8958333 1 0.875 1 0.875 0 0.8958333 0.08333331 0.875 0.08333331 0.875 0.08333331 0.8958333 0.1666666 0.875 0.1666666 0.875 0.1666666 0.8958333 0.25 0.875 0.25 0.875 0.25 0.8958333 0.3333333 0.875 0.3333333 0.875 0.3333333 0.8958333 0.4166666 0.875 0.4166666 0.875 0.4166666 0.8958333 0.5 0.875 0.5 0.8958333 0.5 0.9166667 0.5833333 0.8958333 0.5833333 0.8958333 0.5833333 0.9166667 0.6666667 0.8958333 0.6666667 0.8958333 0.6666667 0.9166667 0.75 0.8958333 0.75 0.8958333 0.75 0.9166667 0.8333333 0.8958333 0.8333333 0.8958333 0.8333333 0.9166667 0.9166667 0.8958333 0.9166667 0.8958333 0.9166667 0.9166667 1 0.8958333 1 0.8958333 0 0.9166667 0.08333331 0.8958333 0.08333331 0.8958333 0.08333331 0.9166667 0.1666666 0.8958333 0.1666666 0.8958333 0.1666666 0.9166667 0.25 0.8958333 0.25 0.8958333 0.25 0.9166667 0.3333333 0.8958333 0.3333333 0.8958333 0.3333333 0.9166667 0.4166666 0.8958333 0.4166666 0.8958333 0.4166666 0.9166667 0.5 0.8958333 0.5 0.9166667 0.5 0.9375 0.5833333 0.9166667 0.5833333 0.9166667 0.5833333 0.9375 0.6666667 0.9166667 0.6666667 0.9166667 0.6666667 0.9375 0.75 0.9166667 0.75 0.9166667 0.75 0.9375 0.8333333 0.9166667 0.8333333 0.9166667 0.8333333 0.9375 0.9166667 0.9166667 0.9166667 0.9166667 0.9166667 0.9375 1 0.9166667 1 0.9166667 0 0.9375 0.08333331 0.9166667 0.08333331 0.9166667 0.08333331 0.9375 0.1666666 0.9166667 0.1666666 0.9166667 0.1666666 0.9375 0.25 0.9166667 0.25 0.9166667 0.25 0.9375 0.3333333 0.9166667 0.3333333 0.9166667 0.3333333 0.9375 0.4166666 0.9166667 0.4166666 0.9166667 0.4166666 0.9375 0.5 0.9166667 0.5 0.9375 0.5 0.9583333 0.5833333 0.9375 0.5833333 0.9375 0.5833333 0.9583333 0.6666667 0.9375 0.6666667 0.9375 0.6666667 0.9583333 0.75 0.9375 0.75 0.9375 0.75 0.9583333 0.8333333 0.9375 0.8333333 0.9375 0.8333333 0.9583333 0.9166667 0.9375 0.9166667 0.9375 0.9166667 0.9583333 1 0.9375 1 0.9375 0 0.9583333 0.08333331 0.9375 0.08333331 0.9375 0.08333331 0.9583333 0.1666666 0.9375 0.1666666 0.9375 0.1666666 0.9583333 0.25 0.9375 0.25 0.9375 0.25 0.9583333 0.3333333 0.9375 0.3333333 0.9375 0.3333333 0.9583333 0.4166666 0.9375 0.4166666 0.9375 0.4166666 0.9583333 0.5 0.9375 0.5 0.9583333 0.5 0.9791667 0.5833333 0.9583333 0.5833333 0.9583333 0.5833333 0.9791667 0.6666667 0.9583333 0.6666667 0.9583333 0.6666667 0.9791667 0.75 0.9583333 0.75 0.9583333 0.75 0.9791667 0.8333333 0.9583333 0.8333333 0.9583333 0.8333333 0.9791667 0.9166667 0.9583333 0.9166667 0.9583333 0.9166667 0.9791667 1 0.9583333 1 0.9583333 0 0.9791667 0.08333331 0.9583333 0.08333331 0.9583333 0.08333331 0.9791667 0.1666666 0.9583333 0.1666666 0.9583333 0.1666666 0.9791667 0.25 0.9583333 0.25 0.9583333 0.25 0.9791667 0.3333333 0.9583333 0.3333333 0.9583333 0.3333333 0.9791667 0.4166666 0.9583333 0.4166666 0.9583333 0.4166666 0.9791667 0.5 0.9583333 0.5 0.9791667 0.5 1 0.5833333 0.9791667 0.5833333 0.9791667 0.5833333 1 0.6666667 0.9791667 0.6666667 0.9791667 0.6666667 1 0.75 0.9791667 0.75 0.9791667 0.75 1 0.8333333 0.9791667 0.8333333 0.9791667 0.8333333 1 0.9166667 0.9791667 0.9166667 0.9791667 0.9166667 1 1 0.9791667 1 0.9791667 0 1 0.08333331 0.9791667 0.08333331 0.9791667 0.08333331 1 0.1666666 0.9791667 0.1666666 0.9791667 0.1666666 1 0.25 0.9791667 0.25 0.9791667 0.25 1 0.3333333 0.9791667 0.3333333 0.9791667 0.3333333 1 0.4166666 0.9791667 0.4166666 0.9791667 0.4166666 1 0.5 0.9791667 0.5 0 0.5 0.02083331 0.5833333 0 0.5833333 0 0.5833333 0.02083331 0.6666667 0 0.6666667 0 0.6666667 0.02083331 0.75 0 0.75 0 0.75 0.02083331 0.8333333 0 0.8333333 0 0.8333333 0.02083331 0.9166667 0 0.9166667 0 0.9166667 0.02083331 1 0 1 0 0 0.02083331 0.08333331 0 0.08333331 0 0.08333331 0.02083331 0.1666666 0 0.1666666 0 0.1666666 0.02083331 0.25 0 0.25 0 0.25 0.02083331 0.3333333 0 0.3333333 0 0.3333333 0.02083331 0.4166666 0 0.4166666 0 0.4166666 0.02083331 0.5 0 0.5 0.02083331 0.5 0.04166662 0.5833333 0.02083331 0.5833333 0.02083331 0.5833333 0.04166662 0.6666667 0.02083331 0.6666667 0.02083331 0.6666667 0.04166662 0.75 0.02083331 0.75 0.02083331 0.75 0.04166662 0.8333333 0.02083331 0.8333333 0.02083331 0.8333333 0.04166662 0.9166667 0.02083331 0.9166667 0.02083331 0.9166667 0.04166662 1 0.02083331 1 0.02083331 0 0.04166662 0.08333331 0.02083331 0.08333331 0.02083331 0.08333331 0.04166662 0.1666666 0.02083331 0.1666666 0.02083331 0.1666666 0.04166662 0.25 0.02083331 0.25 0.02083331 0.25 0.04166662 0.3333333 0.02083331 0.3333333 0.02083331 0.3333333 0.04166662 0.4166666 0.02083331 0.4166666 0.02083331 0.4166666 0.04166662 0.5 0.02083331 0.5 0.04166662 0.5 0.0625 0.5833333 0.04166662 0.5833333 0.04166662 0.5833333 0.0625 0.6666667 0.04166662 0.6666667 0.04166662 0.6666667 0.0625 0.75 0.04166662 0.75 0.04166662 0.75 0.0625 0.8333333 0.04166662 0.8333333 0.04166662 0.8333333 0.0625 0.9166667 0.04166662 0.9166667 0.04166662 0.9166667 0.0625 1 0.04166662 1 0.04166662 0 0.0625 0.08333331 0.04166662 0.08333331 0.04166662 0.08333331 0.0625 0.1666666 0.04166662 0.1666666 0.04166662 0.1666666 0.0625 0.25 0.04166662 0.25 0.04166662 0.25 0.0625 0.3333333 0.04166662 0.3333333 0.04166662 0.3333333 0.0625 0.4166666 0.04166662 0.4166666 0.04166662 0.4166666 0.0625 0.5 0.04166662 0.5 0.0625 0.5 0.08333331 0.5833333 0.0625 0.5833333 0.0625 0.5833333 0.08333331 0.6666667 0.0625 0.6666667 0.0625 0.6666667 0.08333331 0.75 0.0625 0.75 0.0625 0.75 0.08333331 0.8333333 0.0625 0.8333333 0.0625 0.8333333 0.08333331 0.9166667 0.0625 0.9166667 0.0625 0.9166667 0.08333331 1 0.0625 1 0.0625 0 0.08333331 0.08333331 0.0625 0.08333331 0.0625 0.08333331 0.08333331 0.1666666 0.0625 0.1666666 0.0625 0.1666666 0.08333331 0.25 0.0625 0.25 0.0625 0.25 0.08333331 0.3333333 0.0625 0.3333333 0.0625 0.3333333 0.08333331 0.4166666 0.0625 0.4166666 0.0625 0.4166666 0.08333331 0.5 0.0625 0.5 0.08333331 0.5 0.1041666 0.5833333 0.08333331 0.5833333 0.08333331 0.5833333 0.1041666 0.6666667 0.08333331 0.6666667 0.08333331 0.6666667 0.1041666 0.75 0.08333331 0.75 0.08333331 0.75 0.1041666 0.8333333 0.08333331 0.8333333 0.08333331 0.8333333 0.1041666 0.9166667 0.08333331 0.9166667 0.08333331 0.9166667 0.1041666 1 0.08333331 1 0.08333331 0 0.1041666 0.08333331 0.08333331 0.08333331 0.08333331 0.08333331 0.1041666 0.1666666 0.08333331 0.1666666 0.08333331 0.1666666 0.1041666 0.25 0.08333331 0.25 0.08333331 0.25 0.1041666 0.3333333 0.08333331 0.3333333 0.08333331 0.3333333 0.1041666 0.4166666 0.08333331 0.4166666 0.08333331 0.4166666 0.1041666 0.5 0.08333331 0.5 0.1041666 0.5 0.125 0.5833333 0.1041666 0.5833333 0.1041666 0.5833333 0.125 0.6666667 0.1041666 0.6666667 0.1041666 0.6666667 0.125 0.75 0.1041666 0.75 0.1041666 0.75 0.125 0.8333333 0.1041666 0.8333333 0.1041666 0.8333333 0.125 0.9166667 0.1041666 0.9166667 0.1041666 0.9166667 0.125 1 0.1041666 1 0.1041666 0 0.125 0.08333331 0.1041666 0.08333331 0.1041666 0.08333331 0.125 0.1666666 0.1041666 0.1666666 0.1041666 0.1666666 0.125 0.25 0.1041666 0.25 0.1041666 0.25 0.125 0.3333333 0.1041666 0.3333333 0.1041666 0.3333333 0.125 0.4166666 0.1041666 0.4166666 0.1041666 0.4166666 0.125 0.5 0.1041666 0.5 0.125 0.5 0.1458333 0.5833333 0.125 0.5833333 0.125 0.5833333 0.1458333 0.6666667 0.125 0.6666667 0.125 0.6666667 0.1458333 0.75 0.125 0.75 0.125 0.75 0.1458333 0.8333333 0.125 0.8333333 0.125 0.8333333 0.1458333 0.9166667 0.125 0.9166667 0.125 0.9166667 0.1458333 1 0.125 1 0.125 0 0.1458333 0.08333331 0.125 0.08333331 0.125 0.08333331 0.1458333 0.1666666 0.125 0.1666666 0.125 0.1666666 0.1458333 0.25 0.125 0.25 0.125 0.25 0.1458333 0.3333333 0.125 0.3333333 0.125 0.3333333 0.1458333 0.4166666 0.125 0.4166666 0.125 0.4166666 0.1458333 0.5 0.125 0.5 0.1458333 0.5 0.1666666 0.5833333 0.1458333 0.5833333 0.1458333 0.5833333 0.1666666 0.6666667 0.1458333 0.6666667 0.1458333 0.6666667 0.1666666 0.75 0.1458333 0.75 0.1458333 0.75 0.1666666 0.8333333 0.1458333 0.8333333 0.1458333 0.8333333 0.1666666 0.9166667 0.1458333 0.9166667 0.1458333 0.9166667 0.1666666 1 0.1458333 1 0.1458333 0 0.1666666 0.08333331 0.1458333 0.08333331 0.1458333 0.08333331 0.1666666 0.1666666 0.1458333 0.1666666 0.1458333 0.1666666 0.1666666 0.25 0.1458333 0.25 0.1458333 0.25 0.1666666 0.3333333 0.1458333 0.3333333 0.1458333 0.3333333 0.1666666 0.4166666 0.1458333 0.4166666 0.1458333 0.4166666 0.1666666 0.5 0.1458333 0.5 0.1666666 0.5 0.1875 0.5833333 0.1666666 0.5833333 0.1666666 0.5833333 0.1875 0.6666667 0.1666666 0.6666667 0.1666666 0.6666667 0.1875 0.75 0.1666666 0.75 0.1666666 0.75 0.1875 0.8333333 0.1666666 0.8333333 0.1666666 0.8333333 0.1875 0.9166667 0.1666666 0.9166667 0.1666666 0.9166667 0.1875 1 0.1666666 1 0.1666666 0 0.1875 0.08333331 0.1666666 0.08333331 0.1666666 0.08333331 0.1875 0.1666666 0.1666666 0.1666666 0.1666666 0.1666666 0.1875 0.25 0.1666666 0.25 0.1666666 0.25 0.1875 0.3333333 0.1666666 0.3333333 0.1666666 0.3333333 0.1875 0.4166666 0.1666666 0.4166666 0.1666666 0.4166666 0.1875 0.5 0.1666666 0.5 0.1875 0.5 0.2083333 0.5833333 0.1875 0.5833333 0.1875 0.5833333 0.2083333 0.6666667 0.1875 0.6666667 0.1875 0.6666667 0.2083333 0.75 0.1875 0.75 0.1875 0.75 0.2083333 0.8333333 0.1875 0.8333333 0.1875 0.8333333 0.2083333 0.9166667 0.1875 0.9166667 0.1875 0.9166667 0.2083333 1 0.1875 1 0.1875 0 0.2083333 0.08333331 0.1875 0.08333331 0.1875 0.08333331 0.2083333 0.1666666 0.1875 0.1666666 0.1875 0.1666666 0.2083333 0.25 0.1875 0.25 0.1875 0.25 0.2083333 0.3333333 0.1875 0.3333333 0.1875 0.3333333 0.2083333 0.4166666 0.1875 0.4166666 0.1875 0.4166666 0.2083333 0.5 0.1875 0.5 0.2083333 0.5 0.2291666 0.5833333 0.2083333 0.5833333 0.2083333 0.5833333 0.2291666 0.6666667 0.2083333 0.6666667 0.2083333 0.6666667 0.2291666 0.75 0.2083333 0.75 0.2083333 0.75 0.2291666 0.8333333 0.2083333 0.8333333 0.2083333 0.8333333 0.2291666 0.9166667 0.2083333 0.9166667 0.2083333 0.9166667 0.2291666 1 0.2083333 1 0.2083333 0 0.2291666 0.08333331 0.2083333 0.08333331 0.2083333 0.08333331 0.2291666 0.1666666 0.2083333 0.1666666 0.2083333 0.1666666 0.2291666 0.25 0.2083333 0.25 0.2083333 0.25 0.2291666 0.3333333 0.2083333 0.3333333 0.2083333 0.3333333 0.2291666 0.4166666 0.2083333 0.4166666 0.2083333 0.4166666 0.2291666 0.5 0.2083333 0.5 0.2291666 0.5 0.25 0.5833333 0.2291666 0.5833333 0.2291666 0.5833333 0.25 0.6666667 0.2291666 0.6666667 0.2291666 0.6666667 0.25 0.75 0.2291666 0.75 0.2291666 0.75 0.25 0.8333333 0.2291666 0.8333333 0.2291666 0.8333333 0.25 0.9166667 0.2291666 0.9166667 0.2291666 0.9166667 0.25 1 0.2291666 1 0.2291666 0 0.25 0.08333331 0.2291666 0.08333331 0.2291666 0.08333331 0.25 0.1666666 0.2291666 0.1666666 0.2291666 0.1666666 0.25 0.25 0.2291666 0.25 0.2291666 0.25 0.25 0.3333333 0.2291666 0.3333333 0.2291666 0.3333333 0.25 0.4166666 0.2291666 0.4166666 0.2291666 0.4166666 0.25 0.5 0.2291666 0.5 0.25 0.5 0.2708333 0.5833333 0.25 0.5833333 0.25 0.5833333 0.2708333 0.6666667 0.25 0.6666667 0.25 0.6666667 0.2708333 0.75 0.25 0.75 0.25 0.75 0.2708333 0.8333333 0.25 0.8333333 0.25 0.8333333 0.2708333 0.9166667 0.25 0.9166667 0.25 0.9166667 0.2708333 1 0.25 1 0.25 0 0.2708333 0.08333331 0.25 0.08333331 0.25 0.08333331 0.2708333 0.1666666 0.25 0.1666666 0.25 0.1666666 0.2708333 0.25 0.25 0.25 0.25 0.25 0.2708333 0.3333333 0.25 0.3333333 0.25 0.3333333 0.2708333 0.4166666 0.25 0.4166666 0.25 0.4166666 0.2708333 0.5 0.25 0.5 0.2708333 0.5 0.2916666 0.5833333 0.2708333 0.5833333 0.2708333 0.5833333 0.2916666 0.6666667 0.2708333 0.6666667 0.2708333 0.6666667 0.2916666 0.75 0.2708333 0.75 0.2708333 0.75 0.2916666 0.8333333 0.2708333 0.8333333 0.2708333 0.8333333 0.2916666 0.9166667 0.2708333 0.9166667 0.2708333 0.9166667 0.2916666 1 0.2708333 1 0.2708333 0 0.2916666 0.08333331 0.2708333 0.08333331 0.2708333 0.08333331 0.2916666 0.1666666 0.2708333 0.1666666 0.2708333 0.1666666 0.2916666 0.25 0.2708333 0.25 0.2708333 0.25 0.2916666 0.3333333 0.2708333 0.3333333 0.2708333 0.3333333 0.2916666 0.4166666 0.2708333 0.4166666 0.2708333 0.4166666 0.2916666 0.5 0.2708333 0.5 0.2916666 0.5 0.3125 0.5833333 0.2916666 0.5833333 0.2916666 0.5833333 0.3125 0.6666667 0.2916666 0.6666667 0.2916666 0.6666667 0.3125 0.75 0.2916666 0.75 0.2916666 0.75 0.3125 0.8333333 0.2916666 0.8333333 0.2916666 0.8333333 0.3125 0.9166667 0.2916666 0.9166667 0.2916666 0.9166667 0.3125 1 0.2916666 1 0.2916666 0 0.3125 0.08333331 0.2916666 0.08333331 0.2916666 0.08333331 0.3125 0.1666666 0.2916666 0.1666666 0.2916666 0.1666666 0.3125 0.25 0.2916666 0.25 0.2916666 0.25 0.3125 0.3333333 0.2916666 0.3333333 0.2916666 0.3333333 0.3125 0.4166666 0.2916666 0.4166666 0.2916666 0.4166666 0.3125 0.5 0.2916666 0.5 0.3125 0.5 0.3333333 0.5833333 0.3125 0.5833333 0.3125 0.5833333 0.3333333 0.6666667 0.3125 0.6666667 0.3125 0.6666667 0.3333333 0.75 0.3125 0.75 0.3125 0.75 0.3333333 0.8333333 0.3125 0.8333333 0.3125 0.8333333 0.3333333 0.9166667 0.3125 0.9166667 0.3125 0.9166667 0.3333333 1 0.3125 1 0.3125 0 0.3333333 0.08333331 0.3125 0.08333331 0.3125 0.08333331 0.3333333 0.1666666 0.3125 0.1666666 0.3125 0.1666666 0.3333333 0.25 0.3125 0.25 0.3125 0.25 0.3333333 0.3333333 0.3125 0.3333333 0.3125 0.3333333 0.3333333 0.4166666 0.3125 0.4166666 0.3125 0.4166666 0.3333333 0.5 0.3125 0.5 0.3333333 0.5 0.3541666 0.5833333 0.3333333 0.5833333 0.3333333 0.5833333 0.3541666 0.6666667 0.3333333 0.6666667 0.3333333 0.6666667 0.3541666 0.75 0.3333333 0.75 0.3333333 0.75 0.3541666 0.8333333 0.3333333 0.8333333 0.3333333 0.8333333 0.3541666 0.9166667 0.3333333 0.9166667 0.3333333 0.9166667 0.3541666 1 0.3333333 1 0.3333333 0 0.3541666 0.08333331 0.3333333 0.08333331 0.3333333 0.08333331 0.3541666 0.1666666 0.3333333 0.1666666 0.3333333 0.1666666 0.3541666 0.25 0.3333333 0.25 0.3333333 0.25 0.3541666 0.3333333 0.3333333 0.3333333 0.3333333 0.3333333 0.3541666 0.4166666 0.3333333 0.4166666 0.3333333 0.4166666 0.3541666 0.5 0.3333333 0.5 0.3541666 0.5 0.375 0.5833333 0.3541666 0.5833333 0.3541666 0.5833333 0.375 0.6666667 0.3541666 0.6666667 0.3541666 0.6666667 0.375 0.75 0.3541666 0.75 0.3541666 0.75 0.375 0.8333333 0.3541666 0.8333333 0.3541666 0.8333333 0.375 0.9166667 0.3541666 0.9166667 0.3541666 0.9166667 0.375 1 0.3541666 1 0.3541666 0 0.375 0.08333331 0.3541666 0.08333331 0.3541666 0.08333331 0.375 0.1666666 0.3541666 0.1666666 0.3541666 0.1666666 0.375 0.25 0.3541666 0.25 0.3541666 0.25 0.375 0.3333333 0.3541666 0.3333333 0.3541666 0.3333333 0.375 0.4166666 0.3541666 0.4166666 0.3541666 0.4166666 0.375 0.5 0.3541666 0.5 0.375 0.5 0.3958333 0.5833333 0.375 0.5833333 0.375 0.5833333 0.3958333 0.6666667 0.375 0.6666667 0.375 0.6666667 0.3958333 0.75 0.375 0.75 0.375 0.75 0.3958333 0.8333333 0.375 0.8333333 0.375 0.8333333 0.3958333 0.9166667 0.375 0.9166667 0.375 0.9166667 0.3958333 1 0.375 1 0.375 0 0.3958333 0.08333331 0.375 0.08333331 0.375 0.08333331 0.3958333 0.1666666 0.375 0.1666666 0.375 0.1666666 0.3958333 0.25 0.375 0.25 0.375 0.25 0.3958333 0.3333333 0.375 0.3333333 0.375 0.3333333 0.3958333 0.4166666 0.375 0.4166666 0.375 0.4166666 0.3958333 0.5 0.375 0.5 0.3958333 0.5 0.4166666 0.5833333 0.3958333 0.5833333 0.3958333 0.5833333 0.4166666 0.6666667 0.3958333 0.6666667 0.3958333 0.6666667 0.4166666 0.75 0.3958333 0.75 0.3958333 0.75 0.4166666 0.8333333 0.3958333 0.8333333 0.3958333 0.8333333 0.4166666 0.9166667 0.3958333 0.9166667 0.3958333 0.9166667 0.4166666 1 0.3958333 1 0.3958333 0 0.4166666 0.08333331 0.3958333 0.08333331 0.3958333 0.08333331 0.4166666 0.1666666 0.3958333 0.1666666 0.3958333 0.1666666 0.4166666 0.25 0.3958333 0.25 0.3958333 0.25 0.4166666 0.3333333 0.3958333 0.3333333 0.3958333 0.3333333 0.4166666 0.4166666 0.3958333 0.4166666 0.3958333 0.4166666 0.4166666 0.5 0.3958333 0.5 0.4166666 0.5 0.4375 0.5833333 0.4166666 0.5833333 0.4166666 0.5833333 0.4375 0.6666667 0.4166666 0.6666667 0.4166666 0.6666667 0.4375 0.75 0.4166666 0.75 0.4166666 0.75 0.4375 0.8333333 0.4166666 0.8333333 0.4166666 0.8333333 0.4375 0.9166667 0.4166666 0.9166667 0.4166666 0.9166667 0.4375 1 0.4166666 1 0.4166666 0 0.4375 0.08333331 0.4166666 0.08333331 0.4166666 0.08333331 0.4375 0.1666666 0.4166666 0.1666666 0.4166666 0.1666666 0.4375 0.25 0.4166666 0.25 0.4166666 0.25 0.4375 0.3333333 0.4166666 0.3333333 0.4166666 0.3333333 0.4375 0.4166666 0.4166666 0.4166666 0.4166666 0.4166666 0.4375 0.5 0.4166666 0.5 0.4375 0.5 0.4583333 0.5833333 0.4375 0.5833333 0.4375 0.5833333 0.4583333 0.6666667 0.4375 0.6666667 0.4375 0.6666667 0.4583333 0.75 0.4375 0.75 0.4375 0.75 0.4583333 0.8333333 0.4375 0.8333333 0.4375 0.8333333 0.4583333 0.9166667 0.4375 0.9166667 0.4375 0.9166667 0.4583333 1 0.4375 1 0.4375 0 0.4583333 0.08333331 0.4375 0.08333331 0.4375 0.08333331 0.4583333 0.1666666 0.4375 0.1666666 0.4375 0.1666666 0.4583333 0.25 0.4375 0.25 0.4375 0.25 0.4583333 0.3333333 0.4375 0.3333333 0.4375 0.3333333 0.4583333 0.4166666 0.4375 0.4166666 0.4375 0.4166666 0.4583333 0.5 0.4375 0.5 0.4583333 0.5 0.4791666 0.5833333 0.4583333 0.5833333 0.4583333 0.5833333 0.4791666 0.6666667 0.4583333 0.6666667 0.4583333 0.6666667 0.4791666 0.75 0.4583333 0.75 0.4583333 0.75 0.4791666 0.8333333 0.4583333 0.8333333 0.4583333 0.8333333 0.4791666 0.9166667 0.4583333 0.9166667 0.4583333 0.9166667 0.4791666 1 0.4583333 1 0.4583333 0 0.4791666 0.08333331 0.4583333 0.08333331 0.4583333 0.08333331 0.4791666 0.1666666 0.4583333 0.1666666 0.4583333 0.1666666 0.4791666 0.25 0.4583333 0.25 0.4583333 0.25 0.4791666 0.3333333 0.4583333 0.3333333 0.4583333 0.3333333 0.4791666 0.4166666 0.4583333 0.4166666 0.4583333 0.4166666 0.4791666 0.5 0.4583333 0.5 0.4791666 0.5 0.5 0.5833333 0.4791666 0.5833333 0.4791666 0.5833333 0.5 0.6666667 0.4791666 0.6666667 0.4791666 0.6666667 0.5 0.75 0.4791666 0.75 0.4791666 0.75 0.5 0.8333333 0.4791666 0.8333333 0.4791666 0.8333333 0.5 0.9166667 0.4791666 0.9166667 0.4791666 0.9166667 0.5 1 0.4791666 1 0.4791666 0 0.5 0.08333331 0.4791666 0.08333331 0.4791666 0.08333331 0.5 0.1666666 0.4791666 0.1666666 0.4791666 0.1666666 0.5 0.25 0.4791666 0.25 0.4791666 0.25 0.5 0.3333333 0.4791666 0.3333333 0.4791666 0.3333333 0.5 0.4166666 0.4791666 0.4166666 0.4791666 0.4166666 0.5 0.5 0.4791666 0.5 0.375 0 0.625 0.25 0.375 0.25 0.375 0.25 0.625 0.5 0.375 0.5 0.375 0.5 0.625 0.75 0.375 0.75 0.375 0.75 0.625 1 0.375 1 0.125 0.5 0.375 0.75 0.125 0.75 0.625 0.5 0.875 0.75 0.625 0.75 1 0.5 0.96875 1 0.96875 0.5 0.96875 0.5 0.9375 1 0.9375 0.5 0.9375 0.5 0.90625 1 0.90625 0.5 0.90625 0.5 0.875 1 0.875 0.5 0.875 0.5 0.84375 1 0.84375 0.5 0.84375 0.5 0.8125 1 0.8125 0.5 0.8125 0.5 0.78125 1 0.78125 0.5 0.78125 0.5 0.75 1 0.75 0.5 0.75 0.5 0.71875 1 0.71875 0.5 0.71875 0.5 0.6875 1 0.6875 0.5 0.6875 0.5 0.65625 1 0.65625 0.5 0.65625 0.5 0.625 1 0.625 0.5 0.625 0.5 0.59375 1 0.59375 0.5 0.59375 0.5 0.5625 1 0.5625 0.5 0.5625 0.5 0.53125 1 0.53125 0.5 0.53125 0.5 0.5 1 0.5 0.5 0.5 0.5 0.46875 1 0.46875 0.5 0.46875 0.5 0.4375 1 0.4375 0.5 0.4375 0.5 0.40625 1 0.40625 0.5 0.40625 0.5 0.375 1 0.375 0.5 0.375 0.5 0.34375 1 0.34375 0.5 0.34375 0.5 0.3125 1 0.3125 0.5 0.3125 0.5 0.28125 1 0.28125 0.5 0.28125 0.5 0.25 1 0.25 0.5 0.25 0.5 0.21875 1 0.21875 0.5 0.21875 0.5 0.1875 1 0.1875 0.5 0.1875 0.5 0.15625 1 0.15625 0.5 0.15625 0.5 0.125 1 0.125 0.5 0.125 0.5 0.09375 1 0.09375 0.5 0.09375 0.5 0.0625 1 0.0625 0.5 0.4197056 0.4197056 0.3833369 0.4495527 0.08029437 0.4197056 0.0625 0.5 0.03125 1 0.03125 0.5 0.03125 0.5 0 1 0 0.5 0.6166632 0.4495527 0.658156 0.4717311 0.8833369 0.4495527 0.5 0.5 0.5208333 0.5 0.5208333 0.5833333 0.5 0.5833333 0.5208333 0.5833333 0.5208333 0.6666667 0.5 0.6666667 0.5208333 0.6666667 0.5208333 0.75 0.5 0.75 0.5208333 0.75 0.5208333 0.8333333 0.5 0.8333333 0.5208333 0.8333333 0.5208333 0.9166667 0.5 0.9166667 0.5208333 0.9166667 0.5208333 1 0.5 0 0.5208333 0 0.5208333 0.08333331 0.5 0.08333331 0.5208333 0.08333331 0.5208333 0.1666666 0.5 0.1666666 0.5208333 0.1666666 0.5208333 0.25 0.5 0.25 0.5208333 0.25 0.5208333 0.3333333 0.5 0.3333333 0.5208333 0.3333333 0.5208333 0.4166666 0.5 0.4166666 0.5208333 0.4166666 0.5208333 0.5 0.5208333 0.5 0.5416667 0.5 0.5416667 0.5833333 0.5208333 0.5833333 0.5416667 0.5833333 0.5416667 0.6666667 0.5208333 0.6666667 0.5416667 0.6666667 0.5416667 0.75 0.5208333 0.75 0.5416667 0.75 0.5416667 0.8333333 0.5208333 0.8333333 0.5416667 0.8333333 0.5416667 0.9166667 0.5208333 0.9166667 0.5416667 0.9166667 0.5416667 1 0.5208333 0 0.5416667 0 0.5416667 0.08333331 0.5208333 0.08333331 0.5416667 0.08333331 0.5416667 0.1666666 0.5208333 0.1666666 0.5416667 0.1666666 0.5416667 0.25 0.5208333 0.25 0.5416667 0.25 0.5416667 0.3333333 0.5208333 0.3333333 0.5416667 0.3333333 0.5416667 0.4166666 0.5208333 0.4166666 0.5416667 0.4166666 0.5416667 0.5 0.5416667 0.5 0.5625 0.5 0.5625 0.5833333 0.5416667 0.5833333 0.5625 0.5833333 0.5625 0.6666667 0.5416667 0.6666667 0.5625 0.6666667 0.5625 0.75 0.5416667 0.75 0.5625 0.75 0.5625 0.8333333 0.5416667 0.8333333 0.5625 0.8333333 0.5625 0.9166667 0.5416667 0.9166667 0.5625 0.9166667 0.5625 1 0.5416667 0 0.5625 0 0.5625 0.08333331 0.5416667 0.08333331 0.5625 0.08333331 0.5625 0.1666666 0.5416667 0.1666666 0.5625 0.1666666 0.5625 0.25 0.5416667 0.25 0.5625 0.25 0.5625 0.3333333 0.5416667 0.3333333 0.5625 0.3333333 0.5625 0.4166666 0.5416667 0.4166666 0.5625 0.4166666 0.5625 0.5 0.5625 0.5 0.5833333 0.5 0.5833333 0.5833333 0.5625 0.5833333 0.5833333 0.5833333 0.5833333 0.6666667 0.5625 0.6666667 0.5833333 0.6666667 0.5833333 0.75 0.5625 0.75 0.5833333 0.75 0.5833333 0.8333333 0.5625 0.8333333 0.5833333 0.8333333 0.5833333 0.9166667 0.5625 0.9166667 0.5833333 0.9166667 0.5833333 1 0.5625 0 0.5833333 0 0.5833333 0.08333331 0.5625 0.08333331 0.5833333 0.08333331 0.5833333 0.1666666 0.5625 0.1666666 0.5833333 0.1666666 0.5833333 0.25 0.5625 0.25 0.5833333 0.25 0.5833333 0.3333333 0.5625 0.3333333 0.5833333 0.3333333 0.5833333 0.4166666 0.5625 0.4166666 0.5833333 0.4166666 0.5833333 0.5 0.5833333 0.5 0.6041667 0.5 0.6041667 0.5833333 0.5833333 0.5833333 0.6041667 0.5833333 0.6041667 0.6666667 0.5833333 0.6666667 0.6041667 0.6666667 0.6041667 0.75 0.5833333 0.75 0.6041667 0.75 0.6041667 0.8333333 0.5833333 0.8333333 0.6041667 0.8333333 0.6041667 0.9166667 0.5833333 0.9166667 0.6041667 0.9166667 0.6041667 1 0.5833333 0 0.6041667 0 0.6041667 0.08333331 0.5833333 0.08333331 0.6041667 0.08333331 0.6041667 0.1666666 0.5833333 0.1666666 0.6041667 0.1666666 0.6041667 0.25 0.5833333 0.25 0.6041667 0.25 0.6041667 0.3333333 0.5833333 0.3333333 0.6041667 0.3333333 0.6041667 0.4166666 0.5833333 0.4166666 0.6041667 0.4166666 0.6041667 0.5 0.6041667 0.5 0.625 0.5 0.625 0.5833333 0.6041667 0.5833333 0.625 0.5833333 0.625 0.6666667 0.6041667 0.6666667 0.625 0.6666667 0.625 0.75 0.6041667 0.75 0.625 0.75 0.625 0.8333333 0.6041667 0.8333333 0.625 0.8333333 0.625 0.9166667 0.6041667 0.9166667 0.625 0.9166667 0.625 1 0.6041667 0 0.625 0 0.625 0.08333331 0.6041667 0.08333331 0.625 0.08333331 0.625 0.1666666 0.6041667 0.1666666 0.625 0.1666666 0.625 0.25 0.6041667 0.25 0.625 0.25 0.625 0.3333333 0.6041667 0.3333333 0.625 0.3333333 0.625 0.4166666 0.6041667 0.4166666 0.625 0.4166666 0.625 0.5 0.625 0.5 0.6458333 0.5 0.6458333 0.5833333 0.625 0.5833333 0.6458333 0.5833333 0.6458333 0.6666667 0.625 0.6666667 0.6458333 0.6666667 0.6458333 0.75 0.625 0.75 0.6458333 0.75 0.6458333 0.8333333 0.625 0.8333333 0.6458333 0.8333333 0.6458333 0.9166667 0.625 0.9166667 0.6458333 0.9166667 0.6458333 1 0.625 0 0.6458333 0 0.6458333 0.08333331 0.625 0.08333331 0.6458333 0.08333331 0.6458333 0.1666666 0.625 0.1666666 0.6458333 0.1666666 0.6458333 0.25 0.625 0.25 0.6458333 0.25 0.6458333 0.3333333 0.625 0.3333333 0.6458333 0.3333333 0.6458333 0.4166666 0.625 0.4166666 0.6458333 0.4166666 0.6458333 0.5 0.6458333 0.5 0.6666667 0.5 0.6666667 0.5833333 0.6458333 0.5833333 0.6666667 0.5833333 0.6666667 0.6666667 0.6458333 0.6666667 0.6666667 0.6666667 0.6666667 0.75 0.6458333 0.75 0.6666667 0.75 0.6666667 0.8333333 0.6458333 0.8333333 0.6666667 0.8333333 0.6666667 0.9166667 0.6458333 0.9166667 0.6666667 0.9166667 0.6666667 1 0.6458333 0 0.6666667 0 0.6666667 0.08333331 0.6458333 0.08333331 0.6666667 0.08333331 0.6666667 0.1666666 0.6458333 0.1666666 0.6666667 0.1666666 0.6666667 0.25 0.6458333 0.25 0.6666667 0.25 0.6666667 0.3333333 0.6458333 0.3333333 0.6666667 0.3333333 0.6666667 0.4166666 0.6458333 0.4166666 0.6666667 0.4166666 0.6666667 0.5 0.6666667 0.5 0.6875 0.5 0.6875 0.5833333 0.6666667 0.5833333 0.6875 0.5833333 0.6875 0.6666667 0.6666667 0.6666667 0.6875 0.6666667 0.6875 0.75 0.6666667 0.75 0.6875 0.75 0.6875 0.8333333 0.6666667 0.8333333 0.6875 0.8333333 0.6875 0.9166667 0.6666667 0.9166667 0.6875 0.9166667 0.6875 1 0.6666667 0 0.6875 0 0.6875 0.08333331 0.6666667 0.08333331 0.6875 0.08333331 0.6875 0.1666666 0.6666667 0.1666666 0.6875 0.1666666 0.6875 0.25 0.6666667 0.25 0.6875 0.25 0.6875 0.3333333 0.6666667 0.3333333 0.6875 0.3333333 0.6875 0.4166666 0.6666667 0.4166666 0.6875 0.4166666 0.6875 0.5 0.6875 0.5 0.7083333 0.5 0.7083333 0.5833333 0.6875 0.5833333 0.7083333 0.5833333 0.7083333 0.6666667 0.6875 0.6666667 0.7083333 0.6666667 0.7083333 0.75 0.6875 0.75 0.7083333 0.75 0.7083333 0.8333333 0.6875 0.8333333 0.7083333 0.8333333 0.7083333 0.9166667 0.6875 0.9166667 0.7083333 0.9166667 0.7083333 1 0.6875 0 0.7083333 0 0.7083333 0.08333331 0.6875 0.08333331 0.7083333 0.08333331 0.7083333 0.1666666 0.6875 0.1666666 0.7083333 0.1666666 0.7083333 0.25 0.6875 0.25 0.7083333 0.25 0.7083333 0.3333333 0.6875 0.3333333 0.7083333 0.3333333 0.7083333 0.4166666 0.6875 0.4166666 0.7083333 0.4166666 0.7083333 0.5 0.7083333 0.5 0.7291667 0.5 0.7291667 0.5833333 0.7083333 0.5833333 0.7291667 0.5833333 0.7291667 0.6666667 0.7083333 0.6666667 0.7291667 0.6666667 0.7291667 0.75 0.7083333 0.75 0.7291667 0.75 0.7291667 0.8333333 0.7083333 0.8333333 0.7291667 0.8333333 0.7291667 0.9166667 0.7083333 0.9166667 0.7291667 0.9166667 0.7291667 1 0.7083333 0 0.7291667 0 0.7291667 0.08333331 0.7083333 0.08333331 0.7291667 0.08333331 0.7291667 0.1666666 0.7083333 0.1666666 0.7291667 0.1666666 0.7291667 0.25 0.7083333 0.25 0.7291667 0.25 0.7291667 0.3333333 0.7083333 0.3333333 0.7291667 0.3333333 0.7291667 0.4166666 0.7083333 0.4166666 0.7291667 0.4166666 0.7291667 0.5 0.7291667 0.5 0.75 0.5 0.75 0.5833333 0.7291667 0.5833333 0.75 0.5833333 0.75 0.6666667 0.7291667 0.6666667 0.75 0.6666667 0.75 0.75 0.7291667 0.75 0.75 0.75 0.75 0.8333333 0.7291667 0.8333333 0.75 0.8333333 0.75 0.9166667 0.7291667 0.9166667 0.75 0.9166667 0.75 1 0.7291667 0 0.75 0 0.75 0.08333331 0.7291667 0.08333331 0.75 0.08333331 0.75 0.1666666 0.7291667 0.1666666 0.75 0.1666666 0.75 0.25 0.7291667 0.25 0.75 0.25 0.75 0.3333333 0.7291667 0.3333333 0.75 0.3333333 0.75 0.4166666 0.7291667 0.4166666 0.75 0.4166666 0.75 0.5 0.75 0.5 0.7708333 0.5 0.7708333 0.5833333 0.75 0.5833333 0.7708333 0.5833333 0.7708333 0.6666667 0.75 0.6666667 0.7708333 0.6666667 0.7708333 0.75 0.75 0.75 0.7708333 0.75 0.7708333 0.8333333 0.75 0.8333333 0.7708333 0.8333333 0.7708333 0.9166667 0.75 0.9166667 0.7708333 0.9166667 0.7708333 1 0.75 0 0.7708333 0 0.7708333 0.08333331 0.75 0.08333331 0.7708333 0.08333331 0.7708333 0.1666666 0.75 0.1666666 0.7708333 0.1666666 0.7708333 0.25 0.75 0.25 0.7708333 0.25 0.7708333 0.3333333 0.75 0.3333333 0.7708333 0.3333333 0.7708333 0.4166666 0.75 0.4166666 0.7708333 0.4166666 0.7708333 0.5 0.7708333 0.5 0.7916667 0.5 0.7916667 0.5833333 0.7708333 0.5833333 0.7916667 0.5833333 0.7916667 0.6666667 0.7708333 0.6666667 0.7916667 0.6666667 0.7916667 0.75 0.7708333 0.75 0.7916667 0.75 0.7916667 0.8333333 0.7708333 0.8333333 0.7916667 0.8333333 0.7916667 0.9166667 0.7708333 0.9166667 0.7916667 0.9166667 0.7916667 1 0.7708333 0 0.7916667 0 0.7916667 0.08333331 0.7708333 0.08333331 0.7916667 0.08333331 0.7916667 0.1666666 0.7708333 0.1666666 0.7916667 0.1666666 0.7916667 0.25 0.7708333 0.25 0.7916667 0.25 0.7916667 0.3333333 0.7708333 0.3333333 0.7916667 0.3333333 0.7916667 0.4166666 0.7708333 0.4166666 0.7916667 0.4166666 0.7916667 0.5 0.7916667 0.5 0.8125 0.5 0.8125 0.5833333 0.7916667 0.5833333 0.8125 0.5833333 0.8125 0.6666667 0.7916667 0.6666667 0.8125 0.6666667 0.8125 0.75 0.7916667 0.75 0.8125 0.75 0.8125 0.8333333 0.7916667 0.8333333 0.8125 0.8333333 0.8125 0.9166667 0.7916667 0.9166667 0.8125 0.9166667 0.8125 1 0.7916667 0 0.8125 0 0.8125 0.08333331 0.7916667 0.08333331 0.8125 0.08333331 0.8125 0.1666666 0.7916667 0.1666666 0.8125 0.1666666 0.8125 0.25 0.7916667 0.25 0.8125 0.25 0.8125 0.3333333 0.7916667 0.3333333 0.8125 0.3333333 0.8125 0.4166666 0.7916667 0.4166666 0.8125 0.4166666 0.8125 0.5 0.8125 0.5 0.8333333 0.5 0.8333333 0.5833333 0.8125 0.5833333 0.8333333 0.5833333 0.8333333 0.6666667 0.8125 0.6666667 0.8333333 0.6666667 0.8333333 0.75 0.8125 0.75 0.8333333 0.75 0.8333333 0.8333333 0.8125 0.8333333 0.8333333 0.8333333 0.8333333 0.9166667 0.8125 0.9166667 0.8333333 0.9166667 0.8333333 1 0.8125 0 0.8333333 0 0.8333333 0.08333331 0.8125 0.08333331 0.8333333 0.08333331 0.8333333 0.1666666 0.8125 0.1666666 0.8333333 0.1666666 0.8333333 0.25 0.8125 0.25 0.8333333 0.25 0.8333333 0.3333333 0.8125 0.3333333 0.8333333 0.3333333 0.8333333 0.4166666 0.8125 0.4166666 0.8333333 0.4166666 0.8333333 0.5 0.8333333 0.5 0.8541667 0.5 0.8541667 0.5833333 0.8333333 0.5833333 0.8541667 0.5833333 0.8541667 0.6666667 0.8333333 0.6666667 0.8541667 0.6666667 0.8541667 0.75 0.8333333 0.75 0.8541667 0.75 0.8541667 0.8333333 0.8333333 0.8333333 0.8541667 0.8333333 0.8541667 0.9166667 0.8333333 0.9166667 0.8541667 0.9166667 0.8541667 1 0.8333333 0 0.8541667 0 0.8541667 0.08333331 0.8333333 0.08333331 0.8541667 0.08333331 0.8541667 0.1666666 0.8333333 0.1666666 0.8541667 0.1666666 0.8541667 0.25 0.8333333 0.25 0.8541667 0.25 0.8541667 0.3333333 0.8333333 0.3333333 0.8541667 0.3333333 0.8541667 0.4166666 0.8333333 0.4166666 0.8541667 0.4166666 0.8541667 0.5 0.8541667 0.5 0.875 0.5 0.875 0.5833333 0.8541667 0.5833333 0.875 0.5833333 0.875 0.6666667 0.8541667 0.6666667 0.875 0.6666667 0.875 0.75 0.8541667 0.75 0.875 0.75 0.875 0.8333333 0.8541667 0.8333333 0.875 0.8333333 0.875 0.9166667 0.8541667 0.9166667 0.875 0.9166667 0.875 1 0.8541667 0 0.875 0 0.875 0.08333331 0.8541667 0.08333331 0.875 0.08333331 0.875 0.1666666 0.8541667 0.1666666 0.875 0.1666666 0.875 0.25 0.8541667 0.25 0.875 0.25 0.875 0.3333333 0.8541667 0.3333333 0.875 0.3333333 0.875 0.4166666 0.8541667 0.4166666 0.875 0.4166666 0.875 0.5 0.875 0.5 0.8958333 0.5 0.8958333 0.5833333 0.875 0.5833333 0.8958333 0.5833333 0.8958333 0.6666667 0.875 0.6666667 0.8958333 0.6666667 0.8958333 0.75 0.875 0.75 0.8958333 0.75 0.8958333 0.8333333 0.875 0.8333333 0.8958333 0.8333333 0.8958333 0.9166667 0.875 0.9166667 0.8958333 0.9166667 0.8958333 1 0.875 0 0.8958333 0 0.8958333 0.08333331 0.875 0.08333331 0.8958333 0.08333331 0.8958333 0.1666666 0.875 0.1666666 0.8958333 0.1666666 0.8958333 0.25 0.875 0.25 0.8958333 0.25 0.8958333 0.3333333 0.875 0.3333333 0.8958333 0.3333333 0.8958333 0.4166666 0.875 0.4166666 0.8958333 0.4166666 0.8958333 0.5 0.8958333 0.5 0.9166667 0.5 0.9166667 0.5833333 0.8958333 0.5833333 0.9166667 0.5833333 0.9166667 0.6666667 0.8958333 0.6666667 0.9166667 0.6666667 0.9166667 0.75 0.8958333 0.75 0.9166667 0.75 0.9166667 0.8333333 0.8958333 0.8333333 0.9166667 0.8333333 0.9166667 0.9166667 0.8958333 0.9166667 0.9166667 0.9166667 0.9166667 1 0.8958333 0 0.9166667 0 0.9166667 0.08333331 0.8958333 0.08333331 0.9166667 0.08333331 0.9166667 0.1666666 0.8958333 0.1666666 0.9166667 0.1666666 0.9166667 0.25 0.8958333 0.25 0.9166667 0.25 0.9166667 0.3333333 0.8958333 0.3333333 0.9166667 0.3333333 0.9166667 0.4166666 0.8958333 0.4166666 0.9166667 0.4166666 0.9166667 0.5 0.9166667 0.5 0.9375 0.5 0.9375 0.5833333 0.9166667 0.5833333 0.9375 0.5833333 0.9375 0.6666667 0.9166667 0.6666667 0.9375 0.6666667 0.9375 0.75 0.9166667 0.75 0.9375 0.75 0.9375 0.8333333 0.9166667 0.8333333 0.9375 0.8333333 0.9375 0.9166667 0.9166667 0.9166667 0.9375 0.9166667 0.9375 1 0.9166667 0 0.9375 0 0.9375 0.08333331 0.9166667 0.08333331 0.9375 0.08333331 0.9375 0.1666666 0.9166667 0.1666666 0.9375 0.1666666 0.9375 0.25 0.9166667 0.25 0.9375 0.25 0.9375 0.3333333 0.9166667 0.3333333 0.9375 0.3333333 0.9375 0.4166666 0.9166667 0.4166666 0.9375 0.4166666 0.9375 0.5 0.9375 0.5 0.9583333 0.5 0.9583333 0.5833333 0.9375 0.5833333 0.9583333 0.5833333 0.9583333 0.6666667 0.9375 0.6666667 0.9583333 0.6666667 0.9583333 0.75 0.9375 0.75 0.9583333 0.75 0.9583333 0.8333333 0.9375 0.8333333 0.9583333 0.8333333 0.9583333 0.9166667 0.9375 0.9166667 0.9583333 0.9166667 0.9583333 1 0.9375 0 0.9583333 0 0.9583333 0.08333331 0.9375 0.08333331 0.9583333 0.08333331 0.9583333 0.1666666 0.9375 0.1666666 0.9583333 0.1666666 0.9583333 0.25 0.9375 0.25 0.9583333 0.25 0.9583333 0.3333333 0.9375 0.3333333 0.9583333 0.3333333 0.9583333 0.4166666 0.9375 0.4166666 0.9583333 0.4166666 0.9583333 0.5 0.9583333 0.5 0.9791667 0.5 0.9791667 0.5833333 0.9583333 0.5833333 0.9791667 0.5833333 0.9791667 0.6666667 0.9583333 0.6666667 0.9791667 0.6666667 0.9791667 0.75 0.9583333 0.75 0.9791667 0.75 0.9791667 0.8333333 0.9583333 0.8333333 0.9791667 0.8333333 0.9791667 0.9166667 0.9583333 0.9166667 0.9791667 0.9166667 0.9791667 1 0.9583333 0 0.9791667 0 0.9791667 0.08333331 0.9583333 0.08333331 0.9791667 0.08333331 0.9791667 0.1666666 0.9583333 0.1666666 0.9791667 0.1666666 0.9791667 0.25 0.9583333 0.25 0.9791667 0.25 0.9791667 0.3333333 0.9583333 0.3333333 0.9791667 0.3333333 0.9791667 0.4166666 0.9583333 0.4166666 0.9791667 0.4166666 0.9791667 0.5 0.9791667 0.5 1 0.5 1 0.5833333 0.9791667 0.5833333 1 0.5833333 1 0.6666667 0.9791667 0.6666667 1 0.6666667 1 0.75 0.9791667 0.75 1 0.75 1 0.8333333 0.9791667 0.8333333 1 0.8333333 1 0.9166667 0.9791667 0.9166667 1 0.9166667 1 1 0.9791667 0 1 0 1 0.08333331 0.9791667 0.08333331 1 0.08333331 1 0.1666666 0.9791667 0.1666666 1 0.1666666 1 0.25 0.9791667 0.25 1 0.25 1 0.3333333 0.9791667 0.3333333 1 0.3333333 1 0.4166666 0.9791667 0.4166666 1 0.4166666 1 0.5 0 0.5 0.02083331 0.5 0.02083331 0.5833333 0 0.5833333 0.02083331 0.5833333 0.02083331 0.6666667 0 0.6666667 0.02083331 0.6666667 0.02083331 0.75 0 0.75 0.02083331 0.75 0.02083331 0.8333333 0 0.8333333 0.02083331 0.8333333 0.02083331 0.9166667 0 0.9166667 0.02083331 0.9166667 0.02083331 1 0 0 0.02083331 0 0.02083331 0.08333331 0 0.08333331 0.02083331 0.08333331 0.02083331 0.1666666 0 0.1666666 0.02083331 0.1666666 0.02083331 0.25 0 0.25 0.02083331 0.25 0.02083331 0.3333333 0 0.3333333 0.02083331 0.3333333 0.02083331 0.4166666 0 0.4166666 0.02083331 0.4166666 0.02083331 0.5 0.02083331 0.5 0.04166662 0.5 0.04166662 0.5833333 0.02083331 0.5833333 0.04166662 0.5833333 0.04166662 0.6666667 0.02083331 0.6666667 0.04166662 0.6666667 0.04166662 0.75 0.02083331 0.75 0.04166662 0.75 0.04166662 0.8333333 0.02083331 0.8333333 0.04166662 0.8333333 0.04166662 0.9166667 0.02083331 0.9166667 0.04166662 0.9166667 0.04166662 1 0.02083331 0 0.04166662 0 0.04166662 0.08333331 0.02083331 0.08333331 0.04166662 0.08333331 0.04166662 0.1666666 0.02083331 0.1666666 0.04166662 0.1666666 0.04166662 0.25 0.02083331 0.25 0.04166662 0.25 0.04166662 0.3333333 0.02083331 0.3333333 0.04166662 0.3333333 0.04166662 0.4166666 0.02083331 0.4166666 0.04166662 0.4166666 0.04166662 0.5 0.04166662 0.5 0.0625 0.5 0.0625 0.5833333 0.04166662 0.5833333 0.0625 0.5833333 0.0625 0.6666667 0.04166662 0.6666667 0.0625 0.6666667 0.0625 0.75 0.04166662 0.75 0.0625 0.75 0.0625 0.8333333 0.04166662 0.8333333 0.0625 0.8333333 0.0625 0.9166667 0.04166662 0.9166667 0.0625 0.9166667 0.0625 1 0.04166662 0 0.0625 0 0.0625 0.08333331 0.04166662 0.08333331 0.0625 0.08333331 0.0625 0.1666666 0.04166662 0.1666666 0.0625 0.1666666 0.0625 0.25 0.04166662 0.25 0.0625 0.25 0.0625 0.3333333 0.04166662 0.3333333 0.0625 0.3333333 0.0625 0.4166666 0.04166662 0.4166666 0.0625 0.4166666 0.0625 0.5 0.0625 0.5 0.08333331 0.5 0.08333331 0.5833333 0.0625 0.5833333 0.08333331 0.5833333 0.08333331 0.6666667 0.0625 0.6666667 0.08333331 0.6666667 0.08333331 0.75 0.0625 0.75 0.08333331 0.75 0.08333331 0.8333333 0.0625 0.8333333 0.08333331 0.8333333 0.08333331 0.9166667 0.0625 0.9166667 0.08333331 0.9166667 0.08333331 1 0.0625 0 0.08333331 0 0.08333331 0.08333331 0.0625 0.08333331 0.08333331 0.08333331 0.08333331 0.1666666 0.0625 0.1666666 0.08333331 0.1666666 0.08333331 0.25 0.0625 0.25 0.08333331 0.25 0.08333331 0.3333333 0.0625 0.3333333 0.08333331 0.3333333 0.08333331 0.4166666 0.0625 0.4166666 0.08333331 0.4166666 0.08333331 0.5 0.08333331 0.5 0.1041666 0.5 0.1041666 0.5833333 0.08333331 0.5833333 0.1041666 0.5833333 0.1041666 0.6666667 0.08333331 0.6666667 0.1041666 0.6666667 0.1041666 0.75 0.08333331 0.75 0.1041666 0.75 0.1041666 0.8333333 0.08333331 0.8333333 0.1041666 0.8333333 0.1041666 0.9166667 0.08333331 0.9166667 0.1041666 0.9166667 0.1041666 1 0.08333331 0 0.1041666 0 0.1041666 0.08333331 0.08333331 0.08333331 0.1041666 0.08333331 0.1041666 0.1666666 0.08333331 0.1666666 0.1041666 0.1666666 0.1041666 0.25 0.08333331 0.25 0.1041666 0.25 0.1041666 0.3333333 0.08333331 0.3333333 0.1041666 0.3333333 0.1041666 0.4166666 0.08333331 0.4166666 0.1041666 0.4166666 0.1041666 0.5 0.1041666 0.5 0.125 0.5 0.125 0.5833333 0.1041666 0.5833333 0.125 0.5833333 0.125 0.6666667 0.1041666 0.6666667 0.125 0.6666667 0.125 0.75 0.1041666 0.75 0.125 0.75 0.125 0.8333333 0.1041666 0.8333333 0.125 0.8333333 0.125 0.9166667 0.1041666 0.9166667 0.125 0.9166667 0.125 1 0.1041666 0 0.125 0 0.125 0.08333331 0.1041666 0.08333331 0.125 0.08333331 0.125 0.1666666 0.1041666 0.1666666 0.125 0.1666666 0.125 0.25 0.1041666 0.25 0.125 0.25 0.125 0.3333333 0.1041666 0.3333333 0.125 0.3333333 0.125 0.4166666 0.1041666 0.4166666 0.125 0.4166666 0.125 0.5 0.125 0.5 0.1458333 0.5 0.1458333 0.5833333 0.125 0.5833333 0.1458333 0.5833333 0.1458333 0.6666667 0.125 0.6666667 0.1458333 0.6666667 0.1458333 0.75 0.125 0.75 0.1458333 0.75 0.1458333 0.8333333 0.125 0.8333333 0.1458333 0.8333333 0.1458333 0.9166667 0.125 0.9166667 0.1458333 0.9166667 0.1458333 1 0.125 0 0.1458333 0 0.1458333 0.08333331 0.125 0.08333331 0.1458333 0.08333331 0.1458333 0.1666666 0.125 0.1666666 0.1458333 0.1666666 0.1458333 0.25 0.125 0.25 0.1458333 0.25 0.1458333 0.3333333 0.125 0.3333333 0.1458333 0.3333333 0.1458333 0.4166666 0.125 0.4166666 0.1458333 0.4166666 0.1458333 0.5 0.1458333 0.5 0.1666666 0.5 0.1666666 0.5833333 0.1458333 0.5833333 0.1666666 0.5833333 0.1666666 0.6666667 0.1458333 0.6666667 0.1666666 0.6666667 0.1666666 0.75 0.1458333 0.75 0.1666666 0.75 0.1666666 0.8333333 0.1458333 0.8333333 0.1666666 0.8333333 0.1666666 0.9166667 0.1458333 0.9166667 0.1666666 0.9166667 0.1666666 1 0.1458333 0 0.1666666 0 0.1666666 0.08333331 0.1458333 0.08333331 0.1666666 0.08333331 0.1666666 0.1666666 0.1458333 0.1666666 0.1666666 0.1666666 0.1666666 0.25 0.1458333 0.25 0.1666666 0.25 0.1666666 0.3333333 0.1458333 0.3333333 0.1666666 0.3333333 0.1666666 0.4166666 0.1458333 0.4166666 0.1666666 0.4166666 0.1666666 0.5 0.1666666 0.5 0.1875 0.5 0.1875 0.5833333 0.1666666 0.5833333 0.1875 0.5833333 0.1875 0.6666667 0.1666666 0.6666667 0.1875 0.6666667 0.1875 0.75 0.1666666 0.75 0.1875 0.75 0.1875 0.8333333 0.1666666 0.8333333 0.1875 0.8333333 0.1875 0.9166667 0.1666666 0.9166667 0.1875 0.9166667 0.1875 1 0.1666666 0 0.1875 0 0.1875 0.08333331 0.1666666 0.08333331 0.1875 0.08333331 0.1875 0.1666666 0.1666666 0.1666666 0.1875 0.1666666 0.1875 0.25 0.1666666 0.25 0.1875 0.25 0.1875 0.3333333 0.1666666 0.3333333 0.1875 0.3333333 0.1875 0.4166666 0.1666666 0.4166666 0.1875 0.4166666 0.1875 0.5 0.1875 0.5 0.2083333 0.5 0.2083333 0.5833333 0.1875 0.5833333 0.2083333 0.5833333 0.2083333 0.6666667 0.1875 0.6666667 0.2083333 0.6666667 0.2083333 0.75 0.1875 0.75 0.2083333 0.75 0.2083333 0.8333333 0.1875 0.8333333 0.2083333 0.8333333 0.2083333 0.9166667 0.1875 0.9166667 0.2083333 0.9166667 0.2083333 1 0.1875 0 0.2083333 0 0.2083333 0.08333331 0.1875 0.08333331 0.2083333 0.08333331 0.2083333 0.1666666 0.1875 0.1666666 0.2083333 0.1666666 0.2083333 0.25 0.1875 0.25 0.2083333 0.25 0.2083333 0.3333333 0.1875 0.3333333 0.2083333 0.3333333 0.2083333 0.4166666 0.1875 0.4166666 0.2083333 0.4166666 0.2083333 0.5 0.2083333 0.5 0.2291666 0.5 0.2291666 0.5833333 0.2083333 0.5833333 0.2291666 0.5833333 0.2291666 0.6666667 0.2083333 0.6666667 0.2291666 0.6666667 0.2291666 0.75 0.2083333 0.75 0.2291666 0.75 0.2291666 0.8333333 0.2083333 0.8333333 0.2291666 0.8333333 0.2291666 0.9166667 0.2083333 0.9166667 0.2291666 0.9166667 0.2291666 1 0.2083333 0 0.2291666 0 0.2291666 0.08333331 0.2083333 0.08333331 0.2291666 0.08333331 0.2291666 0.1666666 0.2083333 0.1666666 0.2291666 0.1666666 0.2291666 0.25 0.2083333 0.25 0.2291666 0.25 0.2291666 0.3333333 0.2083333 0.3333333 0.2291666 0.3333333 0.2291666 0.4166666 0.2083333 0.4166666 0.2291666 0.4166666 0.2291666 0.5 0.2291666 0.5 0.25 0.5 0.25 0.5833333 0.2291666 0.5833333 0.25 0.5833333 0.25 0.6666667 0.2291666 0.6666667 0.25 0.6666667 0.25 0.75 0.2291666 0.75 0.25 0.75 0.25 0.8333333 0.2291666 0.8333333 0.25 0.8333333 0.25 0.9166667 0.2291666 0.9166667 0.25 0.9166667 0.25 1 0.2291666 0 0.25 0 0.25 0.08333331 0.2291666 0.08333331 0.25 0.08333331 0.25 0.1666666 0.2291666 0.1666666 0.25 0.1666666 0.25 0.25 0.2291666 0.25 0.25 0.25 0.25 0.3333333 0.2291666 0.3333333 0.25 0.3333333 0.25 0.4166666 0.2291666 0.4166666 0.25 0.4166666 0.25 0.5 0.25 0.5 0.2708333 0.5 0.2708333 0.5833333 0.25 0.5833333 0.2708333 0.5833333 0.2708333 0.6666667 0.25 0.6666667 0.2708333 0.6666667 0.2708333 0.75 0.25 0.75 0.2708333 0.75 0.2708333 0.8333333 0.25 0.8333333 0.2708333 0.8333333 0.2708333 0.9166667 0.25 0.9166667 0.2708333 0.9166667 0.2708333 1 0.25 0 0.2708333 0 0.2708333 0.08333331 0.25 0.08333331 0.2708333 0.08333331 0.2708333 0.1666666 0.25 0.1666666 0.2708333 0.1666666 0.2708333 0.25 0.25 0.25 0.2708333 0.25 0.2708333 0.3333333 0.25 0.3333333 0.2708333 0.3333333 0.2708333 0.4166666 0.25 0.4166666 0.2708333 0.4166666 0.2708333 0.5 0.2708333 0.5 0.2916666 0.5 0.2916666 0.5833333 0.2708333 0.5833333 0.2916666 0.5833333 0.2916666 0.6666667 0.2708333 0.6666667 0.2916666 0.6666667 0.2916666 0.75 0.2708333 0.75 0.2916666 0.75 0.2916666 0.8333333 0.2708333 0.8333333 0.2916666 0.8333333 0.2916666 0.9166667 0.2708333 0.9166667 0.2916666 0.9166667 0.2916666 1 0.2708333 0 0.2916666 0 0.2916666 0.08333331 0.2708333 0.08333331 0.2916666 0.08333331 0.2916666 0.1666666 0.2708333 0.1666666 0.2916666 0.1666666 0.2916666 0.25 0.2708333 0.25 0.2916666 0.25 0.2916666 0.3333333 0.2708333 0.3333333 0.2916666 0.3333333 0.2916666 0.4166666 0.2708333 0.4166666 0.2916666 0.4166666 0.2916666 0.5 0.2916666 0.5 0.3125 0.5 0.3125 0.5833333 0.2916666 0.5833333 0.3125 0.5833333 0.3125 0.6666667 0.2916666 0.6666667 0.3125 0.6666667 0.3125 0.75 0.2916666 0.75 0.3125 0.75 0.3125 0.8333333 0.2916666 0.8333333 0.3125 0.8333333 0.3125 0.9166667 0.2916666 0.9166667 0.3125 0.9166667 0.3125 1 0.2916666 0 0.3125 0 0.3125 0.08333331 0.2916666 0.08333331 0.3125 0.08333331 0.3125 0.1666666 0.2916666 0.1666666 0.3125 0.1666666 0.3125 0.25 0.2916666 0.25 0.3125 0.25 0.3125 0.3333333 0.2916666 0.3333333 0.3125 0.3333333 0.3125 0.4166666 0.2916666 0.4166666 0.3125 0.4166666 0.3125 0.5 0.3125 0.5 0.3333333 0.5 0.3333333 0.5833333 0.3125 0.5833333 0.3333333 0.5833333 0.3333333 0.6666667 0.3125 0.6666667 0.3333333 0.6666667 0.3333333 0.75 0.3125 0.75 0.3333333 0.75 0.3333333 0.8333333 0.3125 0.8333333 0.3333333 0.8333333 0.3333333 0.9166667 0.3125 0.9166667 0.3333333 0.9166667 0.3333333 1 0.3125 0 0.3333333 0 0.3333333 0.08333331 0.3125 0.08333331 0.3333333 0.08333331 0.3333333 0.1666666 0.3125 0.1666666 0.3333333 0.1666666 0.3333333 0.25 0.3125 0.25 0.3333333 0.25 0.3333333 0.3333333 0.3125 0.3333333 0.3333333 0.3333333 0.3333333 0.4166666 0.3125 0.4166666 0.3333333 0.4166666 0.3333333 0.5 0.3333333 0.5 0.3541666 0.5 0.3541666 0.5833333 0.3333333 0.5833333 0.3541666 0.5833333 0.3541666 0.6666667 0.3333333 0.6666667 0.3541666 0.6666667 0.3541666 0.75 0.3333333 0.75 0.3541666 0.75 0.3541666 0.8333333 0.3333333 0.8333333 0.3541666 0.8333333 0.3541666 0.9166667 0.3333333 0.9166667 0.3541666 0.9166667 0.3541666 1 0.3333333 0 0.3541666 0 0.3541666 0.08333331 0.3333333 0.08333331 0.3541666 0.08333331 0.3541666 0.1666666 0.3333333 0.1666666 0.3541666 0.1666666 0.3541666 0.25 0.3333333 0.25 0.3541666 0.25 0.3541666 0.3333333 0.3333333 0.3333333 0.3541666 0.3333333 0.3541666 0.4166666 0.3333333 0.4166666 0.3541666 0.4166666 0.3541666 0.5 0.3541666 0.5 0.375 0.5 0.375 0.5833333 0.3541666 0.5833333 0.375 0.5833333 0.375 0.6666667 0.3541666 0.6666667 0.375 0.6666667 0.375 0.75 0.3541666 0.75 0.375 0.75 0.375 0.8333333 0.3541666 0.8333333 0.375 0.8333333 0.375 0.9166667 0.3541666 0.9166667 0.375 0.9166667 0.375 1 0.3541666 0 0.375 0 0.375 0.08333331 0.3541666 0.08333331 0.375 0.08333331 0.375 0.1666666 0.3541666 0.1666666 0.375 0.1666666 0.375 0.25 0.3541666 0.25 0.375 0.25 0.375 0.3333333 0.3541666 0.3333333 0.375 0.3333333 0.375 0.4166666 0.3541666 0.4166666 0.375 0.4166666 0.375 0.5 0.375 0.5 0.3958333 0.5 0.3958333 0.5833333 0.375 0.5833333 0.3958333 0.5833333 0.3958333 0.6666667 0.375 0.6666667 0.3958333 0.6666667 0.3958333 0.75 0.375 0.75 0.3958333 0.75 0.3958333 0.8333333 0.375 0.8333333 0.3958333 0.8333333 0.3958333 0.9166667 0.375 0.9166667 0.3958333 0.9166667 0.3958333 1 0.375 0 0.3958333 0 0.3958333 0.08333331 0.375 0.08333331 0.3958333 0.08333331 0.3958333 0.1666666 0.375 0.1666666 0.3958333 0.1666666 0.3958333 0.25 0.375 0.25 0.3958333 0.25 0.3958333 0.3333333 0.375 0.3333333 0.3958333 0.3333333 0.3958333 0.4166666 0.375 0.4166666 0.3958333 0.4166666 0.3958333 0.5 0.3958333 0.5 0.4166666 0.5 0.4166666 0.5833333 0.3958333 0.5833333 0.4166666 0.5833333 0.4166666 0.6666667 0.3958333 0.6666667 0.4166666 0.6666667 0.4166666 0.75 0.3958333 0.75 0.4166666 0.75 0.4166666 0.8333333 0.3958333 0.8333333 0.4166666 0.8333333 0.4166666 0.9166667 0.3958333 0.9166667 0.4166666 0.9166667 0.4166666 1 0.3958333 0 0.4166666 0 0.4166666 0.08333331 0.3958333 0.08333331 0.4166666 0.08333331 0.4166666 0.1666666 0.3958333 0.1666666 0.4166666 0.1666666 0.4166666 0.25 0.3958333 0.25 0.4166666 0.25 0.4166666 0.3333333 0.3958333 0.3333333 0.4166666 0.3333333 0.4166666 0.4166666 0.3958333 0.4166666 0.4166666 0.4166666 0.4166666 0.5 0.4166666 0.5 0.4375 0.5 0.4375 0.5833333 0.4166666 0.5833333 0.4375 0.5833333 0.4375 0.6666667 0.4166666 0.6666667 0.4375 0.6666667 0.4375 0.75 0.4166666 0.75 0.4375 0.75 0.4375 0.8333333 0.4166666 0.8333333 0.4375 0.8333333 0.4375 0.9166667 0.4166666 0.9166667 0.4375 0.9166667 0.4375 1 0.4166666 0 0.4375 0 0.4375 0.08333331 0.4166666 0.08333331 0.4375 0.08333331 0.4375 0.1666666 0.4166666 0.1666666 0.4375 0.1666666 0.4375 0.25 0.4166666 0.25 0.4375 0.25 0.4375 0.3333333 0.4166666 0.3333333 0.4375 0.3333333 0.4375 0.4166666 0.4166666 0.4166666 0.4375 0.4166666 0.4375 0.5 0.4375 0.5 0.4583333 0.5 0.4583333 0.5833333 0.4375 0.5833333 0.4583333 0.5833333 0.4583333 0.6666667 0.4375 0.6666667 0.4583333 0.6666667 0.4583333 0.75 0.4375 0.75 0.4583333 0.75 0.4583333 0.8333333 0.4375 0.8333333 0.4583333 0.8333333 0.4583333 0.9166667 0.4375 0.9166667 0.4583333 0.9166667 0.4583333 1 0.4375 0 0.4583333 0 0.4583333 0.08333331 0.4375 0.08333331 0.4583333 0.08333331 0.4583333 0.1666666 0.4375 0.1666666 0.4583333 0.1666666 0.4583333 0.25 0.4375 0.25 0.4583333 0.25 0.4583333 0.3333333 0.4375 0.3333333 0.4583333 0.3333333 0.4583333 0.4166666 0.4375 0.4166666 0.4583333 0.4166666 0.4583333 0.5 0.4583333 0.5 0.4791666 0.5 0.4791666 0.5833333 0.4583333 0.5833333 0.4791666 0.5833333 0.4791666 0.6666667 0.4583333 0.6666667 0.4791666 0.6666667 0.4791666 0.75 0.4583333 0.75 0.4791666 0.75 0.4791666 0.8333333 0.4583333 0.8333333 0.4791666 0.8333333 0.4791666 0.9166667 0.4583333 0.9166667 0.4791666 0.9166667 0.4791666 1 0.4583333 0 0.4791666 0 0.4791666 0.08333331 0.4583333 0.08333331 0.4791666 0.08333331 0.4791666 0.1666666 0.4583333 0.1666666 0.4791666 0.1666666 0.4791666 0.25 0.4583333 0.25 0.4791666 0.25 0.4791666 0.3333333 0.4583333 0.3333333 0.4791666 0.3333333 0.4791666 0.4166666 0.4583333 0.4166666 0.4791666 0.4166666 0.4791666 0.5 0.4791666 0.5 0.5 0.5 0.5 0.5833333 0.4791666 0.5833333 0.5 0.5833333 0.5 0.6666667 0.4791666 0.6666667 0.5 0.6666667 0.5 0.75 0.4791666 0.75 0.5 0.75 0.5 0.8333333 0.4791666 0.8333333 0.5 0.8333333 0.5 0.9166667 0.4791666 0.9166667 0.5 0.9166667 0.5 1 0.4791666 0 0.5 0 0.5 0.08333331 0.4791666 0.08333331 0.5 0.08333331 0.5 0.1666666 0.4791666 0.1666666 0.5 0.1666666 0.5 0.25 0.4791666 0.25 0.5 0.25 0.5 0.3333333 0.4791666 0.3333333 0.5 0.3333333 0.5 0.4166666 0.4791666 0.4166666 0.5 0.4166666 0.5 0.5 0.375 0 0.625 0 0.625 0.25 0.375 0.25 0.625 0.25 0.625 0.5 0.375 0.5 0.625 0.5 0.625 0.75 0.375 0.75 0.625 0.75 0.625 1 0.125 0.5 0.375 0.5 0.375 0.75 0.625 0.5 0.875 0.5 0.875 0.75 1 0.5 1 1 0.96875 1 0.96875 0.5 0.96875 1 0.9375 1 0.9375 0.5 0.9375 1 0.90625 1 0.90625 0.5 0.90625 1 0.875 1 0.875 0.5 0.875 1 0.84375 1 0.84375 0.5 0.84375 1 0.8125 1 0.8125 0.5 0.8125 1 0.78125 1 0.78125 0.5 0.78125 1 0.75 1 0.75 0.5 0.75 1 0.71875 1 0.71875 0.5 0.71875 1 0.6875 1 0.6875 0.5 0.6875 1 0.65625 1 0.65625 0.5 0.65625 1 0.625 1 0.625 0.5 0.625 1 0.59375 1 0.59375 0.5 0.59375 1 0.5625 1 0.5625 0.5 0.5625 1 0.53125 1 0.53125 0.5 0.53125 1 0.5 1 0.5 0.5 0.5 1 0.46875 1 0.46875 0.5 0.46875 1 0.4375 1 0.4375 0.5 0.4375 1 0.40625 1 0.40625 0.5 0.40625 1 0.375 1 0.375 0.5 0.375 1 0.34375 1 0.34375 0.5 0.34375 1 0.3125 1 0.3125 0.5 0.3125 1 0.28125 1 0.28125 0.5 0.28125 1 0.25 1 0.25 0.5 0.25 1 0.21875 1 0.21875 0.5 0.21875 1 0.1875 1 0.1875 0.5 0.1875 1 0.15625 1 0.15625 0.5 0.15625 1 0.125 1 0.125 0.5 0.125 1 0.09375 1 0.09375 0.5 0.09375 1 0.0625 1 0.341844 0.4717311 0.2968217 0.4853885 0.2031783 0.4853885 0.2968217 0.4853885 0.25 0.49 0.2031783 0.4853885 0.2031783 0.4853885 0.1581559 0.4717311 0.341844 0.4717311 0.1581559 0.4717311 0.1166631 0.4495527 0.341844 0.4717311 0.1166631 0.4495527 0.08029437 0.4197056 0.3833369 0.4495527 0.341844 0.4717311 0.1166631 0.4495527 0.3833369 0.4495527 0.08029437 0.4197056 0.05044728 0.3833369 0.4197056 0.4197056 0.05044728 0.3833369 0.02826887 0.341844 0.4495527 0.3833369 0.4197056 0.4197056 0.05044728 0.3833369 0.4495527 0.3833369 0.02826887 0.341844 0.01461154 0.2968217 0.4853885 0.2968217 0.01461154 0.2968217 0.00999999 0.25 0.49 0.25 0.00999999 0.25 0.01461154 0.2031783 0.4853885 0.2031783 0.01461154 0.2031783 0.02826887 0.1581559 0.4717311 0.1581559 0.02826887 0.1581559 0.05044728 0.1166631 0.4717311 0.1581559 0.05044728 0.1166631 0.08029437 0.08029437 0.4495527 0.1166631 0.4717311 0.1581559 0.05044728 0.1166631 0.4495527 0.1166631 0.08029437 0.08029437 0.1166631 0.05044728 0.4197056 0.08029437 0.1166631 0.05044728 0.1581559 0.02826887 0.3833369 0.05044728 0.4197056 0.08029437 0.1166631 0.05044728 0.3833369 0.05044728 0.1581559 0.02826887 0.2031783 0.01461154 0.2968217 0.01461154 0.2031783 0.01461154 0.25 0.00999999 0.2968217 0.01461154 0.2968217 0.01461154 0.341844 0.02826887 0.1581559 0.02826887 0.341844 0.02826887 0.3833369 0.05044728 0.1581559 0.02826887 0.4197056 0.08029437 0.4495527 0.1166631 0.08029437 0.08029437 0.4717311 0.1581559 0.4853885 0.2031783 0.01461154 0.2031783 0.4853885 0.2031783 0.49 0.25 0.00999999 0.25 0.49 0.25 0.4853885 0.2968217 0.01461154 0.2968217 0.4853885 0.2968217 0.4717311 0.341844 0.02826887 0.341844 0.4717311 0.341844 0.4495527 0.3833369 0.02826887 0.341844 0.0625 0.5 0.0625 1 0.03125 1 0.03125 0.5 0.03125 1 0 1 0.7031784 0.4853885 0.75 0.49 0.7968217 0.4853885 0.7968217 0.4853885 0.841844 0.4717311 0.7031784 0.4853885 0.841844 0.4717311 0.8833369 0.4495527 0.658156 0.4717311 0.7031784 0.4853885 0.841844 0.4717311 0.658156 0.4717311 0.8833369 0.4495527 0.9197056 0.4197056 0.5802944 0.4197056 0.9197056 0.4197056 0.9495527 0.3833369 0.5504473 0.3833369 0.9495527 0.3833369 0.9717311 0.341844 0.5504473 0.3833369 0.9717311 0.341844 0.9853885 0.2968217 0.5282689 0.341844 0.5504473 0.3833369 0.9717311 0.341844 0.5282689 0.341844 0.9853885 0.2968217 0.99 0.25 0.51 0.25 0.99 0.25 0.9853885 0.2031783 0.5146116 0.2031783 0.9853885 0.2031783 0.9717311 0.1581559 0.5146116 0.2031783 0.9717311 0.1581559 0.9495527 0.1166631 0.5282689 0.1581559 0.5146116 0.2031783 0.9717311 0.1581559 0.5282689 0.1581559 0.9495527 0.1166631 0.9197056 0.08029437 0.5802944 0.08029437 0.9197056 0.08029437 0.8833369 0.05044728 0.6166632 0.05044728 0.8833369 0.05044728 0.841844 0.02826887 0.6166632 0.05044728 0.841844 0.02826887 0.7968217 0.01461154 0.658156 0.02826887 0.6166632 0.05044728 0.841844 0.02826887 0.658156 0.02826887 0.7968217 0.01461154 0.75 0.00999999 0.7031784 0.01461154 0.7031784 0.01461154 0.658156 0.02826887 0.7968217 0.01461154 0.6166632 0.05044728 0.5802944 0.08029437 0.9197056 0.08029437 0.5802944 0.08029437 0.5504473 0.1166631 0.9495527 0.1166631 0.5504473 0.1166631 0.5282689 0.1581559 0.9495527 0.1166631 0.5146116 0.2031783 0.51 0.25 0.99 0.25 0.51 0.25 0.5146116 0.2968217 0.9853885 0.2968217 0.5146116 0.2968217 0.5282689 0.341844 0.9853885 0.2968217 0.5504473 0.3833369 0.5802944 0.4197056 0.9197056 0.4197056 0.5802944 0.4197056 0.6166632 0.4495527 0.8833369 0.4495527</float_array>
          <technique_common>
            <accessor source="#Torus-mesh-map-0-array" count="3864" stride="2">
              <param name="S" type="float"/>
              <param name="T" type="float"/>
            </accessor>
          </technique_common>
        </source>
        <vertices id="Torus-mesh-vertices">
          <input semantic="POSITION" source="#Torus-mesh-positions"/>
        </vertices>
        <triangles count="1288">
          <input semantic="VERTEX" source="#Torus-mesh-vertices" offset="0"/>
          <input semantic="NORMAL" source="#Torus-mesh-normals" offset="1"/>
          <input semantic="TEXCOORD" source="#Torus-mesh-map-0" offset="2" set="0"/>
          <p>0 0 0 13 1 1 1 2 2 1 2 3 14 3 4 2 4 5 2 4 6 15 5 7 3 6 8 3 6 9 16 7 10 4 8 11 4 8 12 17 9 13 5 10 14 5 10 15 18 11 16 6 12 17 6 12 18 19 13 19 7 14 20 7 14 21 20 15 22 8 16 23 8 16 24 21 17 25 9 18 26 9 18 27 22 19 28 10 20 29 10 20 30 23 21 31 11 22 32 11 22 33 12 23 34 0 0 35 12 23 36 25 24 37 13 1 38 13 1 39 26 25 40 14 3 41 14 3 42 27 26 43 15 5 44 15 5 45 28 27 46 16 7 47 16 7 48 29 28 49 17 9 50 17 9 51 30 29 52 18 11 53 18 11 54 31 30 55 19 13 56 19 13 57 32 31 58 20 15 59 20 15 60 33 32 61 21 17 62 21 17 63 34 33 64 22 19 65 22 19 66 35 34 67 23 21 68 23 21 69 24 35 70 12 23 71 24 35 72 37 36 73 25 24 74 25 24 75 38 37 76 26 25 77 26 25 78 39 38 79 27 26 80 27 26 81 40 39 82 28 27 83 28 27 84 41 40 85 29 28 86 29 28 87 42 41 88 30 29 89 30 29 90 43 42 91 31 30 92 31 30 93 44 43 94 32 31 95 32 31 96 45 44 97 33 32 98 33 32 99 46 45 100 34 33 101 34 33 102 47 46 103 35 34 104 35 34 105 36 47 106 24 35 107 36 47 108 49 48 109 37 36 110 37 36 111 50 49 112 38 37 113 38 37 114 51 50 115 39 38 116 39 38 117 52 51 118 40 39 119 40 39 120 53 52 121 41 40 122 41 40 123 54 53 124 42 41 125 42 41 126 55 54 127 43 42 128 43 42 129 56 55 130 44 43 131 44 43 132 57 56 133 45 44 134 45 44 135 58 57 136 46 45 137 46 45 138 59 58 139 47 46 140 47 46 141 48 59 142 36 47 143 48 59 144 61 60 145 49 48 146 49 48 147 62 61 148 50 49 149 50 49 150 63 62 151 51 50 152 51 50 153 64 63 154 52 51 155 52 51 156 65 64 157 53 52 158 53 52 159 66 65 160 54 53 161 54 53 162 67 66 163 55 54 164 55 54 165 68 67 166 56 55 167 56 55 168 69 68 169 57 56 170 57 56 171 70 69 172 58 57 173 58 57 174 71 70 175 59 58 176 59 58 177 60 71 178 48 59 179 60 71 180 73 72 181 61 60 182 61 60 183 74 73 184 62 61 185 62 61 186 75 74 187 63 62 188 63 62 189 76 75 190 64 63 191 64 63 192 77 76 193 65 64 194 65 64 195 78 77 196 66 65 197 66 65 198 79 78 199 67 66 200 67 66 201 80 79 202 68 67 203 68 67 204 81 80 205 69 68 206 69 68 207 82 81 208 70 69 209 70 69 210 83 82 211 71 70 212 71 70 213 72 83 214 60 71 215 72 83 216 85 84 217 73 72 218 73 72 219 86 85 220 74 73 221 74 73 222 87 86 223 75 74 224 75 74 225 88 87 226 76 75 227 76 75 228 89 88 229 77 76 230 77 76 231 90 89 232 78 77 233 78 77 234 91 90 235 79 78 236 79 78 237 92 91 238 80 79 239 80 79 240 93 92 241 81 80 242 81 80 243 94 93 244 82 81 245 82 81 246 95 94 247 83 82 248 83 82 249 84 95 250 72 83 251 84 95 252 97 96 253 85 84 254 85 84 255 98 97 256 86 85 257 86 85 258 99 98 259 87 86 260 87 86 261 100 99 262 88 87 263 88 87 264 101 100 265 89 88 266 89 88 267 102 101 268 90 89 269 90 89 270 103 102 271 91 90 272 91 90 273 104 103 274 92 91 275 92 91 276 105 104 277 93 92 278 93 92 279 106 105 280 94 93 281 94 93 282 107 106 283 95 94 284 95 94 285 96 107 286 84 95 287 96 107 288 109 108 289 97 96 290 97 96 291 110 109 292 98 97 293 98 97 294 111 110 295 99 98 296 99 98 297 112 111 298 100 99 299 100 99 300 113 112 301 101 100 302 101 100 303 114 113 304 102 101 305 102 101 306 115 114 307 103 102 308 103 102 309 116 115 310 104 103 311 104 103 312 117 116 313 105 104 314 105 104 315 118 117 316 106 105 317 106 105 318 119 118 319 107 106 320 107 106 321 108 119 322 96 107 323 108 119 324 121 120 325 109 108 326 109 108 327 122 121 328 110 109 329 110 109 330 123 122 331 111 110 332 111 110 333 124 123 334 112 111 335 112 111 336 125 124 337 113 112 338 113 112 339 126 125 340 114 113 341 114 113 342 127 126 343 115 114 344 115 114 345 128 127 346 116 115 347 116 115 348 129 128 349 117 116 350 117 116 351 130 129 352 118 117 353 118 117 354 131 130 355 119 118 356 119 118 357 120 131 358 108 119 359 120 131 360 133 132 361 121 120 362 121 120 363 134 133 364 122 121 365 122 121 366 135 134 367 123 122 368 123 122 369 136 135 370 124 123 371 124 123 372 137 136 373 125 124 374 125 124 375 138 137 376 126 125 377 126 125 378 139 138 379 127 126 380 127 126 381 140 139 382 128 127 383 128 127 384 141 140 385 129 128 386 129 128 387 142 141 388 130 129 389 130 129 390 143 142 391 131 130 392 131 130 393 132 143 394 120 131 395 132 143 396 145 144 397 133 132 398 133 132 399 146 145 400 134 133 401 134 133 402 147 146 403 135 134 404 135 134 405 148 147 406 136 135 407 136 135 408 149 148 409 137 136 410 137 136 411 150 149 412 138 137 413 138 137 414 151 150 415 139 138 416 139 138 417 152 151 418 140 139 419 140 139 420 153 152 421 141 140 422 141 140 423 154 153 424 142 141 425 142 141 426 155 154 427 143 142 428 143 142 429 144 155 430 132 143 431 144 155 432 157 156 433 145 144 434 145 144 435 158 157 436 146 145 437 146 145 438 159 158 439 147 146 440 147 146 441 160 159 442 148 147 443 148 147 444 161 160 445 149 148 446 149 148 447 162 161 448 150 149 449 150 149 450 163 162 451 151 150 452 151 150 453 164 163 454 152 151 455 152 151 456 165 164 457 153 152 458 153 152 459 166 165 460 154 153 461 154 153 462 167 166 463 155 154 464 155 154 465 156 167 466 144 155 467 156 167 468 169 168 469 157 156 470 157 156 471 170 169 472 158 157 473 158 157 474 171 170 475 159 158 476 159 158 477 172 171 478 160 159 479 160 159 480 173 172 481 161 160 482 161 160 483 174 173 484 162 161 485 162 161 486 175 174 487 163 162 488 163 162 489 176 175 490 164 163 491 164 163 492 177 176 493 165 164 494 165 164 495 178 177 496 166 165 497 166 165 498 179 178 499 167 166 500 167 166 501 168 179 502 156 167 503 168 179 504 181 180 505 169 168 506 169 168 507 182 181 508 170 169 509 170 169 510 183 182 511 171 170 512 171 170 513 184 183 514 172 171 515 172 171 516 185 184 517 173 172 518 173 172 519 186 185 520 174 173 521 174 173 522 187 186 523 175 174 524 175 174 525 188 187 526 176 175 527 176 175 528 189 188 529 177 176 530 177 176 531 190 189 532 178 177 533 178 177 534 191 190 535 179 178 536 179 178 537 180 191 538 168 179 539 180 191 540 193 192 541 181 180 542 181 180 543 194 193 544 182 181 545 182 181 546 195 194 547 183 182 548 183 182 549 196 195 550 184 183 551 184 183 552 197 196 553 185 184 554 185 184 555 198 197 556 186 185 557 186 185 558 199 198 559 187 186 560 187 186 561 200 199 562 188 187 563 188 187 564 201 200 565 189 188 566 189 188 567 202 201 568 190 189 569 190 189 570 203 202 571 191 190 572 191 190 573 192 203 574 180 191 575 192 203 576 205 204 577 193 192 578 193 192 579 206 205 580 194 193 581 194 193 582 207 206 583 195 194 584 195 194 585 208 207 586 196 195 587 196 195 588 209 208 589 197 196 590 197 196 591 210 209 592 198 197 593 198 197 594 211 210 595 199 198 596 199 198 597 212 211 598 200 199 599 200 199 600 213 212 601 201 200 602 201 200 603 214 213 604 202 201 605 202 201 606 215 214 607 203 202 608 203 202 609 204 215 610 192 203 611 204 215 612 217 216 613 205 204 614 205 204 615 218 217 616 206 205 617 206 205 618 219 218 619 207 206 620 207 206 621 220 219 622 208 207 623 208 207 624 221 220 625 209 208 626 209 208 627 222 221 628 210 209 629 210 209 630 223 222 631 211 210 632 211 210 633 224 223 634 212 211 635 212 211 636 225 224 637 213 212 638 213 212 639 226 225 640 214 213 641 214 213 642 227 226 643 215 214 644 215 214 645 216 227 646 204 215 647 216 227 648 229 228 649 217 216 650 217 216 651 230 229 652 218 217 653 218 217 654 231 230 655 219 218 656 219 218 657 232 231 658 220 219 659 220 219 660 233 232 661 221 220 662 221 220 663 234 233 664 222 221 665 222 221 666 235 234 667 223 222 668 223 222 669 236 235 670 224 223 671 224 223 672 237 236 673 225 224 674 225 224 675 238 237 676 226 225 677 226 225 678 239 238 679 227 226 680 227 226 681 228 239 682 216 227 683 228 239 684 241 240 685 229 228 686 229 228 687 242 241 688 230 229 689 230 229 690 243 242 691 231 230 692 231 230 693 244 243 694 232 231 695 232 231 696 245 244 697 233 232 698 233 232 699 246 245 700 234 233 701 234 233 702 247 246 703 235 234 704 235 234 705 248 247 706 236 235 707 236 235 708 249 248 709 237 236 710 237 236 711 250 249 712 238 237 713 238 237 714 251 250 715 239 238 716 239 238 717 240 251 718 228 239 719 240 251 720 253 252 721 241 240 722 241 240 723 254 253 724 242 241 725 242 241 726 255 254 727 243 242 728 243 242 729 256 255 730 244 243 731 244 243 732 257 256 733 245 244 734 245 244 735 258 257 736 246 245 737 246 245 738 259 258 739 247 246 740 247 246 741 260 259 742 248 247 743 248 247 744 261 260 745 249 248 746 249 248 747 262 261 748 250 249 749 250 249 750 263 262 751 251 250 752 251 250 753 252 263 754 240 251 755 252 263 756 265 264 757 253 252 758 253 252 759 266 265 760 254 253 761 254 253 762 267 266 763 255 254 764 255 254 765 268 267 766 256 255 767 256 255 768 269 268 769 257 256 770 257 256 771 270 269 772 258 257 773 258 257 774 271 270 775 259 258 776 259 258 777 272 271 778 260 259 779 260 259 780 273 272 781 261 260 782 261 260 783 274 273 784 262 261 785 262 261 786 275 274 787 263 262 788 263 262 789 264 275 790 252 263 791 264 275 792 277 276 793 265 264 794 265 264 795 278 277 796 266 265 797 266 265 798 279 278 799 267 266 800 267 266 801 280 279 802 268 267 803 268 267 804 281 280 805 269 268 806 269 268 807 282 281 808 270 269 809 270 269 810 283 282 811 271 270 812 271 270 813 284 283 814 272 271 815 272 271 816 285 284 817 273 272 818 273 272 819 286 285 820 274 273 821 274 273 822 287 286 823 275 274 824 275 274 825 276 287 826 264 275 827 276 287 828 289 288 829 277 276 830 277 276 831 290 289 832 278 277 833 278 277 834 291 290 835 279 278 836 279 278 837 292 291 838 280 279 839 280 279 840 293 292 841 281 280 842 281 280 843 294 293 844 282 281 845 282 281 846 295 294 847 283 282 848 283 282 849 296 295 850 284 283 851 284 283 852 297 296 853 285 284 854 285 284 855 298 297 856 286 285 857 286 285 858 299 298 859 287 286 860 287 286 861 288 299 862 276 287 863 288 299 864 301 300 865 289 288 866 289 288 867 302 301 868 290 289 869 290 289 870 303 302 871 291 290 872 291 290 873 304 303 874 292 291 875 292 291 876 305 304 877 293 292 878 293 292 879 306 305 880 294 293 881 294 293 882 307 306 883 295 294 884 295 294 885 308 307 886 296 295 887 296 295 888 309 308 889 297 296 890 297 296 891 310 309 892 298 297 893 298 297 894 311 310 895 299 298 896 299 298 897 300 311 898 288 299 899 300 311 900 313 312 901 301 300 902 301 300 903 314 313 904 302 301 905 302 301 906 315 314 907 303 302 908 303 302 909 316 315 910 304 303 911 304 303 912 317 316 913 305 304 914 305 304 915 318 317 916 306 305 917 306 305 918 319 318 919 307 306 920 307 306 921 320 319 922 308 307 923 308 307 924 321 320 925 309 308 926 309 308 927 322 321 928 310 309 929 310 309 930 323 322 931 311 310 932 311 310 933 312 323 934 300 311 935 312 323 936 325 324 937 313 312 938 313 312 939 326 325 940 314 313 941 314 313 942 327 326 943 315 314 944 315 314 945 328 327 946 316 315 947 316 315 948 329 328 949 317 316 950 317 316 951 330 329 952 318 317 953 318 317 954 331 330 955 319 318 956 319 318 957 332 331 958 320 319 959 320 319 960 333 332 961 321 320 962 321 320 963 334 333 964 322 321 965 322 321 966 335 334 967 323 322 968 323 322 969 324 335 970 312 323 971 324 335 972 337 336 973 325 324 974 325 324 975 338 337 976 326 325 977 326 325 978 339 338 979 327 326 980 327 326 981 340 339 982 328 327 983 328 327 984 341 340 985 329 328 986 329 328 987 342 341 988 330 329 989 330 329 990 343 342 991 331 330 992 331 330 993 344 343 994 332 331 995 332 331 996 345 344 997 333 332 998 333 332 999 346 345 1000 334 333 1001 334 333 1002 347 346 1003 335 334 1004 335 334 1005 336 347 1006 324 335 1007 336 347 1008 349 348 1009 337 336 1010 337 336 1011 350 349 1012 338 337 1013 338 337 1014 351 350 1015 339 338 1016 339 338 1017 352 351 1018 340 339 1019 340 339 1020 353 352 1021 341 340 1022 341 340 1023 354 353 1024 342 341 1025 342 341 1026 355 354 1027 343 342 1028 343 342 1029 356 355 1030 344 343 1031 344 343 1032 357 356 1033 345 344 1034 345 344 1035 358 357 1036 346 345 1037 346 345 1038 359 358 1039 347 346 1040 347 346 1041 348 359 1042 336 347 1043 348 359 1044 361 360 1045 349 348 1046 349 348 1047 362 361 1048 350 349 1049 350 349 1050 363 362 1051 351 350 1052 351 350 1053 364 363 1054 352 351 1055 352 351 1056 365 364 1057 353 352 1058 353 352 1059 366 365 1060 354 353 1061 354 353 1062 367 366 1063 355 354 1064 355 354 1065 368 367 1066 356 355 1067 356 355 1068 369 368 1069 357 356 1070 357 356 1071 370 369 1072 358 357 1073 358 357 1074 371 370 1075 359 358 1076 359 358 1077 360 371 1078 348 359 1079 360 371 1080 373 372 1081 361 360 1082 361 360 1083 374 373 1084 362 361 1085 362 361 1086 375 374 1087 363 362 1088 363 362 1089 376 375 1090 364 363 1091 364 363 1092 377 376 1093 365 364 1094 365 364 1095 378 377 1096 366 365 1097 366 365 1098 379 378 1099 367 366 1100 367 366 1101 380 379 1102 368 367 1103 368 367 1104 381 380 1105 369 368 1106 369 368 1107 382 381 1108 370 369 1109 370 369 1110 383 382 1111 371 370 1112 371 370 1113 372 383 1114 360 371 1115 372 383 1116 385 384 1117 373 372 1118 373 372 1119 386 385 1120 374 373 1121 374 373 1122 387 386 1123 375 374 1124 375 374 1125 388 387 1126 376 375 1127 376 375 1128 389 388 1129 377 376 1130 377 376 1131 390 389 1132 378 377 1133 378 377 1134 391 390 1135 379 378 1136 379 378 1137 392 391 1138 380 379 1139 380 379 1140 393 392 1141 381 380 1142 381 380 1143 394 393 1144 382 381 1145 382 381 1146 395 394 1147 383 382 1148 383 382 1149 384 395 1150 372 383 1151 384 395 1152 397 396 1153 385 384 1154 385 384 1155 398 397 1156 386 385 1157 386 385 1158 399 398 1159 387 386 1160 387 386 1161 400 399 1162 388 387 1163 388 387 1164 401 400 1165 389 388 1166 389 388 1167 402 401 1168 390 389 1169 390 389 1170 403 402 1171 391 390 1172 391 390 1173 404 403 1174 392 391 1175 392 391 1176 405 404 1177 393 392 1178 393 392 1179 406 405 1180 394 393 1181 394 393 1182 407 406 1183 395 394 1184 395 394 1185 396 407 1186 384 395 1187 396 407 1188 409 408 1189 397 396 1190 397 396 1191 410 409 1192 398 397 1193 398 397 1194 411 410 1195 399 398 1196 399 398 1197 412 411 1198 400 399 1199 400 399 1200 413 412 1201 401 400 1202 401 400 1203 414 413 1204 402 401 1205 402 401 1206 415 414 1207 403 402 1208 403 402 1209 416 415 1210 404 403 1211 404 403 1212 417 416 1213 405 404 1214 405 404 1215 418 417 1216 406 405 1217 406 405 1218 419 418 1219 407 406 1220 407 406 1221 408 419 1222 396 407 1223 408 419 1224 421 420 1225 409 408 1226 409 408 1227 422 421 1228 410 409 1229 410 409 1230 423 422 1231 411 410 1232 411 410 1233 424 423 1234 412 411 1235 412 411 1236 425 424 1237 413 412 1238 413 412 1239 426 425 1240 414 413 1241 414 413 1242 427 426 1243 415 414 1244 415 414 1245 428 427 1246 416 415 1247 416 415 1248 429 428 1249 417 416 1250 417 416 1251 430 429 1252 418 417 1253 418 417 1254 431 430 1255 419 418 1256 419 418 1257 420 431 1258 408 419 1259 420 431 1260 433 432 1261 421 420 1262 421 420 1263 434 433 1264 422 421 1265 422 421 1266 435 434 1267 423 422 1268 423 422 1269 436 435 1270 424 423 1271 424 423 1272 437 436 1273 425 424 1274 425 424 1275 438 437 1276 426 425 1277 426 425 1278 439 438 1279 427 426 1280 427 426 1281 440 439 1282 428 427 1283 428 427 1284 441 440 1285 429 428 1286 429 428 1287 442 441 1288 430 429 1289 430 429 1290 443 442 1291 431 430 1292 431 430 1293 432 443 1294 420 431 1295 432 443 1296 445 444 1297 433 432 1298 433 432 1299 446 445 1300 434 433 1301 434 433 1302 447 446 1303 435 434 1304 435 434 1305 448 447 1306 436 435 1307 436 435 1308 449 448 1309 437 436 1310 437 436 1311 450 449 1312 438 437 1313 438 437 1314 451 450 1315 439 438 1316 439 438 1317 452 451 1318 440 439 1319 440 439 1320 453 452 1321 441 440 1322 441 440 1323 454 453 1324 442 441 1325 442 441 1326 455 454 1327 443 442 1328 443 442 1329 444 455 1330 432 443 1331 444 455 1332 457 456 1333 445 444 1334 445 444 1335 458 457 1336 446 445 1337 446 445 1338 459 458 1339 447 446 1340 447 446 1341 460 459 1342 448 447 1343 448 447 1344 461 460 1345 449 448 1346 449 448 1347 462 461 1348 450 449 1349 450 449 1350 463 462 1351 451 450 1352 451 450 1353 464 463 1354 452 451 1355 452 451 1356 465 464 1357 453 452 1358 453 452 1359 466 465 1360 454 453 1361 454 453 1362 467 466 1363 455 454 1364 455 454 1365 456 467 1366 444 455 1367 456 467 1368 469 468 1369 457 456 1370 457 456 1371 470 469 1372 458 457 1373 458 457 1374 471 470 1375 459 458 1376 459 458 1377 472 471 1378 460 459 1379 460 459 1380 473 472 1381 461 460 1382 461 460 1383 474 473 1384 462 461 1385 462 461 1386 475 474 1387 463 462 1388 463 462 1389 476 475 1390 464 463 1391 464 463 1392 477 476 1393 465 464 1394 465 464 1395 478 477 1396 466 465 1397 466 465 1398 479 478 1399 467 466 1400 467 466 1401 468 479 1402 456 467 1403 468 479 1404 481 480 1405 469 468 1406 469 468 1407 482 481 1408 470 469 1409 470 469 1410 483 482 1411 471 470 1412 471 470 1413 484 483 1414 472 471 1415 472 471 1416 485 484 1417 473 472 1418 473 472 1419 486 485 1420 474 473 1421 474 473 1422 487 486 1423 475 474 1424 475 474 1425 488 487 1426 476 475 1427 476 475 1428 489 488 1429 477 476 1430 477 476 1431 490 489 1432 478 477 1433 478 477 1434 491 490 1435 479 478 1436 479 478 1437 480 491 1438 468 479 1439 480 491 1440 493 492 1441 481 480 1442 481 480 1443 494 493 1444 482 481 1445 482 481 1446 495 494 1447 483 482 1448 483 482 1449 496 495 1450 484 483 1451 484 483 1452 497 496 1453 485 484 1454 485 484 1455 498 497 1456 486 485 1457 486 485 1458 499 498 1459 487 486 1460 487 486 1461 500 499 1462 488 487 1463 488 487 1464 501 500 1465 489 488 1466 489 488 1467 502 501 1468 490 489 1469 490 489 1470 503 502 1471 491 490 1472 491 490 1473 492 503 1474 480 491 1475 492 503 1476 505 504 1477 493 492 1478 493 492 1479 506 505 1480 494 493 1481 494 493 1482 507 506 1483 495 494 1484 495 494 1485 508 507 1486 496 495 1487 496 495 1488 509 508 1489 497 496 1490 497 496 1491 510 509 1492 498 497 1493 498 497 1494 511 510 1495 499 498 1496 499 498 1497 512 511 1498 500 499 1499 500 499 1500 513 512 1501 501 500 1502 501 500 1503 514 513 1504 502 501 1505 502 501 1506 515 514 1507 503 502 1508 503 502 1509 504 515 1510 492 503 1511 504 515 1512 517 516 1513 505 504 1514 505 504 1515 518 517 1516 506 505 1517 506 505 1518 519 518 1519 507 506 1520 507 506 1521 520 519 1522 508 507 1523 508 507 1524 521 520 1525 509 508 1526 509 508 1527 522 521 1528 510 509 1529 510 509 1530 523 522 1531 511 510 1532 511 510 1533 524 523 1534 512 511 1535 512 511 1536 525 524 1537 513 512 1538 513 512 1539 526 525 1540 514 513 1541 514 513 1542 527 526 1543 515 514 1544 515 514 1545 516 527 1546 504 515 1547 516 527 1548 529 528 1549 517 516 1550 517 516 1551 530 529 1552 518 517 1553 518 517 1554 531 530 1555 519 518 1556 519 518 1557 532 531 1558 520 519 1559 520 519 1560 533 532 1561 521 520 1562 521 520 1563 534 533 1564 522 521 1565 522 521 1566 535 534 1567 523 522 1568 523 522 1569 536 535 1570 524 523 1571 524 523 1572 537 536 1573 525 524 1574 525 524 1575 538 537 1576 526 525 1577 526 525 1578 539 538 1579 527 526 1580 527 526 1581 528 539 1582 516 527 1583 528 539 1584 541 540 1585 529 528 1586 529 528 1587 542 541 1588 530 529 1589 530 529 1590 543 542 1591 531 530 1592 531 530 1593 544 543 1594 532 531 1595 532 531 1596 545 544 1597 533 532 1598 533 532 1599 546 545 1600 534 533 1601 534 533 1602 547 546 1603 535 534 1604 535 534 1605 548 547 1606 536 535 1607 536 535 1608 549 548 1609 537 536 1610 537 536 1611 550 549 1612 538 537 1613 538 537 1614 551 550 1615 539 538 1616 539 538 1617 540 551 1618 528 539 1619 540 551 1620 553 552 1621 541 540 1622 541 540 1623 554 553 1624 542 541 1625 542 541 1626 555 554 1627 543 542 1628 543 542 1629 556 555 1630 544 543 1631 544 543 1632 557 556 1633 545 544 1634 545 544 1635 558 557 1636 546 545 1637 546 545 1638 559 558 1639 547 546 1640 547 546 1641 560 559 1642 548 547 1643 548 547 1644 561 560 1645 549 548 1646 549 548 1647 562 561 1648 550 549 1649 550 549 1650 563 562 1651 551 550 1652 551 550 1653 552 563 1654 540 551 1655 552 563 1656 565 564 1657 553 552 1658 553 552 1659 566 565 1660 554 553 1661 554 553 1662 567 566 1663 555 554 1664 555 554 1665 568 567 1666 556 555 1667 556 555 1668 569 568 1669 557 556 1670 557 556 1671 570 569 1672 558 557 1673 558 557 1674 571 570 1675 559 558 1676 559 558 1677 572 571 1678 560 559 1679 560 559 1680 573 572 1681 561 560 1682 561 560 1683 574 573 1684 562 561 1685 562 561 1686 575 574 1687 563 562 1688 563 562 1689 564 575 1690 552 563 1691 564 575 1692 1 2 1693 565 564 1694 565 564 1695 2 4 1696 566 565 1697 566 565 1698 3 6 1699 567 566 1700 567 566 1701 4 8 1702 568 567 1703 568 567 1704 5 10 1705 569 568 1706 569 568 1707 6 12 1708 570 569 1709 570 569 1710 7 14 1711 571 570 1712 571 570 1713 8 16 1714 572 571 1715 572 571 1716 9 18 1717 573 572 1718 573 572 1719 10 20 1720 574 573 1721 574 573 1722 11 22 1723 575 574 1724 575 574 1725 0 0 1726 564 575 1727 576 576 1728 579 576 1729 578 576 1730 578 577 1731 583 577 1732 582 577 1733 582 578 1734 581 578 1735 580 578 1736 580 579 1737 577 579 1738 576 579 1739 578 580 1740 580 580 1741 576 580 1742 583 581 1743 577 581 1744 581 581 1745 584 582 1746 587 582 1747 586 582 1748 586 583 1749 589 583 1750 588 583 1751 588 584 1752 591 584 1753 590 584 1754 590 585 1755 593 585 1756 592 585 1757 592 586 1758 595 586 1759 594 586 1760 594 587 1761 597 587 1762 596 587 1763 596 588 1764 599 588 1765 598 588 1766 598 589 1767 601 589 1768 600 589 1769 600 590 1770 603 590 1771 602 590 1772 602 591 1773 605 591 1774 604 591 1775 604 592 1776 607 592 1777 606 592 1778 606 593 1779 609 593 1780 608 593 1781 608 594 1782 611 594 1783 610 594 1784 610 595 1785 613 595 1786 612 595 1787 612 596 1788 615 596 1789 614 596 1790 614 597 1791 617 597 1792 616 597 1793 616 598 1794 619 598 1795 618 598 1796 618 599 1797 621 599 1798 620 599 1799 620 600 1800 623 600 1801 622 600 1802 622 601 1803 625 601 1804 624 601 1805 624 602 1806 627 602 1807 626 602 1808 626 603 1809 629 603 1810 628 603 1811 628 604 1812 631 604 1813 630 604 1814 630 605 1815 633 605 1816 632 605 1817 632 606 1818 635 606 1819 634 606 1820 634 607 1821 637 607 1822 636 607 1823 636 608 1824 639 608 1825 638 608 1826 638 609 1827 641 609 1828 640 609 1829 640 610 1830 643 610 1831 642 610 1832 642 611 1833 645 611 1834 644 611 1835 593 581 1836 591 581 1837 641 581 1838 644 612 1839 647 612 1840 646 612 1841 646 613 1842 585 613 1843 584 613 1844 642 580 1845 644 580 1846 590 580 1847 0 0 1848 12 23 1849 13 1 1850 1 2 1851 13 1 1852 14 3 1853 2 4 1854 14 3 1855 15 5 1856 3 6 1857 15 5 1858 16 7 1859 4 8 1860 16 7 1861 17 9 1862 5 10 1863 17 9 1864 18 11 1865 6 12 1866 18 11 1867 19 13 1868 7 14 1869 19 13 1870 20 15 1871 8 16 1872 20 15 1873 21 17 1874 9 18 1875 21 17 1876 22 19 1877 10 20 1878 22 19 1879 23 21 1880 11 22 1881 23 21 1882 12 23 1883 12 23 1884 24 35 1885 25 24 1886 13 1 1887 25 24 1888 26 25 1889 14 3 1890 26 25 1891 27 26 1892 15 5 1893 27 26 1894 28 27 1895 16 7 1896 28 27 1897 29 28 1898 17 9 1899 29 28 1900 30 29 1901 18 11 1902 30 29 1903 31 30 1904 19 13 1905 31 30 1906 32 31 1907 20 15 1908 32 31 1909 33 32 1910 21 17 1911 33 32 1912 34 33 1913 22 19 1914 34 33 1915 35 34 1916 23 21 1917 35 34 1918 24 35 1919 24 35 1920 36 47 1921 37 36 1922 25 24 1923 37 36 1924 38 37 1925 26 25 1926 38 37 1927 39 38 1928 27 26 1929 39 38 1930 40 39 1931 28 27 1932 40 39 1933 41 40 1934 29 28 1935 41 40 1936 42 41 1937 30 29 1938 42 41 1939 43 42 1940 31 30 1941 43 42 1942 44 43 1943 32 31 1944 44 43 1945 45 44 1946 33 32 1947 45 44 1948 46 45 1949 34 33 1950 46 45 1951 47 46 1952 35 34 1953 47 46 1954 36 47 1955 36 47 1956 48 59 1957 49 48 1958 37 36 1959 49 48 1960 50 49 1961 38 37 1962 50 49 1963 51 50 1964 39 38 1965 51 50 1966 52 51 1967 40 39 1968 52 51 1969 53 52 1970 41 40 1971 53 52 1972 54 53 1973 42 41 1974 54 53 1975 55 54 1976 43 42 1977 55 54 1978 56 55 1979 44 43 1980 56 55 1981 57 56 1982 45 44 1983 57 56 1984 58 57 1985 46 45 1986 58 57 1987 59 58 1988 47 46 1989 59 58 1990 48 59 1991 48 59 1992 60 71 1993 61 60 1994 49 48 1995 61 60 1996 62 61 1997 50 49 1998 62 61 1999 63 62 2000 51 50 2001 63 62 2002 64 63 2003 52 51 2004 64 63 2005 65 64 2006 53 52 2007 65 64 2008 66 65 2009 54 53 2010 66 65 2011 67 66 2012 55 54 2013 67 66 2014 68 67 2015 56 55 2016 68 67 2017 69 68 2018 57 56 2019 69 68 2020 70 69 2021 58 57 2022 70 69 2023 71 70 2024 59 58 2025 71 70 2026 60 71 2027 60 71 2028 72 83 2029 73 72 2030 61 60 2031 73 72 2032 74 73 2033 62 61 2034 74 73 2035 75 74 2036 63 62 2037 75 74 2038 76 75 2039 64 63 2040 76 75 2041 77 76 2042 65 64 2043 77 76 2044 78 77 2045 66 65 2046 78 77 2047 79 78 2048 67 66 2049 79 78 2050 80 79 2051 68 67 2052 80 79 2053 81 80 2054 69 68 2055 81 80 2056 82 81 2057 70 69 2058 82 81 2059 83 82 2060 71 70 2061 83 82 2062 72 83 2063 72 83 2064 84 95 2065 85 84 2066 73 72 2067 85 84 2068 86 85 2069 74 73 2070 86 85 2071 87 86 2072 75 74 2073 87 86 2074 88 87 2075 76 75 2076 88 87 2077 89 88 2078 77 76 2079 89 88 2080 90 89 2081 78 77 2082 90 89 2083 91 90 2084 79 78 2085 91 90 2086 92 91 2087 80 79 2088 92 91 2089 93 92 2090 81 80 2091 93 92 2092 94 93 2093 82 81 2094 94 93 2095 95 94 2096 83 82 2097 95 94 2098 84 95 2099 84 95 2100 96 107 2101 97 96 2102 85 84 2103 97 96 2104 98 97 2105 86 85 2106 98 97 2107 99 98 2108 87 86 2109 99 98 2110 100 99 2111 88 87 2112 100 99 2113 101 100 2114 89 88 2115 101 100 2116 102 101 2117 90 89 2118 102 101 2119 103 102 2120 91 90 2121 103 102 2122 104 103 2123 92 91 2124 104 103 2125 105 104 2126 93 92 2127 105 104 2128 106 105 2129 94 93 2130 106 105 2131 107 106 2132 95 94 2133 107 106 2134 96 107 2135 96 107 2136 108 119 2137 109 108 2138 97 96 2139 109 108 2140 110 109 2141 98 97 2142 110 109 2143 111 110 2144 99 98 2145 111 110 2146 112 111 2147 100 99 2148 112 111 2149 113 112 2150 101 100 2151 113 112 2152 114 113 2153 102 101 2154 114 113 2155 115 114 2156 103 102 2157 115 114 2158 116 115 2159 104 103 2160 116 115 2161 117 116 2162 105 104 2163 117 116 2164 118 117 2165 106 105 2166 118 117 2167 119 118 2168 107 106 2169 119 118 2170 108 119 2171 108 119 2172 120 131 2173 121 120 2174 109 108 2175 121 120 2176 122 121 2177 110 109 2178 122 121 2179 123 122 2180 111 110 2181 123 122 2182 124 123 2183 112 111 2184 124 123 2185 125 124 2186 113 112 2187 125 124 2188 126 125 2189 114 113 2190 126 125 2191 127 126 2192 115 114 2193 127 126 2194 128 127 2195 116 115 2196 128 127 2197 129 128 2198 117 116 2199 129 128 2200 130 129 2201 118 117 2202 130 129 2203 131 130 2204 119 118 2205 131 130 2206 120 131 2207 120 131 2208 132 143 2209 133 132 2210 121 120 2211 133 132 2212 134 133 2213 122 121 2214 134 133 2215 135 134 2216 123 122 2217 135 134 2218 136 135 2219 124 123 2220 136 135 2221 137 136 2222 125 124 2223 137 136 2224 138 137 2225 126 125 2226 138 137 2227 139 138 2228 127 126 2229 139 138 2230 140 139 2231 128 127 2232 140 139 2233 141 140 2234 129 128 2235 141 140 2236 142 141 2237 130 129 2238 142 141 2239 143 142 2240 131 130 2241 143 142 2242 132 143 2243 132 143 2244 144 155 2245 145 144 2246 133 132 2247 145 144 2248 146 145 2249 134 133 2250 146 145 2251 147 146 2252 135 134 2253 147 146 2254 148 147 2255 136 135 2256 148 147 2257 149 148 2258 137 136 2259 149 148 2260 150 149 2261 138 137 2262 150 149 2263 151 150 2264 139 138 2265 151 150 2266 152 151 2267 140 139 2268 152 151 2269 153 152 2270 141 140 2271 153 152 2272 154 153 2273 142 141 2274 154 153 2275 155 154 2276 143 142 2277 155 154 2278 144 155 2279 144 155 2280 156 167 2281 157 156 2282 145 144 2283 157 156 2284 158 157 2285 146 145 2286 158 157 2287 159 158 2288 147 146 2289 159 158 2290 160 159 2291 148 147 2292 160 159 2293 161 160 2294 149 148 2295 161 160 2296 162 161 2297 150 149 2298 162 161 2299 163 162 2300 151 150 2301 163 162 2302 164 163 2303 152 151 2304 164 163 2305 165 164 2306 153 152 2307 165 164 2308 166 165 2309 154 153 2310 166 165 2311 167 166 2312 155 154 2313 167 166 2314 156 167 2315 156 167 2316 168 179 2317 169 168 2318 157 156 2319 169 168 2320 170 169 2321 158 157 2322 170 169 2323 171 170 2324 159 158 2325 171 170 2326 172 171 2327 160 159 2328 172 171 2329 173 172 2330 161 160 2331 173 172 2332 174 173 2333 162 161 2334 174 173 2335 175 174 2336 163 162 2337 175 174 2338 176 175 2339 164 163 2340 176 175 2341 177 176 2342 165 164 2343 177 176 2344 178 177 2345 166 165 2346 178 177 2347 179 178 2348 167 166 2349 179 178 2350 168 179 2351 168 179 2352 180 191 2353 181 180 2354 169 168 2355 181 180 2356 182 181 2357 170 169 2358 182 181 2359 183 182 2360 171 170 2361 183 182 2362 184 183 2363 172 171 2364 184 183 2365 185 184 2366 173 172 2367 185 184 2368 186 185 2369 174 173 2370 186 185 2371 187 186 2372 175 174 2373 187 186 2374 188 187 2375 176 175 2376 188 187 2377 189 188 2378 177 176 2379 189 188 2380 190 189 2381 178 177 2382 190 189 2383 191 190 2384 179 178 2385 191 190 2386 180 191 2387 180 191 2388 192 203 2389 193 192 2390 181 180 2391 193 192 2392 194 193 2393 182 181 2394 194 193 2395 195 194 2396 183 182 2397 195 194 2398 196 195 2399 184 183 2400 196 195 2401 197 196 2402 185 184 2403 197 196 2404 198 197 2405 186 185 2406 198 197 2407 199 198 2408 187 186 2409 199 198 2410 200 199 2411 188 187 2412 200 199 2413 201 200 2414 189 188 2415 201 200 2416 202 201 2417 190 189 2418 202 201 2419 203 202 2420 191 190 2421 203 202 2422 192 203 2423 192 203 2424 204 215 2425 205 204 2426 193 192 2427 205 204 2428 206 205 2429 194 193 2430 206 205 2431 207 206 2432 195 194 2433 207 206 2434 208 207 2435 196 195 2436 208 207 2437 209 208 2438 197 196 2439 209 208 2440 210 209 2441 198 197 2442 210 209 2443 211 210 2444 199 198 2445 211 210 2446 212 211 2447 200 199 2448 212 211 2449 213 212 2450 201 200 2451 213 212 2452 214 213 2453 202 201 2454 214 213 2455 215 214 2456 203 202 2457 215 214 2458 204 215 2459 204 215 2460 216 227 2461 217 216 2462 205 204 2463 217 216 2464 218 217 2465 206 205 2466 218 217 2467 219 218 2468 207 206 2469 219 218 2470 220 219 2471 208 207 2472 220 219 2473 221 220 2474 209 208 2475 221 220 2476 222 221 2477 210 209 2478 222 221 2479 223 222 2480 211 210 2481 223 222 2482 224 223 2483 212 211 2484 224 223 2485 225 224 2486 213 212 2487 225 224 2488 226 225 2489 214 213 2490 226 225 2491 227 226 2492 215 214 2493 227 226 2494 216 227 2495 216 227 2496 228 239 2497 229 228 2498 217 216 2499 229 228 2500 230 229 2501 218 217 2502 230 229 2503 231 230 2504 219 218 2505 231 230 2506 232 231 2507 220 219 2508 232 231 2509 233 232 2510 221 220 2511 233 232 2512 234 233 2513 222 221 2514 234 233 2515 235 234 2516 223 222 2517 235 234 2518 236 235 2519 224 223 2520 236 235 2521 237 236 2522 225 224 2523 237 236 2524 238 237 2525 226 225 2526 238 237 2527 239 238 2528 227 226 2529 239 238 2530 228 239 2531 228 239 2532 240 251 2533 241 240 2534 229 228 2535 241 240 2536 242 241 2537 230 229 2538 242 241 2539 243 242 2540 231 230 2541 243 242 2542 244 243 2543 232 231 2544 244 243 2545 245 244 2546 233 232 2547 245 244 2548 246 245 2549 234 233 2550 246 245 2551 247 246 2552 235 234 2553 247 246 2554 248 247 2555 236 235 2556 248 247 2557 249 248 2558 237 236 2559 249 248 2560 250 249 2561 238 237 2562 250 249 2563 251 250 2564 239 238 2565 251 250 2566 240 251 2567 240 251 2568 252 263 2569 253 252 2570 241 240 2571 253 252 2572 254 253 2573 242 241 2574 254 253 2575 255 254 2576 243 242 2577 255 254 2578 256 255 2579 244 243 2580 256 255 2581 257 256 2582 245 244 2583 257 256 2584 258 257 2585 246 245 2586 258 257 2587 259 258 2588 247 246 2589 259 258 2590 260 259 2591 248 247 2592 260 259 2593 261 260 2594 249 248 2595 261 260 2596 262 261 2597 250 249 2598 262 261 2599 263 262 2600 251 250 2601 263 262 2602 252 263 2603 252 263 2604 264 275 2605 265 264 2606 253 252 2607 265 264 2608 266 265 2609 254 253 2610 266 265 2611 267 266 2612 255 254 2613 267 266 2614 268 267 2615 256 255 2616 268 267 2617 269 268 2618 257 256 2619 269 268 2620 270 269 2621 258 257 2622 270 269 2623 271 270 2624 259 258 2625 271 270 2626 272 271 2627 260 259 2628 272 271 2629 273 272 2630 261 260 2631 273 272 2632 274 273 2633 262 261 2634 274 273 2635 275 274 2636 263 262 2637 275 274 2638 264 275 2639 264 275 2640 276 287 2641 277 276 2642 265 264 2643 277 276 2644 278 277 2645 266 265 2646 278 277 2647 279 278 2648 267 266 2649 279 278 2650 280 279 2651 268 267 2652 280 279 2653 281 280 2654 269 268 2655 281 280 2656 282 281 2657 270 269 2658 282 281 2659 283 282 2660 271 270 2661 283 282 2662 284 283 2663 272 271 2664 284 283 2665 285 284 2666 273 272 2667 285 284 2668 286 285 2669 274 273 2670 286 285 2671 287 286 2672 275 274 2673 287 286 2674 276 287 2675 276 287 2676 288 299 2677 289 288 2678 277 276 2679 289 288 2680 290 289 2681 278 277 2682 290 289 2683 291 290 2684 279 278 2685 291 290 2686 292 291 2687 280 279 2688 292 291 2689 293 292 2690 281 280 2691 293 292 2692 294 293 2693 282 281 2694 294 293 2695 295 294 2696 283 282 2697 295 294 2698 296 295 2699 284 283 2700 296 295 2701 297 296 2702 285 284 2703 297 296 2704 298 297 2705 286 285 2706 298 297 2707 299 298 2708 287 286 2709 299 298 2710 288 299 2711 288 299 2712 300 311 2713 301 300 2714 289 288 2715 301 300 2716 302 301 2717 290 289 2718 302 301 2719 303 302 2720 291 290 2721 303 302 2722 304 303 2723 292 291 2724 304 303 2725 305 304 2726 293 292 2727 305 304 2728 306 305 2729 294 293 2730 306 305 2731 307 306 2732 295 294 2733 307 306 2734 308 307 2735 296 295 2736 308 307 2737 309 308 2738 297 296 2739 309 308 2740 310 309 2741 298 297 2742 310 309 2743 311 310 2744 299 298 2745 311 310 2746 300 311 2747 300 311 2748 312 323 2749 313 312 2750 301 300 2751 313 312 2752 314 313 2753 302 301 2754 314 313 2755 315 314 2756 303 302 2757 315 314 2758 316 315 2759 304 303 2760 316 315 2761 317 316 2762 305 304 2763 317 316 2764 318 317 2765 306 305 2766 318 317 2767 319 318 2768 307 306 2769 319 318 2770 320 319 2771 308 307 2772 320 319 2773 321 320 2774 309 308 2775 321 320 2776 322 321 2777 310 309 2778 322 321 2779 323 322 2780 311 310 2781 323 322 2782 312 323 2783 312 323 2784 324 335 2785 325 324 2786 313 312 2787 325 324 2788 326 325 2789 314 313 2790 326 325 2791 327 326 2792 315 314 2793 327 326 2794 328 327 2795 316 315 2796 328 327 2797 329 328 2798 317 316 2799 329 328 2800 330 329 2801 318 317 2802 330 329 2803 331 330 2804 319 318 2805 331 330 2806 332 331 2807 320 319 2808 332 331 2809 333 332 2810 321 320 2811 333 332 2812 334 333 2813 322 321 2814 334 333 2815 335 334 2816 323 322 2817 335 334 2818 324 335 2819 324 335 2820 336 347 2821 337 336 2822 325 324 2823 337 336 2824 338 337 2825 326 325 2826 338 337 2827 339 338 2828 327 326 2829 339 338 2830 340 339 2831 328 327 2832 340 339 2833 341 340 2834 329 328 2835 341 340 2836 342 341 2837 330 329 2838 342 341 2839 343 342 2840 331 330 2841 343 342 2842 344 343 2843 332 331 2844 344 343 2845 345 344 2846 333 332 2847 345 344 2848 346 345 2849 334 333 2850 346 345 2851 347 346 2852 335 334 2853 347 346 2854 336 347 2855 336 347 2856 348 359 2857 349 348 2858 337 336 2859 349 348 2860 350 349 2861 338 337 2862 350 349 2863 351 350 2864 339 338 2865 351 350 2866 352 351 2867 340 339 2868 352 351 2869 353 352 2870 341 340 2871 353 352 2872 354 353 2873 342 341 2874 354 353 2875 355 354 2876 343 342 2877 355 354 2878 356 355 2879 344 343 2880 356 355 2881 357 356 2882 345 344 2883 357 356 2884 358 357 2885 346 345 2886 358 357 2887 359 358 2888 347 346 2889 359 358 2890 348 359 2891 348 359 2892 360 371 2893 361 360 2894 349 348 2895 361 360 2896 362 361 2897 350 349 2898 362 361 2899 363 362 2900 351 350 2901 363 362 2902 364 363 2903 352 351 2904 364 363 2905 365 364 2906 353 352 2907 365 364 2908 366 365 2909 354 353 2910 366 365 2911 367 366 2912 355 354 2913 367 366 2914 368 367 2915 356 355 2916 368 367 2917 369 368 2918 357 356 2919 369 368 2920 370 369 2921 358 357 2922 370 369 2923 371 370 2924 359 358 2925 371 370 2926 360 371 2927 360 371 2928 372 383 2929 373 372 2930 361 360 2931 373 372 2932 374 373 2933 362 361 2934 374 373 2935 375 374 2936 363 362 2937 375 374 2938 376 375 2939 364 363 2940 376 375 2941 377 376 2942 365 364 2943 377 376 2944 378 377 2945 366 365 2946 378 377 2947 379 378 2948 367 366 2949 379 378 2950 380 379 2951 368 367 2952 380 379 2953 381 380 2954 369 368 2955 381 380 2956 382 381 2957 370 369 2958 382 381 2959 383 382 2960 371 370 2961 383 382 2962 372 383 2963 372 383 2964 384 395 2965 385 384 2966 373 372 2967 385 384 2968 386 385 2969 374 373 2970 386 385 2971 387 386 2972 375 374 2973 387 386 2974 388 387 2975 376 375 2976 388 387 2977 389 388 2978 377 376 2979 389 388 2980 390 389 2981 378 377 2982 390 389 2983 391 390 2984 379 378 2985 391 390 2986 392 391 2987 380 379 2988 392 391 2989 393 392 2990 381 380 2991 393 392 2992 394 393 2993 382 381 2994 394 393 2995 395 394 2996 383 382 2997 395 394 2998 384 395 2999 384 395 3000 396 407 3001 397 396 3002 385 384 3003 397 396 3004 398 397 3005 386 385 3006 398 397 3007 399 398 3008 387 386 3009 399 398 3010 400 399 3011 388 387 3012 400 399 3013 401 400 3014 389 388 3015 401 400 3016 402 401 3017 390 389 3018 402 401 3019 403 402 3020 391 390 3021 403 402 3022 404 403 3023 392 391 3024 404 403 3025 405 404 3026 393 392 3027 405 404 3028 406 405 3029 394 393 3030 406 405 3031 407 406 3032 395 394 3033 407 406 3034 396 407 3035 396 407 3036 408 419 3037 409 408 3038 397 396 3039 409 408 3040 410 409 3041 398 397 3042 410 409 3043 411 410 3044 399 398 3045 411 410 3046 412 411 3047 400 399 3048 412 411 3049 413 412 3050 401 400 3051 413 412 3052 414 413 3053 402 401 3054 414 413 3055 415 414 3056 403 402 3057 415 414 3058 416 415 3059 404 403 3060 416 415 3061 417 416 3062 405 404 3063 417 416 3064 418 417 3065 406 405 3066 418 417 3067 419 418 3068 407 406 3069 419 418 3070 408 419 3071 408 419 3072 420 431 3073 421 420 3074 409 408 3075 421 420 3076 422 421 3077 410 409 3078 422 421 3079 423 422 3080 411 410 3081 423 422 3082 424 423 3083 412 411 3084 424 423 3085 425 424 3086 413 412 3087 425 424 3088 426 425 3089 414 413 3090 426 425 3091 427 426 3092 415 414 3093 427 426 3094 428 427 3095 416 415 3096 428 427 3097 429 428 3098 417 416 3099 429 428 3100 430 429 3101 418 417 3102 430 429 3103 431 430 3104 419 418 3105 431 430 3106 420 431 3107 420 431 3108 432 443 3109 433 432 3110 421 420 3111 433 432 3112 434 433 3113 422 421 3114 434 433 3115 435 434 3116 423 422 3117 435 434 3118 436 435 3119 424 423 3120 436 435 3121 437 436 3122 425 424 3123 437 436 3124 438 437 3125 426 425 3126 438 437 3127 439 438 3128 427 426 3129 439 438 3130 440 439 3131 428 427 3132 440 439 3133 441 440 3134 429 428 3135 441 440 3136 442 441 3137 430 429 3138 442 441 3139 443 442 3140 431 430 3141 443 442 3142 432 443 3143 432 443 3144 444 455 3145 445 444 3146 433 432 3147 445 444 3148 446 445 3149 434 433 3150 446 445 3151 447 446 3152 435 434 3153 447 446 3154 448 447 3155 436 435 3156 448 447 3157 449 448 3158 437 436 3159 449 448 3160 450 449 3161 438 437 3162 450 449 3163 451 450 3164 439 438 3165 451 450 3166 452 451 3167 440 439 3168 452 451 3169 453 452 3170 441 440 3171 453 452 3172 454 453 3173 442 441 3174 454 453 3175 455 454 3176 443 442 3177 455 454 3178 444 455 3179 444 455 3180 456 467 3181 457 456 3182 445 444 3183 457 456 3184 458 457 3185 446 445 3186 458 457 3187 459 458 3188 447 446 3189 459 458 3190 460 459 3191 448 447 3192 460 459 3193 461 460 3194 449 448 3195 461 460 3196 462 461 3197 450 449 3198 462 461 3199 463 462 3200 451 450 3201 463 462 3202 464 463 3203 452 451 3204 464 463 3205 465 464 3206 453 452 3207 465 464 3208 466 465 3209 454 453 3210 466 465 3211 467 466 3212 455 454 3213 467 466 3214 456 467 3215 456 467 3216 468 479 3217 469 468 3218 457 456 3219 469 468 3220 470 469 3221 458 457 3222 470 469 3223 471 470 3224 459 458 3225 471 470 3226 472 471 3227 460 459 3228 472 471 3229 473 472 3230 461 460 3231 473 472 3232 474 473 3233 462 461 3234 474 473 3235 475 474 3236 463 462 3237 475 474 3238 476 475 3239 464 463 3240 476 475 3241 477 476 3242 465 464 3243 477 476 3244 478 477 3245 466 465 3246 478 477 3247 479 478 3248 467 466 3249 479 478 3250 468 479 3251 468 479 3252 480 491 3253 481 480 3254 469 468 3255 481 480 3256 482 481 3257 470 469 3258 482 481 3259 483 482 3260 471 470 3261 483 482 3262 484 483 3263 472 471 3264 484 483 3265 485 484 3266 473 472 3267 485 484 3268 486 485 3269 474 473 3270 486 485 3271 487 486 3272 475 474 3273 487 486 3274 488 487 3275 476 475 3276 488 487 3277 489 488 3278 477 476 3279 489 488 3280 490 489 3281 478 477 3282 490 489 3283 491 490 3284 479 478 3285 491 490 3286 480 491 3287 480 491 3288 492 503 3289 493 492 3290 481 480 3291 493 492 3292 494 493 3293 482 481 3294 494 493 3295 495 494 3296 483 482 3297 495 494 3298 496 495 3299 484 483 3300 496 495 3301 497 496 3302 485 484 3303 497 496 3304 498 497 3305 486 485 3306 498 497 3307 499 498 3308 487 486 3309 499 498 3310 500 499 3311 488 487 3312 500 499 3313 501 500 3314 489 488 3315 501 500 3316 502 501 3317 490 489 3318 502 501 3319 503 502 3320 491 490 3321 503 502 3322 492 503 3323 492 503 3324 504 515 3325 505 504 3326 493 492 3327 505 504 3328 506 505 3329 494 493 3330 506 505 3331 507 506 3332 495 494 3333 507 506 3334 508 507 3335 496 495 3336 508 507 3337 509 508 3338 497 496 3339 509 508 3340 510 509 3341 498 497 3342 510 509 3343 511 510 3344 499 498 3345 511 510 3346 512 511 3347 500 499 3348 512 511 3349 513 512 3350 501 500 3351 513 512 3352 514 513 3353 502 501 3354 514 513 3355 515 514 3356 503 502 3357 515 514 3358 504 515 3359 504 515 3360 516 527 3361 517 516 3362 505 504 3363 517 516 3364 518 517 3365 506 505 3366 518 517 3367 519 518 3368 507 506 3369 519 518 3370 520 519 3371 508 507 3372 520 519 3373 521 520 3374 509 508 3375 521 520 3376 522 521 3377 510 509 3378 522 521 3379 523 522 3380 511 510 3381 523 522 3382 524 523 3383 512 511 3384 524 523 3385 525 524 3386 513 512 3387 525 524 3388 526 525 3389 514 513 3390 526 525 3391 527 526 3392 515 514 3393 527 526 3394 516 527 3395 516 527 3396 528 539 3397 529 528 3398 517 516 3399 529 528 3400 530 529 3401 518 517 3402 530 529 3403 531 530 3404 519 518 3405 531 530 3406 532 531 3407 520 519 3408 532 531 3409 533 532 3410 521 520 3411 533 532 3412 534 533 3413 522 521 3414 534 533 3415 535 534 3416 523 522 3417 535 534 3418 536 535 3419 524 523 3420 536 535 3421 537 536 3422 525 524 3423 537 536 3424 538 537 3425 526 525 3426 538 537 3427 539 538 3428 527 526 3429 539 538 3430 528 539 3431 528 539 3432 540 551 3433 541 540 3434 529 528 3435 541 540 3436 542 541 3437 530 529 3438 542 541 3439 543 542 3440 531 530 3441 543 542 3442 544 543 3443 532 531 3444 544 543 3445 545 544 3446 533 532 3447 545 544 3448 546 545 3449 534 533 3450 546 545 3451 547 546 3452 535 534 3453 547 546 3454 548 547 3455 536 535 3456 548 547 3457 549 548 3458 537 536 3459 549 548 3460 550 549 3461 538 537 3462 550 549 3463 551 550 3464 539 538 3465 551 550 3466 540 551 3467 540 551 3468 552 563 3469 553 552 3470 541 540 3471 553 552 3472 554 553 3473 542 541 3474 554 553 3475 555 554 3476 543 542 3477 555 554 3478 556 555 3479 544 543 3480 556 555 3481 557 556 3482 545 544 3483 557 556 3484 558 557 3485 546 545 3486 558 557 3487 559 558 3488 547 546 3489 559 558 3490 560 559 3491 548 547 3492 560 559 3493 561 560 3494 549 548 3495 561 560 3496 562 561 3497 550 549 3498 562 561 3499 563 562 3500 551 550 3501 563 562 3502 552 563 3503 552 563 3504 564 575 3505 565 564 3506 553 552 3507 565 564 3508 566 565 3509 554 553 3510 566 565 3511 567 566 3512 555 554 3513 567 566 3514 568 567 3515 556 555 3516 568 567 3517 569 568 3518 557 556 3519 569 568 3520 570 569 3521 558 557 3522 570 569 3523 571 570 3524 559 558 3525 571 570 3526 572 571 3527 560 559 3528 572 571 3529 573 572 3530 561 560 3531 573 572 3532 574 573 3533 562 561 3534 574 573 3535 575 574 3536 563 562 3537 575 574 3538 564 575 3539 564 575 3540 0 0 3541 1 2 3542 565 564 3543 1 2 3544 2 4 3545 566 565 3546 2 4 3547 3 6 3548 567 566 3549 3 6 3550 4 8 3551 568 567 3552 4 8 3553 5 10 3554 569 568 3555 5 10 3556 6 12 3557 570 569 3558 6 12 3559 7 14 3560 571 570 3561 7 14 3562 8 16 3563 572 571 3564 8 16 3565 9 18 3566 573 572 3567 9 18 3568 10 20 3569 574 573 3570 10 20 3571 11 22 3572 575 574 3573 11 22 3574 0 0 3575 576 576 3576 577 576 3577 579 576 3578 578 577 3579 579 577 3580 583 577 3581 582 578 3582 583 578 3583 581 578 3584 580 579 3585 581 579 3586 577 579 3587 578 580 3588 582 580 3589 580 580 3590 583 581 3591 579 581 3592 577 581 3593 584 614 3594 585 614 3595 587 614 3596 586 615 3597 587 615 3598 589 615 3599 588 616 3600 589 616 3601 591 616 3602 590 617 3603 591 617 3604 593 617 3605 592 618 3606 593 618 3607 595 618 3608 594 619 3609 595 619 3610 597 619 3611 596 620 3612 597 620 3613 599 620 3614 598 621 3615 599 621 3616 601 621 3617 600 622 3618 601 622 3619 603 622 3620 602 623 3621 603 623 3622 605 623 3623 604 624 3624 605 624 3625 607 624 3626 606 625 3627 607 625 3628 609 625 3629 608 626 3630 609 626 3631 611 626 3632 610 627 3633 611 627 3634 613 627 3635 612 628 3636 613 628 3637 615 628 3638 614 597 3639 615 597 3640 617 597 3641 616 629 3642 617 629 3643 619 629 3644 618 630 3645 619 630 3646 621 630 3647 620 631 3648 621 631 3649 623 631 3650 622 632 3651 623 632 3652 625 632 3653 624 633 3654 625 633 3655 627 633 3656 626 634 3657 627 634 3658 629 634 3659 628 635 3660 629 635 3661 631 635 3662 630 636 3663 631 636 3664 633 636 3665 632 637 3666 633 637 3667 635 637 3668 634 638 3669 635 638 3670 637 638 3671 636 639 3672 637 639 3673 639 639 3674 638 640 3675 639 640 3676 641 640 3677 640 641 3678 641 641 3679 643 641 3680 642 642 3681 643 642 3682 645 642 3683 589 581 3684 587 581 3685 647 581 3686 587 581 3687 585 581 3688 647 581 3689 647 581 3690 645 581 3691 589 581 3692 645 581 3693 643 581 3694 589 581 3695 643 581 3696 641 581 3697 591 581 3698 589 581 3699 643 581 3700 591 581 3701 641 581 3702 639 581 3703 593 581 3704 639 581 3705 637 581 3706 595 581 3707 593 581 3708 639 581 3709 595 581 3710 637 581 3711 635 581 3712 599 581 3713 635 581 3714 633 581 3715 601 581 3716 633 581 3717 631 581 3718 603 581 3719 631 581 3720 629 581 3721 605 581 3722 629 581 3723 627 581 3724 605 581 3725 627 581 3726 625 581 3727 607 581 3728 605 581 3729 627 581 3730 607 581 3731 625 581 3732 623 581 3733 609 581 3734 623 581 3735 621 581 3736 611 581 3737 609 581 3738 623 581 3739 611 581 3740 621 581 3741 619 581 3742 615 581 3743 619 581 3744 617 581 3745 615 581 3746 615 581 3747 613 581 3748 621 581 3749 613 581 3750 611 581 3751 621 581 3752 609 581 3753 607 581 3754 625 581 3755 605 581 3756 603 581 3757 631 581 3758 603 581 3759 601 581 3760 633 581 3761 601 581 3762 599 581 3763 635 581 3764 599 581 3765 597 581 3766 637 581 3767 597 581 3768 595 581 3769 637 581 3770 644 643 3771 645 643 3772 647 643 3773 646 644 3774 647 644 3775 585 644 3776 646 580 3777 584 580 3778 586 580 3779 586 580 3780 588 580 3781 646 580 3782 588 580 3783 590 580 3784 644 580 3785 646 580 3786 588 580 3787 644 580 3788 590 580 3789 592 580 3790 640 580 3791 592 580 3792 594 580 3793 638 580 3794 594 580 3795 596 580 3796 638 580 3797 596 580 3798 598 580 3799 636 580 3800 638 580 3801 596 580 3802 636 580 3803 598 580 3804 600 580 3805 632 580 3806 600 580 3807 602 580 3808 630 580 3809 602 580 3810 604 580 3811 630 580 3812 604 580 3813 606 580 3814 628 580 3815 630 580 3816 604 580 3817 628 580 3818 606 580 3819 608 580 3820 624 580 3821 608 580 3822 610 580 3823 622 580 3824 610 580 3825 612 580 3826 622 580 3827 612 580 3828 614 580 3829 620 580 3830 622 580 3831 612 580 3832 620 580 3833 614 580 3834 616 580 3835 618 580 3836 618 580 3837 620 580 3838 614 580 3839 622 580 3840 624 580 3841 608 580 3842 624 580 3843 626 580 3844 606 580 3845 626 580 3846 628 580 3847 606 580 3848 630 580 3849 632 580 3850 600 580 3851 632 580 3852 634 580 3853 598 580 3854 634 580 3855 636 580 3856 598 580 3857 638 580 3858 640 580 3859 592 580 3860 640 580 3861 642 580 3862 590 580 3863</p>
        </triangles>
      </mesh>
    </geometry>
  </library_geometries>
  <library_visual_scenes>
    <visual_scene id="Scene" name="Scene">
      <node id="tmp_export_Torus" name="tmp_export_Torus" type="NODE">
        <matrix sid="transform">1 0 0 0 0 1 0 0 0 0 1 0 0 0 0 1</matrix>
        <instance_geometry url="#Torus-mesh" name="tmp_export_Torus"/>
      </node>
    </visual_scene>
  </library_visual_scenes>
  <scene>
    <instance_visual_scene url="#Scene"/>
  </scene>
</COLLADA>